TDEP,TT,TWT,Vave,Vrms,TT Gradient,ROP,WOB,RPM,TORQUE,FLOWIN,DXC,SEDP,DTCO,RHO8,PP_PRI,trend,PP
2135.124,1252.769438,2509.991974,1678.168105,1764.252156,9.309101479,21.77200271,2.018603051,234.9463023,2.135822522,3.796958437,0.877141222,0.922577017,160.136312,2.101041102,20.97916757,20.70404244,20.87403061
2135.2764,1252.811296,2510.075785,1678.227171,1764.340754,9.283023862,21.9781598,2.103012651,234.896021,2.163146149,3.796675513,0.867954771,0.765228863,159.9713353,2.102299946,20.97937084,20.70592058,20.84512656
2135.4288,1252.857469,2510.168234,1678.292454,1764.438682,9.254156324,22.70615571,2.242138953,234.8296458,2.193618807,3.7964426,0.861436529,0.746982767,159.8228172,2.103379563,20.97956464,20.70779872,20.85778084
2135.5812,1252.913202,2510.279824,1678.371374,1764.55707,9.219217359,23.835807,2.440552566,234.7464113,2.230051311,3.79623191,0.855907782,0.749053234,159.6900566,2.10429034,20.97975288,20.70967686,20.89031597
2135.7336,1252.955267,2510.364048,1678.431081,1764.646642,9.192734671,25.8540043,2.677521374,234.6534021,2.259236419,3.796181508,0.858939869,0.769809326,159.5723527,2.105042661,20.97993946,20.711555,20.94562691
2135.886,1252.988005,2510.429598,1678.477742,1764.716647,9.171972474,29.48231903,3.004007941,234.5282527,2.283672359,3.796300662,0.873697639,0.803308233,159.4690044,2.105646911,20.98012829,20.71343314,20.93700529
2136.0384,1253.023994,2510.501656,1678.528276,1764.792439,9.149748505,30.31568163,3.180146766,234.4934163,2.302824361,3.796320404,0.873910732,0.827147207,159.3793108,2.106113477,20.98032329,20.71531128,20.95044946
2136.1908,1253.060724,2510.575198,1678.579061,1764.868581,9.127690667,33.11426026,3.453155559,234.4264691,2.317349656,3.796380042,0.885946299,0.848415289,159.3025709,2.106452744,20.98052836,20.71718942,20.94997725
2136.3432,1253.094985,2510.643794,1678.625991,1764.938928,9.107463324,34.63675,3.663065881,234.4095929,2.325175355,3.796465983,0.893135709,0.864507532,159.2380838,2.106675096,20.98074742,20.71906756,20.95752064
2136.4956,1253.128745,2510.711388,1678.671611,1765.00729,9.088024073,33.88949652,3.753911971,234.4725236,2.324741193,3.796523448,0.889848409,0.860355675,159.1851485,2.10679092,20.98098437,20.7209457,20.98177078
2136.648,1253.16707,2510.788124,1678.726742,1765.090021,9.063317884,34.97114638,3.919035092,234.4653104,2.333369391,3.796507399,0.893347885,0.871900147,159.143064,2.106810601,20.98124312,20.72282384,21.00054395
2136.8004,1253.210587,2510.875261,1678.79263,1765.189002,9.032669118,38.22151429,4.17541375,234.3756511,2.352542427,3.796415818,0.90508037,0.902544893,159.1111294,2.106744525,20.98152759,20.72470198,21.00751212
2136.9528,1253.258254,2510.970707,1678.865866,1765.299053,8.998257296,40.7937069,4.380230083,234.3023865,2.372291893,3.796225231,0.911887729,0.922081855,159.0886437,2.106603076,20.98184168,20.72658012,21.02576305
2137.1052,1253.311834,2511.077997,1678.949964,1765.425482,8.95817361,41.10550392,4.580170354,234.3131454,2.386813623,3.796442908,0.913409476,0.949450589,159.074906,2.10639664,20.9821893,20.72845825,21.03425185
2137.2576,1253.359141,2511.172728,1679.026149,1765.540075,8.921256266,40.72137967,4.738552546,234.3582163,2.393609968,3.796820301,0.915228979,0.971551387,159.0692153,2.106135604,20.98257437,20.73033639,21.04939474
2137.41,1253.399664,2511.253876,1679.093596,1765.641586,8.887907125,40.60661655,4.838914616,234.3970068,2.396404915,3.797108312,0.918339538,0.98923198,159.0708707,2.105830351,20.98300079,20.73221453,21.06098258
2137.5624,1253.441079,2511.336812,1679.164839,1765.748877,8.85199865,41.50728941,4.934751234,234.3943848,2.403183874,3.797262537,0.924319459,1.015077205,159.0791711,2.105491268,20.98347248,20.73409267,21.06717966
2137.7148,1253.480544,2511.415846,1679.235588,1765.855503,8.815522711,43.47341255,5.014029469,234.3511014,2.412126583,3.79728171,0.933837325,1.041379622,159.0934156,2.105128739,20.98399334,20.73597081,21.0415212
2137.8672,1253.521868,2511.498597,1679.303188,1765.957212,8.782445617,44.86003926,5.180622067,234.292243,2.432644903,3.797658597,0.941742973,1.051273317,159.1129034,2.104753152,20.98456728,20.73784895,21.03787005
2138.0196,1253.565953,2511.58687,1679.3684,1766.055129,8.752609925,45.50925863,5.393818621,234.2308613,2.461242397,3.798332131,0.947226792,1.051136191,159.1369333,2.10437489,20.98519822,20.73972709,21.01977974
2138.172,1253.608763,2511.672585,1679.429178,1766.146307,8.725647556,45.05858054,5.256184314,234.265589,2.459900073,3.798495865,0.947382224,1.051189436,159.1648044,2.104004339,20.98589006,20.74160523,21.06004357
2138.3244,1253.651333,2511.757816,1679.484803,1766.229596,8.702635935,44.64863449,5.199090458,234.2654689,2.469934872,3.798948393,0.948437308,1.050639736,159.1958158,2.103651885,20.98664672,20.74348337,21.04950446
2138.4768,1253.696947,2511.849137,1679.54071,1766.313172,8.680895979,44.09958065,5.091248086,234.2815809,2.476046124,3.799276052,0.947431136,1.07816209,159.2292665,2.103327913,20.98747209,20.74536151,21.03612656
2138.6292,1253.745441,2511.946219,1679.596508,1766.396447,8.660655841,43.45645974,4.922543896,234.3158429,2.477031168,3.799447222,0.944432571,1.11784391,159.2644556,2.103042809,20.9883701,20.74723965,20.99668884
2138.7816,1253.796067,2512.047563,1679.648693,1766.47408,8.644315046,42.55981965,4.78719449,234.3432126,2.48331509,3.799781847,0.940246863,1.129167482,159.3006821,2.102806958,20.98934466,20.74911779,20.99622507
2138.934,1253.849624,2512.154767,1679.698173,1766.547428,8.631548154,41.35310977,4.653788991,234.3766309,2.491136955,3.800184887,0.934121555,1.122544206,159.337245,2.102630745,20.99039967,20.75099593,20.94720893
2139.0864,1253.908297,2512.2722,1679.740292,1766.609247,8.627104866,40.72355715,4.497832679,234.3314612,2.516907739,3.800752301,0.926865626,1.088666797,159.3544459,2.10293033,20.99203118,20.75287407,20.97951778
2139.2388,1253.97255,2512.400785,1679.774086,1766.658038,8.631972596,40.53814501,4.324874342,234.2580169,2.548249924,3.801352367,0.918860409,1.059619761,159.3837951,2.103639242,20.9925891,20.75475221,20.99761018
2139.3912,1254.042136,2512.540035,1679.802204,1766.697873,8.643939807,40.17309134,4.121888566,234.2586871,2.561507652,3.801717188,0.90943129,1.081870726,159.4066865,2.104385488,20.99445304,20.75663035,21.01294957
2139.5436,1254.117945,2512.691727,1679.823103,1766.726348,8.664660455,39.70508114,3.882377845,234.3611956,2.54867805,3.801731668,0.899017877,1.113844986,159.407227,2.104836457,20.99848846,20.75850849,20.98756279
2139.696,1254.183741,2512.823399,1679.856036,1766.773744,8.670966181,39.51902105,3.709775019,234.3669913,2.558889947,3.802125691,0.892236211,1.128724045,159.3999905,2.105033878,21.00223707,20.76038663,20.93755316
2139.8484,1254.238311,2512.932629,1679.902801,1766.842882,8.660840102,39.61631096,3.60761939,234.2635737,2.595256343,3.802944277,0.889309367,1.089160056,159.400962,2.105608831,21.00623787,20.76226477,20.88789047
2140.0008,1254.290613,2513.037322,1679.952464,1766.916568,8.647313552,39.85634073,3.518566298,234.173775,2.626474013,3.803727294,0.888263216,1.025823856,159.401215,2.106365049,21.00758168,20.76414291,20.90165539
2140.1532,1254.393129,2513.242409,1679.939922,1766.892505,8.707546576,39.88486703,3.316752476,234.1993616,2.629403174,3.803899078,0.876773306,1.044900163,159.3919721,2.107337953,21.00834171,20.76602105,20.93070485
2140.3056,1254.492112,2513.440432,1679.931744,1766.8753,8.762599253,40.01689049,3.188237596,234.2181831,2.632735941,3.80412146,0.869310057,1.061060786,159.3829199,2.108453438,21.00910748,20.76789919,20.9507822
2140.458,1254.587818,2513.631904,1679.927626,1766.864475,8.812838746,40.25526723,3.135079602,234.2389891,2.634039475,3.804360271,0.866146319,1.054738492,159.3751315,2.109581879,21.00959703,20.76977733,20.94592027
2140.6104,1254.674746,2513.805825,1679.934386,1766.870743,8.850181104,40.7581084,3.162325661,234.2069075,2.64630359,3.804808158,0.868092815,1.064170961,159.3664416,2.110786101,21.01026512,20.77165547,20.95645146
2140.7628,1254.753219,2513.962842,1679.95162,1766.893471,8.875102992,41.50858615,3.282490143,234.1272925,2.668168196,3.805446668,0.875678002,1.01584526,159.330435,2.112263819,21.01231809,20.77353361,20.94921546
2140.9152,1254.8416,2514.13967,1679.956578,1766.896907,8.91458176,40.84958178,3.223527168,234.0718293,2.682036372,3.805303083,0.873997291,0.980601704,159.2803584,2.113730837,21.01548734,20.77541175,20.94723195
2141.0676,1254.940433,2514.337392,1679.948587,1766.879996,8.969413524,40.07856691,3.236483592,234.0359483,2.682636728,3.804386865,0.873212078,0.98534507,159.2157952,2.115351408,21.01833791,20.77728989,20.95495888
2141.22,1255.040778,2514.538138,1679.938724,1766.860142,9.026466092,40.33826809,3.532675353,233.9861788,2.676430197,3.803169489,0.883894114,0.976430468,159.1544231,2.117053236,21.02109601,20.77916803,20.93414358
2141.3724,1255.147194,2514.751022,1679.921338,1766.828468,9.092437225,39.36766412,3.700736834,233.9368403,2.667584214,3.801305831,0.888121395,0.972833858,159.1016715,2.118767449,21.02444799,20.78104617,20.98694056
2141.5248,1255.250824,2514.958335,1679.907405,1766.802218,9.154315565,39.08516301,3.929925177,233.8934788,2.657929811,3.799666107,0.896068197,0.967550624,159.0623076,2.120560929,21.02835415,20.78292431,21.01404672
2141.6772,1255.350872,2515.158487,1679.897909,1766.782942,9.210931737,39.63621283,4.237681495,233.8552256,2.647884422,3.798316274,0.908665842,0.953861386,159.0221636,2.122448067,21.03148938,20.78480245,20.9937111
2141.8296,1255.455521,2515.36784,1679.882712,1766.754706,9.274308611,39.67986299,4.469661189,233.8302611,2.633755183,3.796605705,0.917578466,0.949292323,158.9887227,2.124349415,21.0358127,20.78668059,20.99265153
2141.982,1255.562885,2515.582618,1679.864152,1766.721187,9.341672134,39.67829633,4.669736142,233.8211477,2.615746924,3.794737374,0.925154708,0.949616118,158.9435062,2.126467853,21.03996216,20.78855873,20.98206419
2142.1344,1255.66811,2515.793121,1679.848243,1766.691832,9.405893618,36.94231982,4.867574906,233.8032659,2.58151426,3.791689963,0.940664868,0.941455036,158.8773757,2.129313524,21.04484332,20.79043687,21.03368618
2142.2868,1255.77188,2516.000714,1679.834135,1766.665308,9.467978616,35.20436134,5.048725184,233.7777993,2.554541862,3.788987531,0.952384269,0.932277585,158.8162455,2.132239637,21.0495416,20.79231501,21.09456534
2142.4392,1255.875312,2516.207632,1679.820447,1766.639444,9.529565814,34.67093909,5.230928576,233.7601627,2.531563735,3.786677193,0.961695072,0.934163994,158.77036,2.134902369,21.05441716,20.79419315,21.10731012
2142.5916,1255.977461,2516.411984,1679.808348,1766.616078,9.589268503,35.79427133,5.418115756,233.7458242,2.516171213,3.784959022,0.967508895,0.949871747,158.7461483,2.137489899,21.05898042,20.79607129,21.08976428
2142.744,1256.07952,2516.616158,1679.79636,1766.592885,9.648839783,35.79894151,5.611562915,233.7501409,2.498362166,3.783755638,0.976265548,0.96306288,158.7276638,2.139968384,21.06342044,20.79794942,21.07130665
2142.8964,1256.181419,2516.820011,1679.784571,1766.570005,9.708175512,34.55797417,5.817959093,233.7764906,2.477268426,3.783121219,0.988792524,0.971248358,158.7279602,2.142342506,21.06772606,20.79982756,21.12753131
2143.0488,1256.281808,2517.020845,1679.774653,1766.550065,9.765293222,34.01913466,6.040979691,233.7661139,2.464271494,3.782075836,1.002295922,0.975670476,158.7258178,2.14468821,21.07238928,20.8017057,21.14286653
2143.2012,1256.3808,2517.218885,1679.766466,1766.532845,9.820357826,33.73133236,6.285357089,233.6692151,2.460939155,3.779292578,1.020012125,0.96200685,158.7012133,2.14730364,21.07712509,20.80358384,21.13947472
2143.3536,1256.480811,2517.418964,1679.757015,1766.51364,9.876920803,33.65868213,6.484659817,233.5921316,2.460329248,3.777151851,1.016775285,0.951718124,158.6751599,2.151126487,21.08157279,20.80546198,21.0776565
2143.506,1256.581773,2517.620945,1679.746386,1766.492583,9.934880429,33.95773872,6.636088529,233.5353587,2.463341999,3.775726544,1.017579257,0.952461503,158.6650829,2.153964556,21.08535934,20.80734012,21.10884439
2143.6584,1256.682482,2517.822416,1679.736072,1766.472021,9.992466957,33.9567991,6.777854914,233.5025553,2.468084901,3.775207582,1.022975743,0.955727647,158.6752928,2.156168173,21.08893268,20.80921826,21.14379809
2143.8108,1256.783456,2518.024421,1679.725428,1766.450941,10.05044482,33.74081595,6.893863622,233.4953791,2.474885792,3.77559933,1.03386273,0.968967649,158.7140416,2.158136099,21.09107566,20.8110964,21.11168579
2143.9632,1256.884133,2518.22583,1679.715154,1766.430441,10.10798453,32.40698238,7.232428967,233.3872627,2.466511275,3.772517387,1.040576435,0.979649359,158.7784389,2.159832682,21.09214486,20.81297454,21.0908104
2144.1156,1256.984408,2518.426437,1679.705376,1766.410722,10.16493516,32.48073314,7.242529207,233.3983737,2.463773384,3.772737104,1.042797119,0.98391971,158.8438712,2.161237831,21.09287342,20.81485268,21.08660204
2144.268,1257.084958,2518.627592,1679.695259,1766.390469,10.22228851,32.54040468,7.188592861,233.4327664,2.459400922,3.773467558,1.046175176,0.989703311,158.9077595,2.162343603,21.09342368,20.81673082,21.10330363
2144.4204,1257.185658,2518.829048,1679.684955,1766.369923,10.27986288,31.37851581,7.325639777,233.381439,2.440957637,3.771188617,1.048438193,0.994965292,158.9794495,2.163642736,21.09359089,20.81860896,21.11464132
2144.5728,1257.286241,2519.030271,1679.674796,1766.349604,10.33726652,30.9968,7.227445175,233.4079897,2.427352378,3.771012331,1.057919632,0.999485732,159.0382161,2.164940845,21.09323472,20.8204871,21.04145467
2144.7252,1257.386796,2519.231436,1679.664672,1766.329341,10.39462697,31.529155,6.855507762,233.5258683,2.419837664,3.773328543,1.041138126,1.00477242,159.1079774,2.16622818,21.09127313,20.82236524,20.97572966
2144.8776,1257.48738,2519.432659,1679.654512,1766.309021,10.45203123,31.68336047,6.476867101,233.6248408,2.404485585,3.774556648,1.026955989,1.007898508,159.2068012,2.166967921,21.08904201,20.82424338,20.9487419
2145.03,1257.587969,2519.633894,1679.644346,1766.288691,10.50944267,31.76647454,6.190661933,233.6855307,2.391168365,3.77520859,1.027382448,1.006075114,159.3186858,2.166636401,21.08667794,20.82612152,20.935715
2145.1824,1257.688552,2519.835117,1679.634186,1766.268372,10.56684602,30.9501498,6.54634181,233.6015875,2.387326109,3.774003047,1.051583659,1.0075256,159.4446648,2.165435627,21.08476654,20.82799966,20.96917355
2145.3348,1257.789136,2520.03634,1679.624027,1766.248053,10.62424911,29.87666311,6.687054882,233.6187269,2.368082815,3.773689339,1.05750685,1.012298589,159.5524494,2.164324977,21.08175309,20.8298778,21.01804373
2145.4872,1257.88972,2520.237564,1679.613867,1766.227733,10.68165333,29.07206247,6.562204352,233.7336344,2.341148207,3.774804555,1.056874787,1.013363452,159.654526,2.164048058,21.07706168,20.83175594,21.03041597
2145.6396,1257.990304,2520.438788,1679.603707,1766.207413,10.73905733,28.47920301,6.134123293,233.9703834,2.303489018,3.777616113,1.04380209,1.010270026,159.7612576,2.16395583,21.07142824,20.83363408,21.01401305
2145.792,1258.090888,2520.640011,1679.593547,1766.187093,10.79646133,28.87765213,5.525002436,234.0027228,2.309922941,3.779213117,1.043392745,1.000943926,159.8755726,2.163641052,21.06608803,20.83551222,20.94861855
2145.9444,1258.191472,2520.841236,1679.583387,1766.166773,10.85386533,30.45793987,5.398855981,233.8099125,2.366418559,3.779590581,1.043784758,0.991957411,159.9990067,2.163037715,21.06018533,20.83739036,20.88799333
2146.0968,1258.292056,2521.042459,1679.573227,1766.146453,10.91126933,29.83441915,5.357321589,233.8619955,2.348609375,3.780357381,1.04200286,0.990344356,160.1050876,2.16208764,21.05581558,20.8392685,20.88921344
2146.2492,1258.39264,2521.243683,1679.563067,1766.126133,10.96867333,28.57468256,5.590255749,233.9515513,2.313051271,3.780922549,1.044422267,0.990780737,160.189856,2.161095947,21.05295298,20.84114664,20.89401322
2146.4016,1258.493224,2521.444907,1679.552907,1766.105813,11.02607733,27.33708866,5.022436394,234.050452,2.277579395,3.781619467,1.042585087,0.989383562,160.2687903,2.160210936,21.0506531,20.84302478,20.91569425
2146.554,1258.593808,2521.646131,1679.542747,1766.085493,11.08348133,26.07813067,4.535264233,234.174644,2.239618592,3.782594796,1.034526099,0.987421415,160.3407922,2.159357114,21.0495577,20.84490292,20.93970069
2146.7064,1258.694392,2521.847355,1679.532587,1766.065173,11.14088533,25.60762134,4.378366449,234.1850912,2.23163949,3.783236494,1.029495859,0.982197757,160.419263,2.158493586,21.0477258,20.84678106,20.94231106
2146.8588,1258.794976,2522.048578,1679.522427,1766.044853,11.19828933,25.69665921,4.526082526,234.1116515,2.245777619,3.783614109,1.02524454,0.970099002,160.4744124,2.157495908,21.04708164,20.8486592,20.91404435
2147.0112,1258.89556,2522.249802,1679.512267,1766.024533,11.25569333,24.28916566,4.230493133,234.4296139,2.198327082,3.786003142,1.023004328,0.954959732,160.521276,2.156060648,21.04809281,20.85053734,20.87584166
2147.1636,1258.996144,2522.451027,1679.502107,1766.004213,11.31309733,25.27544413,4.371086582,234.7800895,2.226786773,3.790383557,1.024125463,0.942464473,160.5532371,2.154547275,21.049173,20.85241548,20.83045467
2147.316,1259.096728,2522.652251,1679.491947,1765.983893,11.37050133,25.23258477,4.347815122,235.3663235,2.215966484,3.795848517,1.020704261,0.93507724,160.5863972,2.153424861,21.04978323,20.85429362,20.81078011
2147.4684,1259.197312,2522.853474,1679.481787,1765.963573,11.42790533,23.4876502,3.950093096,236.3276147,2.139602488,3.802998019,1.019220034,0.934044648,160.5924403,2.152789623,21.05177525,20.85617176,20.81221199
2147.6208,1259.297896,2523.054698,1679.471627,1765.943253,11.48530933,22.81748357,3.816481589,236.7579756,2.112905261,3.805900362,1.018233499,0.933832938,160.5763025,2.15223914,21.0546906,20.8580499,20.83483614
2147.7732,1259.39848,2523.255922,1679.461467,1765.922933,11.54271333,23.38895408,4.000225396,236.583168,2.143733663,3.803998021,1.017486109,0.928978514,160.5478629,2.151752137,21.05889351,20.85992804,20.90059364
2147.9256,1259.499064,2523.457146,1679.451307,1765.902613,11.60011733,23.24435372,4.011587557,236.3603468,2.152904716,3.800620965,1.018487789,0.920808327,160.5168216,2.15146388,21.06411042,20.86180618,20.89984404
2148.078,1259.599648,2523.658369,1679.441147,1765.882293,11.65752133,23.14294682,3.844105748,235.9345851,2.134813695,3.794390338,1.012688557,0.916689139,160.4847115,2.151201984,21.07010027,20.86368432,20.91882375
2148.2304,1259.700232,2523.859593,1679.430987,1765.861973,11.71492533,23.10661044,3.680411658,235.4693766,2.104346559,3.788060603,1.005530191,0.931453359,160.4403703,2.150939098,21.07652955,20.86556245,20.89364595
2148.3828,1259.800816,2524.060818,1679.420827,1765.841653,11.77232933,22.85093477,3.637611745,234.9276727,2.08822156,3.781682521,1.005552598,0.960922105,160.3930977,2.150513947,21.08384335,20.86744059,20.84806495
2148.5352,1259.9014,2524.262042,1679.410667,1765.821333,11.82973333,22.85175492,3.745391718,234.0301587,2.101861942,3.772488085,1.010142217,0.983021668,160.3478342,2.149695514,21.09059245,20.86931873,20.85674845
2148.6876,1260.001984,2524.463265,1679.400507,1765.801013,11.88713733,23.09669202,4.044859941,232.8055815,2.149116045,3.761050743,1.020850202,0.988777043,160.2907021,2.148772538,21.09702992,20.87119687,20.91481945
2148.84,1260.102568,2524.664489,1679.390347,1765.780693,11.94454133,23.61897742,4.051407716,231.5294687,2.174248622,3.748603612,1.013932155,0.984445795,160.2266765,2.147903783,21.10407578,20.87307501,20.96342417
2148.9924,1260.203152,2524.865713,1679.380187,1765.760373,12.00194533,24.54060612,3.745474931,230.1698807,2.177825389,3.734836199,0.987128468,0.97326413,160.1428253,2.147111056,21.11209483,20.87495315,20.96756603
2149.1448,1260.303736,2525.066937,1679.370027,1765.740053,12.05934933,24.50532899,3.97788325,228.743374,2.193430538,3.719343713,0.995356507,0.970026585,160.0601162,2.146595506,21.1201998,20.87683129,20.96695827
2149.2972,1260.40432,2525.268161,1679.359867,1765.719733,12.11675333,24.88166494,4.082479471,227.160005,2.207396392,3.702432069,0.99197122,0.99830771,159.9758789,2.146298969,21.1284926,20.87870943,20.94466365
2149.4496,1260.504904,2525.469384,1679.349707,1765.699413,12.17415733,24.98425354,4.18797864,225.677283,2.218143404,3.68878412,0.992225847,1.030716341,159.8983318,2.146243839,21.13699857,20.88058757,20.95568203
2149.602,1260.605488,2525.670609,1679.339547,1765.679093,12.23156133,24.78713984,4.319182364,224.3119763,2.227667117,3.678890047,0.997607913,1.046797544,159.8136127,2.146583166,21.1441829,20.88246571,20.99521535
2149.7544,1260.706072,2525.871833,1679.329387,1765.658773,12.28896533,24.75742076,4.302402497,222.9700769,2.227666867,3.670662464,0.993797503,1.049672028,159.724194,2.147111223,21.15218485,20.88434385,21.03437221
2149.9068,1260.806656,2526.073056,1679.319227,1765.638453,12.34636933,24.7195382,4.173177206,221.7280713,2.21746401,3.66548635,0.984771361,1.034925558,159.63519,2.147612081,21.16055059,20.88622199,21.03165433
2150.0592,1260.90724,2526.27428,1679.309067,1765.618133,12.40377333,24.83576006,4.07011368,220.0502745,2.219967936,3.646833184,0.975776762,1.03298762,159.5341388,2.148312842,21.17012561,20.88810013,21.02370521
2150.2116,1261.007824,2526.475504,1679.298907,1765.597813,12.46117733,24.96841635,3.812689274,216.6158533,2.242529657,3.597879555,0.958749399,1.044069036,159.4609664,2.149085005,21.17927111,20.88997827,21.02785969
2150.364,1261.108408,2526.676728,1679.288747,1765.577493,12.51858133,25.33473082,3.750064425,214.7666997,2.254985357,3.563769913,0.950289539,1.045174554,159.3718601,2.149917935,21.18832262,20.89185641,21.04197493
2150.5164,1261.208992,2526.877952,1679.278587,1765.557173,12.57598533,26.09038002,4.014273297,215.1618289,2.257610997,3.549509372,0.955714134,1.039359955,159.2739427,2.151291752,21.19717156,20.89373455,21.07656005
2150.6688,1261.309576,2527.079175,1679.268427,1765.536853,12.63338933,26.15826106,3.992045396,212.0480784,2.272237594,3.582850395,0.952896075,1.039914374,159.1726704,2.153383882,21.20511373,20.89561269,21.09735012
2150.8212,1261.41016,2527.2804,1679.258267,1765.516533,12.69079333,25.40857962,3.637673728,211.7864009,2.29985568,3.575887891,0.940778611,1.038878333,159.0722813,2.155278493,21.21228521,20.89749083,21.11274583
2150.9736,1261.510744,2527.481624,1679.248107,1765.496213,12.74819733,24.48260883,3.363235941,210.8984448,2.329552481,3.559830677,0.934920264,1.0297146,159.0084128,2.156256253,21.21716952,20.89936897,21.11624059
2151.126,1261.611328,2527.682848,1679.237947,1765.475893,12.80560133,25.4711101,3.396986416,207.8761973,2.338435098,3.51993005,0.924682513,1.024752822,158.9343788,2.158653919,21.22344285,20.90124711,21.11594677
2151.2784,1261.711912,2527.884071,1679.227787,1765.455573,12.86300533,26.58768716,3.438695228,206.2473786,2.342277789,3.499031895,0.914945526,1.006887528,158.8306659,2.160433426,21.23264763,20.90312525,21.10420115
2151.4308,1261.812496,2528.085295,1679.217627,1765.435253,12.92040933,27.34276171,3.437192602,206.4347285,2.346519864,3.501688971,0.908423793,0.983523777,158.7288845,2.164737122,21.2404991,20.90500339,21.0966329
2151.5832,1261.91308,2528.286519,1679.207467,1765.414933,12.97781333,27.40683633,3.271732036,205.452907,2.359327846,3.494599673,0.901253396,0.975250054,158.6467635,2.168155056,21.24554313,20.90688153,21.07492871
2151.7356,1262.013664,2528.487743,1679.197307,1765.394613,13.03521733,26.76866176,2.938581732,204.1567185,2.379607685,3.488282721,0.893790453,0.970878683,158.5490952,2.170951429,21.2502956,20.90875967,21.08925134
2151.888,1262.114248,2528.688967,1679.187147,1765.374293,13.09262133,26.79594463,2.798774076,203.2520239,2.388855811,3.482633688,0.883674733,0.961685862,158.4485845,2.174307639,21.25516762,20.91063781,21.11754381
2152.0404,1262.214832,2528.890191,1679.176987,1765.353973,13.15002533,27.31294059,2.854733872,202.4803569,2.396952438,3.474501484,0.875063478,0.948014203,158.3334378,2.177821688,21.26084089,20.91251595,21.18461061
2152.1928,1262.315416,2529.091415,1679.166827,1765.333653,13.20742933,27.23689996,2.921743957,202.146237,2.430318498,3.472102823,0.878445025,0.934756346,158.1975324,2.182223235,21.26819085,20.91439409,21.24007339
2152.3452,1262.416,2529.292639,1679.156667,1765.313333,13.26483333,27.50860845,3.083356987,202.3710781,2.456318368,3.474940838,0.878252684,0.929951926,158.0898914,2.187024376,21.2754908,20.91627223,21.24684232
2152.4976,1262.516584,2529.493862,1679.146507,1765.293013,13.32223733,27.63979344,3.227403798,202.4919124,2.483941384,3.476785502,0.881128471,0.936256812,157.9951386,2.191288722,21.28338919,20.91815037,21.19866456
2152.65,1262.617168,2529.695086,1679.136347,1765.272693,13.37964133,27.57834852,3.338246374,202.583346,2.513892919,3.478873941,0.887420994,0.944676884,157.873717,2.196111745,21.29148499,20.92002851,21.1582945
2152.8024,1262.717752,2529.89631,1679.126187,1765.252373,13.43704533,27.84575343,3.538092672,203.0881376,2.537951475,3.484116412,0.892729062,0.945595753,157.7422339,2.202123088,21.29903025,20.92190665,21.10211488
2152.9548,1262.818336,2530.097534,1679.116027,1765.232053,13.49444933,28.3443468,3.802956432,203.9138779,2.557988636,3.491746202,0.898611666,0.93585739,157.6044803,2.208474289,21.30502715,20.92378479,21.15394321
2153.1072,1262.91892,2530.298758,1679.105867,1765.211733,13.55185333,27.82207628,4.068359789,204.371968,2.544472924,3.495948416,0.910726751,0.929541763,157.4763538,2.213467184,21.31031439,20.92566293,21.23396343
2153.2596,1263.019504,2530.499982,1679.095707,1765.191413,13.60925733,27.34118496,4.274540285,204.4665552,2.525656671,3.496561154,0.92129254,0.932624039,157.3475195,2.216610113,21.31662331,20.92754107,21.30827185
2153.412,1263.120088,2530.701206,1679.085547,1765.171093,13.66666133,27.3649447,4.443428909,204.4902377,2.514271366,3.496067927,0.929428767,0.945198729,157.2368272,2.220475667,21.3236247,20.92941921,21.34485225
2153.5644,1263.220672,2530.90243,1679.075387,1765.150773,13.72406533,28.04111866,4.533912265,204.2779334,2.515122632,3.492964315,0.933357736,0.970735558,157.1292261,2.226399669,21.33027216,20.93129735,21.3013768
2153.7168,1263.321256,2531.103653,1679.065227,1765.130453,13.78146933,27.86253902,4.60420712,204.2203289,2.489018553,3.491859395,0.937375592,0.977715406,157.0059699,2.232708797,21.33744345,20.93317549,21.2531484
2153.8692,1263.42184,2531.304877,1679.055067,1765.110133,13.83887333,26.70259224,4.65580646,204.34582,2.432623784,3.493059329,0.942015118,0.958467364,156.8989303,2.238140997,21.3434873,20.93505362,21.23489847
2154.0216,1263.522424,2531.506101,1679.044907,1765.089813,13.89627733,25.6235308,4.689268206,204.3254392,2.381826201,3.493013017,0.945105038,0.935547525,156.8074974,2.241751273,21.34902598,20.93693176,21.36963169
2154.174,1263.623008,2531.707325,1679.034747,1765.069493,13.95368133,25.21965154,5.040883615,204.2436063,2.392035998,3.492754282,0.955124443,0.92193722,156.7209686,2.24432218,21.35429414,20.9388099,21.38962847
2154.3264,1263.723592,2531.908549,1679.024587,1765.049173,14.01108533,24.93389099,5.305499721,204.2009465,2.388135344,3.492499779,0.969195778,0.95270858,156.6383978,2.246720683,21.35872646,20.94068804,21.41368126
2154.4788,1263.824176,2532.109773,1679.014427,1765.028853,14.06848933,24.84082919,5.468794403,204.164918,2.370877837,3.491878594,0.987541817,1.062920888,156.5533033,2.248992201,21.36321792,20.94256618,21.47140908
2154.6312,1263.92476,2532.310997,1679.004267,1765.008533,14.12589333,24.2869884,5.53789689,204.1438567,2.329383962,3.49152679,1.008139882,1.195036213,156.4859622,2.251356919,21.36799815,20.94444432,21.50886933
2154.7836,1264.025344,2532.512221,1678.994107,1764.988213,14.18329733,23.40703346,5.502192214,204.1521935,2.263505897,3.491406672,1.000954515,1.173423957,156.4305348,2.25361592,21.37251018,20.94632246,21.6002268
2154.936,1264.125928,2532.713445,1678.983947,1764.967893,14.24070133,22.78070087,5.965880249,204.1286749,2.296222013,3.491025535,1.000526301,1.028594965,156.3641136,2.255413045,21.37681319,20.9482006,21.54025258
2155.0884,1264.226512,2532.914668,1678.973787,1764.947573,14.29810533,23.00976391,6.279240729,204.0760695,2.30103915,3.490472669,1.0075356,0.934829873,156.3196591,2.25679057,21.38044716,20.95007874,21.44635479
2155.2408,1264.327096,2533.115892,1678.963627,1764.927253,14.35550933,23.72085567,6.341291916,204.0345501,2.256473405,3.489955385,1.022297176,0.939466329,156.2992139,2.257581364,21.38360065,20.95195688,21.44238111
2155.3932,1264.42768,2533.317116,1678.953467,1764.906933,14.41291333,24.57079014,6.835461999,203.9932984,2.294910967,3.489405891,1.046107379,1.033140013,156.3086555,2.257703544,21.3865421,20.95383502,21.5225539
2155.5456,1264.528264,2533.51834,1678.943307,1764.886613,14.47031733,25.60784881,6.978599383,203.9467124,2.277112968,3.488991738,1.034235144,1.094033536,156.3366488,2.257172644,21.38815198,20.95571316,21.56825582
2155.698,1264.628848,2533.719564,1678.933147,1764.866293,14.52772133,26.85091477,6.707359623,203.8994505,2.191942184,3.488753818,1.015720197,1.098805619,156.3860518,2.255644572,21.38962539,20.9575913,21.58015502
2155.8504,1264.729432,2533.920788,1678.922987,1764.845973,14.58512533,28.38326388,6.552396834,203.847955,2.136615186,3.488582317,0.999225609,1.095489675,156.4472509,2.253266161,21.38999782,20.95946944,21.54822772
2156.0028,1264.830016,2534.122012,1678.912827,1764.825653,14.64252933,30.22109646,6.348231913,203.7924462,2.08254556,3.488533173,0.982451463,1.0521293,156.5108057,2.250271147,21.39022449,20.96134758,21.46082035
2156.1552,1264.9306,2534.323236,1678.902667,1764.805333,14.69993333,31.34710059,7.246222303,203.7433745,2.216446406,3.488528444,1.018471133,1.00320205,156.5631794,2.246774444,21.3897312,20.96322572,21.45867906
2156.3076,1265.031184,2534.524459,1678.892507,1764.785013,14.75733733,33.02050772,7.753487571,203.7011567,2.253857988,3.488563063,1.033509902,0.972882516,156.61984,2.243011604,21.38855882,20.96510386,21.47273099
2156.46,1265.131768,2534.725683,1678.882347,1764.764693,14.81474133,35.227125,7.860102521,203.6615306,2.210068637,3.488729458,1.03282609,0.945621049,156.6997451,2.239208622,21.38687409,20.966982,21.44970365
2156.6124,1265.232352,2534.926907,1678.872187,1764.744373,14.87214533,38.04697407,7.469031883,203.6272391,2.058597448,3.489014945,1.010921418,0.929846763,156.8092466,2.235205603,21.38486157,20.96886014,21.39120053
2156.7648,1265.332936,2535.128131,1678.862027,1764.724053,14.92954933,39.27745204,6.79216525,203.6339691,2.00973669,3.48940845,0.97341771,0.951586263,156.9591874,2.23092504,21.3817852,20.97073828,21.36325854
2156.9172,1265.43352,2535.329355,1678.851867,1764.703733,14.98695333,38.73636812,6.758024871,203.6857809,2.074235295,3.489927315,0.964677721,0.967278223,157.1109018,2.226421332,21.37814881,20.97261642,21.34258392
2157.0696,1265.534104,2535.530579,1678.841707,1764.683413,15.04435733,39.8091712,6.747308562,203.7686012,2.05170202,3.490574284,0.956971857,0.931976364,157.2467738,2.222014893,21.37368948,20.97449456,21.29648374
2157.222,1265.634688,2535.731803,1678.831547,1764.663093,15.10176133,42.32131882,7.027557462,203.8934418,1.979067046,3.491355838,0.962122206,0.895791234,157.3578031,2.217607025,21.36938563,20.9763727,21.31782159
2157.3744,1265.735272,2535.933027,1678.821387,1764.642773,15.15916533,44.53054094,7.089333597,204.0287077,1.903648155,3.491864357,0.967065831,0.863908232,157.464087,2.21311212,21.36582666,20.97825084,21.31933488
2157.5268,1265.835856,2536.13425,1678.811227,1764.622453,15.21656933,46.49913718,6.861404585,204.1736631,1.815254866,3.492063149,0.969558441,0.843952624,157.5877367,2.208517647,21.36179055,20.98012898,21.28284164
2157.6792,1265.93644,2536.335474,1678.801067,1764.602133,15.27397333,47.22559089,6.810028316,204.3544133,1.775019936,3.492153749,0.955507845,0.851393373,157.7368042,2.204017045,21.35771592,20.98200712,21.28193265
2157.8316,1266.037024,2536.536698,1678.790907,1764.581813,15.33137733,46.87866136,6.811860856,204.5648626,1.774433136,3.49202184,0.952547313,0.85836322,157.9022914,2.199601724,21.35237391,20.98388526,21.27914701
2157.984,1266.137608,2536.737922,1678.780747,1764.561493,15.38878133,48.88108721,6.929986081,204.6503794,1.758671572,3.491272538,0.938673646,0.860575332,158.0387834,2.195419846,21.34724286,20.9857634,21.24227106
2158.1364,1266.238192,2536.939146,1678.770587,1764.541173,15.44618533,48.28812957,6.747235281,204.5988653,1.696285545,3.499499746,0.937445213,0.861214018,158.1731894,2.191767116,21.34180651,20.98764154,21.20564529
2158.2888,1266.338776,2537.14037,1678.760427,1764.520853,15.50358933,48.07843026,6.610580319,204.479173,1.643105899,3.498670277,0.937672961,0.849946041,158.3051293,2.188065502,21.33671294,20.98951968,21.16262503
2158.4412,1266.43936,2537.341594,1678.750267,1764.500533,15.56099333,49.75960217,6.572282359,204.5791266,1.593626913,3.497110743,0.931663421,0.825974008,158.4268674,2.184080109,21.33263596,20.99139782,21.18661519
2158.5936,1266.539944,2537.542817,1678.740107,1764.480213,15.61839733,50.23074746,6.396950796,204.6861189,1.541501023,3.496682357,0.926249393,0.815837211,158.5332935,2.180645664,21.32954038,20.99327596,21.23397856
2158.746,1266.640528,2537.744042,1678.729947,1764.459893,15.67580133,49.2668495,6.050854676,204.8063311,1.487045975,3.497517238,0.921846316,0.818719929,158.6015767,2.178779276,21.32928936,20.9951541,21.11369456
2158.8984,1266.741112,2537.945265,1678.719787,1764.439573,15.73320533,49.16818328,5.680711724,204.842079,1.426247582,3.498589915,0.910942765,0.81706499,158.6724003,2.176262205,21.32787934,20.99703224,21.13037441
2159.0508,1266.841696,2538.146489,1678.709627,1764.419253,15.79060933,49.20424348,5.37037147,204.8181609,1.355314691,3.500183174,0.897535274,0.812272068,158.7677116,2.17519773,21.32348467,20.99891038,21.13317435
2159.2032,1266.94228,2538.347713,1678.699467,1764.398933,15.84801333,48.97930922,5.327331061,204.8239669,1.312789203,3.501002388,0.892679741,0.809025854,158.8563808,2.172137035,21.31904833,21.00078852,21.16934909
2159.3556,1267.042864,2538.548937,1678.689307,1764.378613,15.90541733,48.6985954,5.253002372,204.8557022,1.302894612,3.501336981,0.890099004,0.808624509,158.9146143,2.170311128,21.31790462,21.00266666,21.16123006
2159.508,1267.143448,2538.750161,1678.679147,1764.358293,15.96282133,48.00193785,5.057772431,204.8872996,1.303678265,3.502131889,0.886291329,0.813257461,158.9505436,2.16969332,21.31940974,21.00454479,21.17283201
2159.6604,1267.244032,2538.951385,1678.668987,1764.337973,16.02022533,46.81633944,4.748274473,204.9401473,1.324859987,3.503133614,0.882919296,0.825196498,158.9768491,2.169247568,21.32239116,21.00642293,21.19486904
2159.8128,1267.344616,2539.152608,1678.658827,1764.317653,16.07762933,45.9560093,4.573983819,205.2337716,1.296732224,3.50281162,0.879926405,0.830029491,158.9941072,2.169387246,21.32528637,21.00830107,21.21520339
2159.9652,1267.4452,2539.353833,1678.648667,1764.297333,16.13503333,45.37051686,4.539490697,205.7954745,1.211573288,3.501123685,0.877244975,0.828523447,159.02399,2.169526436,21.32617479,21.01017921,21.1872006
2160.1176,1267.545784,2539.555056,1678.638507,1764.277013,16.19243733,44.76821458,4.406731662,205.7194658,1.276899126,3.498254172,0.876313145,0.832396916,159.0447325,2.169667752,21.32628262,21.01205735,21.1623938
2160.27,1267.646368,2539.75628,1678.628347,1764.256693,16.24984133,44.16369244,4.319066883,205.6550282,1.356063441,3.494041356,0.877206054,0.834867983,159.0516417,2.170123733,21.32528563,21.01393549,21.15142633
2160.4224,1267.746952,2539.957504,1678.618187,1764.236373,16.30724533,43.84560961,4.224626218,205.4046334,1.439829199,3.490467728,0.876331296,0.837202493,159.0637435,2.17002753,21.32383324,21.01581363,21.18081745
2160.5748,1267.847536,2540.158728,1678.608027,1764.216053,16.36464933,43.79626948,4.115420834,204.9406876,1.532423601,3.487641554,0.873780367,0.834318856,159.0593807,2.169098662,21.32218433,21.01769177,21.23724964
2160.7272,1267.94812,2540.359952,1678.597867,1764.195733,16.42205333,43.94561782,4.084951812,204.5423287,1.597386061,3.48428494,0.871568934,0.824186023,159.0506136,2.168289237,21.32087518,21.01956991,21.24670798
2160.8796,1268.048704,2540.561176,1678.587707,1764.175413,16.47945733,44.37978433,4.116741456,205.0281162,1.643736238,3.480836478,0.868965176,0.824227993,159.0436171,2.169063594,21.31961308,21.02144805,21.20455913
2161.032,1268.149288,2540.762399,1678.577547,1764.155093,16.53686133,44.34547444,4.084320544,205.1282177,1.699477394,3.479527718,0.86788275,0.82820493,159.0387213,2.171605838,21.31790772,21.02332619,21.16807394
2161.1844,1268.249872,2540.963624,1678.567387,1764.134773,16.59426533,45.01932146,4.076261411,204.8229663,1.723786405,3.480399624,0.863054319,0.832931586,159.0165794,2.173578419,21.31609871,21.02520433,21.15148587
2161.3368,1268.350456,2541.164847,1678.557227,1764.114453,16.65166933,45.32009212,4.039080928,204.1842867,1.757610983,3.482855477,0.860010408,0.837887958,158.9789086,2.17342001,21.31426833,21.02708247,21.16036075
2161.4892,1268.45104,2541.366071,1678.547067,1764.094133,16.70907333,44.92313629,3.934519332,203.8571442,1.811595233,3.487550878,0.859922244,0.829603164,158.9523665,2.172066202,21.31238402,21.02896061,21.19440339
2161.6416,1268.551624,2541.567295,1678.536907,1764.073813,16.76647763,44.978888,3.883305982,204.0228948,1.85111663,3.493427828,0.85815081,0.822989744,158.9184736,2.170805003,21.31073501,21.03083875,21.20465125
2161.794,1268.652208,2541.768519,1678.526747,1764.053493,16.82388226,45.59936081,3.894840792,204.7366934,1.874740946,3.500555966,0.854234457,0.827328086,158.8795959,2.170930829,21.30853092,21.03271689,21.19466027
2161.9464,1268.752792,2541.969743,1678.516587,1764.033173,16.88128708,45.95031076,3.878500766,205.4495707,1.908731471,3.510100765,0.851443595,0.834134542,158.8496665,2.171926042,21.30618887,21.03459503,21.19878366
2162.0988,1268.853376,2542.170966,1678.506427,1764.012853,16.93869217,45.54714657,3.862452082,205.306357,1.959180196,3.522152647,0.8551239,0.842992397,158.8204363,2.173127575,21.30406577,21.03647317,21.21229598
2162.2512,1268.95396,2542.37219,1678.496267,1763.992533,16.99608921,44.62509005,3.880055831,205.0837311,2.000668741,3.538335055,0.862293771,0.843329296,158.7976089,2.174456773,21.30224119,21.03835131,21.20341327
2162.4036,1269.054544,2542.573415,1678.486107,1763.972213,17.05347734,43.5242372,3.92580133,205.3805888,2.02704197,3.558986461,0.869642444,0.840130369,158.7563609,2.175397195,21.30049484,21.04022945,21.19918891
2162.556,1269.155128,2542.774639,1678.475947,1763.951893,17.11086054,42.52936826,4.00524168,206.2636213,2.042352595,3.583360263,0.876202276,0.84689123,158.7070427,2.176093223,21.29855035,21.04210759,21.18572468
2162.7084,1269.255712,2542.975862,1678.465787,1763.931573,17.16823641,41.6055365,4.126466835,207.8341096,2.041916824,3.61211,0.881949432,0.857322645,158.6910187,2.176814964,21.29635821,21.04398573,21.19408954
2162.8608,1269.356296,2543.177086,1678.455627,1763.911253,17.22567538,41.23118445,4.22705543,208.4600919,2.121015917,3.626744349,0.887752443,0.868657863,158.6712393,2.177410484,21.29452015,21.04586387,21.20484234
2163.0132,1269.45688,2543.37831,1678.445467,1763.890933,17.28318441,41.2862683,4.306501769,209.209702,2.26813632,3.629450808,0.894072698,0.875534237,158.6568452,2.177998781,21.29296639,21.04774201,21.21129487
2163.1656,1269.557464,2543.579534,1678.435307,1763.870613,17.34072822,39.37813082,4.402955285,209.813096,2.24480626,3.66689183,0.906557594,0.877798609,158.622295,2.178725267,21.29132746,21.04962015,21.21733988
2163.318,1269.658048,2543.780757,1678.425147,1763.850293,17.39832682,38.05556726,4.50290259,210.830788,2.286472034,3.692686407,0.918469113,0.886044815,158.5894666,2.179279748,21.28966469,21.05149829,21.21757272
2163.4704,1269.758632,2543.981981,1678.414987,1763.829973,17.45563396,36.47640587,4.581650261,212.0055128,2.302890253,3.722258164,0.928719849,0.900615877,158.5429076,2.179737919,21.28781573,21.05337643,21.23481151
2163.6228,1269.859216,2544.183206,1678.404827,1763.809653,17.51261585,34.58807767,4.639636074,213.4205181,2.286331757,3.75679199,0.937088723,0.91583511,158.4874135,2.180237662,21.2863037,21.05525457,21.21088294
2163.7752,1269.9598,2544.38443,1678.394667,1763.789333,17.56945346,32.96262298,4.678256419,214.3765779,2.303543706,3.784169176,0.944069787,0.929388321,158.4236864,2.180653637,21.28490371,21.05713271,21.2223261
2163.9276,1270.060384,2544.585653,1678.384507,1763.769013,17.62604984,31.40026337,4.69035077,215.0314853,2.332860292,3.807909883,0.949286342,0.937782669,158.380788,2.181102977,21.28366298,21.05901085,21.23590383
2164.08,1270.160968,2544.786877,1678.374347,1763.748693,17.68430966,29.82351481,4.719760724,215.9044538,2.417871889,3.828756716,0.963019846,0.938758821,158.350763,2.181675607,21.28257317,21.06088899,21.27670838
2164.2324,1270.261552,2544.988101,1678.364187,1763.728373,17.74442292,28.23854976,4.735658193,216.8989499,2.526163966,3.847092919,0.983629572,0.936909015,158.3265178,2.182262174,21.2815866,21.06276713,21.29123276
2164.3848,1270.362136,2545.189324,1678.354027,1763.708053,17.80540796,26.45778711,4.639649663,217.7645571,2.525681124,3.868745605,1.000132215,0.938858985,158.2906579,2.182931605,21.28055319,21.06464527,21.27144806
2164.5372,1270.46272,2545.390548,1678.343867,1763.687733,17.86780236,24.41421996,4.394659441,218.5414472,2.366652395,3.896013443,1.011569639,0.945882002,158.2429007,2.183744495,21.27968189,21.06652341,21.27106854
2164.6896,1270.563303,2545.59177,1678.333708,1763.667415,17.92956894,22.41738608,4.354786943,219.6279594,2.363014753,3.922201593,1.000732271,0.954754724,158.2042924,2.184538605,21.2790372,21.06840155,21.29785287
2164.842,1270.663885,2545.792991,1678.32355,1763.647097,17.99053776,20.44783586,4.547643709,221.0752899,2.536181981,3.947435274,1.000385927,0.958079788,158.1895424,2.185116218,21.27830093,21.07027969,21.30958858
2164.9944,1270.764467,2545.994211,1678.313393,1763.62678,18.05217159,18.28132239,4.769047042,222.7246143,2.689483476,3.977149347,1.002784073,0.955857353,158.2127396,2.18560675,21.27761693,21.07215782,21.30897752
2165.1468,1270.865049,2546.195429,1678.303236,1763.606465,18.11397688,18.58052674,4.524230656,223.0876591,2.587020793,3.983336509,1.011795704,0.956956937,158.2701043,2.186103756,21.27743748,21.07403596,21.3205547
2165.2992,1270.96564,2546.396669,1678.293067,1763.586132,18.17355013,19.03392605,4.330088244,223.3706981,2.504583633,3.988872037,1.018664901,0.962373373,158.3320875,2.186778947,21.2774891,21.0759141,21.33706603
2165.4516,1271.066244,2546.597932,1678.282884,1763.565782,18.23076529,19.52707889,4.200755548,223.6295513,2.441619675,3.995355293,1.022576815,0.966896827,158.4061841,2.187546804,21.27762708,21.07779224,21.34011325
2165.604,1271.166854,2546.799207,1678.272693,1763.545422,18.28635668,19.98712482,4.240503021,224.1578978,2.475366302,4.003655201,1.031169009,0.969126861,158.4734994,2.188086636,21.27801739,21.07967038,21.34871476
2165.7564,1271.267473,2547.000501,1678.262492,1763.525046,18.33963056,20.45709161,4.446152959,224.8910954,2.602926385,4.013304127,1.018284942,0.972194783,158.4950676,2.18852385,21.27860277,21.08154852,21.36549475
2165.9088,1271.36803,2547.201672,1678.252363,1763.504768,18.39139867,21.97383378,4.493256675,225.3909997,2.65691854,4.018904555,1.000808838,0.971659552,158.4838924,2.188767946,21.27942331,21.08342666,21.38748043
2166.0612,1271.468519,2547.402706,1678.242315,1763.484597,18.44154924,24.36596291,4.436698089,225.5354245,2.644097794,4.02027177,0.986443829,0.968339055,158.430604,2.189023284,21.28031479,21.0853048,21.37901513
2166.2136,1271.568976,2547.603675,1678.232305,1763.464477,18.48899145,27.04692115,4.467597523,225.4356118,2.650120225,4.019804776,0.980955172,0.965169473,158.361074,2.189330897,21.28164653,21.08718294,21.36536606
2166.366,1271.66938,2547.80454,1678.222356,1763.444439,18.53374523,30.74593054,4.416506642,225.1657333,2.630971769,4.015333218,0.971424892,0.956546526,158.2983942,2.189593529,21.28283698,21.08906108,21.36069171
2166.5184,1271.77004,2548.005915,1678.212107,1763.423999,18.57266711,33.86688447,4.386756765,224.9587461,2.623725138,4.013269993,0.96168987,0.949067042,158.1993185,2.189793216,21.2841325,21.09093922,21.38384647
2166.6708,1271.870986,2548.207863,1678.201521,1763.403112,18.60513353,36.30126659,4.389297978,224.824986,2.634468542,4.013947017,0.95172516,0.945920336,158.1117359,2.189860688,21.28586608,21.09281736,21.40086457
2166.8232,1271.972055,2548.410056,1678.190791,1763.382032,18.63246246,39.10580328,4.308060622,224.5562567,2.615517221,4.012724694,0.938034571,0.945317801,158.0008903,2.189769915,21.2916703,21.0946955,21.40701942
2166.9756,1272.073332,2548.612666,1678.179815,1763.360624,18.65355236,41.89353712,4.162752002,224.1974437,2.574128637,4.011040427,0.921238744,0.949115917,157.8554601,2.189692753,21.2965166,21.09657364,21.40336969
2167.128,1272.175121,2548.8163,1678.168237,1763.338413,18.69024627,48.60291814,4.384257282,223.989561,2.631136993,4.007244468,0.899289231,0.934624906,157.7049593,2.189699681,21.30087111,21.09845178,21.39699322
2167.2804,1272.277458,2549.021029,1678.156015,1763.315343,18.74450559,54.0467124,4.528985755,223.8082682,2.704065789,4.004319606,0.883724673,0.90924229,157.5052831,2.189685086,21.30383098,21.10032992,21.37696013
2167.4328,1272.380282,2549.226731,1678.14322,1763.29151,18.74725449,57.7892155,4.545469357,223.6002188,2.765228605,4.002988137,0.871959297,0.89342385,157.2510272,2.189478155,21.30563843,21.10220806,21.36053371
2167.5852,1272.483696,2549.433613,1678.12973,1763.266751,18.76219895,59.15969016,4.399942824,223.3843959,2.817881481,4.003832989,0.867040919,0.875865671,156.9597165,2.189287685,21.30859913,21.1040862,21.35960241
2167.7376,1272.586205,2549.638686,1678.117305,1763.243411,18.77174092,62.68555342,4.505513671,223.2789162,2.879653513,4.003032623,0.856612351,0.894825876,156.6321288,2.18913716,21.31030115,21.10596434,21.39157117
2167.89,1272.6877,2549.84173,1678.106074,1763.221663,18.77439712,68.65269892,4.89705432,223.2976838,2.951198881,4.000506046,0.83971353,0.935952164,156.2565653,2.188978809,21.31279848,21.10784248,21.42912506
2168.0424,1272.788994,2550.044374,1678.095079,1763.200229,18.78403089,73.29238049,5.174403061,223.2719951,3.043777443,3.999419725,0.827474661,0.939854007,155.8311981,2.188834539,21.31447982,21.10972062,21.44331719
2168.1948,1272.889693,2550.245828,1678.084783,1763.179728,18.7965601,76.18443201,5.177737443,223.0367406,3.191338008,4.00014561,0.820895841,0.917963824,155.3618369,2.188648011,21.31540719,21.11159876,21.42079126
2168.3472,1272.989577,2550.445653,1678.075447,1763.160506,18.80375039,78.70816512,5.178587318,222.8263292,3.323364017,4.000421106,0.814985037,0.882558866,154.869444,2.188348119,21.31525154,21.1134769,21.38868077
2168.4996,1273.088622,2550.643799,1678.067098,1763.142601,18.80624969,80.60942002,5.159555117,222.6414058,3.438243936,4.000406235,0.810570301,0.854503154,154.343474,2.187982044,21.31426556,21.11535504,21.36035441
2168.652,1273.186575,2550.839764,1678.060032,1763.126407,18.80492184,83.34053906,5.299602587,222.5663934,3.551268468,3.999592129,0.804576484,0.853452953,153.7861114,2.18773043,21.31178317,21.11723318,21.3673846
2168.8044,1273.283318,2551.033307,1678.054392,1763.112113,18.79772584,86.64354392,5.565019156,222.5852477,3.656854746,3.997899481,0.797442393,0.870160445,153.2056919,2.187545912,21.30797562,21.11911132,21.39203651
2168.9568,1273.378293,2551.223316,1678.05083,1763.100591,18.79330582,90.10537374,5.632896001,222.2754348,3.725963621,3.997066918,0.78927952,0.878557872,152.6094522,2.187372591,21.3034698,21.12098946,21.40062777
2169.1092,1273.471304,2551.409398,1678.04958,1763.09215,18.79165981,91.06045061,5.718610001,222.2632425,3.822924867,3.996874274,0.788369593,0.879293113,152.006772,2.187060969,21.29767515,21.1228676,21.38552044
2169.2616,1273.562434,2551.59172,1678.050542,1763.08666,18.78666285,91.29992856,5.824530236,222.3438442,3.916729907,3.99650894,0.789537774,0.876410221,151.3938253,2.186563181,21.2907739,21.12474574,21.39627324
2169.414,1273.651418,2551.769749,1678.05403,1763.084537,18.78001621,91.95554391,5.784160689,222.14187,3.972564304,3.996443524,0.789032599,0.855963982,150.7738709,2.186187116,21.28250677,21.12662388,21.38123317
2169.5664,1273.741917,2551.95081,1678.055734,1763.080037,18.77543435,92.16173954,5.824399945,222.1707673,4.092104113,3.99635661,0.790127162,0.851777681,150.154362,2.185940628,21.27375524,21.12850202,21.37316798
2169.7188,1273.834171,2552.13538,1678.055374,1763.072782,18.77255032,91.85193281,5.960504711,222.4694698,4.095486896,3.996170114,0.793036624,0.864354495,149.5239474,2.185683643,21.26409896,21.13038016,21.38045323
2169.8712,1273.926142,2552.319382,1678.055347,1763.065973,18.77070729,91.47197952,6.013402584,222.6869798,4.114178375,3.996341642,0.795862263,0.864721398,148.887101,2.185538549,21.2535935,21.1322583,21.37240472
2170.0236,1274.014759,2552.496679,1678.059266,1763.064425,18.77074941,90.59544196,6.009776826,222.8065729,4.175093021,3.996730496,0.800052222,0.857013507,148.2543217,2.185193125,21.24210675,21.13413644,21.37278689
2170.176,1274.086498,2552.640229,1678.083042,1763.089353,18.77003485,89.39501732,5.963817114,222.4652054,4.218280958,3.996594486,0.805804364,0.849727588,147.6410396,2.184838508,21.22971649,21.13601458,21.37653021
2170.3284,1274.163678,2552.794659,1678.100415,1763.105745,18.76857186,89.00738963,5.995720446,222.4377533,4.23745311,3.996361113,0.809461543,0.842901483,147.0396608,2.18454353,21.21611919,21.13789272,21.36400685
2170.4808,1274.245096,2552.957563,1678.112803,1763.115488,18.76839688,88.73546626,6.08472247,222.6992494,4.284893798,3.996199727,0.81293483,0.840949468,146.44748,2.18435763,21.20195861,21.13977086,21.36088076
2170.6332,1274.332138,2553.13171,1678.118575,1763.116411,18.76902141,88.83764554,6.259609252,223.3293329,4.346805869,3.996028229,0.815571145,0.852323599,145.8749752,2.184358379,21.18687236,21.14164899,21.36492192
2170.7856,1274.413559,2553.294621,1678.130959,1763.12615,18.7690993,88.30925313,6.344316786,223.3949261,4.283245309,3.995712411,0.819075893,0.859635477,145.319193,2.184378086,21.17153282,21.14352713,21.38352767
2170.938,1274.488675,2553.444922,1678.150763,1763.145781,18.76878547,87.00284749,6.330915157,222.8384933,4.228225264,3.995241069,0.823774463,0.862175482,144.7953339,2.184105036,21.15578756,21.14540527,21.37617015
2171.0904,1274.564229,2553.596102,1678.170049,1763.164723,18.7684396,86.10844477,6.420394096,222.8166385,4.210633889,3.99488598,0.827612643,0.868756689,144.3022751,2.18394049,21.1402333,21.14728341,21.35978351
2171.2428,1274.637433,2553.742582,1678.192101,1763.187352,18.76778668,85.18313495,6.54311083,222.8933786,4.218858886,3.994514159,0.831314936,0.870904097,143.8523699,2.183900665,21.12484447,21.14916155,21.37390544
2171.3952,1274.711536,2553.890858,1678.213096,1763.208572,18.76743913,84.60825231,6.646006547,222.9692541,4.212233776,3.994216391,0.834009313,0.867952798,143.4423017,2.183778059,21.1096488,21.15103969,21.37768787
2171.5476,1274.787142,2554.04214,1678.232322,1763.227433,18.76741126,84.4820634,6.737161146,223.0878303,4.187278877,3.993993559,0.835479895,0.863502396,143.084218,2.183669974,21.09493765,21.15291783,21.40240276
2171.7,1274.860372,2554.188672,1678.254343,1763.250021,18.7671827,84.20885191,6.779418318,222.8851127,4.151409355,3.9936598,0.836807019,0.858043111,142.758005,2.183504923,21.08064443,21.15479597,21.40249452
2171.8524,1274.931955,2554.331911,1678.278301,1763.275193,18.76686734,83.97481187,6.77417468,222.4314887,4.098320501,3.993271991,0.837617585,0.850878561,142.4714952,2.183377329,21.06681503,21.15667411,21.37906447
2172.0048,1275.004509,2554.477093,1678.301118,1763.298841,18.76657338,83.68517574,6.851745525,222.5553905,4.044793331,3.99312066,0.840659588,0.862873213,142.2325189,2.183309579,21.05373428,21.15855225,21.36618736
2172.1572,1275.077658,2554.623463,1678.323234,1763.321556,18.76623149,86.60362186,6.87397559,222.4282163,4.082810621,3.992504483,0.835338893,0.87946307,142.0508163,2.183239637,21.04110499,21.16043039,21.37497372
2172.3096,1275.150579,2554.769377,1678.345619,1763.344629,18.76585052,89.5201124,6.923197109,222.5721805,4.103831271,3.992053366,0.831249488,0.879832259,141.9212856,2.183293598,21.02907581,21.16230853,21.38335381
2172.462,1275.223741,2554.915773,1678.36772,1763.367324,18.76542747,92.36577473,7.033336915,223.2098549,4.10989624,3.991854329,0.829296086,0.886459865,141.8349262,2.183304813,21.01815815,21.16418667,21.3948084
2172.6144,1275.297306,2555.062975,1678.389346,1763.389386,18.7652102,95.68104276,7.098510329,223.5945891,4.131663333,3.991463741,0.825100989,0.885675261,141.7791985,2.183310635,21.00845979,21.16606481,21.38578646
2172.7668,1275.37131,2555.211055,1678.410457,1763.41076,18.76522182,99.54712699,7.10905876,223.6757513,4.16973667,3.990855805,0.818250806,0.879148434,141.7384838,2.183363968,20.99963324,21.16794295,21.37747054
2172.9192,1275.446027,2555.360558,1678.43073,1763.431017,18.7653313,103.6525884,7.144858305,224.0103386,4.2102119,3.990324281,0.811649515,0.885323441,141.7009337,2.183385971,20.9914414,21.16982109,21.37305918
2173.0716,1275.521571,2555.511718,1678.450028,1763.449975,18.76560779,106.3917178,7.180457173,224.4990334,4.216239392,3.990265353,0.807609695,0.893572506,141.6747591,2.183277265,20.98417425,21.17169923,21.37486428
2173.224,1275.596527,2555.661701,1678.470018,1763.469856,18.76645402,107.8292579,7.191717883,225.0726072,4.183988832,3.990624849,0.806213129,0.902072856,141.6334719,2.183230408,20.97770098,21.17357737,21.38848022
2173.3764,1275.670893,2555.810504,1678.490703,1763.490662,18.76791514,110.0001828,7.183619687,225.698747,4.164297671,3.990846351,0.803699434,0.910794582,141.5909328,2.183301285,20.97223906,21.17545551,21.41812956
2173.5288,1275.745508,2555.959805,1678.511095,1763.511078,18.76986768,112.925095,7.147835902,226.2879837,4.163127506,3.990901973,0.799285506,0.912996269,141.5849374,2.183381678,20.96789683,21.17733365,21.42652036
2173.6812,1275.820065,2556.108991,1678.531555,1763.531584,18.77244091,116.7179393,7.07840225,226.828882,4.182347599,3.990755963,0.792805319,0.907086863,141.6048591,2.18334591,20.9646448,21.17921179,21.40218274
2173.8336,1275.894717,2556.258365,1678.551904,1763.551943,18.77413345,116.3305372,7.00440418,226.8202432,4.131830724,3.991104654,0.791436718,0.902257834,141.6649002,2.183282603,20.96261022,21.18108993,21.38198081
2173.986,1275.969539,2556.408079,1678.572052,1763.572034,18.77483193,111.3158466,6.923325328,226.1810696,4.005070075,3.991991924,0.795609424,0.895151135,141.7419217,2.183164771,20.96178467,21.18296807,21.39770716
2174.1384,1276.044227,2556.557528,1678.592357,1763.592334,18.77537658,113.8476867,6.814532358,226.7898829,3.994125342,3.992495745,0.789788913,0.884145918,141.8043384,2.18306502,20.96287071,21.18484621,21.39866709
2174.2908,1276.118824,2556.706793,1678.61277,1763.612778,18.77537368,113.8208672,6.682357244,226.9888677,3.942735441,3.99329466,0.786552248,0.881313032,141.8951924,2.183014395,20.96536247,21.18672435,21.41044799
2174.4432,1276.193495,2556.856206,1678.633096,1763.633106,18.77454029,114.4614721,6.554257023,227.3139543,3.928184765,3.994032703,0.782482193,0.888880668,141.9535025,2.183089621,20.96936739,21.18860249,21.39892942
2174.5956,1276.268199,2557.005686,1678.653383,1763.653382,18.77285341,116.0795161,6.429620295,227.8008818,3.958508525,3.994669253,0.777174641,0.902357514,141.9960841,2.183278013,20.97020776,21.19048063,21.39479553
2174.748,1276.342877,2557.155112,1678.673701,1763.673699,18.77009317,115.3699737,6.297185466,227.947925,3.827332438,3.995559636,0.774501838,0.914647956,142.0413732,2.183423711,20.9724281,21.19235877,21.40373572
2174.9004,1276.417547,2557.304523,1678.694028,1763.694029,18.76612627,113.285026,6.163352097,227.9138513,3.698003382,3.996609929,0.773420959,0.913943259,142.0460054,2.183286771,20.9755449,21.19423691,21.40503645
2175.0528,1276.492223,2557.453947,1678.714348,1763.714348,18.7605408,111.8539457,6.017249919,227.8603912,3.701070494,3.99751594,0.770920385,0.902318026,142.0429404,2.1831215,20.97958397,21.19611505,21.40957638
2175.2052,1276.5669,2557.603372,1678.734667,1763.734667,18.75315557,104.8509509,5.775489831,227.0936908,3.844800714,3.998993882,0.774113213,0.888817878,142.0390642,2.183111251,20.98363617,21.19799319,21.41123645
2175.3576,1276.641576,2557.752794,1678.754987,1763.754987,18.74397594,102.9905191,5.598595996,226.8541474,3.808790807,3.99984749,0.771099511,0.882698101,142.0315742,2.183246572,20.98612484,21.19987133,21.41428819
2175.51,1276.716252,2557.902217,1678.775307,1763.775307,18.73277737,109.0213013,5.515299438,227.4266152,3.908438027,3.999740929,0.758565709,0.896539406,142.0209101,2.183383002,20.98931615,21.20174947,21.41397812
2175.6624,1276.790928,2558.05164,1678.795627,1763.795627,18.72254785,108.3310596,5.355331773,227.4819489,3.868441023,4.000428784,0.755376752,0.903998948,142.0059668,2.183622119,20.99100507,21.20362761,21.41897662
2175.8148,1276.865604,2558.201064,1678.815947,1763.815947,18.71346005,99.92141,5.107165298,226.9491702,3.670436125,4.002035974,0.762906888,0.900071647,141.9943182,2.183719874,20.99274989,21.20550575,21.42215367
2175.9672,1276.94028,2558.350487,1678.836267,1763.836267,18.70382824,93.32892313,4.879618881,226.7349731,3.481910319,4.003414445,0.769099213,0.896773573,141.9740888,2.183762845,20.9944647,21.20738389,21.4238284
2176.1196,1277.014956,2558.49991,1678.856587,1763.856587,18.69440588,95.8138662,4.750440041,226.412569,3.579614466,4.0035592,0.757829708,0.883401504,141.9535923,2.183812822,20.99606562,21.20926203,21.42868236
2176.272,1277.089632,2558.649333,1678.876907,1763.876907,18.66493146,99.7493418,4.658079003,226.1463202,3.674429184,4.003438192,0.744873968,0.87787261,141.9378445,2.184074691,20.99703626,21.21114016,21.42176246
2176.4244,1277.164308,2558.798756,1678.897227,1763.897227,18.64155533,102.7893974,4.578483999,226.0530866,3.674598404,4.003366247,0.735359618,0.880082706,141.9222827,2.18438493,20.99795556,21.2130183,21.41733053
2176.5768,1277.238984,2558.948179,1678.917547,1763.917547,18.62242148,101.9167093,4.465259778,225.8604168,3.539721721,4.003730427,0.732879471,0.872766613,141.9111616,2.184680123,20.99817966,21.21489644,21.41596127
2176.7292,1277.31366,2559.097602,1678.937867,1763.937867,18.60917653,97.07592833,4.32378363,225.5958528,3.253422479,4.00452476,0.737877127,0.864212294,141.900122,2.184927163,20.997776,21.21677458,21.41912196
2176.8816,1277.388336,2559.247025,1678.958187,1763.958187,18.59016476,95.11606772,4.203222355,225.0854211,3.125678562,4.005303954,0.73452846,0.865721073,141.8826139,2.185167159,20.99737128,21.21865272,21.42629287
2177.034,1277.463012,2559.396449,1678.978507,1763.978507,18.56462831,96.05190205,4.133081239,224.5263024,3.144834625,4.005851806,0.725431639,0.877570486,141.8628338,2.185591937,20.99678008,21.22053086,21.43095864
2177.1864,1277.537688,2559.545872,1678.998827,1763.998827,18.53972855,96.70843851,4.1760312,224.6838687,3.085084957,4.005734061,0.726311988,0.890863831,141.8455097,2.186119525,20.99613164,21.222409,21.42833045
2177.3388,1277.612364,2559.695295,1679.019147,1764.019147,18.51257395,97.99906141,4.222922367,224.5299561,3.101974172,4.005829259,0.722957846,0.888194993,141.8224716,2.186574818,20.99528107,21.22428714,21.41908255
2177.4912,1277.68704,2559.844718,1679.039467,1764.039467,18.48624309,99.20562853,4.276339,224.5846619,3.106382445,4.005752716,0.721705308,0.871303187,141.7995447,2.18699267,20.99428245,21.22616528,21.42192156
2177.6436,1277.761716,2559.994141,1679.059787,1764.059787,18.4613793,100.0831662,4.335515873,224.8772169,3.085304602,4.005495886,0.723355055,0.856607541,141.7857681,2.187289389,20.99300466,21.22804342,21.42698272
2177.796,1277.836392,2560.143564,1679.080107,1764.080107,18.43411076,102.1146121,4.405900819,225.0708963,3.144789885,4.005204545,0.721713137,0.8580839,141.7696149,2.187728728,20.99155396,21.22992156,21.43803858
2177.9484,1277.911068,2560.292987,1679.100427,1764.100427,18.40513711,105.1788967,4.488769158,225.2899971,3.266785576,4.004777669,0.718202968,0.881008361,141.7562369,2.188276095,20.99015324,21.2317997,21.43866773
2178.1008,1277.985744,2560.442411,1679.120747,1764.120747,18.37712496,107.6246932,4.605613465,225.6657835,3.247633918,4.004930164,0.71603234,0.894904763,141.7472781,2.18881909,20.9892719,21.23367784,21.43766506
2178.2532,1278.06042,2560.591833,1679.141067,1764.141067,18.34969046,108.2537438,4.701292067,226.0107449,3.236928802,4.005420653,0.717083823,0.89304574,141.7425522,2.189337679,20.98848998,21.23555598,21.43766229
2178.4056,1278.135096,2560.741257,1679.161387,1764.161387,18.32196151,107.7595488,4.763349309,226.3499715,3.333158151,4.005796251,0.720944871,0.889825504,141.742189,2.189566871,20.98842506,21.23743412,21.45200607
2178.558,1278.209772,2560.89068,1679.181707,1764.181707,18.29441022,105.1771136,4.770219904,226.6368912,3.560856257,4.006094095,0.729404716,0.882955929,141.7439954,2.189673465,20.98830993,21.23931226,21.468271
2178.7104,1278.284448,2561.040103,1679.202027,1764.202027,18.26732289,105.8796338,4.807355396,227.0594,3.53984639,4.005578312,0.730828246,0.885797041,141.7478634,2.189914006,20.98885489,21.2411904,21.47547165
2178.8628,1278.359124,2561.189526,1679.222347,1764.222347,18.24073576,110.3929377,4.881967933,227.6589424,3.23687615,4.004139839,0.724322366,0.901330236,141.7553766,2.190064926,20.9897087,21.24306854,21.45277722
2179.0152,1278.4338,2561.338949,1679.242667,1764.242667,18.21485911,114.057178,4.933915626,228.2363961,2.936096023,4.002214469,0.7195692,0.911963781,141.772397,2.190172858,20.99075028,21.24494668,21.45592301
2179.1676,1278.508476,2561.488372,1679.262987,1764.262987,18.18983733,107.8714767,4.984118576,228.2433318,3.164598957,4.000182158,0.734345924,0.906272467,141.7920685,2.190324235,20.9921927,21.24682482,21.46189678
2179.32,1278.583152,2561.637796,1679.283307,1764.283307,18.16421006,103.1463782,5.008739367,228.2193513,3.327003512,3.997974392,0.745094393,0.892775471,141.8067883,2.190503535,20.99377506,21.24870296,21.48090579
2179.4724,1278.657828,2561.787218,1679.303627,1764.303627,18.13797004,99.72916628,5.000703601,228.1518431,3.43222427,3.995619518,0.752052322,0.882817262,141.823765,2.190716504,20.99556494,21.2505811,21.48466062
2179.6248,1278.732504,2561.936642,1679.323947,1764.323947,18.11200078,99.05264665,4.987908334,228.1698908,3.331891532,3.992596773,0.752780832,0.881309834,141.8422061,2.190874841,20.99764747,21.25245924,21.48514241
2179.7772,1278.80718,2562.086065,1679.344267,1764.344267,18.08598575,101.1283528,4.963460608,228.2413214,3.042971794,3.989031491,0.746962438,0.890870588,141.8680633,2.190881106,20.99951485,21.25433738,21.4718452
2179.9296,1278.881856,2562.235488,1679.364587,1764.364587,18.06005657,99.05200182,5.087152218,228.2945701,3.093984124,3.988396962,0.75415178,0.894532906,141.891835,2.190799336,21.00170646,21.25621552,21.46402961
2180.082,1278.956532,2562.384911,1679.384907,1764.384907,18.03429396,96.02431789,5.13300576,228.2575796,3.163281765,3.990485285,0.76132083,0.887812373,141.9179402,2.190643741,21.00415222,21.25809366,21.45767446
2180.2344,1279.031208,2562.534334,1679.405227,1764.405227,18.00839819,94.96167542,5.055870267,228.154485,3.052744204,3.993817716,0.760676539,0.878464253,141.9448756,2.190540088,21.00613463,21.2599718,21.4572896
2180.3868,1279.105884,2562.683757,1679.425547,1764.425547,17.98240685,91.08833618,5.11467796,228.0410762,3.19489117,3.999800156,0.769524902,0.866509083,141.9727279,2.190488724,21.00811299,21.26184994,21.45296015
2180.5392,1279.18056,2562.833181,1679.445867,1764.445867,17.95649305,88.71658565,5.083030459,227.9525862,3.209044584,4.00566495,0.772916303,0.86614363,141.9937858,2.19042966,21.01012795,21.26372808,21.44985014
2180.6916,1279.255236,2562.982603,1679.466187,1764.466187,17.93061562,88.22891537,4.943323476,227.8882854,3.065775029,4.011266536,0.769538037,0.874424294,142.0217245,2.190349104,21.01222912,21.26560622,21.42702577
2180.844,1279.329912,2563.132027,1679.486507,1764.486507,17.90470949,86.02158474,4.8483134,227.8186665,3.068556306,4.018855539,0.771063287,0.873957738,142.0496534,2.190234023,21.01430233,21.26748436,21.42223536
2180.9964,1279.404588,2563.28145,1679.506827,1764.506827,17.87879479,83.07133367,4.742321006,227.7494953,3.13126243,4.027848864,0.773983856,0.861647167,142.0783032,2.189908138,21.01656988,21.2693625,21.41273912
2181.1488,1279.479264,2563.430873,1679.527147,1764.527147,17.85288738,82.39552304,4.950104708,227.5415881,3.199115368,4.038734006,0.780547989,0.850947708,142.1067953,2.189479393,21.01895671,21.27124064,21.41805405
2181.3012,1279.55394,2563.580296,1679.547467,1764.547467,17.8269802,82.02176187,5.033862392,227.4966219,3.219014044,4.052174752,0.783053529,0.846704174,142.138352,2.188995661,21.02137687,21.27311878,21.41827929
2181.4536,1279.628616,2563.729719,1679.567787,1764.567787,17.801072,81.97726603,4.994325315,227.5500473,3.189241573,4.06743533,0.781602579,0.846967104,142.1632774,2.188675641,21.02389158,21.27499692,21.41328012
2181.606,1279.703292,2563.879143,1679.588107,1764.588107,17.775164,82.50813642,4.794714115,227.745649,3.08119765,4.084845801,0.774642979,0.855800814,142.1878685,2.18847706,21.0263265,21.27687506,21.40563979
2181.7584,1279.777968,2564.028566,1679.608427,1764.608427,17.749256,83.04937167,4.740627881,227.6121468,2.971291216,4.093049965,0.77137942,0.849200588,142.2042457,2.1883473,21.02913427,21.27875319,21.39949668
2181.9108,1279.852644,2564.177988,1679.628747,1764.628747,17.723348,83.6885185,4.845681834,227.1063791,2.852088023,4.090875753,0.771986795,0.835436936,142.2170736,2.188309449,21.03137019,21.28063133,21.39970662
2182.0632,1279.92732,2564.327411,1679.649067,1764.649067,17.69744,84.50621958,4.863112489,226.9961769,2.747227446,4.099520042,0.770417188,0.83907311,142.2294312,2.188226428,21.03335763,21.28250947,21.40359317
2182.2156,1280.001996,2564.476835,1679.669387,1764.669387,17.671532,85.28474588,4.839891232,227.3616249,2.702174469,4.122118987,0.768621519,0.845224164,142.2400847,2.188058059,21.0352647,21.28438761,21.4102056
2182.368,1280.076672,2564.626258,1679.689707,1764.689707,17.645624,85.5061179,4.812986517,227.6739336,2.683401503,4.142283719,0.76784523,0.847594311,142.2574714,2.187835499,21.03676972,21.28626575,21.40766108
2182.5204,1280.151348,2564.775681,1679.710027,1764.710027,17.619716,85.17387928,4.767733587,227.9508036,2.687123726,4.160258907,0.767686148,0.843349686,142.2641285,2.187610794,21.03810217,21.28814389,21.39872335
2182.6728,1280.226024,2564.925104,1679.730347,1764.730347,17.593808,84.83895575,4.788514399,227.9887654,2.671126941,4.170305988,0.769130428,0.832133056,142.2659822,2.187469505,21.03930241,21.29002203,21.40393071
2182.8252,1280.3007,2565.074528,1679.750667,1764.750667,17.5679,84.24726425,4.864344165,227.8229694,2.654779456,4.17338317,0.772441896,0.828491023,142.2690794,2.187392258,21.04023738,21.29190017,21.42015551
2182.9776,1280.375376,2565.223951,1679.770987,1764.770987,17.541992,83.37846037,4.887621766,228.1788782,2.68053113,4.19306556,0.775603792,0.83220252,142.2759989,2.187388744,21.04161084,21.29377831,21.42207438
2183.13,1280.450052,2565.373373,1679.791307,1764.791307,17.516084,83.04636547,4.864021098,228.1849052,2.66116265,4.197836512,0.775437344,0.838040944,142.2839618,2.18735099,21.04273393,21.29565645,21.4130353
2183.2824,1280.524728,2565.522796,1679.811627,1764.811627,17.490176,82.38169229,4.840418055,228.2699846,2.667278418,4.204232288,0.776046895,0.842079871,142.2805189,2.187329327,21.04383953,21.29753459,21.4088922
2183.4348,1280.599404,2565.67222,1679.831947,1764.831947,17.464268,81.211813,4.794160905,228.7847278,2.728781021,4.224265821,0.777710076,0.834283735,142.279927,2.187177351,21.04489865,21.29941273,21.4066988
2183.5872,1280.67408,2565.821643,1679.852267,1764.852267,17.43836,80.62724003,4.762159658,229.0027497,2.752714711,4.2351928,0.778081688,0.830559551,142.2867802,2.186914705,21.04580692,21.30129087,21.42706328
2183.7396,1280.748756,2565.971066,1679.872587,1764.872587,17.412452,80.6645782,4.748715211,228.8705534,2.736584108,4.235354383,0.77712262,0.833244009,142.2987953,2.186662114,21.04644404,21.30316901,21.43754142
2183.892,1280.823432,2566.120489,1679.892907,1764.892907,17.386544,80.74871995,4.718391389,228.9102743,2.740146025,4.24137252,0.775802619,0.83423201,142.3030822,2.186592913,21.04684944,21.30504715,21.43964598
2184.0444,1280.898108,2566.269912,1679.913227,1764.913227,17.360636,79.69405863,4.634913604,229.127739,2.74140188,4.24854041,0.776323995,0.843312771,142.3085767,2.186505676,21.04703225,21.30692529,21.44155021
2184.1968,1280.972784,2566.419336,1679.933547,1764.933547,17.334728,76.37885234,4.506815508,229.5716597,2.731996509,4.254406735,0.782083966,0.845515141,142.3119654,2.186316303,21.04705906,21.30880343,21.436847
2184.3492,1281.04746,2566.568758,1679.953867,1764.953867,17.30882,74.42540242,4.444405764,229.8350177,2.719240659,4.258666627,0.786146944,0.836398164,142.3130367,2.186016556,21.04765192,21.31068157,21.4304336
2184.5016,1281.122136,2566.718181,1679.974187,1764.974187,17.282912,73.61563035,4.419061437,229.8814186,2.690487807,4.258830688,0.788248442,0.829930792,142.3133872,2.185710016,21.04825439,21.31255971,21.43748704
2184.654,1281.196812,2566.867605,1679.994507,1764.994507,17.257004,74.26000597,4.449777275,229.6557187,2.644038995,4.254147903,0.78808769,0.830021126,142.3237169,2.185440652,21.04873515,21.31443785,21.45389992
2184.8064,1281.271488,2567.017028,1680.014827,1765.014827,17.231096,72.46394171,4.395139022,229.674729,2.606998859,4.251847845,0.792117081,0.839342723,142.3441229,2.185051263,21.04910144,21.31631599,21.46238347
2184.9588,1281.346164,2567.166451,1680.035147,1765.035147,17.205188,67.94658296,4.243494757,229.9511272,2.577830246,4.251603003,0.800748924,0.849050526,142.3638349,2.184611619,21.04902665,21.31819413,21.44911264
2185.1112,1281.42084,2567.315874,1680.055467,1765.055467,17.17928,67.20537398,4.190211017,229.9576416,2.533259807,4.248609251,0.802000322,0.846515866,142.3801873,2.184132198,21.04904533,21.32007227,21.46828973
2185.2636,1281.495516,2567.465297,1680.075787,1765.075787,17.153372,66.49346533,4.12847948,229.9526723,2.483166144,4.244506136,0.802941932,0.836890958,142.3919856,2.183657417,21.04900598,21.32195041,21.46680059
2185.416,1281.570192,2567.614721,1680.096107,1765.096107,17.127464,66.11865696,4.076258478,229.9608808,2.440006616,4.242032393,0.803287577,0.826551007,142.4073481,2.183196587,21.0491125,21.32382855,21.46060972
2185.5684,1281.644868,2567.764143,1680.116427,1765.116427,17.101556,66.2917288,4.041736806,229.9588463,2.40319991,4.240989473,0.802698508,0.818159083,142.431445,2.182720291,21.04904231,21.32570669,21.43638435
2185.7208,1281.719544,2567.913566,1680.136747,1765.136747,17.075648,65.20932413,3.964937098,230.0681128,2.371530683,4.241051128,0.804304247,0.812260581,142.4526543,2.182239432,21.04897027,21.32758483,21.41927015
2185.8732,1281.79422,2568.062989,1680.157067,1765.157067,17.04974,63.29675639,3.859270788,230.2770704,2.347473679,4.242855672,0.807340086,0.806574639,142.4787761,2.181737658,21.04893452,21.32946297,21.41971051
2186.0256,1281.868896,2568.212413,1680.177387,1765.177387,17.023832,63.05095336,3.780562165,230.3633972,2.323593166,4.243336953,0.805594,0.808410241,142.5092624,2.181144306,21.04887679,21.33134111,21.40999008
2186.178,1281.943572,2568.361836,1680.197707,1765.197707,16.997924,61.46869648,3.725745205,230.4291972,2.29178925,4.24293552,0.809597002,0.809885396,142.5408359,2.180694802,21.04880734,21.33321925,21.42343424
2186.3304,1282.018248,2568.511259,1680.218027,1765.218027,16.972016,61.15647797,3.677127642,230.4630012,2.267840625,4.243155184,0.80923986,0.802049432,142.5704381,2.180374705,21.04891809,21.33509739,21.41193081
2186.4828,1282.092924,2568.660682,1680.238347,1765.238347,16.946108,62.97180471,3.647428512,230.4070616,2.251185634,4.243311315,0.80205713,0.795657248,142.5948446,2.180092885,21.04903895,21.33697553,21.39752127
2186.6352,1282.1676,2568.810105,1680.258667,1765.258667,16.9202,62.98554121,3.634336079,230.4215299,2.228787432,4.243590784,0.801883629,0.79087423,142.6151693,2.179967893,21.04917773,21.33885367,21.38445315
2186.7876,1282.242276,2568.959528,1680.278987,1765.278987,16.894292,60.93217421,3.639758597,230.5223747,2.200410753,4.244219507,0.809756363,0.793580175,142.6309238,2.180000799,21.04932731,21.34073181,21.39474271
2186.94,1282.316952,2569.108951,1680.299307,1765.299307,16.868384,59.46440988,3.67622107,230.5852617,2.172304605,4.244617492,0.816825751,0.807638491,142.644632,2.180013402,21.04947804,21.34260995,21.39111203
2187.0924,1282.391628,2569.258374,1680.319627,1765.319627,16.842476,60.92970206,3.653637147,230.4640042,2.180100287,4.244135656,0.810834845,0.809895364,142.6672208,2.179993232,21.04963484,21.34448809,21.37446495
2187.2448,1282.466304,2569.407798,1680.339947,1765.339947,16.816568,63.26927948,3.605994808,230.3033751,2.209216193,4.243580982,0.800124343,0.803232959,142.6876492,2.180012136,21.04973627,21.34636623,21.39248288
2187.3972,1282.54098,2569.557221,1680.360267,1765.360267,16.79066,64.44920428,3.598381049,230.219458,2.234283828,4.24338882,0.794717378,0.796348646,142.7021304,2.180163591,21.05012157,21.34824436,21.42035431
2187.5496,1282.615656,2569.706644,1680.380587,1765.380587,16.764752,64.14146756,3.63480664,230.204425,2.252969794,4.243366661,0.796175892,0.792555689,142.7089528,2.180510518,21.05087313,21.3501225,21.42807882
2187.702,1282.690332,2569.856067,1680.400907,1765.400907,16.738844,62.07302625,3.719137929,230.279464,2.264518356,4.243627153,0.805513772,0.806581181,142.7066423,2.181021022,21.0517102,21.35200064,21.40768041
2187.8544,1282.765008,2570.00549,1680.421227,1765.421227,16.712936,62.3941668,3.685511169,230.2584819,2.279520654,4.24355054,0.803238268,0.815419739,142.6994069,2.181567476,21.05254824,21.35387878,21.40675461
2188.0068,1282.839684,2570.154913,1680.441547,1765.441547,16.687028,65.14209001,3.534018832,230.1388304,2.297782612,4.243094779,0.789208374,0.8151088,142.6912373,2.182131588,21.05356036,21.35575692,21.39943976
2188.1592,1282.91436,2570.304336,1680.461867,1765.461867,16.66112,65.04057739,3.625707731,230.1686161,2.309246776,4.242920205,0.79136605,0.818556883,142.6875283,2.182748202,21.0543428,21.35763506,21.40092185
2188.3116,1282.989036,2570.453759,1680.482187,1765.482187,16.635212,66.2576566,3.623877403,230.1568331,2.320291198,4.242574471,0.786446908,0.8142514,142.6892425,2.183443458,21.05531091,21.3595132,21.40463153
2188.464,1283.063712,2570.603183,1680.502507,1765.502507,16.609304,67.1514196,3.659588629,230.1613325,2.328222157,4.24227169,0.78388907,0.812382564,142.6753493,2.184160241,21.05652165,21.36139134,21.41521062
2188.6164,1283.138388,2570.752606,1680.522827,1765.522827,16.583396,67.50526511,3.743186406,230.1924242,2.332342263,4.242046882,0.784747343,0.817858327,142.6627974,2.184936782,21.05701983,21.36326948,21.43477482
2188.7688,1283.213064,2570.902029,1680.543147,1765.543147,16.557488,68.96760314,3.770728023,230.1848809,2.335667191,4.24165958,0.780283432,0.822549199,142.6530352,2.185717053,21.05757104,21.36514762,21.4375129
2188.9212,1283.28774,2571.051452,1680.563467,1765.563467,16.53158,71.17069157,3.772114974,230.1520208,2.337459238,4.241157704,0.772622833,0.828818765,142.6404273,2.186560922,21.05819198,21.36702576,21.42695753
2189.0736,1283.362416,2571.200875,1680.583787,1765.583787,16.505672,73.38078874,3.77434446,230.1493327,2.340701926,4.240697778,0.765831377,0.8325953,142.6249253,2.187482764,21.05880568,21.3689039,21.42228844
2189.226,1283.437092,2571.350298,1680.604107,1765.604107,16.479764,75.71934781,3.770920378,230.1722867,2.345352531,4.240262099,0.75931336,0.829381847,142.6071732,2.188388945,21.05848821,21.37078204,21.42815366
2189.3784,1283.511768,2571.499721,1680.624427,1765.624427,16.453856,77.43966475,3.815054553,230.2029002,2.335571596,4.23989372,0.755891936,0.824812564,142.5824949,2.189243183,21.05858355,21.37266018,21.44102166
2189.5308,1283.586444,2571.649144,1680.644747,1765.644747,16.427948,78.01021843,3.932990616,230.2529292,2.305651246,4.239664154,0.757920905,0.82543807,142.557434,2.189975917,21.05854977,21.37453832,21.43423377
2189.6832,1283.66112,2571.798567,1680.665067,1765.665067,16.40204,79.14870999,4.003070305,230.2636342,2.316395356,4.239295865,0.757036588,0.835542376,142.5400163,2.190600922,21.0585508,21.37641646,21.44493163
2189.8356,1283.735796,2571.947991,1680.685387,1765.685387,16.376132,80.94928692,4.020495637,230.2304174,2.373207811,4.238768579,0.752844501,0.844283535,142.5188541,2.191338146,21.05875635,21.3782946,21.46139262
2189.988,1283.810472,2572.097414,1680.705707,1765.705707,16.350224,82.116727,4.068216387,230.1907653,2.442087946,4.238276105,0.751465659,0.842882284,142.5010442,2.192279389,21.05912007,21.38017274,21.48681134
2190.1404,1283.885148,2572.246837,1680.726027,1765.726027,16.324316,82.49565604,4.119087673,230.2703647,2.371787673,4.238033005,0.754575415,0.842074092,142.478718,2.193170737,21.0597287,21.38205088,21.48983854
2190.2928,1283.959824,2572.39626,1680.746347,1765.746347,16.298408,82.77157253,4.153493551,230.3155062,2.315539381,4.237769721,0.757244589,0.838423807,142.4642141,2.193871995,21.06091809,21.38392902,21.46723264
2190.4452,1284.0345,2572.545683,1680.766667,1765.766667,16.2725,82.86679857,4.176999535,230.3135053,2.287713988,4.237476638,0.759650104,0.834340123,142.4572887,2.19426135,21.06191746,21.38580716,21.4522537
2190.5976,1284.109176,2572.695106,1680.786987,1765.786987,16.246592,82.95586433,4.178575025,230.2638208,2.303269895,4.237107622,0.761289445,0.834675778,142.4599814,2.1941958,21.06266107,21.3876853,21.45936638
2190.75,1284.183852,2572.844529,1680.807307,1765.807307,16.220684,83.05928704,4.153503263,230.1582244,2.364503511,4.236659499,0.761815862,0.829598841,142.4667969,2.193935326,21.06356686,21.38956344,21.47448278
2190.9024,1284.258528,2572.993952,1680.827627,1765.827627,16.194776,83.03661885,4.111440584,230.1976883,2.325373672,4.236555219,0.761510496,0.823132657,142.4809172,2.193490814,21.06307995,21.39144158,21.48073003
2191.0548,1284.333204,2573.143376,1680.847947,1765.847947,16.168868,82.11191091,4.047850138,230.2884226,2.24858559,4.236824217,0.762003388,0.820930867,142.5056055,2.192905301,21.06210408,21.39331972,21.48633455
2191.2072,1284.40788,2573.292799,1680.868267,1765.868267,16.14296,79.73794979,3.952332046,230.2413076,2.263535962,4.237261398,0.764284354,0.818559744,142.5249841,2.192290021,21.06136381,21.39519786,21.47947823
2191.3596,1284.482556,2573.442222,1680.888587,1765.888587,16.117052,77.36294562,3.823722223,230.3059464,2.202777034,4.237981032,0.76478383,0.8085917,142.5369223,2.1916107,21.06039646,21.397076,21.47375471
2191.512,1284.557232,2573.591645,1680.908907,1765.908907,16.091144,74.96279724,3.707853433,230.3245561,2.180615064,4.238664394,0.765815733,0.797988581,142.5480072,2.190851898,21.0599667,21.39895414,21.45419893
2191.6644,1284.631908,2573.741068,1680.929227,1765.929227,16.065236,72.55885955,3.605651084,230.2835894,2.206732461,4.239287627,0.767374746,0.789447511,142.5752337,2.190106124,21.05975448,21.40083228,21.44713928
2191.8168,1284.706584,2573.890491,1680.949547,1765.949547,16.039328,70.17581111,3.492057726,230.3072411,2.191920779,4.240106687,0.768079094,0.783010771,142.6024537,2.189621063,21.05953037,21.40271042,21.4505235
2191.9692,1284.78126,2574.039914,1680.969867,1765.969867,16.01342,67.82132809,3.377835284,230.3587757,2.162824366,4.241050092,0.768426051,0.783801477,142.6203229,2.18935001,21.05949622,21.40458856,21.46978385
2192.1216,1284.855936,2574.189337,1680.990187,1765.990187,15.987512,63.55544743,3.176044407,230.4866512,2.091508729,4.242553583,0.770191142,0.777499904,142.6228188,2.189201267,21.06037035,21.4064667,21.46502858
2192.274,1284.930612,2574.338761,1681.010507,1766.010507,15.961604,60.1662886,2.980198701,230.6058303,2.048865857,4.244072103,0.769629869,0.762376419,142.620995,2.189000747,21.06188057,21.40834484,21.43994002
2192.4264,1285.005288,2574.488184,1681.030827,1766.030827,15.935696,57.82696305,2.813822603,230.6927217,2.0466558,4.24550818,0.767247644,0.753943797,142.6227409,2.188545091,21.06317548,21.41022298,21.42184866
2192.5788,1285.079964,2574.637607,1681.051147,1766.051147,15.909788,57.00159266,2.687940409,230.7291306,2.103145148,4.246784874,0.762252512,0.754187604,142.6181628,2.188777616,21.06489021,21.41210112,21.43961793
2192.7312,1285.15464,2574.78703,1681.071467,1766.071467,15.88388,55.19547726,2.558466081,230.750525,2.122079158,4.247728382,0.76224365,0.75511081,142.5834331,2.190235341,21.0681111,21.41397926,21.4487472
2192.8836,1285.229316,2574.936453,1681.091787,1766.091787,15.857972,52.22407429,2.425231616,230.7524675,2.10020784,4.248301436,0.767995683,0.751399064,142.5407262,2.192289371,21.07198918,21.4158574,21.46588284
2193.036,1285.303992,2575.085876,1681.112107,1766.112107,15.832064,50.13587789,2.284897673,230.7717247,2.104201763,4.24908576,0.770136847,0.744731215,142.4657738,2.194492693,21.0774981,21.41773553,21.45743103
2193.1884,1285.378668,2575.235299,1681.132427,1766.132427,15.806156,49.25481605,2.04846085,230.9720593,2.119483722,4.251294756,0.759427298,0.739440892,142.4246482,2.195489562,21.08049768,21.41961367,21.44383092
2193.3408,1285.453344,2575.384723,1681.152747,1766.152747,15.780248,49.03632016,1.884993393,231.1514158,2.133775409,4.253125837,0.750137777,0.737095592,142.3918854,2.196528563,21.08312258,21.42149181,21.42588889
2193.4932,1285.52802,2575.534145,1681.173067,1766.173067,15.75434,49.66111345,1.804171409,231.304553,2.152284148,4.254543422,0.742073236,0.732619126,142.3524665,2.199124015,21.08711175,21.42336995,21.4425608
2193.6456,1285.602696,2575.683569,1681.193387,1766.193387,15.728432,50.2379931,1.776120984,231.4147029,2.159885293,4.255430163,0.738166658,0.724061769,142.2676574,2.201949013,21.09282265,21.42524809,21.42880119
2193.798,1285.677372,2575.832992,1681.213707,1766.213707,15.702524,50.97937633,1.817676964,231.4859176,2.156366653,4.255767123,0.7381039,0.715586409,142.1460085,2.204927058,21.10267624,21.42712623,21.42558682
2193.9504,1285.752048,2575.982415,1681.234027,1766.234027,15.676616,48.82921498,1.743927363,231.6489746,2.146214574,4.257293834,0.735293811,0.72269869,142.0000346,2.208556729,21.11333833,21.42900437,21.43293881
2194.1028,1285.826724,2576.131838,1681.254347,1766.254347,15.65070799,49.6744151,1.845898819,231.7090975,2.196181336,4.257368365,0.737711607,0.745644218,141.8511639,2.21220796,21.12404354,21.43088251,21.4491872
2194.2552,1285.9014,2576.281261,1681.274667,1766.274667,15.62479998,51.82240628,2.067227235,231.7128472,2.266335599,4.256569341,0.744305586,0.778222896,141.7116684,2.216130924,21.13200594,21.43276065,21.46361686
2194.4076,1285.976076,2576.430685,1681.294987,1766.294987,15.59889197,51.28890864,2.208693292,231.7963378,2.321501234,4.256711382,0.749636369,0.824724954,141.5806057,2.220048452,21.14132771,21.43463879,21.47613799
2194.56,1286.050752,2576.580108,1681.315307,1766.315307,15.57298385,52.59188268,2.417857541,231.8202163,2.390747084,4.256174327,0.755999743,0.863870512,141.4407036,2.223634271,21.1512781,21.43651693,21.49249691
2194.7124,1286.125428,2576.729531,1681.335627,1766.335627,15.54707561,56.08706845,2.709335611,231.7748911,2.475232571,4.254827899,0.763603968,0.893262706,141.2883036,2.227303928,21.16244482,21.43839507,21.52148686
2194.8648,1286.200104,2576.878955,1681.355946,1766.355947,15.52116731,58.73840063,2.967920657,231.761204,2.558827668,4.253875955,0.770012196,0.925174916,141.1149076,2.231410642,21.17699772,21.44027321,21.56802703
2195.0172,1286.274781,2577.028378,1681.376266,1766.376266,15.4952589,61.13877587,3.246396225,231.7466412,2.646127594,4.252952341,0.776369839,0.95619708,140.9342693,2.235596466,21.19124032,21.44215135,21.58158831
2195.1696,1286.349457,2577.177802,1681.396586,1766.396586,15.46935054,60.45566283,3.640374789,231.7109638,2.71291867,4.251931137,0.788070846,0.987587515,140.7552155,2.23960764,21.2048156,21.44402949,21.60541767
2195.322,1286.424133,2577.327225,1681.416905,1766.416906,15.44344226,60.67721782,4.000976113,231.6614135,2.777799141,4.25076537,0.799205777,1.021237719,140.5787429,2.243467444,21.21803145,21.44590763,21.62862353
2195.4744,1286.498809,2577.476649,1681.437225,1766.437226,15.41753395,62.36305014,4.365790093,231.5827458,2.850088372,4.249276653,0.809713461,1.050714965,140.4038951,2.247221176,21.23075719,21.44778577,21.6667574
2195.6268,1286.573486,2577.626072,1681.457545,1766.457545,15.39162564,65.76441217,4.726235497,231.4703444,2.928460664,4.247410831,0.819555046,1.072295181,140.2360619,2.250661391,21.24291533,21.44966391,21.71319326
2195.7792,1286.648159,2577.77549,1681.477869,1766.477868,15.36572167,68.60894731,4.877691909,231.4509776,2.963651369,4.246581601,0.821792321,1.095061383,140.0727724,2.253761794,21.25458101,21.45154205,21.72424306
2195.9316,1286.722829,2577.924902,1681.498197,1766.498194,15.33982246,70.95754968,4.80412681,231.5311144,2.952397305,4.24685757,0.815654948,1.119330269,139.8953229,2.256358016,21.26552114,21.45342019,21.70168916
2196.084,1286.797498,2578.074311,1681.518528,1766.518521,15.31392604,72.27417213,4.930117703,231.4774527,2.96250062,4.24591167,0.822156538,1.141294433,139.7223985,2.258362997,21.27547256,21.45529833,21.71093739
2196.2364,1286.872164,2578.223713,1681.538863,1766.538851,15.28803367,72.47208329,5.135399185,231.3535364,2.972143396,4.244398565,0.835906664,1.162765484,139.569966,2.259936665,21.2834438,21.45717647,21.77933968
2196.3888,1286.946845,2578.373147,1681.559176,1766.559166,15.26211747,72.81616916,5.547453288,231.2662274,2.965194309,4.243338514,0.845605501,1.1579569,139.4141924,2.261315051,21.29246024,21.45905461,21.84755504
2196.5412,1287.021543,2578.522615,1681.579462,1766.579464,15.23617478,73.41605228,6.198690781,231.2128559,2.942321311,4.242705013,0.851251245,1.170658536,139.2564419,2.262393391,21.30125868,21.46093275,21.8150247
2196.6936,1287.09625,2578.672098,1681.599737,1766.599753,15.21021985,74.11784352,5.933911424,231.2363316,2.881122473,4.242947272,0.849252744,1.258959375,139.1194983,2.263062566,21.30618084,21.46281089,21.80638954
2196.846,1287.170969,2578.821608,1681.619992,1766.62003,15.18424485,74.85918308,5.767620969,231.3326319,2.784857536,4.24403447,0.840062042,1.307207733,138.9751076,2.263346179,21.31054832,21.46468903,21.67438586
2196.9984,1287.245972,2578.971685,1681.639821,1766.640023,15.15782982,74.38587213,5.672793921,231.1929114,2.816731811,4.242177645,0.859217735,1.277044174,138.8443911,2.26338482,21.31573952,21.46656717,21.86707594
2197.1508,1287.321287,2579.122386,1681.659182,1766.659704,15.13093096,77.5016488,5.638558568,231.3982096,2.648186311,4.244332505,0.833322633,1.152105881,138.7029989,2.263117527,21.32025926,21.46844531,21.95194556
2197.3032,1287.396793,2579.273468,1681.678258,1766.679194,15.10373712,79.76706649,5.767127574,231.4970202,2.540975913,4.245131396,0.821271997,1.054243512,138.5802163,2.262593011,21.32437695,21.47032345,21.97874378
2197.4556,1287.472569,2579.425091,1681.696928,1766.698414,15.07612451,80.7112687,6.059986403,231.3983709,2.543977492,4.243455832,0.833822813,1.172165131,138.4564952,2.261731253,21.32829182,21.47220159,21.91742433
2197.608,1287.54806,2579.576144,1681.716025,1766.717919,15.04895298,82.67558991,5.466876131,231.4429979,2.480895758,4.243695244,0.827267489,1.267088902,138.3331411,2.260579831,21.33171263,21.47407973,21.85781843
2197.7604,1287.623222,2579.726539,1681.735616,1766.737753,15.02229145,85.79774459,4.920783805,231.6575088,2.338747865,4.246197955,0.79825402,1.260150133,138.2131165,2.259066159,21.33446792,21.47595787,21.8218646
2197.9128,1287.698394,2579.876953,1681.755193,1766.757577,14.99561518,88.54137861,4.497727431,231.8024776,2.243240852,4.24792372,0.776765441,1.252045166,138.1007556,2.256903622,21.33672139,21.47783601,21.83105329
2198.0652,1287.773432,2580.027101,1681.774969,1766.777535,14.96914516,91.08029552,4.568333665,231.8298011,2.194878979,4.248573412,0.768202701,1.187535403,137.997218,2.254305315,21.33746482,21.47971415,21.88135639
2198.2176,1287.848104,2580.176516,1681.795295,1766.797859,14.94324379,93.14548677,4.862858342,231.7302522,2.211243977,4.248098214,0.773787756,1.156826166,137.9068142,2.251612961,21.33697426,21.48159229,21.91101627
2198.37,1287.922396,2580.325172,1681.81619,1766.818563,14.91793026,95.13065081,4.827064434,231.6627551,2.246803732,4.24814467,0.773833882,1.17562104,137.8194442,2.248921365,21.33609468,21.48347043,21.91570572
2198.5224,1287.996296,2580.473041,1681.837676,1766.839659,14.89322635,97.54762795,4.638819669,231.6762433,2.267503817,4.249377924,0.761753767,1.161168424,137.7292679,2.2461402,21.33438474,21.48534856,21.90198745
2198.6748,1288.069721,2580.619964,1681.859872,1766.86123,14.86925715,100.3668265,4.185000593,231.7804748,2.275191976,4.251926341,0.736210054,1.136382275,137.6317442,2.243338403,21.3337365,21.4872267,21.85803335
2198.8272,1288.142703,2580.766,1681.882733,1766.883244,14.84597497,101.7692108,4.01604071,231.7930627,2.241798275,4.253569607,0.724659102,1.126338654,137.5277042,2.240563229,21.33350248,21.48910484,21.83979728
2198.9796,1288.215194,2580.911054,1681.90633,1766.905749,14.82345326,101.6888035,4.172584991,231.7138243,2.156439782,4.254330626,0.727396171,1.114958027,137.4329595,2.237838158,21.33300018,21.49098298,21.84594505
2199.132,1288.287084,2581.054907,1681.930829,1766.928855,14.80186356,103.6841801,4.155557097,231.6431119,2.2450889,4.25466042,0.720492184,1.097561616,137.3457159,2.235359947,21.33282697,21.49286112,21.84155566
2199.2844,1288.358339,2581.19749,1681.95628,1766.952596,14.78125779,105.0181581,4.211276985,231.540397,2.314575871,4.25475218,0.717811648,1.080218947,137.2640679,2.233054454,21.33239654,21.49473926,21.83076056
2199.4368,1288.429268,2581.339421,1681.982221,1766.976663,14.76115768,106.3103071,4.250480791,231.4242979,2.404523227,4.254647334,0.715781297,1.06232667,137.1641828,2.230864012,21.3319185,21.4966174,21.82523974
2199.5892,1288.49985,2581.480659,1682.008682,1767.001077,14.74159516,107.6445925,4.237534219,231.3017803,2.518170915,4.25441585,0.713285507,1.055451927,137.0579281,2.228682408,21.33191808,21.49849554,21.81543367
2199.7416,1288.569879,2581.620789,1682.035973,1767.026044,14.72289076,108.1210592,4.333350241,231.1319897,2.606812577,4.25373121,0.717753708,1.068989845,136.9424802,2.226774947,21.33235152,21.50037368,21.82796958
2199.894,1288.639406,2581.759917,1682.064016,1767.051513,14.70496379,107.9645427,4.509579051,230.9180561,2.687081875,4.252555062,0.72821045,1.091113032,136.8442853,2.225152353,21.33251955,21.50225182,21.85506995
2200.0464,1288.708606,2581.89839,1682.092551,1767.077309,14.6875438,108.558744,4.587266179,230.7461104,2.756415557,4.251546193,0.732019013,1.103991951,136.7431348,2.224017518,21.33260979,21.50412996,21.86501059
2200.1988,1288.773812,2582.028879,1682.127075,1767.107099,14.67631354,106.0001369,4.849477434,230.4511825,2.847518132,4.250881389,0.743391673,1.12580038,136.6248549,2.223604927,21.33356621,21.5060081,21.85224825
2200.3512,1288.840591,2582.162512,1682.159241,1767.135316,14.66264609,105.8244352,4.941904746,230.2450867,2.917408288,4.249838987,0.74637333,1.168114883,136.4859178,2.223122802,21.33498629,21.50788624,21.85111342
2200.5036,1288.909883,2582.301169,1682.187637,1767.16102,14.64508381,109.3592026,4.757441306,230.1881831,2.955987528,4.248484284,0.734591533,1.172511547,136.3618007,2.221980664,21.33622697,21.50976438,21.87766663
2200.656,1288.977056,2582.43559,1682.219211,1767.188843,14.63080516,109.7329841,4.845306429,229.9966838,3.058421534,4.247778399,0.73609678,1.127121836,136.2291256,2.220812568,21.33746205,21.51164252,21.88843883
2200.8084,1289.041763,2582.565081,1682.254485,1767.219132,14.62034888,106.4357818,5.249581506,229.6466294,3.236420417,4.247771103,0.753232724,1.07975239,136.141348,2.219841207,21.33757239,21.51352066,21.91383629
2200.9608,1289.107088,2582.695806,1682.288832,1767.248803,14.60893555,103.9725455,5.613321025,229.3271574,3.436594801,4.24803431,0.766997541,1.07739101,135.9946842,2.22050784,21.34100806,21.5153988,21.88555194
2201.1132,1289.171892,2582.82549,1682.323959,1767.278995,14.5983287,106.5118749,5.39498353,229.3067784,3.412322548,4.247013966,0.756053643,1.136836186,135.8275321,2.221628712,21.34675409,21.51727694,21.90949431
2201.2656,1289.236682,2582.955147,1682.359108,1767.309201,14.58774356,110.3813754,5.085158442,229.3621325,3.339083067,4.245872138,0.740830622,1.158829824,135.6582117,2.221722465,21.3532877,21.51915508,21.91019068
2201.418,1289.301712,2583.085281,1682.393898,1767.339167,14.57678818,113.8414723,4.90417298,229.3869303,3.312598823,4.245262538,0.730071308,1.129170712,135.5131172,2.222240886,21.36008695,21.52103322,21.90004206
2201.5704,1289.365814,2583.213562,1682.430079,1767.370061,14.56726963,115.421495,4.945322012,229.3228344,3.360559252,4.245437796,0.728581954,1.100579883,135.380793,2.223097898,21.36382456,21.52291136,21.89745804
2201.7228,1289.429103,2583.340217,1682.467479,1767.401768,14.55901118,115.1031899,5.229137689,229.1666389,3.48651215,4.246444707,0.737116314,1.059175936,135.2603603,2.223511707,21.36701223,21.5247895,21.90635254
2201.8752,1289.492802,2583.467692,1682.504265,1767.433065,14.55011764,115.7615741,5.270130463,229.0992984,3.483188497,4.245906251,0.738153464,1.067103232,135.1452121,2.224110052,21.37034084,21.52666764,21.92931132
2202.0276,1289.556786,2583.595736,1682.540623,1767.464077,14.54078241,117.4538027,5.083145362,229.1217535,3.360423104,4.244338987,0.731399695,1.126481199,135.0356174,2.224719698,21.37727861,21.52854578,21.94759032
2202.18,1289.620497,2583.723234,1682.577391,1767.495362,14.53187029,119.2658051,5.026030072,229.1396935,3.298315145,4.245280516,0.72560336,1.161466743,134.9238656,2.225460584,21.38365778,21.53042392,21.95498805
2202.3324,1289.684155,2583.850627,1682.614238,1767.5267,14.52304044,121.0089858,4.858189223,229.1946001,3.146614892,4.245111311,0.717817726,1.149926856,134.8110341,2.226648489,21.39018903,21.53230206,21.95397843
2202.4848,1289.748082,2583.978558,1682.650681,1767.557769,14.51379291,122.8462454,4.728795441,229.2411106,3.03624785,4.245424824,0.710366822,1.108592534,134.6946805,2.228011583,21.39661333,21.5341802,21.95147798
2202.6372,1289.812275,2584.10702,1682.686725,1767.588572,14.50413353,124.6970533,4.659747679,229.2717813,2.978956244,4.246360519,0.703910743,1.08020733,134.5893722,2.229129152,21.39989194,21.53605834,21.949585
2202.7896,1289.876732,2584.23601,1682.722374,1767.619111,14.4940649,126.9181921,4.483511887,229.3420437,2.864817682,4.2466037,0.694189081,1.09198257,134.4963665,2.230149568,21.40312071,21.53793648,21.96240946
2202.942,1289.941551,2584.365725,1682.757479,1767.649288,14.48343459,129.5731063,4.231884676,229.4425314,2.723496244,4.246517205,0.68161074,1.13355127,134.4149358,2.231151984,21.40619466,21.53981462,21.98145545
2203.0944,1290.006139,2584.494978,1682.792931,1767.679696,14.47316321,132.2141189,4.115934602,229.6164105,2.624438948,4.246475573,0.674844697,1.164301049,134.3390429,2.232016543,21.40896982,21.54169276,22.00079353
2203.2468,1290.07049,2584.623755,1682.828739,1767.710341,14.4632596,134.2175936,4.083379798,229.785768,2.567619272,4.246592212,0.671406604,1.172539934,134.261209,2.232644853,21.41140093,21.5435709,22.00032736
2203.3992,1290.134992,2584.752835,1682.86432,1767.740835,14.45312109,135.6864456,4.038511623,229.8983858,2.543032958,4.247016606,0.666500455,1.174989525,134.1750159,2.233315086,21.41348006,21.54544904,22.00711327
2203.5516,1290.19952,2584.881968,1682.899861,1767.771303,14.44294213,136.1563496,4.002606365,229.9165975,2.570465039,4.247949514,0.660680305,1.177831747,134.098596,2.233892962,21.41537169,21.54732718,21.99708559
2203.704,1290.264047,2585.011097,1682.935405,1767.801772,14.43276537,139.2499021,3.982202919,230.0603264,2.606600484,4.248668396,0.654595963,1.179577189,134.0480682,2.233920278,21.41635186,21.54920532,22.01679222
2203.8564,1290.328607,2585.140294,1682.970899,1767.832208,14.42253733,145.3519055,3.978792193,230.348398,2.653030898,4.249170776,0.648121348,1.183304134,134.0143165,2.233444045,21.41702976,21.55108346,22.02750856
2204.0088,1290.393123,2585.269403,1683.006459,1767.862688,14.41237678,151.7148687,4.005313705,230.6166745,2.73968109,4.24995552,0.641775726,1.188385288,133.9922865,2.233375097,21.41820445,21.5529616,22.02916322
2204.1612,1290.457594,2585.398421,1683.042086,1767.893213,14.40228635,149.3361363,4.066764066,230.5173225,2.715486684,4.250343378,0.643916095,1.18652466,133.9748404,2.234142237,21.41782942,21.55483973,22.01813582
2204.3136,1290.522104,2585.527517,1683.077655,1767.923699,14.39213553,148.4773377,4.101099466,230.4687256,2.713522808,4.250596791,0.643877086,1.16882586,133.9596404,2.235423152,21.41686208,21.55671787,22.021755
2204.466,1290.586641,2585.656667,1683.113184,1767.954158,14.38194327,149.0977127,4.108484539,230.4640658,2.739152863,4.25075359,0.641528352,1.155643429,133.9354334,2.236686094,21.41861916,21.55859601,22.00835182
2204.6184,1290.651159,2585.78578,1683.148741,1767.984636,14.37178027,152.29858,4.125710807,230.5578194,2.80091835,4.250874436,0.637887633,1.174907987,133.9236563,2.237383694,21.42043652,21.56047415,22.03202816
2204.7708,1290.71567,2585.914878,1683.184308,1768.015121,14.36162808,158.1055634,4.139471121,230.7508216,2.896530168,4.250893127,0.632456501,1.197479435,133.9200509,2.237808534,21.42141253,21.56235229,21.99716371
2204.9232,1290.780187,2586.043986,1683.219868,1768.0456,14.3514674,157.055254,4.130131445,230.7622843,2.746586244,4.250978146,0.633618003,1.21020358,133.9656372,2.238591389,21.42291392,21.56423043,22.01682691
2205.0756,1290.844703,2586.173096,1683.255427,1768.07608,14.34130644,154.9592875,4.174017571,230.8055616,2.622286379,4.251052248,0.637618867,1.176079817,134.0066442,2.239803687,21.4245315,21.56610857,22.04374064
2205.228,1290.909219,2586.302203,1683.290987,1768.10656,14.33114667,156.5197014,4.27153087,231.022821,2.658555084,4.250975595,0.640017906,1.136333467,134.0612504,2.241814206,21.42599225,21.56798671,22.05314412
2205.3804,1290.973735,2586.431312,1683.326547,1768.13704,14.32098667,152.6160361,4.340078982,231.1114682,2.471250437,4.250854031,0.647870339,1.192022507,134.0680415,2.24402431,21.42752396,21.56986485,22.02498479
2205.5328,1291.038251,2586.56042,1683.362107,1768.16752,14.31082667,151.6300244,4.427532275,231.2841092,2.420077952,4.250828864,0.652680732,1.23157923,134.0779108,2.245624207,21.42946478,21.57174299,22.00935427
2205.6852,1291.102767,2586.689528,1683.397667,1768.198,14.30066667,154.2289715,4.535323727,231.5597355,2.53127613,4.250892208,0.653739802,1.207305452,134.1031951,2.246733492,21.43027916,21.57362113,22.01374704
2205.8376,1291.167283,2586.818636,1683.433227,1768.22848,14.29050667,154.1071708,4.634498059,231.7736056,2.55776999,4.25099136,0.657268044,1.185373514,134.1443535,2.247620119,21.43082668,21.57549927,22.03647009
2205.99,1291.231799,2586.947744,1683.468787,1768.25896,14.28034667,153.2317153,4.736064595,231.9759591,2.58635853,4.251157402,0.661225286,1.161136679,134.2065012,2.249402163,21.43207772,21.57737741,22.05884407
2206.1424,1291.296315,2587.076853,1683.504347,1768.28944,14.27018667,146.9874667,4.631740881,231.9291372,2.133188781,4.251698329,0.666721366,1.16397004,134.2824693,2.252588272,21.4336325,21.57925555,22.0645252
2206.2948,1291.360831,2587.205961,1683.539907,1768.31992,14.26002667,143.3551849,4.592419108,232.0331275,1.875975106,4.252354299,0.670155962,1.184647264,134.3700687,2.256008059,21.4350733,21.58113369,22.03225985
2206.4472,1291.425347,2587.335069,1683.575467,1768.3504,14.24986667,142.4844802,4.611089385,232.267037,1.823071832,4.253121035,0.671065272,1.181935905,134.4296906,2.258063991,21.43676866,21.58301183,22.01998748
2206.5996,1291.489863,2587.464177,1683.611027,1768.38088,14.23970667,145.481256,4.710433738,232.6827389,2.044490662,4.254010926,0.668626275,1.171048835,134.477561,2.259446266,21.43869686,21.58488997,22.02352746
2206.752,1291.554379,2587.593285,1683.646587,1768.41136,14.22954667,146.5794177,4.687761151,232.7632325,2.04759262,4.254358195,0.666095623,1.15693297,134.5303442,2.260676087,21.44097849,21.58676811,22.0316243
2206.9044,1291.618895,2587.722394,1683.682147,1768.44184,14.21938667,145.6763102,4.527842253,232.4707279,1.80997264,4.25410602,0.663301349,1.139250834,134.5900837,2.261512177,21.4427059,21.58864625,22.03679567
2207.0568,1291.683411,2587.851502,1683.717707,1768.47232,14.20922667,144.4686846,4.519021903,232.3833902,1.704630867,4.253696442,0.666607235,1.128154031,134.6575299,2.263332477,21.44485322,21.59052439,22.00133656
2207.2092,1291.747927,2587.98061,1683.753267,1768.5028,14.19906667,140.2525342,4.725295352,232.5611913,1.66141525,4.253022124,0.682554426,1.128582788,134.701309,2.266342996,21.44749204,21.59240253,21.9549001
2207.3616,1291.812443,2588.109718,1683.788827,1768.53328,14.18890667,136.091427,4.91651842,232.6541696,1.642733435,4.252199176,0.697611949,1.190865877,134.7125463,2.269596222,21.45046188,21.59428067,21.93438872
2207.514,1291.876959,2588.238826,1683.824387,1768.56376,14.17874667,132.3030413,5.101045366,232.679908,1.674705992,4.251243347,0.711519961,1.279843921,134.7281785,2.272223947,21.45371874,21.59615881,21.94763362
2207.6664,1291.941475,2588.367935,1683.859947,1768.59424,14.16858667,128.273606,5.206360493,232.4599903,1.627507422,4.249835639,0.723903175,1.306660364,134.7601192,2.273716663,21.45693409,21.59803695,21.9570467
2207.8188,1292.005991,2588.497043,1683.895507,1768.62472,14.15842667,123.9047614,5.243259036,232.0158596,1.51878034,4.248029966,0.734960327,1.299566187,134.797133,2.274968268,21.46040668,21.59991509,21.98214978
2207.9712,1292.070507,2588.626151,1683.931067,1768.6552,14.14826667,115.8043975,5.540206442,232.1551281,1.355545238,4.246665649,0.761698539,1.284829723,134.830921,2.277128016,21.4641528,21.60179323,21.95075466
2208.1236,1292.135023,2588.755259,1683.966627,1768.68568,14.13810667,112.0615676,5.622795598,231.9350755,1.41702704,4.245400199,0.773110416,1.285871726,134.8609794,2.280276584,21.46814983,21.60367137,21.92298553
2208.276,1292.199539,2588.884367,1684.002187,1768.71616,14.12794667,107.4867925,5.720389034,231.739306,1.473788895,4.244145338,0.786494147,1.324737239,134.8731192,2.284223817,21.47218817,21.60554951,21.89408824
2208.4284,1292.264055,2589.013476,1684.037747,1768.74664,14.11778667,98.93508734,6.036874833,232.0136338,1.444260058,4.243203361,0.814456204,1.376057014,134.8742077,2.286640083,21.47646723,21.60742765,21.91420206
2208.5808,1292.328571,2589.142584,1684.073307,1768.77712,14.10762667,93.99546689,6.115726558,232.0176961,1.490109096,4.242739743,0.82727373,1.390441278,134.852209,2.285931989,21.48083069,21.60930579,21.95325447
2208.7332,1292.393087,2589.271692,1684.108867,1768.8076,14.09746667,93.1853765,5.919389988,231.6950455,1.621665661,4.242791326,0.822608338,1.370992617,134.8272346,2.284299105,21.48524987,21.61118393,22.03643711
2208.8856,1292.457603,2589.4008,1684.144427,1768.83808,14.08730667,91.76840332,5.745061264,231.5933185,1.746960579,4.243479881,0.819252011,1.333647214,134.7959675,2.285017144,21.48971551,21.61306207,22.04742108
2209.038,1292.522119,2589.529908,1684.179987,1768.86856,14.07714667,88.29430945,5.743829326,231.6147534,1.911525544,4.243489341,0.827397944,1.275188207,134.7541529,2.287724035,21.49411229,21.61494021,22.09319916
2209.1904,1292.586635,2589.659017,1684.215547,1768.89904,14.06698667,78.38442293,6.237473421,231.7797348,2.053699524,4.241312673,0.866771487,1.279165034,134.7061159,2.290566877,21.49836666,21.61681835,21.94183237
2209.3428,1292.651151,2589.788125,1684.251107,1768.92952,14.05682667,72.09268075,6.419435432,231.8978753,2.151783075,4.241405694,0.883310061,1.383908428,134.6700102,2.292312015,21.50253275,21.61869649,21.89257817
2209.4952,1292.715667,2589.917233,1684.286667,1768.96,14.04666667,69.91256079,6.292976731,231.8992952,2.274681238,4.24327806,0.878068191,1.540032443,134.6273434,2.292734914,21.5065662,21.62057463,21.90181286
2209.6476,1292.780183,2590.046341,1684.322227,1768.99048,14.03650667,72.64100849,5.790060576,231.753543,2.406562168,4.247381135,0.845922496,1.557338291,134.5690739,2.293324719,21.51051422,21.62245277,21.96954222
2209.8,1292.844699,2590.175449,1684.357787,1769.02096,14.02634667,69.90272729,5.835706858,231.4659308,2.577461011,4.247013544,0.850885012,1.34807091,134.5065539,2.295110824,21.51427019,21.6243309,22.03099111
2209.9524,1292.909215,2590.304558,1684.393347,1769.05144,14.01618667,61.22327589,5.629643026,231.0017873,2.800369944,4.241615536,0.896884002,1.134438526,134.4694928,2.297858699,21.51845844,21.62620904,22.0769174
2210.1048,1292.973731,2590.433666,1684.428907,1769.08192,14.00602667,60.5747534,5.518657415,230.950077,2.886551692,4.243714787,0.88780149,1.09871657,134.405833,2.301249466,21.52318446,21.62808718,22.13496617
2210.2572,1293.038247,2590.562774,1684.464467,1769.1124,13.99586667,60.96607835,5.739298685,230.9438159,2.938500697,4.246642081,0.872879736,1.24710173,134.3378183,2.302633917,21.52792412,21.62996532,22.0437402
2210.4096,1293.102763,2590.691882,1684.500027,1769.14288,13.98570667,61.99566674,5.288439853,230.9370783,2.976821302,4.250055445,0.854365228,1.367036914,134.2445219,2.302791841,21.53258974,21.63184346,22.00413044
2210.562,1293.167279,2590.82099,1684.535587,1769.17336,13.97554667,64.16506508,4.792323454,230.9281912,2.996975228,4.254295847,0.829104195,1.375978233,134.1528439,2.301764607,21.53715234,21.6337216,22.0194583
2210.7144,1293.231795,2590.950099,1684.571147,1769.20384,13.96538667,63.75952836,4.616890357,230.7659417,3.037732248,4.255975158,0.823154477,1.327425217,134.0769097,2.302815283,21.54149963,21.63559974,22.05447438
2210.8668,1293.296311,2591.079207,1684.606707,1769.23432,13.95522667,61.49116188,4.693177112,230.5000021,3.085866876,4.255895818,0.831082698,1.212764934,133.9987756,2.305347113,21.54566847,21.63747788,22.11625177
2211.0192,1293.360827,2591.208315,1684.642267,1769.2648,13.94506667,61.47562045,4.467802731,230.3804965,3.098632982,4.258411506,0.822072408,1.15191956,133.9207457,2.308195622,21.54970934,21.63935602,22.07122484
2211.1716,1293.425343,2591.337423,1684.677827,1769.29528,13.93490667,62.71631154,4.393442675,229.5227827,3.16460602,4.259011578,0.815058895,1.160848877,133.8704415,2.309841366,21.5538324,21.64123416,22.01620749
2211.324,1293.489859,2591.466531,1684.713387,1769.32576,13.92474667,64.56805739,4.197041878,228.8388494,3.193652894,4.261133059,0.801319909,1.165492206,133.831522,2.310095918,21.55704388,21.6431123,22.0030786
2211.4764,1293.554375,2591.59564,1684.748947,1769.35624,13.91458667,67.99244917,3.723353715,228.4441131,3.168933366,4.266084206,0.772727555,1.187696733,133.7974135,2.310207559,21.5607436,21.64499044,22.07691509
2211.6288,1293.618891,2591.724748,1684.784507,1769.38672,13.90442667,69.80860107,3.422267777,227.8627486,3.19124575,4.269336063,0.754453905,1.187839992,133.7704934,2.310910746,21.56409271,21.64686858,22.10871813
2211.7812,1293.683407,2591.853856,1684.820067,1769.4172,13.89426667,69.77907968,3.324316277,227.0697386,3.265916007,4.270640007,0.748052874,1.151416261,133.7440906,2.311717825,21.56733243,21.64874672,22.14078551
2211.9336,1293.747923,2591.982964,1684.855627,1769.44768,13.88410667,70.22889742,3.078065173,226.4026196,3.328441412,4.273348198,0.734387028,1.122723745,133.7324418,2.312118081,21.57133881,21.65062486,22.17621006
2212.086,1293.812439,2592.112072,1684.891187,1769.47816,13.87394667,74.98840108,2.783912958,225.5815948,3.303757181,4.276452622,0.711067582,1.106877875,133.7354544,2.311943432,21.57475169,21.652503,22.14318627
2212.2384,1293.876955,2592.241181,1684.926747,1769.50864,13.86378667,80.27639032,2.60335454,224.6846857,3.241108825,4.278877347,0.692256231,1.153679698,133.754138,2.311511927,21.57741203,21.65438114,22.09224243
2212.3908,1293.941471,2592.370289,1684.962307,1769.53912,13.85362667,82.49548635,2.513017892,223.8808157,3.215449416,4.280866354,0.68329628,1.208085918,133.7702786,2.311552913,21.57987823,21.65625928,22.08110727
2212.5432,1294.005987,2592.499397,1684.997867,1769.5696,13.84346667,82.35849371,2.508251307,223.0716526,3.233518286,4.282197456,0.682419212,1.199810677,133.8008521,2.311999311,21.58221866,21.65813742,22.03969733
2212.6956,1294.070503,2592.628505,1685.033427,1769.60008,13.83330667,79.09871669,2.625201826,222.2736171,3.303760897,4.282638512,0.692690524,1.205979564,133.8042938,2.312104741,21.5839461,21.66001556,22.04721081
2212.848,1294.135019,2592.757613,1685.068987,1769.63056,13.82314667,81.31224542,2.586914773,221.7042121,3.260119283,4.283308414,0.685754863,1.210432784,133.8059896,2.31178903,21.58770427,21.6618937,22.06034123
2213.0004,1294.199535,2592.886722,1685.104547,1769.66104,13.81298667,89.60602053,2.383917629,221.3680472,3.092732172,4.28413478,0.660017969,1.203287187,133.7990204,2.310498225,21.59013286,21.66377184,22.06369548
2213.1528,1294.264051,2593.01583,1685.140107,1769.69152,13.80282667,84.88015031,2.485051585,220.7203271,3.113276803,4.282828363,0.673817714,1.211662535,133.8656315,2.308326496,21.59062603,21.66564998,22.08197721
2213.3052,1294.328567,2593.144938,1685.175667,1769.722,13.79266667,83.71938099,2.521419354,220.2729181,3.054259667,4.281094006,0.677940689,1.20804361,133.9608981,2.30598062,21.58937805,21.66752812,22.05960796
2213.4576,1294.393083,2593.274046,1685.211227,1769.75248,13.78250667,81.25837239,2.548887703,219.8520418,3.016954367,4.279614939,0.684250737,1.208726986,134.0705317,2.304093382,21.58703112,21.66940626,22.02458469
2213.61,1294.457599,2593.403154,1685.246787,1769.78296,13.77234667,76.96122883,2.582222833,219.4466756,3.011380376,4.278346689,0.694424386,1.23899372,134.1922223,2.30270299,21.58264814,21.6712844,22.0436047
2213.7624,1294.522115,2593.532263,1685.282347,1769.81344,13.76218667,75.11460221,2.542657554,219.1901891,2.951405543,4.277059313,0.696786972,1.277216556,134.2957561,2.300431901,21.57805575,21.67316254,22.12817127
2213.9148,1294.586631,2593.661371,1685.317907,1769.84392,13.75202667,74.59176452,2.443204395,219.0438076,2.860325171,4.275904087,0.694096553,1.261412523,134.3883147,2.296453466,21.57312183,21.67504068,22.09496964
2214.0672,1294.651147,2593.790479,1685.353467,1769.8744,13.74186667,73.6050858,2.366687003,219.1842361,2.754547286,4.274519312,0.693041856,1.235760122,134.452281,2.291510064,21.57117419,21.67691882,22.07636106
2214.2196,1294.715663,2593.919587,1685.389027,1769.90488,13.73170667,72.93341202,2.296535512,219.8328944,2.59662244,4.272942852,0.69138729,1.193736146,134.551194,2.287605679,21.56848629,21.67879696,21.98386354
2214.372,1294.780179,2594.048695,1685.424587,1769.93536,13.72154667,70.55843775,2.254364858,219.9652071,2.534538153,4.271206692,0.694118729,1.132656948,134.6768921,2.284391889,21.56509533,21.6806751,21.98780532
2214.5244,1294.844695,2594.177804,1685.460147,1769.96584,13.71138667,65.37901303,2.277161322,219.3036717,2.620582928,4.269139329,0.704861291,1.166833073,134.8229959,2.281528974,21.55814956,21.68255324,22.02769236
2214.6768,1294.909211,2594.306912,1685.495707,1769.99632,13.70122667,62.58602158,2.311429009,219.3467204,2.57443498,4.268497697,0.711594472,1.195322559,134.9571675,2.279245383,21.55194332,21.68443138,22.02779683
2214.8292,1294.973727,2594.43602,1685.531267,1770.0268,13.69106667,62.44395408,2.354971208,220.205412,2.377080088,4.269491,0.713743776,1.182583188,135.0691555,2.276173976,21.54645486,21.68630952,21.98009859
2214.9816,1295.038243,2594.565128,1685.566827,1770.05728,13.68090667,61.46433534,2.466301181,220.9066872,2.210666281,4.271157066,0.720336965,1.180854562,135.1994412,2.27186143,21.54038011,21.68818766,21.95857455
2215.134,1295.102759,2594.694236,1685.602387,1770.08776,13.67074667,56.74515121,2.368872107,221.0176261,2.208074904,4.268239518,0.7264898,1.140696699,135.3567298,2.26695235,21.53440725,21.6900658,21.96008899
2215.2864,1295.167275,2594.823345,1685.637947,1770.11824,13.66058667,53.02579836,2.290943136,221.0510231,2.204830789,4.266020363,0.731559904,1.110900827,135.5225183,2.262209846,21.5285591,21.69194393,21.97216791
2215.4388,1295.231791,2594.952453,1685.673507,1770.14872,13.65042667,50.70935114,2.280462726,221.0422434,2.185497168,4.265350715,0.736613236,1.113354559,135.6532769,2.258557909,21.52364907,21.69382207,21.9906741
2215.5912,1295.296307,2595.081561,1685.709067,1770.1792,13.64026667,50.1599339,2.336865798,221.3830107,2.089845272,4.266565597,0.74105728,1.104218404,135.7731272,2.255267153,21.51914639,21.69570021,21.98272282
2215.7436,1295.360823,2595.210669,1685.744627,1770.20968,13.63010667,51.71637296,2.465233766,222.0371622,1.918058376,4.269844289,0.74440867,1.086861841,135.8786421,2.251255259,21.5147008,21.69757835,21.93761554
2215.896,1295.425339,2595.339777,1685.780187,1770.24016,13.61994667,49.08049304,2.361367377,222.5967802,1.799519395,4.268209422,0.74746193,1.072529398,135.9726446,2.246081263,21.51033099,21.69945649,21.90626503
2216.0484,1295.489855,2595.468886,1685.815747,1770.27064,13.60978667,44.9510016,2.19080724,222.9121714,1.742774086,4.264917065,0.750859468,1.054727555,136.0693016,2.239568559,21.50606281,21.70133463,21.89043268
2216.2008,1295.554371,2595.597994,1685.851307,1770.30112,13.59962667,46.19313637,2.325933929,222.9513442,1.694558293,4.267827888,0.754848367,1.035395003,136.1611725,2.234010149,21.50199849,21.70321277,21.87688708
2216.3532,1295.618887,2595.727102,1685.886867,1770.3316,13.58946667,44.6211002,2.265016204,223.0587585,1.658047661,4.266945983,0.757274721,1.020813096,136.2529045,2.231695993,21.49791442,21.70509091,21.88372807
2216.5056,1295.683403,2595.85621,1685.922427,1770.36208,13.57930667,44.56251003,2.307534561,223.0705191,1.631254555,4.267918673,0.760168172,1.01583094,136.3571856,2.231282573,21.49407268,21.70696905,21.86900799
2216.658,1295.747919,2595.985318,1685.957987,1770.39256,13.56914667,46.46713412,2.476233747,222.9844283,1.611056133,4.271218188,0.763437694,1.015114484,136.4576673,2.229625491,21.49045923,21.70884719,21.84510802
2216.8104,1295.812435,2596.114427,1685.993547,1770.42304,13.55898667,46.87642936,2.549205114,222.8304639,1.620229106,4.272454796,0.765868086,1.015594199,136.548602,2.226251398,21.48714518,21.71072533,21.84053882
2216.9628,1295.876951,2596.243535,1686.029107,1770.45352,13.54882667,46.83163786,2.596710496,222.5611561,1.660058746,4.272944729,0.767848744,1.026885256,136.6317083,2.222558453,21.48407498,21.71260347,21.85392779
2217.1152,1295.941467,2596.372643,1686.064667,1770.484,13.53866667,44.02403294,2.540735751,222.5372464,1.656966132,4.271674361,0.774228378,1.030016114,136.703674,2.220503366,21.48127713,21.71448161,21.85596228
2217.2676,1296.005983,2596.501751,1686.100227,1770.51448,13.52850667,43.15220133,2.53178746,222.5973922,1.651246545,4.271224438,0.77720577,1.024563661,136.7767768,2.220792006,21.47903221,21.71635975,21.86238146
2217.42,1296.070499,2596.630859,1686.135787,1770.54496,13.51834667,45.10049167,2.626242047,222.5559479,1.673797315,4.272458762,0.776285626,1.021791055,136.8481812,2.221825536,21.4769131,21.71823789,21.87784164
2217.5724,1296.135015,2596.759968,1686.171347,1770.57544,13.50818667,51.09855976,2.865123402,222.4328237,1.722915085,4.276155016,0.769800451,1.010188588,136.9103346,2.22151919,21.47519369,21.72011603,21.86919805
2217.7248,1296.199531,2596.889076,1686.206907,1770.60592,13.49802667,53.06176671,2.986479499,222.3645202,1.73458798,4.278425946,0.770865501,1.00710382,136.9296865,2.219471689,21.47271201,21.72199417,21.8702936
2217.8772,1296.264047,2597.018184,1686.242467,1770.6364,13.48786667,50.49721788,2.98143195,222.3449669,1.705398972,4.279185087,0.780658673,1.015830497,136.9437852,2.216888722,21.47071839,21.72387231,21.84519587
2218.0296,1296.328563,2597.147292,1686.278027,1770.66688,13.47770667,49.95202029,3.015633349,222.3164457,1.69389037,4.280809797,0.786243047,1.018548802,136.9614547,2.216890463,21.46931126,21.72575045,21.84047338
2218.182,1296.393079,2597.2764,1686.313587,1770.69736,13.46754667,54.26680485,3.029418814,222.30879,1.770473844,4.281718726,0.774787198,1.01403093,136.9987066,2.218904798,21.46964627,21.72762859,21.82254644
2218.3344,1296.457595,2597.405509,1686.349147,1770.72784,13.45738667,57.93048832,3.018716454,222.2897344,1.847243789,4.282322061,0.764221767,0.999527023,137.0222175,2.22299656,21.46983918,21.72950673,21.87463361
2218.4868,1296.522111,2597.534617,1686.384707,1770.75832,13.44722667,61.28700099,2.995174441,222.2564899,1.925887737,4.282814157,0.754040871,0.979387301,137.021919,2.225503585,21.47056706,21.73138487,21.88730024
2218.6392,1296.586627,2597.663725,1686.420267,1770.7888,13.43706667,62.30210217,2.914268775,222.2489132,1.978279288,4.282860472,0.749005227,0.969209908,137.0112158,2.226253114,21.47188733,21.73326301,21.89298654
2218.7916,1296.651143,2597.792833,1686.455827,1770.81928,13.42690667,61.1067454,2.774172156,222.2618305,2.009301659,4.282338332,0.748477118,0.977736905,137.0106947,2.225992503,21.47314214,21.73514115,21.8883553
2218.944,1296.715659,2597.921941,1686.491387,1770.84976,13.41674667,61.40464895,2.71020445,222.1834137,2.070400015,4.281639331,0.745350989,0.985864496,137.0029861,2.225978481,21.47484693,21.73701929,21.88700345
2219.0964,1296.780175,2598.05105,1686.526947,1770.88024,13.40658667,63.09646653,2.723288515,222.2030623,2.135615494,4.281323633,0.741483774,0.982959723,136.9880942,2.226794661,21.47784916,21.73889743,21.88323948
2219.2488,1296.844691,2598.180158,1686.562507,1770.91072,13.39642667,64.37903492,2.744017591,222.2914209,2.193825209,4.280774889,0.73935662,0.974934787,136.9696824,2.228328248,21.48124141,21.74077557,21.88074481
2219.4012,1296.909207,2598.309266,1686.598067,1770.9412,13.38626667,66.05588026,2.8036789,222.3082131,2.272801672,4.279605679,0.736443903,0.962364562,136.9434231,2.230249121,21.48462095,21.74265371,21.88619592
2219.5536,1296.973723,2598.438374,1686.633627,1770.97168,13.37610667,67.78483057,2.869970895,222.4095026,2.330353041,4.278956703,0.734278655,0.953245138,136.909433,2.232149181,21.48866249,21.74453185,21.89868247
2219.706,1297.038239,2598.567482,1686.669187,1771.00216,13.36594667,69.47816127,2.93797038,222.6095123,2.363093228,4.278849072,0.733020572,0.948945848,136.883203,2.233571507,21.49220279,21.74640999,21.91239074
2219.8584,1297.102755,2598.696591,1686.704747,1771.03264,13.35578667,71.94020225,3.048874463,222.8096463,2.401985089,4.278686591,0.73064451,0.943591934,136.860758,2.23461252,21.49554827,21.74828813,21.91718632
2220.0108,1297.167271,2598.825699,1686.740307,1771.06312,13.34562667,74.82493463,3.18568679,222.9963798,2.442740599,4.278718778,0.72784469,0.936101876,136.8332102,2.235492797,21.49934095,21.75016627,21.90687009
2220.1632,1297.231787,2598.954807,1686.775867,1771.0936,13.33546667,73.86895618,3.229778739,222.7394184,2.510424004,4.278489022,0.732095769,0.937064916,136.8128811,2.236052329,21.50291752,21.75204441,21.90130623
2220.3156,1297.296303,2599.083915,1686.811427,1771.12408,13.32530667,73.43005299,3.331808163,222.7658476,2.528258003,4.278248674,0.737230512,0.944003304,136.7822694,2.236204163,21.50631455,21.75392255,21.9004372
2220.468,1297.360819,2599.213023,1686.846987,1771.15456,13.31514667,73.7578241,3.483885657,223.0060688,2.509229113,4.278318235,0.742342812,0.948590438,136.7676167,2.236168515,21.50991994,21.75580069,21.89966414
2220.6204,1297.425335,2599.342132,1686.882547,1771.18504,13.30498667,74.86169752,3.69349705,223.5284672,2.440801942,4.278670257,0.74778113,0.954354788,136.7594458,2.235922211,21.51050794,21.75767883,21.90850228
2220.7728,1297.489851,2599.47124,1686.918107,1771.21552,13.29482667,74.85703282,3.679689233,223.5681099,2.454026228,4.279104564,0.747775224,0.951171337,136.7527907,2.235531627,21.51082218,21.75955697,21.92131074
2220.9252,1297.554367,2599.600348,1686.953667,1771.246,13.28466667,73.63294517,3.416014529,223.0666026,2.558807996,4.279673406,0.741665396,0.940038482,136.7340976,2.235008825,21.51150953,21.7614351,21.92602194
2221.0776,1297.618883,2599.729456,1686.989227,1771.27648,13.27450667,72.08513041,3.430910585,222.9964392,2.555235329,4.280245298,0.747432022,0.934456583,136.7166976,2.234434994,21.51191538,21.76331324,21.92981589
2221.23,1297.683399,2599.858564,1687.024787,1771.30696,13.26434667,69.72252088,3.63121973,223.1373054,2.482091701,4.280811411,0.762852948,0.940038396,136.7003099,2.233848358,21.51317771,21.76519138,21.92154873
2221.3824,1297.747915,2599.987673,1687.060347,1771.33744,13.25418667,67.69099123,3.79551771,223.2741334,2.41295824,4.281402748,0.775784226,0.964642735,136.6759392,2.233182814,21.51712038,21.76706952,21.92270924
2221.5348,1297.812431,2600.116781,1687.095907,1771.36792,13.24402667,66.0847599,3.932572374,223.4420388,2.342118508,4.282020422,0.786303038,0.989123404,136.6448923,2.232480715,21.52204206,21.76894766,21.93204565
2221.6872,1297.876947,2600.245889,1687.131467,1771.3984,13.23386667,63.94752784,3.895594657,223.3173334,2.322383805,4.28275917,0.791676227,0.986557311,136.612443,2.231855685,21.52695069,21.7708258,21.93297632
2221.8396,1297.941463,2600.374997,1687.167027,1771.42888,13.22370667,61.51679388,3.713668094,222.96411,2.344101366,4.283574293,0.792253824,0.975349066,136.5925516,2.231394753,21.52742271,21.77270394,21.93839251
2221.992,1298.005979,2600.504105,1687.202587,1771.45936,13.21354667,59.85768695,3.99168232,223.065191,2.309816613,4.283386955,0.808709358,0.970332657,136.5789299,2.230879042,21.52752413,21.77458208,21.93624008
2222.1444,1298.070495,2600.633214,1687.238147,1771.48984,13.20338667,58.07032277,3.756881252,222.9161593,2.299131361,4.284108862,0.805062674,0.975132061,136.5659548,2.230248019,21.52715383,21.77646022,21.92389452
2222.2968,1298.135011,2600.762322,1687.273707,1771.52032,13.19322667,56.64301907,3.695526657,222.9140525,2.27682599,4.284297209,0.8071447,0.98597279,136.5435629,2.229320782,21.52965174,21.77833836,21.92222628
2222.4492,1298.199527,2600.89143,1687.309267,1771.5508,13.18306667,55.88827882,4.028827,223.2742078,2.214287396,4.283520447,0.822755697,0.987186917,136.5218673,2.228209125,21.53270149,21.7802165,21.93137831
2222.6016,1298.264043,2601.020538,1687.344827,1771.58128,13.17290667,55.06532322,4.073782656,223.5042555,2.165361,4.283374915,0.826938725,0.99362331,136.5065651,2.22717044,21.5369469,21.78209464,21.9391347
2222.754,1298.328559,2601.149646,1687.380387,1771.61176,13.16274667,54.15093025,3.780677118,223.5743256,2.133251099,4.283968667,0.817754975,1.006330521,136.4907852,2.226168812,21.54137696,21.78397278,21.94171743
2222.9064,1298.393075,2601.278755,1687.415947,1771.64224,13.15258667,53.74018072,3.626511389,223.8777372,2.070816342,4.284236243,0.812330959,1.012713687,136.4817394,2.225201566,21.54547286,21.78585092,21.93653834
2223.0588,1298.457591,2601.407863,1687.451507,1771.67272,13.14242667,54.09685041,3.624286331,224.3077791,2.015262173,4.283916251,0.811460203,1.018136802,136.4761986,2.224280937,21.54925737,21.78772906,21.9358161
2223.2112,1298.522107,2601.536971,1687.487067,1771.7032,13.13226667,55.38242797,3.773809665,224.8173776,1.99140998,4.282706545,0.81482574,1.019005884,136.4861871,2.223378885,21.55221557,21.7896072,21.94068218
2223.3636,1298.586623,2601.666079,1687.522627,1771.73368,13.12210667,57.01494459,3.821947757,225.4498709,1.95164726,4.281570693,0.812272391,1.01735625,136.4975411,2.222501197,21.55444474,21.79148534,21.9438299
2223.516,1298.651139,2601.795187,1687.558187,1771.76416,13.11194667,58.94345067,3.688971622,226.1552376,1.898126356,4.280781016,0.800954732,1.022213249,136.5132392,2.221636721,21.55627632,21.79336348,21.95939322
2223.6684,1298.715655,2601.924296,1687.593747,1771.79464,13.10178667,61.17461656,3.34557454,226.9349222,1.830838839,4.280368254,0.779521888,1.031430919,136.5357343,2.221009506,21.55779264,21.79524162,21.95888636
2223.8208,1298.780171,2602.053404,1687.629307,1771.82512,13.09162667,61.64237409,3.130252635,227.2869745,1.79934957,4.280492652,0.770103517,1.036535945,136.5507906,2.220360828,21.55922582,21.79711976,21.95754593
2223.9732,1298.844687,2602.182512,1687.664867,1771.8556,13.08146666,60.12692941,3.040023131,227.1485027,1.809089886,4.28126165,0.773444815,1.035289967,136.582827,2.219455292,21.55996738,21.7989979,21.9522535
2224.1256,1298.909203,2602.31162,1687.700427,1771.88608,13.07130665,62.46882161,2.877234382,227.887241,1.792506183,4.280149295,0.758948208,1.031118004,136.6223826,2.218528165,21.56057154,21.80087604,21.95408466
2224.278,1298.973719,2602.440728,1687.735987,1771.91656,13.06114664,64.24027751,2.713520381,228.4617006,1.79842665,4.279237827,0.746463736,1.027001173,136.673592,2.217651479,21.56120955,21.80275418,21.9677872
2224.4304,1299.038235,2602.569837,1687.771547,1771.94704,13.05098645,66.23656479,2.574079217,229.1254499,1.790473382,4.27822991,0.733910409,1.023474328,136.7312949,2.217068235,21.56122416,21.80463232,21.96655176
2224.5828,1299.102751,2602.698945,1687.807107,1771.97752,13.04082609,68.56665466,2.446734764,229.9062958,1.765760483,4.277101386,0.720334092,1.019007192,136.802486,2.216766491,21.55830538,21.80651046,21.96487845
2224.7352,1299.167267,2602.828053,1687.842668,1772.008,13.03066561,69.78167932,2.373073904,230.4209227,1.759869928,4.276381002,0.713057248,1.009632421,136.8766421,2.216501477,21.55512673,21.8083886,21.95433717
2224.8876,1299.231782,2602.95716,1687.878228,1772.038481,13.02050498,70.28128806,2.36080196,230.7776285,1.762664059,4.275880346,0.710844238,0.99168743,136.9415407,2.215707387,21.55171578,21.81026674,21.95038803
2225.04,1299.296299,2603.086269,1687.913787,1772.06896,13.01034648,71.20412999,2.317113825,231.183151,1.759048278,4.275018244,0.705276196,0.977965568,137.00032,2.214242374,21.54937653,21.81214488,21.9449806
2225.1924,1299.360816,2603.215381,1687.949345,1772.099439,13.00019036,71.01869809,2.1796836,231.4776393,1.715421836,4.275481814,0.699729773,0.971911443,137.0719665,2.212488564,21.54605681,21.81402302,21.944471
2225.3448,1299.425334,2603.344492,1687.984901,1772.129917,12.99003549,71.48938452,2.097941244,231.8267235,1.681307557,4.275055003,0.69355169,0.963097405,137.1477551,2.211453949,21.54127101,21.81590116,21.93463425
2225.4972,1299.489852,2603.473605,1688.020456,1772.160395,12.97988253,73.14693866,2.066974078,232.3012085,1.659598983,4.273276304,0.684419271,0.949510337,137.2261077,2.211627422,21.53725277,21.8177793,21.92894775
2225.6496,1299.554367,2603.60271,1688.05602,1772.190876,12.96971732,74.82718742,2.00710721,232.8868996,1.601711366,4.272478504,0.67566013,0.930088465,137.3254157,2.211910404,21.53333736,21.81965744,21.91235547
2225.802,1299.618876,2603.731805,1688.091592,1772.221363,12.95953849,76.52823859,1.918196753,233.6054148,1.501720629,4.272799598,0.667477655,0.908682185,137.4082136,2.211665186,21.52999351,21.82153558,21.89890059
2225.9544,1299.683384,2603.860897,1688.127169,1772.251851,12.94935327,79.31224799,1.838963294,234.5329955,1.385117281,4.272683485,0.65630444,0.896315176,137.4759461,2.210939268,21.52570248,21.82341372,21.88894589
2226.1068,1299.747888,2603.989981,1688.162753,1772.282343,12.93915769,79.35385559,1.750716785,234.407491,1.397199245,4.272575563,0.651474221,0.894223684,137.5520885,2.21006264,21.52249723,21.82529186,21.88568191
2226.2592,1299.812409,2604.1191,1688.198303,1772.312818,12.9290133,78.9678092,1.705801952,233.9842271,1.442424988,4.272406374,0.649986556,0.890121062,137.6227851,2.209244701,21.51964981,21.82717,21.87754397
2226.4116,1299.876949,2604.248256,1688.233814,1772.343274,12.91892612,79.91595129,1.709810788,233.8460484,1.450995096,4.272092501,0.647646404,0.879927837,137.6970782,2.208637845,21.51708163,21.82904814,21.86230759
2226.564,1299.941498,2604.377429,1688.269309,1772.373721,12.90886361,82.01634068,1.722377636,234.0200928,1.411042122,4.272131901,0.643704577,0.87059956,137.7740142,2.208206389,21.51550439,21.83092627,21.84315658
2226.7164,1300.00606,2604.506631,1688.304776,1772.404155,12.89884295,85.42758858,1.756372174,234.5362523,1.318580869,4.272490967,0.638416993,0.868312187,137.8418117,2.207823442,21.51428782,21.83280441,21.8435415
2226.8688,1300.070473,2604.635532,1688.340544,1772.434738,12.88837167,85.57526657,1.710601009,234.3237957,1.358477417,4.273078268,0.637188311,0.866354721,137.9035103,2.207566333,21.51259675,21.83468255,21.83344595
2227.0212,1300.134718,2604.764099,1688.376645,1772.465489,12.87740003,83.05099218,1.613313318,233.4896175,1.503692846,4.273787084,0.639832307,0.86262616,137.9542332,2.207337505,21.51145007,21.83656069,21.83915653
2227.1736,1300.198879,2604.892497,1688.412915,1772.496324,12.86617436,85.44566415,1.741857743,233.5687308,1.451747963,4.273567643,0.640514251,0.861709009,137.9984509,2.206972495,21.51124622,21.83843883,21.84207942
2227.326,1300.262908,2605.020632,1688.449449,1772.527291,12.85455417,85.21060953,1.80385002,233.0893636,1.502340849,4.273769943,0.644849426,0.862638084,138.0396055,2.20660272,21.51120491,21.84031697,21.82772805
2227.4784,1300.327026,2605.148945,1688.485805,1772.558169,12.84319913,86.12282452,1.895046657,232.8648798,1.510919729,4.273668019,0.647366599,0.871221391,138.0732328,2.206243808,21.51184582,21.84219511,21.82849485
2227.6308,1300.39125,2605.277469,1688.521949,1772.588941,12.8321639,88.47811441,2.023651855,232.9621939,1.465512078,4.273227761,0.647726488,0.883676897,138.0880411,2.205904992,21.51321385,21.84407325,21.815832
2227.7832,1300.455433,2605.405912,1688.558175,1772.619754,12.82100525,89.30352982,2.116130326,232.7302326,1.479863818,4.272858538,0.649998955,0.89197831,138.0974494,2.205658042,21.51488226,21.84595139,21.81377139
2227.9356,1300.51963,2605.534382,1688.594373,1772.650553,12.80988746,89.46334834,2.195095067,232.3550989,1.520562916,4.272380979,0.652944654,0.9006157,138.1032875,2.205548089,21.51693652,21.84782953,21.81251025
2228.088,1300.584021,2605.66324,1688.630183,1772.681158,12.79935275,90.01209586,2.275760452,231.8730206,1.63496304,4.272118895,0.655930205,0.911434192,138.108205,2.205391175,21.51887842,21.84970767,21.83169719
2228.2404,1300.648616,2605.792506,1688.665586,1772.711559,12.78942872,90.77269248,2.35232289,231.4101141,1.759239738,4.271920724,0.658494073,0.924002305,138.0935274,2.205322535,21.52138485,21.85158581,21.85481547
2228.3928,1300.713374,2605.9221,1688.70066,1772.741796,12.7799972,91.90576162,2.434661613,231.2223328,1.789168932,4.271342094,0.65944558,0.940113346,138.0761101,2.205297972,21.52441846,21.85346395,21.88850351
2228.5452,1300.778352,2606.05213,1688.735297,1772.771815,12.77122155,93.66864252,2.525794941,231.4543783,1.677925915,4.270305784,0.658048715,0.954897053,138.0538239,2.205297384,21.52849461,21.85534209,21.8977367
2228.6976,1300.843483,2606.182467,1688.769627,1772.80168,12.76290587,96.18003146,2.620744765,231.3906629,1.699239615,4.269674927,0.656725689,0.974520126,138.0295028,2.20547278,21.53317751,21.85722023,21.87961641
2228.85,1300.90878,2606.313138,1688.803624,1772.831378,12.75509127,99.61094764,2.723226613,231.0027249,1.869932637,4.269477593,0.655429681,0.994647435,138.0032654,2.205771327,21.53826878,21.85909837,21.86106021
2229.0024,1300.974334,2606.444321,1688.837109,1772.860821,12.74804412,104.0659295,2.836911159,230.7736025,2.011879433,4.269202703,0.652339469,1.008259817,137.9734476,2.206037405,21.54365266,21.86097651,21.8672684
2229.1548,1301.040144,2606.576017,1688.870079,1772.890006,12.74176778,103.22964,2.815683666,230.8372543,1.969265021,4.26846301,0.652012917,1.024194576,137.9387971,2.206361487,21.54891887,21.86285465,21.89321024
2229.3072,1301.10638,2606.708562,1688.9022,1772.918767,12.73676667,102.8760677,2.780647364,230.8172358,1.956396964,4.267817769,0.650515126,1.039712741,137.9043956,2.206823569,21.55406066,21.86473279,21.94633563
2229.4596,1301.173084,2606.842045,1688.933384,1772.947058,12.73317129,103.0822341,2.731550129,230.7466664,1.961705382,4.267239158,0.647583509,1.055252066,137.8674656,2.207251348,21.55918831,21.86661093,21.96796291
2229.612,1301.240195,2606.976339,1688.963755,1772.974944,12.73079481,104.4759623,2.685138384,230.5392663,2.044797255,4.266912678,0.6433049,1.070307914,137.8430818,2.207550645,21.5654913,21.86848907,21.97227795
2229.7644,1301.307777,2607.111578,1688.993182,1773.002357,12.72983421,106.9456812,2.634948042,230.1761658,2.2050479,4.266839461,0.637632452,1.078554763,137.8265438,2.207687988,21.57193778,21.87036721,21.96372088
2229.9168,1301.373926,2607.24395,1689.025476,1773.031204,12.72457347,106.1036981,2.611896539,229.9175093,2.280148227,4.26659482,0.638715093,1.082155553,137.8216074,2.207781927,21.5785336,21.87224535,21.97043971
2230.0692,1301.440774,2607.377721,1689.056371,1773.059352,12.72141011,104.8185038,2.550969288,229.7566135,2.316638819,4.266255683,0.638519584,1.085776059,137.8204062,2.207923096,21.5852795,21.87412349,21.98760668
2230.2216,1301.509753,2607.51575,1689.083005,1773.085369,12.72463854,105.7644462,2.41864961,229.5444474,2.405467959,4.266056688,0.631354816,1.088271446,137.8253931,2.208107999,21.59189162,21.87600163,22.00894802
2230.374,1301.577557,2607.651431,1689.111989,1773.112561,12.72434308,103.8696776,2.306897973,229.3340232,2.451932032,4.26582258,0.630224746,1.088582334,137.8278531,2.208241172,21.59628598,21.87787977,22.02178911
2230.5264,1301.646086,2607.78856,1689.139524,1773.139029,12.72621992,103.7906475,2.187225918,229.1546011,2.509737495,4.265594155,0.625438269,1.090702803,137.8440753,2.208382335,21.60029764,21.87975791,22.0222265
2230.6788,1301.715493,2607.927446,1689.165302,1773.164617,12.73073383,105.8644029,2.056410976,228.9972816,2.585704783,4.265385405,0.616283936,1.090047021,137.8669134,2.208496067,21.60395411,21.88163605,22.02198433
2230.8312,1301.784388,2608.065309,1689.192103,1773.190718,12.73371186,106.7456899,1.935798742,228.8866565,2.622996909,4.265104731,0.609582273,1.081536451,137.9000207,2.20846986,21.60725826,21.88351419,22.02040302
2230.9836,1301.853225,2608.203055,1689.219021,1773.216877,12.73651527,107.5335301,1.818153732,228.8308343,2.632996045,4.264757903,0.603017226,1.068778594,137.9452784,2.20813582,21.61016423,21.88539233,22.01991607
2231.136,1301.922356,2608.341388,1689.245351,1773.242742,12.74019987,106.0587918,1.711450956,228.8595669,2.607332028,4.26488776,0.602717024,1.057972812,138.0005946,2.207594562,21.61270257,21.88727047,22.02295615
2231.2884,1301.991692,2608.480132,1689.27127,1773.268402,12.74450058,106.4773383,1.618228889,228.8534369,2.605998229,4.264994,0.599586472,1.05050153,138.0662008,2.206914924,21.61481504,21.88914861,22.02621074
2231.4408,1302.06142,2608.619659,1689.296406,1773.29367,12.74997692,108.9985295,1.528905368,228.8567396,2.614463246,4.265007902,0.592577112,1.042889598,138.1157056,2.206268687,21.61641499,21.89102675,22.02313367
2231.5932,1302.131629,2608.760146,1689.320581,1773.318457,12.75689433,114.3455482,1.445847896,228.846372,2.647000102,4.26491659,0.580450037,1.030968517,138.1771205,2.2056753,21.61714804,21.89290489,22.00607851
2231.7456,1302.201608,2608.900175,1689.345215,1773.343474,12.76312369,117.1181851,1.334515821,228.8611639,2.651986329,4.264931406,0.572217945,1.017962438,138.2471589,2.205059848,21.6173361,21.89478303,21.99371442
2231.898,1302.271383,2609.039797,1689.370256,1773.368694,12.76874213,117.0692898,1.190130804,228.9089835,2.625633576,4.265064875,0.568167354,1.004637,138.32874,2.204305052,21.61600825,21.89666117,21.99387212
2232.0504,1302.341398,2609.179897,1689.39482,1773.393676,12.77507645,118.6397484,1.081065465,228.9034968,2.622942031,4.26519901,0.56252299,0.990302919,138.4194099,2.203432291,21.61351818,21.8985393,21.98420772
2232.2028,1302.411515,2609.320202,1689.419176,1773.418555,12.78172169,121.7211457,1.048456628,228.8037309,2.650470688,4.26538755,0.557141351,0.980792954,138.5096873,2.202478155,21.61037974,21.90041744,21.97612934
2232.3552,1302.481464,2609.46017,1689.443871,1773.443602,12.78786005,124.489742,1.017330033,228.7238566,2.663294143,4.265528465,0.552305115,0.96940854,138.595463,2.2016487,21.6093358,21.90229558,21.96530761
2232.5076,1302.551264,2609.599842,1689.468862,1773.468798,12.79355242,127.1771229,0.989325731,228.6614617,2.663754363,4.265609356,0.547626374,0.958811271,138.6773787,2.200880866,21.60824675,21.90417372,21.95910538
2232.66,1302.620956,2609.739296,1689.494071,1773.494102,12.79892004,128.4997492,0.941512901,228.6193986,2.645997991,4.265724956,0.544786673,0.953406424,138.7677815,2.200202249,21.60588403,21.90605186,21.94990381
2232.8124,1302.690473,2609.878401,1689.51963,1773.519581,12.80376189,128.5393699,0.879572392,228.6004908,2.608006949,4.265851771,0.543797572,0.942905953,138.8675226,2.199644383,21.60170088,21.90793,21.95173879
2232.9648,1302.760077,2610.017682,1689.545012,1773.544973,12.80886811,128.0932746,0.84798672,228.4254664,2.649080552,4.265920803,0.543460913,0.92969865,138.9736607,2.199198086,21.59811296,21.90980814,21.93986032
2233.1172,1302.829772,2610.15714,1689.570216,1773.570274,12.81424221,129.4251115,0.848212457,228.429773,2.627323336,4.265937577,0.541887388,0.917559589,139.074789,2.198845423,21.5960373,21.91168628,21.92007068
2233.2696,1302.899365,2610.296398,1689.595621,1773.595677,12.81931412,130.3800941,0.863022283,228.4543711,2.598187562,4.26591854,0.541371801,0.906188432,139.161906,2.198664319,21.59499075,21.91356442,21.89451393
2233.422,1302.968909,2610.435559,1689.621124,1773.621129,12.82423973,130.2706721,0.904222835,228.3432015,2.633580727,4.265848086,0.542515442,0.901201978,139.2236229,2.198511175,21.59476246,21.91544256,21.89184661
2233.5744,1303.038484,2610.574779,1689.646567,1773.64655,12.82925566,131.3357101,0.939500821,228.3785377,2.616027755,4.265829104,0.542318718,0.899947922,139.2826909,2.198376895,21.59490132,21.9173207,21.89974454
2233.7268,1303.108073,2610.714029,1689.671981,1773.671957,12.8343153,133.7120703,0.967494585,228.5843257,2.53541455,4.265868155,0.540656745,0.898730335,139.3480234,2.198341821,21.59440353,21.91919884,21.90783042
2233.8792,1303.177673,2610.853299,1689.697373,1773.697353,12.83940642,136.3204621,1.01462202,228.780291,2.471978682,4.265902695,0.539021079,0.89761158,139.4049747,2.198413841,21.59428815,21.92107698,21.90713903
2234.0316,1303.247298,2610.992621,1689.722714,1773.722724,12.84457478,137.6671578,1.074297382,228.880458,2.444917372,4.265863396,0.538924024,0.894978781,139.4568415,2.198749906,21.59472721,21.92295512,21.89840838
2234.184,1303.3169,2611.131895,1689.748103,1773.748118,12.84967125,132.9429121,1.141422117,228.6256824,2.533656566,4.265615609,0.546017528,0.893443929,139.4901663,2.199162346,21.59572423,21.92483326,21.88587528
2234.3364,1303.386479,2611.271125,1689.773537,1773.773535,12.85470099,130.3019461,1.219069156,228.6307674,2.552490635,4.26553269,0.551502571,0.894416499,139.5096017,2.199519338,21.59727134,21.9267114,21.88457653
2234.4888,1303.456073,2611.410384,1689.79894,1773.798937,12.85977546,129.7881449,1.30556761,228.8696578,2.50424155,4.265573982,0.555055541,0.897353418,139.5243507,2.200006605,21.59933928,21.92858954,21.88715824
2234.6412,1303.525674,2611.549657,1689.824331,1773.824332,12.8648693,131.8308622,1.400763796,229.4016032,2.371467253,4.265780046,0.556333896,0.902708466,139.5328151,2.200583865,21.60223531,21.93046768,21.8902797
2234.7936,1303.59527,2611.688919,1689.849732,1773.849732,12.86994837,130.6711825,1.445219302,229.4757068,2.339085894,4.265843005,0.559515213,0.909725327,139.5418205,2.201099396,21.60528593,21.93234582,21.90011691
2234.946,1303.664865,2611.828181,1689.875133,1773.875133,12.87502623,125.980761,1.43240067,229.0416519,2.416951935,4.265743392,0.564738619,0.916747228,139.5440005,2.201718456,21.60866751,21.93422396,21.92102372
2235.0984,1303.734461,2611.967444,1689.900533,1773.900533,12.88010655,123.849673,1.488653901,229.2051222,2.391594392,4.265864491,0.569694978,0.922195332,139.5411374,2.202405539,21.61265183,21.9361021,21.9302079
2235.2508,1303.804057,2612.106707,1689.925933,1773.925933,12.8851867,121.528301,1.552035733,229.4614531,2.357316522,4.266041028,0.575328465,0.925522062,139.5201096,2.203083976,21.61680528,21.93798024,21.93427576
2235.4032,1303.873653,2612.245971,1689.951333,1773.951333,12.89026668,119.6660452,1.612151456,229.735822,2.317486506,4.26625373,0.580246375,0.929185735,139.5026453,2.203798171,21.62112439,21.93985838,21.92042583
2235.5556,1303.943249,2612.385233,1689.976733,1773.976733,12.89534667,118.5512442,1.67102882,230.0635874,2.263203395,4.266519572,0.584205247,0.932545002,139.4772554,2.204455511,21.62561997,21.94173652,21.93048539
2235.708,1304.012845,2612.524496,1690.002133,1774.002133,12.90042667,115.8768817,1.690987746,230.1311405,2.259650199,4.266732437,0.58864588,0.936792606,139.4622431,2.2051171,21.63018135,21.94361466,21.95126234
2235.8604,1304.082441,2612.66376,1690.027533,1774.027533,12.90550667,112.1280709,1.680740818,230.0025623,2.294958611,4.266912474,0.593247377,0.946902866,139.4416486,2.205804231,21.63616217,21.9454928,21.97999589
2236.0128,1304.152037,2612.803023,1690.052933,1774.052933,12.91058667,110.4995151,1.708399225,230.1657944,2.284244102,4.266921992,0.595651092,0.953507441,139.4281373,2.206427832,21.64246381,21.94737094,21.96954455
2236.1652,1304.221633,2612.942286,1690.078333,1774.078333,12.91566667,108.2142619,1.649975494,230.1192644,2.265150807,4.267231229,0.596326441,0.954545983,139.4060704,2.206902494,21.64908151,21.94924908,21.98667804
2236.3176,1304.291229,2613.081549,1690.103733,1774.103733,12.92074667,106.9883852,1.612273698,230.2050133,2.233764528,4.26738132,0.595632321,0.955587776,139.3811935,2.20738461,21.65536383,21.95112722,21.97960572
2236.47,1304.360825,2613.220812,1690.129133,1774.129133,12.92582667,107.6816957,1.616637599,230.5582843,2.169482608,4.267309329,0.592950313,0.953719601,139.3601114,2.207925151,21.6616014,21.95300536,21.99165221
2236.6224,1304.430421,2613.360076,1690.154533,1774.154533,12.93090667,106.8059527,1.609657759,230.7541492,2.120712326,4.267429836,0.592597068,0.959684108,139.3366499,2.20842341,21.66796196,21.9548835,22.00164572
2236.7748,1304.500017,2613.499338,1690.179933,1774.179933,12.93598667,104.1159706,1.588932112,230.7655224,2.090692279,4.267775862,0.59491998,0.968826682,139.3089281,2.208932722,21.67446036,21.95676164,22.01774151
2236.9272,1304.569613,2613.638601,1690.205333,1774.205333,12.94106667,102.0341522,1.599680067,230.9158864,2.038641263,4.268088943,0.597318085,0.969206856,139.2837871,2.20933006,21.67949663,21.95863978,22.02277209
2237.0796,1304.639209,2613.777864,1690.230733,1774.230733,12.94614667,102.6117999,1.551574041,231.1100186,1.977636602,4.268236002,0.593820781,0.968835891,139.2666334,2.209610602,21.68415139,21.96051792,22.02412439
2237.232,1304.708805,2613.917128,1690.256133,1774.256133,12.95122667,104.2899005,1.467596341,231.2442727,1.932546343,4.268182799,0.587064963,0.963684392,139.2575532,2.20989764,21.68901278,21.96239606,22.01149125
2237.3844,1304.778401,2614.056391,1690.281533,1774.281533,12.95630667,104.4932355,1.428678536,231.3432388,1.897976416,4.268131366,0.583659991,0.95803873,139.2485289,2.210231053,21.69382857,21.9642742,22.02048833
2237.5368,1304.847997,2614.195654,1690.306933,1774.306933,12.96138667,103.1831674,1.420926128,231.387151,1.868805135,4.26819766,0.583625863,0.959947082,139.2414611,2.210507891,21.69870045,21.96615234,22.03122793
2237.6892,1304.917593,2614.334917,1690.332333,1774.332333,12.96646667,99.98326535,1.451596113,231.3545218,1.850403671,4.268373804,0.587660476,0.961747683,139.2320766,2.210677714,21.70358206,21.96803047,22.03815927
2237.8416,1304.987189,2614.47418,1690.357733,1774.357733,12.97154667,98.74635478,1.410656924,231.327971,1.849408552,4.268653131,0.588467083,0.962297902,139.220271,2.210670325,21.70843234,21.96990861,22.02262256
2237.994,1305.056785,2614.613443,1690.383133,1774.383133,12.97662667,99.6462414,1.287395127,231.2993298,1.867997481,4.269062263,0.585704253,0.962473832,139.2135125,2.210629475,21.71321003,21.97178675,22.01201105
2238.1464,1305.126381,2614.752706,1690.408533,1774.408533,12.98170667,98.70193913,1.287482276,231.2073029,1.886713493,4.268876558,0.585654925,0.95966396,139.219134,2.210597672,21.71787377,21.97366489,22.01913552
2238.2988,1305.195977,2614.891969,1690.433933,1774.433933,12.98678667,98.53274511,1.239953117,231.0631279,1.92944908,4.268811723,0.584578161,0.954442047,139.23248,2.210516327,21.72246701,21.97554303,22.01368953
2238.4512,1305.265573,2615.031233,1690.459333,1774.459333,12.99186667,98.27479962,1.225059006,230.9555254,1.963805638,4.268684492,0.584372471,0.95128684,139.2523002,2.210304955,21.72704674,21.97742117,22.01369626
2238.6036,1305.335169,2615.170496,1690.484733,1774.484733,12.99694667,97.74833501,1.250392358,230.8824531,1.988971982,4.26848402,0.585402127,0.948970303,139.2750204,2.210005879,21.73138151,21.97929931,22.02184064
2238.756,1305.404765,2615.309759,1690.510133,1774.510133,13.00202667,98.17642565,1.247110497,230.8051232,2.025183308,4.268331624,0.585246941,0.945098684,139.293037,2.209681082,21.73532461,21.98117745,22.0165759
2238.9084,1305.474361,2615.449022,1690.535533,1774.535533,13.00710667,99.36269496,1.235265357,230.7438023,2.064882719,4.268174365,0.584340451,0.941064872,139.3005799,2.209427649,21.73900208,21.98305559,22.0277449
2239.0608,1305.543957,2615.588285,1690.560933,1774.560933,13.01218667,100.4085361,1.274313182,230.6770921,2.103161053,4.268023239,0.585973673,0.936165299,139.3056822,2.209130236,21.74249069,21.98493373,22.00970208
2239.2132,1305.613553,2615.727548,1690.586333,1774.586333,13.01726667,101.0346975,1.387374608,230.6033659,2.162492315,4.268054538,0.593309455,0.931629865,139.3368504,2.208663184,21.74555742,21.98681187,21.99047751
2239.3656,1305.683149,2615.866811,1690.611733,1774.611733,13.02234667,102.6305631,1.498092734,230.5499045,2.183518129,4.267775496,0.596692108,0.929100604,139.3752643,2.208068443,21.74810961,21.98869001,21.98844683
2239.518,1305.752745,2616.006074,1690.637133,1774.637133,13.02742667,105.3395215,1.604201911,230.513513,2.148988433,4.267060145,0.594548233,0.927610359,139.4184472,2.207677352,21.75029048,21.99056815,22.00940991
2239.6704,1305.822341,2616.145338,1690.662533,1774.662533,13.03250667,106.2058057,1.741639404,230.5058092,2.151862418,4.266777979,0.598863431,0.925435699,139.4633047,2.207419973,21.75289745,21.99244629,22.01141372
2239.8228,1305.891937,2616.284601,1690.687933,1774.687933,13.03758667,104.9783711,1.91673814,230.5337507,2.197671371,4.266986515,0.610616243,0.922479427,139.5002311,2.207210687,21.75440894,21.99432443,22.02914892
2239.9752,1305.961533,2616.423864,1690.713333,1774.713333,13.04266667,103.2264596,2.110823028,230.5917911,2.225431125,4.267149221,0.622583949,0.918734723,139.5373287,2.206914294,21.75567533,21.99620257,22.01460004
2240.1276,1306.031129,2616.563127,1690.738733,1774.738733,13.04774667,105.4916638,2.207968334,230.4312422,2.257195001,4.26671638,0.624348004,0.914289598,139.5696759,2.206466838,21.75662069,21.99808071,22.01990572
2240.28,1306.100725,2616.70239,1690.764133,1774.764133,13.05282667,108.0161142,2.291470042,230.2806141,2.277632745,4.266262918,0.624801221,0.910888335,139.6074715,2.206074474,21.75724611,21.99995885,22.00736652
2240.4324,1306.170321,2616.841653,1690.789533,1774.789533,13.05790667,109.7872093,2.385827348,230.1943419,2.280965143,4.265908471,0.626155521,0.907216131,139.6395122,2.205797894,21.75908067,22.00183699,22.00254508
2240.5848,1306.239917,2616.980916,1690.814933,1774.814933,13.06298667,109.8039132,2.512028084,230.169663,2.292166198,4.265854163,0.632058808,0.902404414,139.6731784,2.205780485,21.76113553,22.00371513,21.99252112
2240.7372,1306.309513,2617.120179,1690.840333,1774.840333,13.06806667,108.0955391,2.66712255,230.215782,2.307184019,4.266102238,0.642229141,0.899023633,139.6967598,2.205889821,21.76289184,22.00559327,21.9926269
2240.8896,1306.379109,2617.259442,1690.865733,1774.865733,13.07314667,107.9393351,2.679692445,230.0463935,2.389445615,4.266108578,0.646238168,0.894585347,139.7151427,2.206015945,21.76453467,22.00747141,21.99703473
2241.042,1306.448705,2617.398706,1690.891133,1774.891133,13.07822667,108.8173454,2.62028931,229.8047242,2.477672798,4.265915575,0.645998603,0.890752829,139.7310592,2.205979219,21.76590847,22.00934955,21.99592169
2241.1944,1306.518301,2617.537969,1690.916533,1774.916533,13.08330667,108.1311679,2.705361778,229.9092036,2.422373838,4.2658713,0.649985897,0.889834463,139.7482737,2.205665035,21.76733327,22.01122769,21.99213791
2241.3468,1306.587897,2617.677232,1690.941933,1774.941933,13.08838667,108.2329887,2.666379225,229.8390575,2.434030719,4.265741714,0.650011628,0.887837325,139.7591288,2.205258967,21.7687892,22.01310583,22.00476416
2241.4992,1306.657493,2617.816495,1690.967333,1774.967333,13.09346667,108.094024,2.687603634,229.8643338,2.405325139,4.265630571,0.651491566,0.885394593,139.7653955,2.204829256,21.77055924,22.01498397,21.99249723
2241.6516,1306.727089,2617.955758,1690.992733,1774.992733,13.09854667,107.6068098,2.78252058,230.0071925,2.328520675,4.265556567,0.654913734,0.884452927,139.7683716,2.204453123,21.77274905,22.01686211,21.98114873
2241.804,1306.796685,2618.095021,1691.018133,1775.018133,13.10362667,107.9436944,2.8192561,230.0668485,2.274835443,4.265369581,0.655487645,0.884834248,139.7640211,2.204039529,21.77533749,22.01874025,21.97650405
2241.9564,1306.866281,2618.234284,1691.043533,1775.043533,13.10870667,108.911838,2.841460736,230.1074434,2.218006968,4.265088265,0.654401271,0.886486648,139.7562365,2.20370266,21.77829409,22.02061839,21.98189699
2242.1088,1306.935877,2618.373547,1691.068933,1775.068933,13.11378667,107.0710498,2.644335247,229.9384625,2.278195012,4.265146934,0.650499633,0.891810038,139.742396,2.203580137,21.78162937,22.02249653,21.99368238
2242.2612,1307.005473,2618.512811,1691.094333,1775.094333,13.11886667,105.5054549,2.500889109,229.8271257,2.31764275,4.26525405,0.648290503,0.89951374,139.7216907,2.203483076,21.78531206,22.02437467,22.00829353
2242.4136,1307.075069,2618.652074,1691.119733,1775.119733,13.12394667,105.4415709,2.511604819,229.8825468,2.27349319,4.265239308,0.648586295,0.90692251,139.6960302,2.203581007,21.78907771,22.02625281,22.0106533
2242.566,1307.144665,2618.791337,1691.145133,1775.145133,13.12902667,107.320304,2.742526993,230.1733096,2.115782515,4.265086207,0.65300403,0.913673485,139.6610924,2.203676468,21.79306794,22.02813095,22.01255964
2242.7184,1307.214261,2618.9306,1691.170533,1775.170533,13.13410667,106.9256502,2.765962892,230.1941535,2.087482186,4.265129876,0.653484091,0.917951353,139.6216075,2.203662459,21.79731204,22.03000909,21.99944327
2242.8708,1307.283857,2619.069863,1691.195933,1775.195933,13.13918667,103.9182129,2.555367264,229.9141542,2.203404014,4.265395137,0.649503052,0.922940217,139.574733,2.20360824,21.80119503,22.03188723,21.99970216
2243.0232,1307.353453,2619.209126,1691.221333,1775.221333,13.14426667,101.5082555,2.424247585,229.7324995,2.278713336,4.265654967,0.647176972,0.931971426,139.528573,2.203482059,21.80535958,22.03376537,22.01335229
2243.1756,1307.423049,2619.348389,1691.246733,1775.246733,13.14934667,102.0678193,2.479927542,229.9483992,2.192695594,4.265786256,0.648275043,0.944084491,139.4781334,2.204024354,21.80949606,22.03564351,22.02352351
2243.328,1307.492645,2619.487652,1691.272133,1775.272133,13.15442667,102.8366094,2.527555613,230.0927807,2.133022139,4.265903027,0.648650932,0.955462484,139.4214695,2.205448368,21.81378261,22.03752164,22.02962884
2243.4804,1307.562241,2619.626916,1691.297533,1775.297533,13.15950667,104.0086171,2.587738034,230.1839759,2.090622165,4.265991548,0.64870136,0.965851425,139.3537773,2.207184421,21.81815117,22.03939978,22.03747724
2243.6328,1307.631837,2619.766179,1691.322933,1775.322933,13.16458667,103.914164,2.54396896,230.0946385,2.132089475,4.266199927,0.646684842,0.976169316,139.2830622,2.208872438,21.82256981,22.04127792,22.04232603
2243.7852,1307.701433,2619.905442,1691.348333,1775.348333,13.16966667,102.8559848,2.409033877,229.8297743,2.252615732,4.266499132,0.642664575,0.986347179,139.2068808,2.209614776,21.82701129,22.04315606,22.04843917
2243.9376,1307.771029,2620.044705,1691.373733,1775.373733,13.17474667,101.6619273,2.319423557,229.8741766,2.252866451,4.266588913,0.641207954,0.997077398,139.1328615,2.210441175,21.8314419,22.0450342,22.05284615
2244.09,1307.840625,2620.183968,1691.399133,1775.399133,13.17982667,101.8580483,2.354719754,229.8856934,2.260249468,4.266552756,0.641900503,1.006600524,139.0507298,2.212350145,21.83593352,22.04691234,22.07306302
2244.2424,1307.910221,2620.323231,1691.424533,1775.424533,13.18490667,102.6744731,2.425596509,229.7393848,2.329507191,4.26648853,0.64264709,1.016462029,138.9659314,2.214201496,21.84080627,22.04879048,22.07433322
2244.3948,1307.979817,2620.462494,1691.449933,1775.449933,13.18998667,103.01958,2.49626434,229.8071353,2.319639984,4.266257407,0.644835251,1.025654765,138.8767889,2.216120502,21.8454006,22.05066862,22.09113558
2244.5472,1308.049413,2620.601758,1691.475333,1775.475333,13.19506667,103.6933709,2.587398745,229.7568653,2.349055552,4.266131402,0.647092605,1.035534063,138.790743,2.218714224,21.84970617,22.05254676,22.09681532
2244.6996,1308.119009,2620.74102,1691.500733,1775.500733,13.20014667,104.7622548,2.698496836,229.5588889,2.428412826,4.266129849,0.649266021,1.04551215,138.7031018,2.221510388,21.85533379,22.0544249,22.10612945
2244.852,1308.188605,2620.880284,1691.526133,1775.526133,13.20522667,105.902261,2.839621271,229.4781346,2.458717824,4.26605487,0.652916313,1.056570212,138.6147323,2.224303813,21.86086917,22.05630304,22.11374186
2245.0044,1308.258201,2621.019547,1691.551533,1775.551533,13.21030667,107.222884,3.014149432,229.4505396,2.463445299,4.265965571,0.657772201,1.072690286,138.5274331,2.226699208,21.86599446,22.05818118,22.12746825
2245.1568,1308.327797,2621.15881,1691.576933,1775.576933,13.21538667,104.7003917,3.046773433,229.6973702,2.404328874,4.265885142,0.662860943,1.083126849,138.4443367,2.228616329,21.8711366,22.06005932,22.14045003
2245.3092,1308.397393,2621.298073,1691.602333,1775.602333,13.22046667,102.5728874,3.089467044,229.7820027,2.390956272,4.265960308,0.668689406,1.085774674,138.3543803,2.230598193,21.87615237,22.06193746,22.15228437
2245.4616,1308.466989,2621.437336,1691.627733,1775.627733,13.22554667,101.0553378,3.167236713,229.7459326,2.40818963,4.266161349,0.675469277,1.090537611,138.2710597,2.232935346,21.8810195,22.0638156,22.16860826
2245.614,1308.536585,2621.576599,1691.653133,1775.653133,13.23062667,100.2202527,3.276378998,229.5352602,2.473467678,4.266534225,0.68313808,1.10267865,138.1919164,2.235612631,21.88603211,22.06569374,22.17109097
2245.7664,1308.606181,2621.715863,1691.678533,1775.678533,13.23570667,99.1060014,3.303644245,229.5121447,2.486918917,4.266882209,0.686803234,1.116115433,138.1163847,2.238271711,21.89084105,22.06757188,22.17116699
2245.9188,1308.675777,2621.855125,1691.703933,1775.703933,13.24078667,97.71759165,3.242466294,229.6951115,2.443751641,4.267202864,0.685994633,1.126175523,138.0490383,2.240857323,21.89537046,22.06945002,22.18199781
2246.0712,1308.745373,2621.994389,1691.729333,1775.729333,13.24586667,95.79359189,3.217009271,229.7182383,2.441236035,4.267422526,0.689191371,1.130878534,137.9847653,2.243103792,21.89958283,22.07132816,22.18612399
2246.2236,1308.814969,2622.133652,1691.754733,1775.754733,13.25094667,93.01206637,3.207016406,229.6482749,2.460679624,4.267471097,0.695854102,1.127182414,137.9245335,2.245005843,21.90330445,22.0732063,22.19872205
2246.376,1308.884565,2622.272915,1691.780133,1775.780133,13.25602667,90.54871641,3.185741695,229.6109727,2.463864986,4.267581694,0.701647056,1.129199991,137.8715132,2.24657597,21.90665123,22.07508444,22.20027535
2246.5284,1308.954161,2622.412178,1691.805533,1775.805533,13.26110667,88.47058917,3.156100598,229.590137,2.455085359,4.267769542,0.70666707,1.138558593,137.8247479,2.247904215,21.90975822,22.07696258,22.19945502
2246.6808,1309.023757,2622.551441,1691.830933,1775.830933,13.26618667,86.51974612,3.064353672,229.6738829,2.415580169,4.268013011,0.708264861,1.146121708,137.7877954,2.2489167,21.91237479,22.07884072,22.20631767
2246.8332,1309.093353,2622.690704,1691.856333,1775.856333,13.27126667,84.76180052,2.920527571,229.8557457,2.344842889,4.26831377,0.706924158,1.152873424,137.7632916,2.249739957,21.91443945,22.08071886,22.21628531
2246.9856,1309.162949,2622.829968,1691.881733,1775.881733,13.27634667,83.91746353,2.977293981,229.8022468,2.363871684,4.267851732,0.711117151,1.147784672,137.7397522,2.250336949,21.91605948,22.082597,22.2165071
2247.138,1309.232545,2622.96923,1691.907133,1775.907133,13.28142667,83.14581212,2.83742685,229.9133657,2.300224916,4.268470064,0.708418488,1.133711379,137.7247682,2.250725275,21.91734295,22.08447514,22.20539174
2247.2904,1309.302141,2623.108494,1691.932533,1775.932533,13.28650667,82.95214635,2.758058469,229.976146,2.255742169,4.268823387,0.7065607,1.122313966,137.7161972,2.25078645,21.91818318,22.08635328,22.20455701
2247.4428,1309.371737,2623.247757,1691.957933,1775.957933,13.29158667,83.62867391,2.851650711,229.8617216,2.281081051,4.268468917,0.709129492,1.110573309,137.7129257,2.250575508,21.91852209,22.08823142,22.21392454
2247.5952,1309.441333,2623.38702,1691.983333,1775.983333,13.29666667,83.2357048,2.81845674,229.8949676,2.251848445,4.268789023,0.709362882,1.119159817,137.7253705,2.250159969,21.91919898,22.09010956,22.21921874
2247.7476,1309.510929,2623.526283,1692.008733,1776.008733,13.30174667,81.60940505,2.635986548,230.1041333,2.157220386,4.269892441,0.706808699,1.148027819,137.7449023,2.249623199,21.91947369,22.0919877,22.22636021
2247.9,1309.580525,2623.665546,1692.034133,1776.034133,13.30682667,79.85225198,2.510485525,230.2592422,2.084782609,4.270895527,0.70673696,1.161715582,137.771798,2.248947797,21.91937968,22.09386584,22.21594664
2248.0524,1309.650121,2623.80481,1692.059533,1776.059533,13.31190667,80.61914779,2.474192514,230.2827972,2.063450495,4.271203125,0.704336039,1.141889433,137.7983468,2.247989468,21.91893727,22.09574398,22.21578625
2248.2048,1309.719717,2623.944073,1692.084933,1776.084933,13.31698667,85.21025356,2.568622084,230.1580908,2.110471616,4.270381532,0.697524176,1.100233366,137.8288065,2.246752917,21.9181051,22.09762212,22.21277927
2248.3572,1309.789313,2624.083335,1692.110333,1776.110333,13.32206667,87.42105148,2.603730143,230.180296,2.115087458,4.27022973,0.693292998,1.073262175,137.8612424,2.245204677,21.91684944,22.09950026,22.21190792
2248.5096,1309.858909,2624.222598,1692.135733,1776.135733,13.32714667,87.52653276,2.546634443,230.3543388,2.069884438,4.270843038,0.690147216,1.076846615,137.9032613,2.243412528,21.91569441,22.1013784,22.21060068
2248.662,1309.928505,2624.361862,1692.161133,1776.161133,13.33222667,84.99971167,2.381219324,230.7170381,1.963973578,4.272365476,0.688515341,1.087822027,137.9578614,2.24129495,21.91434109,22.10325654,22.20933083
2248.8144,1309.998101,2624.501125,1692.186533,1776.186533,13.33730667,85.39022939,2.255070961,230.8770462,1.916327584,4.272684708,0.682969508,1.085343572,138.0178706,2.238806234,21.91279351,22.10513467,22.20712992
2248.9668,1310.067697,2624.640388,1692.211933,1776.211933,13.34238667,89.03885334,2.165416087,230.816241,1.931031601,4.271692162,0.672807447,1.076540127,138.0793762,2.236257906,21.91107627,22.10701281,22.20630712
2249.1192,1310.137293,2624.779651,1692.237333,1776.237333,13.34746667,89.45873261,2.141342261,230.9977074,1.906415153,4.272221339,0.668841209,1.070317034,138.142137,2.233873208,21.90917705,22.10889095,22.20263533
2249.2716,1310.206889,2624.918915,1692.262733,1776.262733,13.35254667,90.43231976,2.12668374,231.1540654,1.894560905,4.272539818,0.663793301,1.058519281,138.199115,2.231818772,21.90843523,22.11076909,22.19726513
2249.424,1310.276485,2625.058178,1692.288133,1776.288133,13.35762667,90.62050159,2.126652335,231.3178886,1.880623184,4.272994466,0.661109611,1.040674671,138.2439191,2.229756506,21.90794925,22.11264723,22.18843434
2249.5764,1310.346081,2625.19744,1692.313533,1776.313533,13.36270667,89.71092138,2.136791967,231.5072096,1.859141135,4.273689432,0.66125141,1.024050384,138.2861983,2.227606985,21.90701843,22.11452537,22.185211
2249.7288,1310.415677,2625.336703,1692.338933,1776.338933,13.36778667,89.97229793,2.159993843,231.5951816,1.864631757,4.273786107,0.660040228,1.01227784,138.3278114,2.225480194,21.90600926,22.11640351,22.1842453
2249.8812,1310.485273,2625.475967,1692.364333,1776.364333,13.37286667,90.89030616,2.206170046,231.6024306,1.892070686,4.273461127,0.658817909,1.010051529,138.3698302,2.223396773,21.90529298,22.11828165,22.1809828
2250.0336,1310.554869,2625.61523,1692.389733,1776.389733,13.37794667,91.11674219,2.319271144,231.6180591,1.900157564,4.273752514,0.661645228,1.008742415,138.4137438,2.221515905,21.90472215,22.12015979,22.18262679
2250.186,1310.624465,2625.754493,1692.415133,1776.415133,13.38302667,88.11187203,2.346597901,231.7099629,1.881323946,4.273983285,0.670515435,1.00459652,138.4528369,2.219604227,21.90426716,22.12203793,22.1824096
2250.3384,1310.694061,2625.893756,1692.440533,1776.440533,13.38810667,85.62299605,2.484672779,231.7424765,1.86544559,4.27459614,0.682085642,0.998737323,138.4846013,2.217964944,21.90392313,22.12391607,22.17814292
2250.4908,1310.763657,2626.033019,1692.465933,1776.465933,13.39318667,83.71480158,2.771022796,231.720525,1.844996939,4.27591645,0.697251181,0.987360677,138.5072474,2.216766216,21.90368468,22.12579421,22.17712568
2250.6432,1310.833253,2626.172283,1692.491333,1776.491333,13.39826667,80.93304416,2.91291008,231.7814534,1.824417251,4.276631726,0.709517374,0.982754269,138.5154121,2.216036674,21.90422138,22.12767235,22.1799346
2250.7956,1310.902849,2626.311545,1692.516733,1776.516733,13.40334667,77.11706737,2.890887899,231.9366773,1.804349136,4.276650125,0.718585948,0.985575844,138.5136913,2.216058411,21.90507259,22.12955049,22.17688642
2250.948,1310.972445,2626.450808,1692.542133,1776.542133,13.40842667,73.04653365,2.882108548,232.1220152,1.776826016,4.276885655,0.728434658,0.986727528,138.5119644,2.215874274,21.90611377,22.13142863,22.17157391
2251.1004,1311.042041,2626.590072,1692.567533,1776.567533,13.41350667,69.54974484,3.014059817,232.0749554,1.775125262,4.277528521,0.742741526,0.988388231,138.5100542,2.21515264,21.90728936,22.13330677,22.16949676
2251.2528,1311.111637,2626.729335,1692.592933,1776.592933,13.41858667,67.0092661,3.199275877,231.9051367,1.795666521,4.277992703,0.757437057,0.98933916,138.5061494,2.214198334,21.90864613,22.13518491,22.17386592
2251.4052,1311.181233,2626.868598,1692.618333,1776.618333,13.42366667,64.85530554,3.341743513,231.7694709,1.820754091,4.278057335,0.769880509,0.989199203,138.4946801,2.213355226,21.91021933,22.13706305,22.19736838
2251.5576,1311.250829,2627.007861,1692.643733,1776.643733,13.42874667,62.23293419,3.374752646,231.7218117,1.844174669,4.277638886,0.779541381,0.992766081,138.4665564,2.213887668,21.91196709,22.13894119,22.19989178
2251.71,1311.320425,2627.147124,1692.669133,1776.669133,13.43382667,59.353652,3.2952399,231.7600187,1.868352765,4.276640157,0.785894282,1.002944759,138.426967,2.215261648,21.91389829,22.14081933,22.2032996
2251.8624,1311.390021,2627.286388,1692.694533,1776.694533,13.43890667,57.74904099,3.239671569,231.7838019,1.901282983,4.275964718,0.787597993,1.010707188,138.3810535,2.216229231,21.91590251,22.14269747,22.19143942
2252.0148,1311.459617,2627.42565,1692.719933,1776.719933,13.44398667,57.3068961,3.216786699,231.7967782,1.937667284,4.275584087,0.785681991,1.014318166,138.3231142,2.21755632,21.91731101,22.14457561,22.18837417
2252.1672,1311.529213,2627.564913,1692.745333,1776.745333,13.44906667,56.16935482,3.274234239,231.8511145,1.928008037,4.274592298,0.793496684,1.018633165,138.2636101,2.218933126,21.91875527,22.14645375,22.19409989
2252.3196,1311.598809,2627.704176,1692.770733,1776.770733,13.45414667,56.17117021,3.301392025,231.9259899,1.927954144,4.273605092,0.795306477,1.023787041,138.2043852,2.219743307,21.92022192,22.14833189,22.20053963
2252.472,1311.668405,2627.84344,1692.796133,1776.796133,13.45922667,55.94658517,3.342615938,232.006892,1.921324186,4.272657284,0.79880253,1.039493595,138.1472013,2.220464065,21.92215981,22.15021003,22.21884679
2252.6244,1311.738001,2627.982703,1692.821533,1776.821533,13.46430667,55.42415504,3.396481575,232.0952637,1.907285654,4.27171802,0.804319441,1.0593281,138.0926502,2.221102095,21.92404699,22.15208817,22.22800299
2252.7768,1311.807597,2628.121966,1692.846933,1776.846933,13.46938667,55.62878259,3.461331445,232.1821496,1.895938583,4.270929905,0.807307889,1.069764311,138.0351373,2.222254589,21.92604824,22.15396631,22.24251376
2252.9292,1311.877193,2628.261229,1692.872333,1776.872333,13.47446667,56.26036975,3.549875806,232.2624187,1.883415375,4.27030913,0.809615706,1.076517289,137.9699675,2.224011235,21.92803123,22.15584445,22.25681027
2253.0816,1311.946789,2628.400492,1692.897733,1776.897733,13.47954667,58.75008576,3.458325541,232.416202,1.911484006,4.268884729,0.798252229,1.08192291,137.9057391,2.225876096,21.92996932,22.15772259,22.25956517
2253.234,1312.016385,2628.539755,1692.923133,1776.923133,13.48462667,62.16049658,3.268418621,232.6079751,1.96047925,4.267065388,0.779812889,1.09004287,137.8362604,2.227405658,21.93188314,22.15960073,22.24853837
2253.3864,1312.085981,2628.679018,1692.948533,1776.948533,13.48970667,63.57308053,3.252699139,232.728127,1.965959413,4.266121496,0.775747973,1.101050805,137.7722134,2.228552593,21.93340843,22.16147887,22.2524837
2253.5388,1312.155577,2628.818281,1692.973933,1776.973933,13.49478667,61.9503976,3.476516504,232.7484524,1.909523081,4.266372125,0.79247645,1.105589084,137.717353,2.229390715,21.93474715,22.16335701,22.26028448
2253.6912,1312.225173,2628.957545,1692.999333,1776.999333,13.49986667,63.33048803,3.419728346,232.7528308,1.953850772,4.265200808,0.787550273,1.115094978,137.6703822,2.229944574,21.93547897,22.16523515,22.28622266
2253.8436,1312.294769,2629.096808,1693.024733,1777.024733,13.50494667,68.15198261,3.04447495,232.7421498,2.11225373,4.2624067,0.757948299,1.136214364,137.6350074,2.230432958,21.93628122,22.16711329,22.30690411
2253.996,1312.364365,2629.236071,1693.050133,1777.050133,13.51002667,72.57114619,2.662125519,232.6469352,2.290287293,4.259544253,0.730002981,1.157225847,137.5915449,2.230879909,21.93662923,22.16899143,22.32164115
2254.1484,1312.433961,2629.375334,1693.075533,1777.075533,13.51510667,74.08307256,2.733720787,232.9279925,2.199120092,4.259500663,0.729586702,1.16756261,137.5373865,2.231303438,21.93709722,22.17086957,22.32650387
2254.3008,1312.503557,2629.514597,1693.100933,1777.100933,13.52018668,75.7911879,2.771407608,233.0919464,2.148848194,4.259326032,0.727304441,1.15899347,137.4738865,2.231718284,21.93763616,22.17274771,22.31638758
2254.4532,1312.573153,2629.65386,1693.126333,1777.126333,13.5252667,77.51930714,2.778491658,233.1100402,2.145569903,4.259019957,0.723991448,1.142067387,137.4201703,2.2320088,21.93830945,22.17462584,22.30799811
2254.6056,1312.642749,2629.793123,1693.151733,1777.151733,13.53034672,80.89384882,2.598531736,233.018604,2.233029132,4.257753203,0.707792135,1.137210563,137.367591,2.232029329,21.93897119,22.17650398,22.30524528
2254.758,1312.712345,2629.932386,1693.177133,1777.177133,13.53542676,85.76594015,2.245533163,232.795645,2.412566636,4.255608692,0.679754775,1.149136854,137.319131,2.231828372,21.93963581,22.17838212,22.31923022
2254.9104,1312.781941,2630.07165,1693.202533,1777.202533,13.54050593,89.49055162,2.174267681,233.0717315,2.392164253,4.254398422,0.665611302,1.170465133,137.2720373,2.231691434,21.93994851,22.18026026,22.33624948
2255.0628,1312.851536,2630.210911,1693.227933,1777.227935,13.54558416,91.75212014,2.270902793,233.3434538,2.336421929,4.253876601,0.662788809,1.186978604,137.223833,2.231740199,21.94023615,22.1821384,22.35176899
2255.2152,1312.921131,2630.350173,1693.253333,1777.253336,13.55066185,93.62093065,2.266888281,233.0517782,2.466528727,4.253085075,0.658031921,1.191534305,137.1738111,2.23203531,21.94061936,22.18401654,22.36414106
2255.3676,1312.990726,2630.489434,1693.278733,1777.278738,13.55573875,95.09809449,2.454325187,233.181642,2.446270744,4.252810245,0.661036109,1.186944398,137.1025026,2.232315518,21.94106554,22.18589468,22.34124166
2255.52,1313.060324,2630.6287,1693.304133,1777.304135,13.56082348,96.24685866,2.563646765,233.0718826,2.50267042,4.25239863,0.66240108,1.176319741,137.0092926,2.232499164,21.94182316,22.18777282,22.33860131
2255.6724,1313.129924,2630.767972,1693.329533,1777.329526,13.56591691,97.09990645,2.571694458,232.6698864,2.654763749,4.251788426,0.661181024,1.161200753,136.8972041,2.23249918,21.94264949,22.18965096,22.32720844
2255.8248,1313.199526,2630.907247,1693.354933,1777.354914,13.57101476,97.16563165,2.705206288,232.4551604,2.72571295,4.251654583,0.666928959,1.146614284,136.7999075,2.232776921,21.94333533,22.1915291,22.33375291
2255.9772,1313.269131,2631.046527,1693.380333,1777.380298,13.57611947,96.40350135,2.903829167,232.2696547,2.768368011,4.25186756,0.677726776,1.141923959,136.714454,2.233518562,21.94361762,22.19340724,22.34780808
2256.1296,1313.338722,2631.185781,1693.405733,1777.405706,13.58118653,96.79191511,3.209015878,232.5418294,2.652351073,4.251817947,0.688159113,1.145773142,136.6348683,2.234469303,21.94405173,22.19528538,22.36753072
2256.282,1313.4083,2631.325008,1693.431133,1777.431143,13.58621159,96.65688656,3.412920123,232.6370004,2.604276512,4.251675915,0.695728905,1.155026116,136.5550706,2.235441139,21.94463709,22.19716352,22.39024469
2256.4344,1313.477871,2631.464222,1693.456533,1777.456592,13.59121782,95.50476614,3.530413545,232.4588499,2.642737983,4.251624046,0.703040403,1.167394434,136.4412435,2.236537328,21.94569219,22.19904166,22.41308685
2256.5868,1313.547432,2631.603415,1693.481933,1777.482062,13.59619275,93.26786824,3.507096497,231.9097465,2.806862368,4.25157427,0.708108368,1.179468308,136.3043204,2.237979242,21.94712185,22.2009198,22.42948328
2256.7392,1313.617058,2631.742737,1693.507333,1777.507403,13.60136115,93.07312867,3.515644613,231.6879664,2.856600895,4.251451495,0.709050199,1.195622188,136.1679218,2.239326447,21.94869866,22.20279794,22.42657406
2256.8916,1313.686755,2631.882203,1693.532733,1777.532601,13.60674536,95.14999995,3.560046945,231.8213479,2.780846384,4.251245532,0.705484202,1.217922848,136.0234198,2.239949955,21.95034934,22.20467608,22.43657216
2257.044,1313.756486,2632.021735,1693.558133,1777.557732,13.61222852,95.7132227,3.595137055,231.8350292,2.770532987,4.251101345,0.705045482,1.241167315,135.8750884,2.2404176,21.95203549,22.20655422,22.43410077
2257.1964,1313.82627,2632.161375,1693.583533,1777.582755,13.61787387,92.3912034,3.784256793,231.827678,2.826494282,4.251242396,0.719177641,1.261899701,135.7166829,2.242176304,21.95351365,22.20843236,22.44844917
2257.3488,1313.896044,2632.300994,1693.608933,1777.607799,13.62348813,89.40131157,3.939098245,231.8653294,2.859617569,4.251511691,0.731310104,1.267620951,135.5565546,2.245471956,21.95558632,22.2103105,22.46614608
2257.5012,1313.965803,2632.440583,1693.634333,1777.632874,13.62905568,86.6653568,4.045093456,231.9169482,2.880658199,4.251909049,0.741108374,1.26386976,135.3880221,2.248900137,21.95815391,22.21218864,22.49676312
2257.6536,1314.035596,2632.58024,1693.659733,1777.65788,13.63472673,85.52002551,4.110356174,232.1329631,2.841401558,4.252260002,0.745353879,1.26448099,135.2270786,2.251104752,21.96062357,22.21406678,22.53654745
2257.806,1314.105408,2632.719936,1693.685133,1777.682846,13.6404565,85.76246294,4.137000642,232.5067655,2.742405513,4.252622572,0.74467312,1.268714783,135.0529061,2.252552449,21.96305194,22.21594492,22.5405523
2257.9584,1314.175123,2632.859437,1693.710533,1777.708008,13.64589367,83.58267397,4.47424383,232.7096064,2.756280861,4.252652522,0.762282775,1.294321029,134.8578215,2.254305024,21.96539171,22.21782306,22.53240256
2258.1108,1314.244734,2632.998729,1693.735933,1777.733379,13.65101797,82.19061387,4.496044669,232.8554811,2.748685653,4.252852522,0.765995333,1.322049754,134.6670767,2.256323295,21.96785677,22.2197012,22.52513196
2258.2632,1314.314284,2633.137901,1693.761333,1777.75887,13.65596072,81.2190208,4.455206157,233.0366337,2.721871305,4.253079094,0.766403579,1.334502828,134.4829429,2.258954517,21.97033302,22.22157934,22.55520105
2258.4156,1314.383741,2633.276886,1693.786733,1777.784549,13.6606232,78.43226826,4.704852862,233.1373086,2.770802447,4.253021838,0.782771511,1.36385055,134.3119645,2.261749623,21.97235431,22.22345748,22.58692029
2258.568,1314.453131,2633.415737,1693.812133,1777.81036,13.66508591,76.97292854,4.717708235,233.2144182,2.769707588,4.253100716,0.786627493,1.353534888,134.1402304,2.264016019,21.97426866,22.22533562,22.61752094
2258.7204,1314.522451,2633.554448,1693.837533,1777.836313,13.66933677,77.08326381,4.454734715,233.2769972,2.706380287,4.253355048,0.775837763,1.31206639,133.9662936,2.266379018,21.97620295,22.22721376,22.65376447
2258.8728,1314.591655,2633.692927,1693.862933,1777.862497,13.67324023,76.39428929,4.264856046,233.2371615,2.677248678,4.253490636,0.769958773,1.309433593,133.7894494,2.268731253,21.9781528,22.2290919,22.67904404
2259.0252,1314.660742,2633.831172,1693.888333,1777.888915,13.67679351,75.49135519,4.144459986,233.1287842,2.69139227,4.253537211,0.767686613,1.327491985,133.6308118,2.271089575,21.98010619,22.23097004,22.70934989
2259.1776,1314.729578,2633.968914,1693.913733,1777.915836,13.67959231,75.00700851,4.424586627,233.060973,2.821652629,4.253190512,0.78130635,1.407938815,133.4731211,2.273397004,21.98201467,22.23284818,22.69300295
2259.33,1314.798134,2634.106099,1693.939133,1777.943314,13.68155479,75.568303,4.473052753,232.8879495,2.86907127,4.252811608,0.782971025,1.411771193,133.332539,2.275530269,21.98434868,22.23472632,22.61787184
2259.4824,1314.866467,2634.242836,1693.964533,1777.971241,13.68284549,77.14975142,4.267423767,232.605629,2.850877137,4.25248582,0.772004451,1.304907718,133.2077389,2.277252632,21.98656806,22.23660446,22.57161517
2259.6348,1314.934529,2634.379029,1693.989933,1777.99971,13.68332104,80.06290191,3.751364717,232.2053894,2.743187762,4.252215554,0.745334835,1.321288127,133.1051492,2.2785217,21.98857056,22.2384826,22.60839775
2259.7872,1315.003177,2634.516398,1694.015333,1778.027005,13.68555884,81.50193879,3.60636742,232.2006335,2.721434591,4.252372905,0.736725017,1.363287801,133.0290311,2.279389465,21.99054674,22.24036074,22.65164525
2259.9396,1315.072488,2634.655091,1694.040733,1778.052974,13.68978486,81.34349378,3.864326548,232.6372881,2.794901747,4.253020555,0.747726487,1.362223766,132.973425,2.279967191,21.99299902,22.24223888,22.6911676
2260.092,1315.140476,2634.791138,1694.066133,1778.081592,13.69003877,84.22915192,3.772045542,232.7095124,2.793806222,4.252799471,0.738978387,1.368706096,132.9305987,2.280133237,21.99521621,22.24411701,22.68501981
2260.2444,1315.207901,2634.926059,1694.091533,1778.111333,13.68860639,88.45408467,3.623193621,232.7507054,2.782251011,4.252243993,0.725604427,1.337017315,132.8997381,2.28009164,21.99664566,22.24599515,22.61504633
2260.3968,1315.275245,2635.060818,1694.116933,1778.141237,13.68693126,92.46740436,3.480054014,232.8026157,2.763769382,4.251754693,0.71277235,1.304971359,132.8800098,2.280001907,21.99773307,22.24787329,22.57445706
2260.5492,1315.342465,2635.195329,1694.142333,1778.17139,13.68488216,96.38276704,3.312897362,232.8451019,2.729135865,4.251319553,0.699007209,1.29262307,132.8763004,2.279566382,21.99852569,22.24975143,22.58470081
2260.7016,1315.410024,2635.330518,1694.167733,1778.200863,13.68385191,99.44305454,3.348123942,233.1649298,2.731189171,4.251248024,0.695016366,1.26349643,132.8952192,2.278821407,21.99897707,22.25162957,22.58886802
2260.854,1315.477809,2635.46616,1694.193133,1778.229885,13.68349893,101.7215127,3.549435663,233.696726,2.761436268,4.251462807,0.69919381,1.227605817,132.9255165,2.277840405,21.99911766,22.25350771,22.58888811
2261.0064,1315.545278,2635.601169,1694.218533,1778.259539,13.68219758,104.3822428,3.541229979,233.8835323,2.787096439,4.250783085,0.695158786,1.251531133,132.9734995,2.276655678,21.99893443,22.25538585,22.55934886
2261.1588,1315.612439,2635.73556,1694.243933,1778.289811,13.67997067,107.1572142,3.60421707,234.4050206,2.72516071,4.25135261,0.691444859,1.286744865,133.0302303,2.27530147,21.99789086,22.25726399,22.54046816
2261.3112,1315.679471,2635.869696,1694.269333,1778.320338,13.67735964,109.7295853,3.612783896,234.7684349,2.678773948,4.251388232,0.686667566,1.251371484,133.0964113,2.273858002,21.99716528,22.25914213,22.53523572
2261.4636,1315.746241,2636.003307,1694.294733,1778.35139,13.67396116,112.3502698,3.474210145,234.8193934,2.64423744,4.250531812,0.676961994,1.194274221,133.169756,2.272227523,21.99667585,22.26102027,22.55549904
2261.616,1315.813133,2636.137163,1694.320133,1778.382197,13.67093065,114.8559255,3.398712595,234.8884527,2.588366598,4.250319939,0.668879944,1.158343377,133.2413339,2.27034518,21.99589307,22.26289841,22.54229834
2261.7684,1315.880162,2636.271292,1694.345533,1778.412731,13.66831005,117.2162604,3.401827907,234.9873481,2.508582965,4.250857588,0.662934771,1.148638061,133.3200882,2.268132677,21.99490494,22.26477655,22.51331994
2261.9208,1315.947022,2636.405082,1694.370933,1778.443605,13.66517974,119.7080666,3.303229822,234.8154452,2.418737558,4.251079062,0.652728197,1.165896564,133.4067852,2.265915054,21.99379173,22.26665469,22.5142917
2262.0732,1316.013789,2636.538688,1694.396333,1778.474661,13.66177479,121.4152042,3.221168316,235.0929896,2.345460074,4.251203038,0.645997557,1.188853023,133.5060745,2.263779348,21.99255584,22.26853283,22.51153698
2262.2256,1316.080649,2636.67248,1694.421733,1778.505533,13.65864706,121.7611422,3.226674676,235.6899546,2.31030763,4.251268534,0.646527529,1.186488188,133.6031559,2.261749621,21.99127135,22.27041097,22.5129216
2262.378,1316.14758,2636.806413,1694.447133,1778.536264,13.65573118,121.7234494,3.223026872,235.8257838,2.274403201,4.251353064,0.64665012,1.169992268,133.6960247,2.259895166,21.98992681,22.27228911,22.4930531
2262.5304,1316.214544,2636.940412,1694.472533,1778.566927,13.65291596,121.5442483,3.208777339,235.616531,2.219652466,4.251719015,0.645518064,1.161722749,133.7867818,2.258031431,21.98852459,22.27416725,22.47499636
2262.6828,1316.281581,2637.074557,1694.497933,1778.597446,13.65031841,121.1125565,3.194112577,234.9866618,2.149115581,4.252378377,0.643619703,1.156940347,133.8772526,2.256228023,21.98752359,22.27604539,22.44270367
2262.8352,1316.3486,2637.208665,1694.523333,1778.628001,13.64766545,121.7589979,3.273960474,235.3841566,2.125775867,4.252885648,0.64562267,1.153837656,133.9620597,2.254538768,21.98620705,22.27792353,22.47020086
2262.9876,1316.415601,2637.342738,1694.548733,1778.65859,13.64496149,123.6257321,3.462689399,236.944442,2.15279328,4.253271751,0.652015948,1.146784378,134.0361814,2.252745091,21.98501538,22.27980167,22.44466412
2263.14,1316.482663,2637.476933,1694.574133,1778.689058,13.64243975,120.6104,3.444066493,236.2482433,2.142364132,4.253080313,0.656305191,1.128949703,134.1056867,2.251147579,21.98390211,22.28167981,22.42354124
2263.2924,1316.549771,2637.61122,1694.599533,1778.719434,13.64005546,118.0018038,3.504875211,236.1220702,2.165287719,4.252867531,0.664119987,1.108392727,134.1805255,2.249827474,21.98272124,22.28355795,22.43050627
2263.4448,1316.616846,2637.745443,1694.624933,1778.749875,13.63757383,115.3229698,3.523994944,235.7074894,2.182262011,4.252473487,0.670013819,1.116647074,134.2704598,2.248967029,21.98161915,22.28543609,22.44540827
2263.5972,1316.683895,2637.879611,1694.650333,1778.780371,13.63501082,112.4967783,3.494908052,234.9143012,2.190383415,4.251898499,0.673689429,1.134307423,134.3468907,2.24828567,21.98074469,22.28731423,22.44184873
2263.7496,1316.750947,2638.013786,1694.675733,1778.810859,13.63245873,110.3247748,3.519425249,234.631021,2.226112842,4.251193011,0.67932961,1.128069521,134.4033302,2.247519524,21.98053583,22.28919237,22.45514574
2263.902,1316.817986,2638.147935,1694.701133,1778.841372,13.62986818,108.5948583,3.564796596,234.6090243,2.279805845,4.250296333,0.685616723,1.122768981,134.4389008,2.246650591,21.98051665,22.29107051,22.45563811
2264.0544,1316.885038,2638.282111,1694.726533,1778.87186,13.62731704,107.3630199,3.616277234,234.3809217,2.329538535,4.249442276,0.690340789,1.119877415,134.4528514,2.245852738,21.98061348,22.29294865,22.44455218
2264.2068,1316.952106,2638.416317,1694.751933,1778.902317,13.62481181,107.5107403,3.7579542,234.3060982,2.43154076,4.248672468,0.696419461,1.121474128,134.4726292,2.245210517,21.98058692,22.29482679,22.44703773
2264.3592,1317.019163,2638.550502,1694.777333,1778.932794,13.62227576,107.3876566,3.827309666,233.846854,2.486731382,4.247743002,0.698689844,1.135480713,134.5042102,2.244553021,21.9807708,22.29670493,22.45554577
2264.5116,1317.086215,2638.684678,1694.802733,1778.963282,13.61972428,106.7195487,3.789824653,232.7697526,2.467770454,4.24668531,0.695439827,1.146741306,134.5183107,2.244371875,21.98109579,22.29858307,22.46912089
2264.664,1317.153271,2638.818862,1694.828133,1778.993761,13.61718461,106.4766526,3.836278736,232.1261354,2.498851083,4.24564288,0.696727538,1.152250535,134.5224738,2.245387667,21.98161283,22.30046121,22.46009753
2264.8164,1317.220328,2638.953046,1694.853533,1779.02424,13.61464707,106.7000042,3.975878263,231.9607142,2.588102942,4.244607356,0.703133071,1.156909274,134.513163,2.247053935,21.98225613,22.30233935,22.45154161
2264.9688,1317.287384,2639.087229,1694.878933,1779.05472,13.61210695,106.6709552,4.084215472,231.5524995,2.650860843,4.243526655,0.708227599,1.15997143,134.5074397,2.248199826,21.98285857,22.30421749,22.43038298
2265.1212,1317.35444,2639.221412,1694.904333,1779.0852,13.60956661,106.0533037,4.084506282,231.0159901,2.666962459,4.240856779,0.708728755,1.161520008,134.5001895,2.247940079,21.98360379,22.30609563,22.43358771
2265.2736,1317.421496,2639.355595,1694.929733,1779.11568,13.60702664,105.5822363,4.077523446,230.6528139,2.664190598,4.238162433,0.708817743,1.17045837,134.5056701,2.247050937,21.98428978,22.30797377,22.45134827
2265.426,1317.488552,2639.489778,1694.955133,1779.14616,13.60448668,105.3515896,4.086405508,230.4500303,2.647846006,4.235892864,0.709554628,1.183551751,134.4884284,2.247175964,21.98526364,22.30985191,22.47704774
2265.5784,1317.555608,2639.623961,1694.980533,1779.17664,13.60194667,105.3523169,4.141010709,230.4845794,2.645489903,4.233890741,0.712920325,1.188744848,134.4680329,2.248157751,21.98637241,22.31173004,22.47930752
2265.7308,1317.622664,2639.758144,1695.005933,1779.20712,13.59940667,105.6592484,4.244882117,230.8094596,2.654485544,4.232277024,0.718984331,1.18197602,134.4513835,2.249267374,21.98775463,22.31360818,22.47402777
2265.8832,1317.68972,2639.892327,1695.031333,1779.2376,13.59686667,102.7384603,4.24911187,230.9072486,2.693169807,4.232001107,0.727458634,1.176037493,134.4241268,2.250566249,21.98911826,22.31548632,22.46420718
2266.0356,1317.756776,2640.026511,1695.056733,1779.26808,13.59432667,98.1011569,4.184004829,230.9168836,2.728058725,4.234113138,0.736185048,1.172534724,134.3924047,2.251297269,21.99055245,22.31736446,22.45700291
2266.188,1317.823832,2640.160694,1695.082133,1779.29856,13.59178667,97.6643656,4.207086128,231.4679882,2.655934397,4.240404548,0.739408425,1.173530814,134.3643619,2.251606174,21.99244483,22.3192426,22.45985706
2266.3404,1317.890888,2640.294877,1695.107533,1779.32904,13.58924667,94.40453546,4.164751301,231.9799424,2.620692292,4.248148748,0.74628294,1.194226991,134.3483837,2.252091796,21.99455002,22.32112074,22.47766652
2266.4928,1317.957944,2640.42906,1695.132933,1779.35952,13.58670667,92.51250629,4.145381893,232.471789,2.565536672,4.256049484,0.750741477,1.215761876,134.3359396,2.252387807,21.99659739,22.32299888,22.49423884
2266.6452,1318.025,2640.563243,1695.158333,1779.39,13.58416667,92.3210886,4.158267941,232.9662163,2.487284167,4.264066216,0.752459716,1.2309023,134.3257151,2.252722419,21.99887839,22.32487702,22.50621557
2266.7976,1318.092056,2640.697426,1695.183733,1779.42048,13.58162667,90.91675424,4.129864384,233.3671605,2.422374491,4.273136875,0.754750388,1.245354681,134.2992461,2.253190307,22.00134219,22.32675516,22.51382251
2266.95,1318.159112,2640.831609,1695.209133,1779.45096,13.57908667,89.32009256,4.081018359,233.677802,2.357190399,4.282985247,0.756079009,1.248041677,134.2721432,2.253718164,22.00351546,22.3286333,22.50981112
2267.1024,1318.226168,2640.965792,1695.234533,1779.48144,13.57654667,81.8341606,3.886348635,234.1336999,2.307638477,4.294829759,0.766655778,1.247586156,134.26569,2.254070493,22.00505465,22.33051144,22.49904792
2267.2548,1318.293224,2641.099976,1695.259933,1779.51192,13.57400667,75.3684846,3.713440533,234.6091093,2.272449099,4.307640933,0.775738805,1.247437874,134.2560003,2.254242799,22.00685858,22.33238958,22.50358536
2267.4072,1318.36028,2641.234159,1695.285333,1779.5424,13.57146667,73.66468946,3.642490349,234.9840318,2.233005876,4.320615703,0.776808863,1.244113519,134.2370476,2.254333669,22.0089594,22.33426772,22.50830806
2267.5596,1318.427336,2641.368342,1695.310733,1779.57288,13.56892667,78.72574447,3.724238118,235.2532448,2.191029265,4.333539308,0.767045768,1.248209015,134.2040467,2.254561633,22.01175496,22.33614586,22.50725342
2267.712,1318.494392,2641.502525,1695.336133,1779.60336,13.56638667,77.42775233,3.657596935,235.5728738,2.136251528,4.340863633,0.767914718,1.256397423,134.1548267,2.255702158,22.01404353,22.338024,22.50413343
2267.8644,1318.561448,2641.636708,1695.361533,1779.63384,13.56384667,68.91403191,3.421395546,235.9494327,2.064677456,4.341951254,0.780784475,1.259996486,134.1056846,2.257684221,22.01634256,22.33990214,22.49921515
2268.0168,1318.628504,2641.770891,1695.386933,1779.66432,13.56130667,62.66644112,3.239953062,236.2972721,1.992145702,4.342289623,0.79027601,1.258318491,134.0653146,2.259880677,22.01866461,22.34178028,22.49324288
2268.1692,1318.69556,2641.905074,1695.412333,1779.6948,13.55876667,64.69997337,3.276234102,236.6548808,1.988607949,4.362170683,0.784976325,1.259882108,134.0354715,2.260835556,22.02098884,22.34365842,22.50577558
2268.3216,1318.762616,2642.039257,1695.437733,1779.72528,13.55622667,66.6062507,3.301502363,236.9042005,1.985435299,4.377029212,0.779804848,1.257096777,134.0055954,2.260350456,22.0232675,22.34553656,22.51045316
2268.474,1318.829672,2642.173441,1695.463133,1779.75576,13.55368667,69.01454947,3.330129411,237.0312853,1.983033589,4.386595874,0.773784105,1.250884365,133.9778993,2.260170582,22.02544276,22.3474147,22.50463136
2268.6264,1318.896728,2642.307624,1695.488533,1779.78624,13.55114667,68.21162425,3.279994349,237.1243904,1.968567752,4.388919896,0.773392193,1.241350862,133.9306657,2.261001038,22.02796136,22.34929284,22.50128364
2268.7788,1318.963784,2642.441807,1695.513933,1779.81672,13.54860667,64.63008984,3.15932876,237.1532736,1.945341364,4.383715512,0.777804829,1.217772873,133.8772858,2.262737424,22.03034179,22.35117098,22.50469642
2268.9312,1319.03084,2642.57599,1695.539333,1779.8472,13.54606667,61.97326834,3.107696886,237.599453,1.917623998,4.398970501,0.781126913,1.242593691,133.8286716,2.264790733,22.03317129,22.35304912,22.51538753
2269.0836,1319.097896,2642.710173,1695.564733,1779.87768,13.54352667,63.17450987,3.121765873,237.7669787,1.921858276,4.408418665,0.777785206,1.298468336,133.785103,2.266459065,22.03540337,22.35492726,22.55344131
2269.236,1319.164952,2642.844356,1695.590133,1779.90816,13.54098667,66.0047958,3.136843849,237.5392934,1.951414088,4.403360443,0.771432176,1.317812438,133.7428519,2.267613647,22.03754378,22.3568054,22.55628069
2269.3884,1319.232008,2642.978539,1695.615533,1779.93864,13.53844667,68.40345925,3.183930429,237.6758728,1.975898644,4.414849104,0.766194029,1.311663608,133.6935822,2.268517272,22.03941365,22.35868354,22.56297387
2269.5408,1319.299064,2643.112723,1695.640933,1779.96912,13.53590667,71.41167009,3.21248839,237.5589071,2.01054427,4.416365754,0.759507332,1.270695895,133.6464127,2.269557827,22.04162242,22.36056168,22.54847521
2269.6932,1319.36612,2643.246905,1695.666333,1779.9996,13.53336667,75.04056402,3.216681349,237.137289,2.057236132,4.405794561,0.751264433,1.237323442,133.6032588,2.27064838,22.04367693,22.36243982,22.5331556
2269.8456,1319.433176,2643.381089,1695.691733,1780.03008,13.53082667,79.26566648,3.245768642,236.8351991,2.109350399,4.402740668,0.74197198,1.255833656,133.5672188,2.271864422,22.046037,22.36431796,22.5430624
2269.998,1319.500232,2643.515272,1695.717133,1780.06056,13.52828667,84.41395456,3.28873032,236.5001622,2.171585953,4.40092296,0.730853526,1.296722178,133.539278,2.272888715,22.048119,22.3661961,22.57290779
2270.1504,1319.567288,2643.649455,1695.742533,1780.09104,13.52574667,86.60586347,3.393562176,236.878705,2.137444864,4.410154471,0.728400403,1.310292208,133.522341,2.273678642,22.0499422,22.36807424,22.59210625
2270.3028,1319.634344,2643.783638,1695.767933,1780.12152,13.52320667,87.93291166,3.408598919,236.9302724,2.149117593,4.412784362,0.725390214,1.296169093,133.5091891,2.274574592,22.05147568,22.36995238,22.60863674
2270.4552,1319.7014,2643.917821,1695.793333,1780.152,13.52066667,89.61686667,3.372965699,236.6601804,2.197712984,4.407959057,0.720251182,1.269787672,133.4894021,2.275554392,22.05274618,22.37183052,22.59359859
2270.6076,1319.768456,2644.052004,1695.818733,1780.18248,13.51812667,91.30130702,3.259777877,235.9764205,2.294135573,4.393317357,0.713071116,1.232603444,133.469023,2.276436047,22.05472667,22.37370866,22.58911095
2270.76,1319.835512,2644.186188,1695.844133,1780.21296,13.51558667,93.23613436,3.251892403,235.7365565,2.311623878,4.385341293,0.70799566,1.240688078,133.4524056,2.277368131,22.05639131,22.3755868,22.58396123
2270.9124,1319.902568,2644.32037,1695.869533,1780.24344,13.51304667,95.57882684,3.364192902,235.9817252,2.240530736,4.384252633,0.705086789,1.28758694,133.4458706,2.27818252,22.05785552,22.37746494,22.62456543
2271.0648,1319.969624,2644.454554,1695.894933,1780.27392,13.51050667,96.12681794,3.35612348,235.9493818,2.224801441,4.379544435,0.703178819,1.307593148,133.450023,2.278544585,22.05899123,22.37934308,22.62808521
2271.2172,1320.03668,2644.588737,1695.920333,1780.3044,13.50796667,94.33726389,3.229249634,235.7564941,2.256827996,4.374731769,0.7035808,1.282690981,133.4556916,2.278744996,22.05988266,22.38122121,22.62341803
2271.3696,1320.103736,2644.72292,1695.945733,1780.33488,13.50542667,92.56679293,3.108134075,235.5965098,2.28405632,4.371519331,0.703825429,1.229210805,133.4621897,2.278680182,22.06004107,22.38309935,22.60222853
2271.522,1320.170792,2644.857103,1695.971133,1780.36536,13.50288667,90.76936597,2.984000065,235.4325842,2.311731693,4.369214412,0.703770441,1.180502503,133.4750844,2.278335675,22.06003404,22.38497749,22.57776004
2271.6744,1320.237848,2644.991286,1695.996533,1780.39584,13.50034667,89.111827,2.921493425,235.5124331,2.288533057,4.369822256,0.704844943,1.16897002,133.4969827,2.277824125,22.05988222,22.38685563,22.5663938
2271.8268,1320.304904,2645.125469,1696.021933,1780.42632,13.49780667,87.55071686,2.910216518,235.806054,2.223575771,4.373723822,0.706812064,1.204298684,133.5239064,2.277123406,22.05970219,22.38873377,22.58223212
2271.9792,1320.37196,2645.259653,1696.047333,1780.4568,13.49526667,87.3422101,2.849073515,235.7913085,2.2445538,4.375349815,0.705533331,1.256912433,133.5613785,2.27608259,22.05935573,22.39061191,22.60165681
2272.1316,1320.439016,2645.393835,1696.072733,1780.48728,13.49272667,84.83230167,2.739473,235.8599885,2.222858909,4.376059731,0.706501125,1.280343052,133.6011666,2.274801168,22.05832008,22.39249005,22.61314024
2272.284,1320.506072,2645.528019,1696.098133,1780.51776,13.49018667,82.60124665,2.624248965,235.9174304,2.214771258,4.378045914,0.706789378,1.261554158,133.6426484,2.273254715,22.05699327,22.39436819,22.6319587
2272.4364,1320.573128,2645.662202,1696.123533,1780.54824,13.48764667,81.62192276,2.479754264,235.7760263,2.274212929,4.380003357,0.704425284,1.237875588,133.6821127,2.271375432,22.05609682,22.39624633,22.59376807
2272.5888,1320.640184,2645.796385,1696.148933,1780.57872,13.48510667,79.61288221,2.354054396,235.7345372,2.294307176,4.381390975,0.704341739,1.226599053,133.724442,2.269387375,22.05513207,22.39812447,22.56323997
2272.7412,1320.70724,2645.930568,1696.174333,1780.6092,13.48256667,76.38360318,2.250699879,235.8189073,2.26744337,4.382419022,0.706939873,1.224213563,133.7693439,2.267041115,22.05429998,22.40000261,22.55474936
2272.8936,1320.774296,2646.064751,1696.199733,1780.63968,13.48002667,73.36486775,2.126541027,235.7795579,2.274111807,4.382546487,0.708911524,1.224428187,133.8163587,2.264606959,22.05342131,22.40188075,22.54756141
2273.046,1320.841352,2646.198935,1696.225133,1780.67016,13.47748667,71.88090521,2.037567275,235.6377093,2.294689795,4.381220278,0.709180187,1.216009984,133.8569799,2.262249093,22.0520621,22.40375889,22.56128724
2273.1984,1320.908408,2646.333118,1696.250533,1780.70064,13.47494667,73.80478142,2.067336919,235.4722666,2.312177504,4.379592592,0.706581801,1.212517537,133.8970094,2.259798233,22.05082352,22.40563703,22.55017842
2273.3508,1320.975464,2646.4673,1696.275933,1780.73112,13.47240667,74.71507895,2.105580659,235.3734344,2.321022832,4.378574041,0.706414936,1.21518044,133.9326036,2.257320259,22.04961252,22.40751517,22.53732924
2273.5032,1321.04252,2646.601483,1696.301333,1780.7616,13.46986667,74.40647739,2.147468744,235.3225487,2.314086812,4.377176752,0.708817556,1.212131412,133.9673767,2.254655585,22.04813836,22.40939331,22.52098697
2273.6556,1321.109576,2646.735667,1696.326733,1780.79208,13.46732667,72.64976994,2.197258121,235.3506517,2.28624535,4.375741914,0.714368949,1.204592486,134.0063802,2.252150465,22.04698715,22.41127145,22.51184542
2273.808,1321.176632,2646.86985,1696.352133,1780.82256,13.46478667,71.74906996,2.243549161,235.3915775,2.244240147,4.375080185,0.717702066,1.194827418,134.0481736,2.250569826,22.04542295,22.41314959,22.51978391
2273.9604,1321.243688,2647.004033,1696.377533,1780.85304,13.46224667,71.75291075,2.286062491,235.4502353,2.18410684,4.375190105,0.7186326,1.183986612,134.0786337,2.250111972,22.04349915,22.41502773,22.53802123
2274.1128,1321.310744,2647.138216,1696.402933,1780.88352,13.45970667,71.93606445,2.333578689,235.4744966,2.179622153,4.376159898,0.718991352,1.177764162,134.0964199,2.250430059,22.0418144,22.41690587,22.53813134
2274.2652,1321.3778,2647.2724,1696.428333,1780.914,13.45716667,72.40444433,2.383837756,235.5294593,2.175609731,4.378071464,0.718399306,1.176890757,134.0989807,2.250009222,22.04099975,22.41878401,22.52658093
2274.4176,1321.444856,2647.406583,1696.453733,1780.94448,13.45462667,72.6922823,2.4232669,235.575538,2.179022328,4.380240466,0.717907011,1.188178057,134.1025527,2.247725915,22.03998196,22.42066215,22.51673844
2274.57,1321.511912,2647.540765,1696.479133,1780.97496,13.45208667,72.69137512,2.451632271,235.6172195,2.190013537,4.382696189,0.717742037,1.196013539,134.1055244,2.24510934,22.03881846,22.42254029,22.52746041
2274.7224,1321.578968,2647.674948,1696.504533,1781.00544,13.44954667,72.9273607,2.473881711,235.6917133,2.188041424,4.385962211,0.7166145,1.190170795,134.1135448,2.24418221,22.03844125,22.42441843,22.53739617
2274.8748,1321.646024,2647.809132,1696.529933,1781.03592,13.44700667,73.34930695,2.486476814,235.7828055,2.181109959,4.389949748,0.7146251,1.194518977,134.096959,2.245256413,22.03899664,22.42629657,22.55391034
2275.0272,1321.71308,2647.943315,1696.555333,1781.0664,13.44446667,73.8597186,2.432781301,235.8724201,2.202703069,4.395020657,0.709873724,1.191580802,134.0706197,2.247501546,22.04045559,22.42817471,22.55356672
2275.1796,1321.780136,2648.077498,1696.580733,1781.09688,13.44192667,73.5434571,2.496726249,236.1505022,2.146448948,4.40092908,0.711485803,1.178103314,134.0469607,2.249700776,22.04211307,22.43005285,22.56169442
2275.332,1321.847192,2648.211681,1696.606133,1781.12736,13.43938667,73.6452115,2.476426899,236.3881038,2.13131465,4.407933586,0.708964531,1.173178805,134.0221958,2.251155014,22.04402683,22.43193099,22.56906785
2275.4844,1321.914248,2648.345864,1696.631533,1781.15784,13.43684667,74.28331783,2.338659107,236.5628873,2.176428673,4.416220639,0.700790392,1.170474609,134.01333,2.251771734,22.04587448,22.43380913,22.57910118
2275.6368,1321.981304,2648.480048,1696.656933,1781.18832,13.43430667,74.94665786,2.355208269,236.73873,2.165510496,4.421462725,0.698996994,1.172007909,134.0067422,2.251882261,22.04811741,22.43568727,22.58595443
2275.7892,1322.04836,2648.61423,1696.682333,1781.2188,13.43176667,75.62959552,2.54816561,236.9152107,2.091045641,4.423259471,0.704523935,1.175241597,133.9952718,2.251779463,22.05040711,22.43756541,22.59848551
2275.9416,1322.115416,2648.748413,1696.707733,1781.24928,13.42922667,76.71755502,2.757174567,237.0388856,2.026856933,4.423839456,0.710171507,1.170733854,133.9725611,2.253096372,22.05328073,22.43944355,22.61456107
2276.094,1322.182472,2648.882597,1696.733133,1781.27976,13.42668667,75.80594867,2.583100234,237.3089186,2.033041161,4.433747417,0.702968878,1.161810453,133.9397566,2.256275751,22.05659076,22.44132169,22.62323907
2276.2464,1322.249528,2649.01678,1696.758533,1781.31024,13.42414667,74.58599535,2.261711893,237.6102587,2.066204873,4.446659018,0.690023476,1.158953625,133.8844989,2.259579539,22.0603876,22.44319983,22.61038888
2276.3988,1322.316584,2649.150963,1696.783933,1781.34072,13.42160667,74.62280206,2.087370951,237.8129365,2.074472897,4.455001152,0.681218521,1.162095902,133.8456203,2.262346511,22.06412531,22.44507797,22.59867159
2276.5512,1322.38364,2649.285146,1696.809333,1781.3712,13.41906667,75.47079549,2.095485492,237.942594,2.038975425,4.458513804,0.678780104,1.164860309,133.8147684,2.264510347,22.06811871,22.44695611,22.59690103
2276.7036,1322.450696,2649.419329,1696.834733,1781.40168,13.41652667,77.3859664,2.310524597,237.9825626,1.955483332,4.456432815,0.683307561,1.165448957,133.7960326,2.266389644,22.07240945,22.44883425,22.61554212
2276.856,1322.517752,2649.553513,1696.860133,1781.43216,13.41398667,76.23873844,2.205706257,238.1498283,1.944559853,4.463530226,0.679685872,1.167250417,133.7846655,2.268486813,22.0768988,22.45071238,22.63104466
2277.0084,1322.584808,2649.687695,1696.885533,1781.46264,13.41144667,72.04525808,1.784412469,238.447012,2.004077639,4.479780362,0.668169644,1.173547773,133.7664161,2.270946349,22.08158185,22.45259052,22.63729928
2277.1608,1322.651864,2649.821878,1696.910933,1781.49312,13.40890667,73.67517746,1.868572685,238.4836289,1.958252408,4.48077676,0.670495853,1.184186313,133.740121,2.273602053,22.08648454,22.45446866,22.63500024
2277.3132,1322.71892,2649.956061,1696.936333,1781.5236,13.40636667,72.87963758,1.746964166,238.6066262,1.956510052,4.487959762,0.668393796,1.192978383,133.7094901,2.276080822,22.09158801,22.4563468,22.62108286
2277.4656,1322.785976,2650.090245,1696.961733,1781.55408,13.40382667,72.95377419,1.70679299,238.70426,1.941333019,4.492691655,0.668356046,1.192507637,133.6820508,2.278223156,22.09680439,22.45822494,22.62068628
2277.618,1322.853032,2650.224428,1696.987133,1781.58456,13.40128667,74.17605209,1.777583512,238.7660536,1.906327449,4.494130334,0.671155618,1.182067299,133.6585394,2.279835068,22.10157988,22.46010308,22.63158356
2277.7704,1322.920088,2650.358611,1697.012533,1781.61504,13.39874667,73.92790334,1.704522632,238.8983253,1.904500724,4.499810757,0.670526991,1.17251565,133.642028,2.280998676,22.10639694,22.46198122,22.6303953
2277.9228,1322.987144,2650.492794,1697.037933,1781.64552,13.39620667,72.97078948,1.55262944,239.0773846,1.922890803,4.507781445,0.667917386,1.179448308,133.6203939,2.282415948,22.11118684,22.46385936,22.63217181
2278.0752,1323.0542,2650.626977,1697.063333,1781.676,13.39366667,71.45411751,1.426847169,239.2409465,1.944295204,4.513982786,0.667106776,1.191561996,133.5952498,2.284291331,22.11617755,22.4657375,22.61678079
2278.2276,1323.121256,2650.76116,1697.088733,1781.70648,13.39112667,69.32107815,1.316364264,239.4156752,1.968374093,4.518971998,0.667741232,1.205231483,133.5794123,2.285722137,22.12103462,22.46761564,22.61320307
2278.38,1323.188312,2650.895343,1697.114133,1781.73696,13.38858667,68.63552364,1.300104245,239.7427961,1.952417402,4.523406265,0.670104166,1.214553115,133.5701783,2.286363678,22.12516137,22.46949378,22.62172326
2278.5324,1323.255368,2651.029526,1697.139533,1781.76744,13.38604667,70.19235312,1.441088132,240.2763949,1.872046617,4.5264702,0.675536891,1.200994454,133.5693453,2.286313313,22.12897792,22.47137192,22.62437004
2278.6848,1323.322424,2651.16371,1697.164933,1781.79792,13.38350667,70.19063574,1.449225573,240.5357731,1.854149873,4.528752877,0.676290727,1.198378629,133.5576173,2.287080158,22.13248299,22.47325006,22.62467154
2278.8372,1323.38948,2651.297893,1697.190333,1781.8284,13.38096667,68.4578393,1.309097846,240.4784297,1.90754532,4.530016854,0.671813689,1.21156047,133.5470087,2.28863554,22.13562355,22.4751282,22.61724149
2278.9896,1323.456536,2651.432076,1697.215733,1781.85888,13.37842667,67.56247662,1.21627637,240.3841238,1.949577494,4.529232602,0.666947894,1.215090885,133.5409383,2.289137109,22.1386986,22.47700634,22.63417795
2279.142,1323.523592,2651.566259,1697.241133,1781.88936,13.37588667,66.01523718,1.387558125,240.8349506,1.908460411,4.532960595,0.680779304,1.214154724,133.539757,2.288682759,22.14193096,22.47888448,22.61883172
2279.2944,1323.590648,2651.700442,1697.266533,1781.91984,13.37334667,64.2992701,1.505436024,241.2541318,1.882449263,4.536843053,0.691379122,1.205247152,133.5452855,2.288242877,22.14433544,22.48076262,22.63195186
2279.4468,1323.657704,2651.834625,1697.291933,1781.95032,13.37080667,62.6705424,1.559386626,241.6016625,1.874274251,4.540214577,0.697188959,1.193226467,133.5495923,2.287731325,22.14639338,22.48264076,22.63549625
2279.5992,1323.72476,2651.968808,1697.317333,1781.9808,13.36826667,60.51659808,1.522749961,241.7250876,1.907956142,4.541902679,0.697731072,1.195411651,133.5551901,2.287494232,22.14813583,22.4845189,22.63942063
2279.7516,1323.791816,2652.102991,1697.342733,1782.01128,13.36572667,57.8275966,1.380305672,241.6324739,1.98549288,4.542193751,0.692168199,1.212171187,133.5565308,2.287201696,22.14994033,22.48639704,22.65168051
2279.904,1323.858872,2652.237175,1697.368133,1782.04176,13.36318667,55.31802821,1.413701452,241.5381049,2.025782204,4.543085835,0.700967509,1.215224718,133.5534252,2.286575077,22.15195278,22.48827518,22.65184296
2280.0564,1323.925928,2652.371358,1697.393533,1782.07224,13.36064667,53.48575551,1.523435371,241.4827902,2.043309937,4.542354648,0.713045998,1.204168462,133.5520728,2.285951156,22.1538033,22.49015332,22.64157029
2280.2088,1323.992984,2652.505541,1697.418933,1782.10272,13.35810667,52.35469444,1.479488739,241.3960072,2.09138948,4.537611213,0.708981223,1.194307901,133.5541807,2.285420638,22.15486644,22.49203146,22.63827353
2280.3612,1324.06004,2652.639724,1697.444333,1782.1332,13.35556667,51.02283414,1.544290243,241.2220572,2.125520499,4.533204856,0.715650503,1.180666752,133.5725052,2.284719046,22.15554054,22.4939096,22.64428435
2280.5136,1324.127096,2652.773907,1697.469733,1782.16368,13.35302667,50.31656193,1.554471684,241.0962815,2.161102658,4.527840761,0.715826854,1.178839141,133.5994111,2.283974962,22.1559905,22.49578774,22.67425037
2280.666,1324.194152,2652.90809,1697.495133,1782.19416,13.35048667,50.2670329,1.491656693,241.0239636,2.201014246,4.52145161,0.707951693,1.195613218,133.6258161,2.282971531,22.15612678,22.49766588,22.6939182
2280.8184,1324.261208,2653.042273,1697.520533,1782.22464,13.34794667,50.53618515,1.493811818,240.969419,2.222625403,4.515116212,0.705104835,1.213333201,133.6453898,2.281954858,22.15655715,22.49954402,22.68937855
2280.9708,1324.328264,2653.176456,1697.545933,1782.25512,13.34540667,51.34386197,1.522033996,240.9718371,2.228712505,4.508567144,0.703159058,1.200531606,133.6605005,2.281218958,22.15698188,22.50142216,22.67833978
2281.1232,1324.39532,2653.310639,1697.571333,1782.2856,13.34286667,52.85969939,1.651692867,239.9619614,2.3020493,4.493835204,0.710005496,1.16663188,133.6767028,2.280820321,22.15610427,22.5033003,22.65701172
2281.2756,1324.462376,2653.444823,1697.596733,1782.31608,13.34032667,55.06906068,1.692883107,239.1224819,2.365120945,4.479101888,0.70956698,1.129662646,133.7017552,2.280622634,22.15526373,22.50517844,22.64737542
2281.428,1324.529432,2653.579006,1697.622133,1782.34656,13.33778667,58.11869664,1.638726698,238.6532225,2.401421764,4.465570145,0.699820034,1.111040437,133.732136,2.280072488,22.15390053,22.50705658,22.65529336
2281.5804,1324.596488,2653.713189,1697.647533,1782.37704,13.33524667,62.08631858,1.443636377,238.6865394,2.405217882,4.453951919,0.677157657,1.141413713,133.7578448,2.278578751,22.15277903,22.50893472,22.66418035
2281.7328,1324.663544,2653.847372,1697.672933,1782.40752,13.33270667,64.17117614,1.409660697,238.2252738,2.460907879,4.443151688,0.669193398,1.152311308,133.7840755,2.275993212,22.15218221,22.51081286,22.65795212
2281.8852,1324.7306,2653.981555,1697.698333,1782.438,13.33016667,64.17734301,1.556266447,237.2025175,2.575263283,4.433137512,0.677533408,1.136686197,133.809932,2.272568941,22.15153578,22.512691,22.63864712
2282.0376,1324.797656,2654.115738,1697.723733,1782.46848,13.32762667,65.39080359,1.659577696,236.3371265,2.675669279,4.421598286,0.679650094,1.144811778,133.8425901,2.270078423,22.15029876,22.51456914,22.64236556
2282.19,1324.864712,2654.249921,1697.749133,1782.49896,13.32508667,70.87784168,1.717022054,235.6110738,2.730539282,4.401110106,0.670214104,1.145076541,133.8772142,2.269815017,22.14929801,22.51644728,22.64683613
2282.3424,1324.931768,2654.384104,1697.774533,1782.52944,13.32254667,75.67529655,1.803781421,234.9776958,2.781665023,4.383426899,0.663931476,1.135633958,133.9158136,2.270535628,22.14818095,22.51832541,22.66383434
2282.4948,1324.998824,2654.518288,1697.799933,1782.55992,13.32000667,79.82180521,1.906941654,234.4923321,2.825240198,4.368894407,0.659740712,1.104578109,133.9544741,2.27039601,22.14730621,22.52020355,22.64108199
2282.6472,1325.06588,2654.652471,1697.825333,1782.5904,13.31746667,82.29829169,2.107590083,233.8038,2.899804056,4.357037914,0.6649012,1.069972804,133.9951741,2.268779112,22.14612581,22.52208169,22.62316384
2282.7996,1325.132936,2654.786654,1697.850733,1782.62088,13.31492667,83.18626591,2.399018458,232.9796159,2.99732934,4.348268331,0.678935785,1.092622675,134.0338341,2.266145506,22.14469335,22.52395983,22.61847431
2282.952,1325.199992,2654.920837,1697.876133,1782.65136,13.31238667,86.01639527,2.625908761,232.1960082,3.038598544,4.330649046,0.684441792,1.120543079,134.0631761,2.263686294,22.14370599,22.52583797,22.6189959
2283.1044,1325.267048,2655.05502,1697.901533,1782.68184,13.30984667,88.18943098,2.790617979,231.8311794,3.033216525,4.320503196,0.687608939,1.122790843,134.0947056,2.262126715,22.14258078,22.52771611,22.64018998
2283.2568,1325.334104,2655.189203,1697.926933,1782.71232,13.30730667,89.4842455,2.967065348,231.6151723,3.007440436,4.31445762,0.693464121,1.11936523,134.1233023,2.260964554,22.14215524,22.52959425,22.63373662
2283.4092,1325.40116,2655.323386,1697.952333,1782.7428,13.30476667,92.04592032,3.120291899,231.3815305,2.935447924,4.301152459,0.695043222,1.097670836,134.1513045,2.259837751,22.14184214,22.53147239,22.62871347
2283.5616,1325.468216,2655.457569,1697.977733,1782.77328,13.30222667,93.98880796,3.217388553,231.2420042,2.88143026,4.293206106,0.695770973,1.086504749,134.1763869,2.258608633,22.14207628,22.53335053,22.61641026
2283.714,1325.535272,2655.591753,1698.003133,1782.80376,13.29968667,95.15815856,3.255889848,231.2083995,2.849382137,4.291656368,0.696028399,1.094814666,134.1976285,2.257165764,22.14233847,22.53522867,22.60552938
2283.8664,1325.602328,2655.725936,1698.028533,1782.83424,13.29714667,97.23839389,3.222138357,231.244018,2.7901721,4.287434023,0.690725349,1.103792433,134.2224426,2.255751216,22.14285604,22.53710681,22.60522345
2284.0188,1325.669384,2655.860119,1698.053933,1782.86472,13.29460667,99.15327197,3.177675307,231.4031629,2.714717511,4.283247668,0.684521172,1.121447954,134.2455946,2.254600768,22.14348636,22.53898495,22.59980283
2284.1712,1325.73644,2655.994302,1698.079333,1782.8952,13.29206666,97.10052699,3.450989205,231.6634952,2.624115712,4.27908715,0.69871346,1.126757134,134.2649974,2.253523868,22.1441404,22.54086309,22.61580818
2284.3236,1325.803496,2656.128485,1698.104733,1782.92568,13.28952665,96.13049702,3.48248814,231.887788,2.539201982,4.276808411,0.701921375,1.113504025,134.2760762,2.252105965,22.14509874,22.54274123,22.64713188
2284.476,1325.870552,2656.262668,1698.130133,1782.95616,13.28698663,95.84729559,3.315315738,232.1776726,2.459958845,4.277844944,0.696044971,1.093772227,134.2779727,2.250477933,22.14520453,22.54461937,22.65582786
2284.6284,1325.937608,2656.396851,1698.155533,1782.98664,13.2844466,96.43051333,2.902221405,232.504675,2.391319226,4.282748692,0.679187644,1.066850554,134.271507,2.248905276,22.14583109,22.54649751,22.63464787
2284.7808,1326.004664,2656.531034,1698.180934,1783.017121,13.28190645,96.0308567,2.966289006,232.5944769,2.392676176,4.283745014,0.683583486,1.082200951,134.2413359,2.24761051,22.14687413,22.54837565,22.62145049
2284.9332,1326.071719,2656.665215,1698.206335,1783.047601,13.27936617,94.46156535,3.565951179,232.4309673,2.472803828,4.280725629,0.711929067,1.148075572,134.217433,2.246502221,22.14837417,22.55025379,22.62101912
2285.0856,1326.138774,2656.799397,1698.231737,1783.078082,13.27682581,93.53087411,3.625915332,232.5514902,2.439560808,4.282760415,0.716492161,1.188303079,134.1806902,2.24569663,22.1514717,22.55213193,22.62600933
2285.238,1326.205829,2656.933578,1698.25714,1783.108563,13.27428534,92.56727549,3.490535279,232.7857912,2.349716587,4.287045363,0.712689062,1.160121922,134.1584666,2.244922887,22.15318895,22.55401007,22.64410707
2285.3904,1326.272888,2657.067766,1698.282534,1783.139041,13.27174645,92.09107496,3.341203466,232.9708778,2.277689106,4.290299512,0.707394726,1.105138779,134.1350436,2.244523406,22.15551132,22.55588821,22.65087412
2285.5428,1326.33995,2657.201962,1698.30792,1783.169513,13.2692093,92.21592411,3.145265354,233.1108172,2.222709183,4.292773376,0.699123241,1.081317582,134.0993124,2.244880847,22.15822686,22.55776635,22.66076526
2285.6952,1326.407014,2657.336162,1698.333301,1783.199984,13.26667308,91.96228788,3.244944008,233.0510814,2.232535836,4.292857379,0.703803143,1.098469647,134.0614576,2.245285296,22.16075815,22.55964449,22.66552425
2285.8476,1326.474082,2657.470369,1698.358675,1783.230451,13.26413827,91.5800153,3.566661156,232.8225846,2.296325556,4.290557641,0.717881727,1.134432072,134.0095662,2.24554582,22.16407989,22.56152263,22.66587108
2286,1326.541131,2657.604538,1698.38409,1783.260939,13.26159518,90.03478027,3.486990293,233.1838116,2.132714332,4.292125468,0.715471327,1.155951395,133.9374598,2.246664383,22.16780005,22.56340077,22.67325891
2286.1524,1326.608159,2657.738665,1698.409552,1783.29145,13.25904286,89.33313299,3.603969119,232.9680713,2.289752405,4.291519067,0.722497215,1.16303434,133.8543753,2.249022005,22.17174172,22.56527891,22.68921492
2286.3048,1326.675178,2657.872775,1698.435035,1783.321971,13.25648632,87.88680939,3.557445788,233.054357,2.323324783,4.291892767,0.722754694,1.166868971,133.7572082,2.252414065,22.17602703,22.56715705,22.69543136
2286.4572,1326.742181,2658.006852,1698.460552,1783.35251,13.25392283,85.35073972,3.188099487,233.6519539,2.154465123,4.29480117,0.709678918,1.162313361,133.6702991,2.254396479,22.18047358,22.56903519,22.71336914
2286.6096,1326.809263,2658.141086,1698.485895,1783.382961,13.25139418,83.35855826,2.966218394,233.9164065,2.143335795,4.296211918,0.703734434,1.158205497,133.5828643,2.254390448,22.18466267,22.57091333,22.70252318
2286.762,1326.876432,2658.275495,1698.511044,1783.413316,13.24890445,82.05390516,2.918841125,233.7870635,2.316261023,4.295737484,0.706079941,1.154875323,133.483228,2.254734876,22.1887483,22.57279147,22.70140596
2286.9144,1326.943639,2658.40998,1698.536109,1783.443628,13.24643156,80.32765971,2.677369161,233.8592845,2.428449047,4.29663925,0.701016883,1.143508355,133.3698538,2.256860252,22.19370732,22.57466961,22.69571751
2287.0668,1327.01091,2658.544594,1698.56103,1783.473869,13.24398717,78.44336698,2.54438091,233.9991178,2.439138942,4.298171782,0.698243768,1.128788318,133.2493138,2.26018994,22.19914675,22.57654775,22.70751777
2287.2192,1327.078228,2658.6793,1698.585849,1783.504058,13.24156354,75.7771162,2.61251479,234.213663,2.349560152,4.29958499,0.702717185,1.126187803,133.1177571,2.263885535,22.20469337,22.57842589,22.7156614
2287.3716,1327.145592,2658.8141,1698.610564,1783.534195,13.23916051,72.3866271,2.584741701,234.465969,2.309920261,4.300897379,0.706325459,1.135661356,132.9894772,2.266598667,22.20966421,22.58030403,22.72852055
2287.524,1327.213036,2658.949058,1698.635103,1783.564245,13.23679267,68.88333477,2.513921601,234.6048765,2.372877269,4.301793015,0.710566736,1.14911923,132.8551981,2.268676031,22.21429246,22.58218217,22.74644526
2287.6764,1327.280558,2659.084173,1698.659467,1783.594207,13.2344598,65.11103013,2.397425086,234.6300531,2.550409082,4.302126474,0.71596314,1.166414567,132.7174728,2.270763897,22.21892896,22.58406031,22.75925392
2287.8288,1327.34791,2659.218949,1698.684208,1783.624358,13.23205162,64.88819741,2.63892736,234.2890082,2.654320727,4.301451764,0.726498631,1.169128924,132.5728365,2.272830128,22.22376285,22.58593845,22.76455487
2287.9812,1327.415077,2659.353353,1698.709363,1783.654715,13.22956075,68.68443155,3.291468797,233.5153651,2.686216544,4.29956401,0.743235648,1.165608507,132.4255584,2.274920685,22.22917232,22.58781658,22.77619154
2288.1336,1327.482177,2659.487625,1698.734664,1783.685145,13.22704049,66.62239019,3.228077519,233.6170269,2.775760255,4.299585752,0.745076794,1.182879285,132.26008,2.276972051,22.2344202,22.58969472,22.78034291
2288.286,1327.549145,2659.621632,1698.760261,1783.715724,13.22446114,66.69254081,3.376069818,233.462898,2.862563347,4.298632968,0.750624526,1.210711405,132.0982421,2.278851369,22.23939208,22.59157286,22.79250475
2288.4384,1327.615985,2659.755383,1698.786141,1783.746444,13.22182516,66.50646463,3.406026185,233.4140753,2.940888583,4.298100828,0.752333798,1.238951051,131.945647,2.280549917,22.24352503,22.593451,22.81095541
2288.5908,1327.682693,2659.88887,1698.812314,1783.77731,13.2191305,65.83901255,3.289655377,233.495875,3.017382,4.298043043,0.74973801,1.243247434,131.7758197,2.282167609,22.24785486,22.59532914,22.79351811
2288.7432,1327.749204,2660.021962,1698.838925,1783.808396,13.21634824,67.44814402,3.366478201,233.3512308,3.062360512,4.297296338,0.749514746,1.224584165,131.6022991,2.283432531,22.25128353,22.59720728,22.80155251
2288.8956,1327.815507,2660.15464,1698.865999,1783.839713,13.21347357,70.55602778,3.531573056,233.102198,3.074007926,4.296273465,0.749260098,1.226713779,131.4238863,2.284261574,22.25536616,22.59908542,22.78833025
2289.048,1327.881408,2660.286514,1698.893964,1783.871475,13.21042057,73.48467204,3.567069704,232.9323972,3.116471696,4.295171059,0.745236703,1.24779114,131.2506536,2.284920852,22.25920046,22.60096356,22.814928
2289.2004,1327.946864,2660.417498,1698.922919,1783.903733,13.20716943,81.30114386,3.896390621,232.1108343,3.1977891,4.292582723,0.745775497,1.276146846,131.0832316,2.285587359,22.26252869,22.6028417,22.83027529
2289.3528,1328.011942,2660.547725,1698.952715,1783.936411,13.20375038,86.41222851,3.888408742,231.7929483,3.266260322,4.290864937,0.737618544,1.307750349,130.9305327,2.286249816,22.2658359,22.60471984,22.84780838
2289.5052,1328.076569,2660.67705,1698.983512,1783.96959,13.20013087,87.08334764,3.374494448,232.2264682,3.331953877,4.290439626,0.717409437,1.334109312,130.7796872,2.286814267,22.2688148,22.60659798,22.86005449
2289.6576,1328.14183,2660.807642,1699.012903,1784.002065,13.19679277,89.79126012,3.285757153,232.1360095,3.362914201,4.289711535,0.710877666,1.310312148,130.6296028,2.287187787,22.27142292,22.60847612,22.83553456
2289.81,1328.20781,2660.939674,1699.040693,1784.03374,13.19377468,94.86863644,3.677875036,231.4483287,3.352899942,4.288659379,0.719692888,1.247237219,130.4861672,2.287163999,22.27369145,22.61035426,22.81752787
2289.9624,1328.273921,2661.071967,1699.068192,1784.06527,13.19081486,97.58508407,3.946846941,231.0099527,3.323410035,4.288470798,0.728356661,1.183178713,130.3550339,2.286985016,22.27559714,22.6122324,22.81808545
2290.1148,1328.33701,2661.198216,1699.10241,1784.100158,13.18651148,104.6052946,3.741895665,230.9787926,3.368369042,4.286187062,0.709084355,1.129647801,130.2313128,2.28675843,22.27781719,22.61411054,22.82725226
2290.2672,1328.39943,2661.323128,1699.138111,1784.135789,13.18191126,111.5242055,3.484169456,231.1072598,3.380539569,4.283948756,0.687248278,1.237417784,130.1186943,2.286374385,22.27931245,22.61598868,22.85110434
2290.4196,1328.462319,2661.448976,1699.172771,1784.170899,13.17751911,116.0484843,3.325594166,231.3137008,3.322204561,4.282809128,0.673687508,1.4149661,130.0005211,2.285781615,22.28088723,22.61786682,22.87493734
2290.572,1328.525922,2661.576252,1699.205845,1784.205216,13.17344428,119.6365457,3.429847136,231.3311623,3.201484136,4.282397414,0.672758081,1.437327698,129.9013851,2.285168468,22.28236873,22.61974496,22.85760556
2290.7244,1328.590292,2661.705065,1699.237213,1784.23868,13.16971085,121.9220226,3.813337271,231.1746995,3.006122213,4.282870749,0.685659791,1.358596155,129.8274314,2.284529642,22.28369154,22.6216231,22.84156378
2290.8768,1328.653813,2661.832179,1699.270468,1784.273088,13.16559977,129.1760747,3.996757179,230.9098058,2.976545551,4.280965161,0.679799999,1.239392264,129.7757919,2.283942131,22.28484182,22.62350124,22.85090879
2291.0292,1328.716419,2661.95746,1699.305759,1784.308513,13.16108158,139.3796427,3.984420196,230.6552282,3.057283763,4.277623687,0.65964185,1.153753858,129.7377297,2.2832007,22.28561206,22.62537938,22.84300233
2291.1816,1328.778962,2662.082617,1699.341188,1784.344007,13.15653586,140.1429804,4.035303536,230.9368853,2.879911122,4.278670226,0.661412381,1.172019275,129.7095864,2.282188057,22.28634594,22.62725752,22.8656915
2291.334,1328.841041,2662.206848,1699.377646,1784.380017,13.15178412,145.3171868,4.044720384,230.9985392,2.827586509,4.277753712,0.651936811,1.250571159,129.6944493,2.281038241,22.28694704,22.62913566,22.86560776
2291.4864,1328.903324,2662.331484,1699.413653,1784.4158,13.14712279,147.9338807,4.033279461,231.1725288,2.733809176,4.277863741,0.646887521,1.316391478,129.6915048,2.279775015,22.28733478,22.6310138,22.86340995
2291.6388,1328.965887,2662.456681,1699.449038,1784.451273,13.14258578,147.4702397,4.016298205,231.4700571,2.584252961,4.279235608,0.647966676,1.343449273,129.694038,2.278390014,22.28740637,22.63289194,22.85906282
2291.7912,1329.028067,2662.581113,1699.485273,1784.48717,13.13787884,149.0186134,3.901953679,231.7004673,2.517229505,4.279584463,0.640673103,1.329718564,129.7149479,2.277160425,22.2872896,22.63477008,22.84060182
2291.9436,1329.09001,2662.705069,1699.522037,1784.523332,13.13306605,150.9350093,3.690500444,231.94304,2.495066025,4.279605811,0.628509167,1.277454543,129.7493889,2.275901668,22.28600869,22.63664822,22.82847545
2292.096,1329.152122,2662.829365,1699.558422,1784.559304,13.1283291,151.4909649,3.619783619,232.1933219,2.460786787,4.280108758,0.621371607,1.244669495,129.7981023,2.274725148,22.2847129,22.63852636,22.83769138
2292.2484,1329.214348,2662.953887,1699.594556,1784.595152,13.12364219,151.0853561,3.590393945,232.2946178,2.445795409,4.280843678,0.61724482,1.236433078,129.8528973,2.273737557,22.28475551,22.6404045,22.87407049
2292.4008,1329.276581,2663.078423,1699.630675,1784.630991,13.11895847,149.2943382,3.45836367,232.2801364,2.455308796,4.281925478,0.613536189,1.221572419,129.9036881,2.272789534,22.28487392,22.64228264,22.83663955
2292.5532,1329.338898,2663.203129,1699.666605,1784.666736,13.11431234,145.737744,3.221840702,232.0706438,2.489447386,4.283485634,0.611799,1.210626682,129.9738231,2.271688853,22.28520689,22.64416078,22.82462897
2292.7056,1329.401241,2663.327887,1699.702478,1784.702453,13.10967779,142.7078329,3.128894022,232.3120462,2.395988974,4.285268789,0.612075357,1.208433341,130.0440861,2.270500714,22.28570459,22.64603892,22.80479801
2292.858,1329.463616,2663.452709,1699.73828,1784.738133,13.10505742,140.0842474,3.194321909,233.0807181,2.154898416,4.287379729,0.614805685,1.206126302,130.1348274,2.269309614,22.28487764,22.64791706,22.80722183
2293.0104,1329.526113,2663.577774,1699.773811,1784.773679,13.10049124,136.5733046,3.27111256,233.8809622,1.880070048,4.289952634,0.620479901,1.200154956,130.2173521,2.268568055,22.28586379,22.6497952,22.81649707
2293.1628,1329.588732,2663.703083,1699.809071,1784.809089,13.09597914,135.4839327,3.161071312,233.3166444,2.060979615,4.291298554,0.618910003,1.193573586,130.3009155,2.268014605,22.28630555,22.65167334,22.82898371
2293.3152,1329.651263,2663.828215,1699.844527,1784.844597,13.09142793,134.7403657,3.05284716,232.9202937,2.19131933,4.292330873,0.616486585,1.186603054,130.3808044,2.267505169,22.28706994,22.65355148,22.81970372
2293.4676,1329.713709,2663.953179,1699.880171,1784.880199,13.0868393,134.2471755,2.938948768,232.6780581,2.271002167,4.2930465,0.613346776,1.183034835,130.4395839,2.267230682,22.28882631,22.65542962,22.80405942
2293.62,1329.776183,2664.078198,1699.915753,1784.91577,13.08226278,133.7280858,2.923103173,232.8410002,2.219160356,4.293963659,0.612686702,1.182870286,130.4971712,2.266978181,22.29032276,22.65730775,22.79269069
2293.7724,1329.838639,2664.20318,1699.951376,1784.951361,13.07767827,133.4169223,2.987936442,233.3873452,2.045576908,4.294873116,0.613500294,1.178913823,130.5607632,2.266426631,22.29196255,22.65918589,22.79635762
2293.9248,1329.901117,2664.328207,1699.98695,1784.986929,13.07310339,134.8820369,3.000687738,233.3985035,2.103235496,4.298043049,0.611115277,1.175176418,130.6288662,2.265447276,22.29395327,22.66106403,22.79629424
2294.0772,1329.963626,2664.453296,1700.022455,1785.022461,13.06854247,135.5879507,2.966558117,233.3005494,2.209232775,4.304118937,0.608777307,1.17424162,130.6943677,2.264029414,22.29607849,22.66294217,22.79748389
2294.2296,1330.026112,2664.578341,1700.058009,1785.058018,13.06397163,135.0827855,2.94095519,233.5186679,2.203603344,4.311864253,0.607909524,1.168948947,130.7393601,2.26299492,22.29848389,22.66482031,22.7590298
2294.382,1330.088586,2664.703358,1700.093592,1785.09359,13.0593949,136.5622585,2.894478604,233.3666028,2.376715386,4.321551871,0.603914518,1.160062198,130.7708726,2.263157844,22.30166192,22.66669845,22.75037151
2294.5344,1330.151069,2664.828397,1700.129153,1785.12915,13.0548228,136.3880047,2.836556981,233.3598678,2.455752637,4.329085927,0.601540155,1.146405414,130.7901261,2.264007822,22.30561481,22.66857659,22.77195887
2294.6868,1330.213556,2664.953442,1700.164706,1785.164707,13.05025219,134.344239,2.767186962,233.5384909,2.42046236,4.334082507,0.60095748,1.135656782,130.8065901,2.264408522,22.30881563,22.67045473,22.78143677
2294.8392,1330.27604,2665.078481,1700.200266,1785.200266,13.04568022,132.6891411,2.657192375,233.4479679,2.485350232,4.33907211,0.598662063,1.135358444,130.8174478,2.263672224,22.31200922,22.67233287,22.77990386
2294.9916,1330.338524,2665.203519,1700.235827,1785.235827,13.04110795,130.5345168,2.504862687,233.1982558,2.588656404,4.342976238,0.595664361,1.13816752,130.8225662,2.262609333,22.31524181,22.67421101,22.77270479
2295.144,1330.401008,2665.328559,1700.271387,1785.271387,13.03653598,134.8064648,2.555262007,233.3997724,2.602870269,4.343337118,0.59438852,1.135557602,130.8134607,2.261961484,22.31906265,22.67608915,22.77066837
2295.2964,1330.463492,2665.453598,1700.306947,1785.306947,13.03196401,135.595217,2.523604367,233.4506181,2.60511675,4.339979405,0.592879344,1.130935599,130.7959551,2.261779138,22.32285051,22.67796729,22.77777294
2295.4488,1330.525976,2665.578637,1700.342507,1785.342507,13.027392,133.1334478,2.407110793,233.3701383,2.584993837,4.333105781,0.59140264,1.129722167,130.7693388,2.261865235,22.32657999,22.67984543,22.77926923
2295.6012,1330.58846,2665.703676,1700.378067,1785.378067,13.02282,126.3939808,2.187343652,233.1445684,2.530158633,4.321897509,0.590050991,1.129309603,130.7358673,2.261939338,22.33044444,22.68172357,22.7886874
2295.7536,1330.650944,2665.828715,1700.413627,1785.413627,13.018248,125.3792216,2.114072061,232.9752942,2.437686754,4.304592835,0.58906946,1.135160041,130.7046299,2.261962531,22.33342434,22.68360171,22.79986828
2295.906,1330.713428,2665.953754,1700.449187,1785.449187,13.013676,130.7561093,2.205800779,232.8873208,2.297083021,4.280592301,0.588623906,1.142934048,130.6753596,2.262187603,22.33632914,22.68547985,22.80867206
2296.0584,1330.775912,2666.078793,1700.484747,1785.484747,13.009104,131.3156266,2.207395802,232.3583425,2.20356347,4.24931437,0.588520325,1.144107097,130.6339189,2.262371146,22.33926733,22.68735799,22.81894568
2296.2108,1330.838396,2666.203832,1700.520307,1785.520307,13.004532,126.2904523,2.113242989,231.1976401,2.213583482,4.209588335,0.588817634,1.143120263,130.5688255,2.262672744,22.34257527,22.68923613,22.82589435
2296.3632,1330.90088,2666.328871,1700.555867,1785.555867,12.99996,121.6660389,2.013093537,229.8707581,2.235498976,4.165184356,0.588597755,1.150828172,130.5200716,2.262887064,22.34557105,22.69111427,22.82910506
2296.5156,1330.963364,2666.453911,1700.591427,1785.591427,12.995388,117.020624,1.896256293,228.3605254,2.268978549,4.115848162,0.587834027,1.164961574,130.4796892,2.263027484,22.34838929,22.69299241,22.82625491
2296.668,1331.025848,2666.57895,1700.626987,1785.626987,12.990816,115.8652169,1.86746522,226.8123083,2.26331682,4.059030933,0.587304659,1.177002115,130.4517722,2.263178236,22.35087425,22.69487055,22.83378276
2296.8204,1331.088332,2666.703989,1700.662547,1785.662547,12.986244,117.6613305,1.906838257,225.1799376,2.2351711,3.995131848,0.586745268,1.187251529,130.4233107,2.263425332,22.35322698,22.69674869,22.84152196
2296.9728,1331.150816,2666.829028,1700.698107,1785.698107,12.981672,115.028856,1.908835505,224.1902226,2.34080251,3.971491141,0.588128458,1.183920163,130.3974451,2.263663572,22.35590361,22.69862683,22.8633855
2297.1252,1331.2133,2666.954067,1700.733667,1785.733667,12.9771,113.3760944,1.88016493,222.8048627,2.30558861,3.919615638,0.588593732,1.173260753,130.3687808,2.263918785,22.35817378,22.70050497,22.8690245
2297.2776,1331.275784,2667.079106,1700.769227,1785.769227,12.972528,111.6407131,1.860194879,221.5307076,2.292135271,3.874464188,0.589471934,1.170398855,130.3498231,2.26417894,22.36008105,22.70238311,22.86178924
2297.43,1331.338268,2667.204145,1700.804787,1785.804787,12.967956,106.8064587,1.826260004,220.8263341,2.407363827,3.865397395,0.592023193,1.173376758,130.3404336,2.264396904,22.36178734,22.70426125,22.85407293
2297.5824,1331.400752,2667.329184,1700.840347,1785.840347,12.963384,103.8742799,1.775523225,220.0621355,2.408806563,3.841253204,0.592988143,1.184856211,130.3393988,2.264618058,22.3627214,22.70613939,22.85712293
2297.7348,1331.463236,2667.454224,1700.875907,1785.875907,12.958812,103.2289116,1.706126379,219.1939823,2.280387895,3.798485482,0.59206037,1.201524027,130.336131,2.264753768,22.36399053,22.70801753,22.8716886
2297.8872,1331.52572,2667.579263,1700.911467,1785.911467,12.95424,100.8959567,1.600334767,218.7237536,2.18003348,3.774151249,0.591317959,1.208667354,130.3367992,2.264882313,22.36441901,22.70989567,22.87384664
2298.0396,1331.588204,2667.704302,1700.947027,1785.947027,12.949668,97.62584019,1.532624081,218.273421,2.16385977,3.763786151,0.592089719,1.196814143,130.3428872,2.265079387,22.3653416,22.71177381,22.87102643
2298.192,1331.650688,2667.829341,1700.982587,1785.982587,12.945096,94.9959449,1.641265567,217.7587498,2.339700849,3.774796805,0.597019301,1.176315755,130.3681709,2.265448335,22.36592883,22.71365195,22.86233638
2298.3444,1331.713172,2667.95438,1701.018147,1786.018147,12.940524,93.87059883,1.692063858,217.9518515,2.379075221,3.788627675,0.599845395,1.158592912,130.3978653,2.265861344,22.36651876,22.71553009,22.85113531
2298.4968,1331.775656,2668.079419,1701.053707,1786.053707,12.935952,93.98697845,1.680594771,218.5889257,2.282962668,3.799200335,0.600480427,1.151377052,130.4216143,2.266000926,22.36711116,22.71740823,22.84554739
2298.6492,1331.83814,2668.204458,1701.089267,1786.089267,12.93138,95.8854962,1.599001349,219.7903701,2.018874387,3.80511107,0.59845556,1.159613353,130.4420858,2.265841585,22.36770159,22.71928637,22.85240907
2298.8016,1331.900624,2668.329497,1701.124827,1786.124827,12.926808,95.79207874,1.607133616,219.0013392,1.99956993,3.825611961,0.598738597,1.167901657,130.468861,2.265605207,22.36830127,22.72116451,22.84163572
2298.954,1331.963108,2668.454537,1701.160387,1786.160387,12.922236,93.54263284,1.715326677,218.671052,2.249244188,3.805814364,0.601546269,1.167646453,130.5021909,2.265537974,22.3674547,22.72304265,22.85164312
2299.1064,1332.025592,2668.579576,1701.195947,1786.195947,12.917664,94.40813069,1.731281072,217.3984886,2.172967562,3.757874397,0.60325427,1.162153424,130.5377476,2.265558936,22.36669319,22.72492078,22.83969278
2299.2588,1332.088076,2668.704615,1701.231507,1786.231507,12.913092,95.81215811,1.756963639,219.5156591,2.082421007,3.834274395,0.60548569,1.1540152,130.5681862,2.265565999,22.36601837,22.72679892,22.83395992
2299.4112,1332.15056,2668.829654,1701.267067,1786.267067,12.90852,96.99508053,1.764229861,221.6648869,1.983052,3.905716022,0.607401708,1.143544404,130.588453,2.265513978,22.36546288,22.72867706,22.81979484
2299.5636,1332.213044,2668.954693,1701.302627,1786.302627,12.903948,98.14131866,1.745515263,223.9628041,1.855335736,3.972882365,0.608768992,1.136237308,130.6084936,2.26521117,22.36497933,22.7305552,22.81575785
2299.716,1332.275528,2669.079732,1701.338187,1786.338187,12.899376,98.2825125,1.772737776,224.919925,1.861858974,4.008891533,0.611134816,1.133532263,130.6258676,2.264851667,22.36587477,22.73243334,22.80994954
2299.8684,1332.338012,2669.204771,1701.373747,1786.373747,12.894804,97.53021027,1.830082835,224.893681,1.970263654,4.020317299,0.614254697,1.127731978,130.6434425,2.2648021,22.36703188,22.73431148,22.81310606
2300.0208,1332.400496,2669.329811,1701.409307,1786.409307,12.890232,98.01530338,1.89391471,226.628819,1.937888273,4.079755914,0.618728792,1.127037886,130.6567061,2.264851444,22.36846188,22.73618962,22.81221789
2300.1732,1332.46298,2669.454849,1701.444867,1786.444867,12.88566,99.29014387,1.972622919,226.2872035,2.028457723,4.077147783,0.620230741,1.129673893,130.6632393,2.264914484,22.37022054,22.73806776,22.81098105
2300.3256,1332.525464,2669.579889,1701.480427,1786.480427,12.881088,100.908507,2.06790799,227.1937332,2.043343344,4.110015993,0.623615682,1.127341547,130.6704433,2.264853251,22.3717455,22.7399459,22.8105405
2300.478,1332.587948,2669.704928,1701.515987,1786.515987,12.876516,103.4110933,2.177366921,230.28613,1.908899162,4.204405129,0.629459052,1.124102059,130.6767432,2.264713201,22.37351899,22.74182404,22.81214501
2300.6304,1332.650432,2669.829967,1701.551547,1786.551547,12.871944,105.5262918,2.267387466,231.8522733,1.871850908,4.254947407,0.632451085,1.123160095,130.6790282,2.264614634,22.37604432,22.74370218,22.81690447
2300.7828,1332.712916,2669.955006,1701.587107,1786.587107,12.867372,107.1487837,2.334002674,231.655218,1.948873825,4.254621859,0.63216796,1.125424523,130.6731545,2.264593961,22.3787535,22.74558032,22.82553501
2300.9352,1332.7754,2670.080045,1701.622667,1786.622667,12.8628,109.3526735,2.391989639,232.3289537,1.956694535,4.277830511,0.631716566,1.131683162,130.6536209,2.264632778,22.38232289,22.74745846,22.8319762
2301.0876,1332.837884,2670.205084,1701.658227,1786.658227,12.858228,110.2795394,2.431060218,233.3608746,1.899363412,4.303524167,0.63487921,1.139330941,130.6285278,2.264771438,22.38604656,22.7493366,22.84240076
2301.24,1332.900368,2670.330124,1701.693787,1786.693787,12.853656,110.1737071,2.483131376,234.2193479,1.84826332,4.323795229,0.640327626,1.142508521,130.6062652,2.264925553,22.38997355,22.75121474,22.84653658
2301.3924,1332.962852,2670.455162,1701.729347,1786.729347,12.849084,110.3205587,2.54958668,234.8361935,1.82970378,4.341667624,0.644302541,1.143011858,130.5889293,2.265091594,22.39408311,22.75309288,22.85618519
2301.5448,1333.025336,2670.580202,1701.764907,1786.764907,12.844512,110.6077571,2.605111663,234.7588672,1.85853143,4.34133028,0.645572724,1.146084511,130.5727291,2.265190556,22.39843003,22.75497102,22.85173146
2301.6972,1333.08782,2670.705241,1701.800467,1786.800467,12.83994,111.0320209,2.656376729,233.8863894,1.947947749,4.321343985,0.643988896,1.150983713,130.5509622,2.265249737,22.40285007,22.75684916,22.86248618
2301.8496,1333.150304,2670.83028,1701.836027,1786.836027,12.835368,109.1969476,2.59849129,233.5275239,1.983294286,4.309797288,0.644951547,1.154116417,130.5250769,2.265235013,22.40744434,22.7587273,22.87907494
2302.002,1333.212788,2670.955319,1701.871587,1786.871587,12.830796,104.8981367,2.421420129,233.6351336,1.964851031,4.304600121,0.648560708,1.154611629,130.5045556,2.265154182,22.41145274,22.76060544,22.88798061
2302.1544,1333.275272,2671.080358,1701.907147,1786.907147,12.826224,104.46723,2.475298771,233.0093255,2.032240691,4.290875459,0.649883462,1.154484492,130.4823293,2.265057194,22.41570392,22.76248358,22.89144631
2302.3068,1333.337756,2671.205397,1701.942707,1786.942707,12.821652,101.9112395,2.427672708,232.3629275,2.088341569,4.272551491,0.65231377,1.155813754,130.4692688,2.265051062,22.41953814,22.76436172,22.89404802
2302.4592,1333.40024,2671.330437,1701.978267,1786.978267,12.81708,100.1192715,2.409510904,231.9153359,2.135624399,4.26162435,0.654313763,1.155838658,130.4600706,2.265069294,22.4234511,22.76623986,22.8947114
2302.6116,1333.462724,2671.455475,1702.013827,1787.013827,12.812508,99.28409659,2.430568129,231.6245871,2.179293685,4.257604717,0.655664241,1.153058043,130.4487922,2.265068045,22.42699937,22.768118,22.90559303
2302.764,1333.525208,2671.580515,1702.049387,1787.049387,12.807936,97.34767457,2.398404585,231.5727791,2.199246458,4.257936804,0.658175947,1.149064552,130.4469755,2.264958361,22.43058153,22.76999614,22.91541439
2302.9164,1333.587692,2671.705554,1702.084947,1787.084947,12.803364,94.98634457,2.344380295,231.8180562,2.195928644,4.265675332,0.661537775,1.141725654,130.4429161,2.264925412,22.4338135,22.77187428,22.92116288
2303.0688,1333.650176,2671.830593,1702.120507,1787.120507,12.798792,91.66219211,2.229794907,231.9546595,2.189765879,4.269976633,0.663325123,1.143016651,130.4438242,2.264880106,22.43718955,22.77375242,22.9104063
2303.2212,1333.71266,2671.955632,1702.156067,1787.156067,12.79422,86.46596856,2.004456617,232.025976,2.169675959,4.270788499,0.663207894,1.147324651,130.4513263,2.264826172,22.44082349,22.77563056,22.89511201
2303.3736,1333.775144,2672.080671,1702.191627,1787.191627,12.789648,84.63766083,1.968266684,232.0858651,2.178322275,4.275800259,0.664852945,1.142630559,130.4668482,2.264785555,22.44440099,22.7775087,22.90058
2303.526,1333.837628,2672.205711,1702.227187,1787.227187,12.785076,87.74232855,2.209798625,231.9767775,2.239466023,4.282716724,0.668750289,1.136671731,130.4819182,2.264673667,22.44824794,22.77938684,22.90078859
2303.6784,1333.900112,2672.33075,1702.262747,1787.262747,12.780504,86.27270499,2.194881065,232.0734826,2.235867638,4.288142384,0.669467432,1.12521834,130.5059571,2.264304431,22.4521629,22.78126498,22.90480809
2303.8308,1333.962596,2672.455788,1702.298307,1787.298307,12.775932,79.59168627,1.886988027,232.4329713,2.156755598,4.292757287,0.666553892,1.110650042,130.5295573,2.264023839,22.45587622,22.78314312,22.90728847
2303.9832,1334.02508,2672.580827,1702.333867,1787.333867,12.77136,73.71349526,1.62464551,232.7520057,2.078598146,4.296673287,0.663094106,1.102269201,130.5608372,2.263844628,22.45965698,22.78502126,22.89433277
2304.1356,1334.087564,2672.705867,1702.369427,1787.369427,12.766788,74.70398968,1.682780084,232.7230405,2.128869836,4.304383731,0.663341283,1.098809,130.5914729,2.263607367,22.46314532,22.7868994,22.89266097
2304.288,1334.150048,2672.830906,1702.404987,1787.404987,12.762216,75.9148341,1.75168359,232.7748915,2.167305732,4.313089776,0.663520061,1.094577044,130.6263183,2.263255074,22.46633667,22.78877754,22.88648301
2304.4404,1334.212532,2672.955945,1702.440547,1787.440547,12.757644,76.70201161,1.80390637,232.939513,2.177964821,4.322016182,0.663072597,1.089655845,130.6605456,2.262788072,22.46965882,22.79065568,22.87830625
2304.5928,1334.275016,2673.080984,1702.476107,1787.476107,12.753072,74.78617962,1.707975248,233.2642957,2.136298195,4.329752009,0.660136168,1.084486477,130.6986473,2.262021378,22.47307491,22.79253382,22.87312024
2304.7452,1334.3375,2673.206024,1702.511667,1787.511667,12.7485,70.25313637,1.470488696,233.7684929,2.039813816,4.336525266,0.65487786,1.075454882,130.7340178,2.261102443,22.47592754,22.79441195,22.87157258
2304.8976,1334.399984,2673.331063,1702.547227,1787.547227,12.743928,67.46847544,1.290560541,233.8998825,2.045172594,4.341917865,0.651902,1.070427933,130.7667058,2.260017081,22.47855821,22.79629009,22.86844666
2305.05,1334.462468,2673.456101,1702.582787,1787.582787,12.739356,66.96888404,1.206595732,233.8750598,2.100451536,4.347614417,0.649811676,1.068103378,130.7930644,2.258930252,22.48116499,22.79816823,22.86160867
2305.2024,1334.524952,2673.58114,1702.618347,1787.618347,12.734784,67.25764698,1.171280726,234.2392926,2.064032981,4.355942629,0.644891799,1.062313433,130.8159734,2.257731044,22.48359019,22.80004637,22.85768479
2305.3548,1334.587436,2673.70618,1702.653907,1787.653907,12.730212,67.9170237,1.121540659,234.3365435,2.098891943,4.362543591,0.641216547,1.05818136,130.8351844,2.256664184,22.48639328,22.80192451,22.85755233
2305.5072,1334.64992,2673.831219,1702.689467,1787.689467,12.72564,68.81631143,1.103102916,234.5417473,2.103796237,4.369803818,0.637357514,1.054568228,130.8536587,2.255842095,22.48856788,22.80380265,22.85849336
2305.6596,1334.712404,2673.956258,1702.725027,1787.725027,12.721068,69.8546807,1.114576208,234.8893338,2.069543267,4.377869553,0.633183741,1.05260739,130.8687528,2.255213787,22.49113683,22.80568079,22.85704809
2305.812,1334.774888,2674.081297,1702.760587,1787.760587,12.716496,71.82774367,1.163256876,235.0733654,2.079817378,4.385299177,0.630323903,1.055995253,130.8773148,2.254750849,22.49352088,22.80755893,22.85705243
2305.9644,1334.837372,2674.206336,1702.796147,1787.796147,12.711924,74.76615591,1.263748704,235.1806195,2.111418113,4.392685596,0.628520759,1.063058344,130.8814276,2.254182207,22.49626916,22.80943707,22.86063202
2306.1168,1334.899856,2674.331376,1702.831707,1787.831707,12.707352,76.11946079,1.197961526,235.034712,2.190645675,4.393390758,0.624104161,1.069706616,130.8801944,2.253334206,22.49871612,22.81131521,22.86536219
2306.2692,1334.96234,2674.456414,1702.867267,1787.867267,12.70278,77.12916287,1.140205155,234.9555653,2.25267045,4.39459547,0.620822943,1.075878531,130.8767299,2.252553371,22.50100092,22.81319335,22.87327508
2306.4216,1335.024824,2674.581453,1702.902827,1787.902827,12.698208,78.85686772,1.17184504,235.0120694,2.284541603,4.398288917,0.619524752,1.08196468,130.8678937,2.251927943,22.50315343,22.81507149,22.88065596
2306.574,1335.087308,2674.706493,1702.938387,1787.938387,12.693636,81.17160277,1.305746019,235.2795101,2.268531756,4.405474271,0.620688142,1.088793362,130.8529676,2.251959612,22.50501526,22.81694963,22.88832194
2306.7264,1335.149792,2674.831532,1702.973947,1787.973947,12.689064,82.6413137,1.336520206,235.4548581,2.260099586,4.4095889,0.618614149,1.097079837,130.8305018,2.253061173,22.50825113,22.81882777,22.89360444
2306.8788,1335.212276,2674.956571,1703.009507,1788.009507,12.684492,83.21231902,1.253765614,235.5289989,2.259620496,4.4102512,0.612836611,1.109224773,130.8079445,2.254789682,22.511198,22.82070591,22.89656344
2307.0312,1335.27476,2675.08161,1703.045067,1788.045067,12.67992,83.87326546,1.203001276,235.6869726,2.229543207,4.411516433,0.608242143,1.124300854,130.7838701,2.256528894,22.51433995,22.82258405,22.89762963
2307.1836,1335.337244,2675.206649,1703.080627,1788.080627,12.675348,85.29399345,1.222993749,235.7742308,2.197026247,4.411614577,0.608176559,1.130550075,130.7617838,2.256958577,22.51755913,22.82446219,22.9042209
2307.336,1335.399728,2675.331689,1703.116187,1788.116187,12.670776,86.70223433,1.261437285,235.8758265,2.157011163,4.411923026,0.608873752,1.136339273,130.7295743,2.257007451,22.5207777,22.82634033,22.91239586
2307.4884,1335.462212,2675.456727,1703.151747,1788.151747,12.666204,88.12329026,1.327818063,236.0115119,2.105133461,4.412790185,0.610633564,1.141144635,130.6993765,2.258475302,22.52406773,22.82821847,22.92374798
2307.6408,1335.524696,2675.581766,1703.187307,1788.187307,12.661632,88.91236112,1.34562855,236.1532457,2.039246024,4.412379533,0.610793284,1.145763414,130.6696427,2.260428508,22.52734923,22.83009661,22.93087703
2307.7932,1335.58718,2675.706805,1703.222867,1788.222867,12.65706,89.17818435,1.329388309,236.29629,1.961996587,4.410946234,0.60996027,1.168312035,130.6388427,2.262479933,22.53064552,22.83197475,22.93361404
2307.9456,1335.649664,2675.831845,1703.258427,1788.258427,12.652488,90.14702708,1.335972779,236.2894753,1.954896199,4.40962333,0.60951757,1.179106529,130.6144303,2.264863621,22.53402512,22.83385289,22.93606224
2308.098,1335.712148,2675.956884,1703.293987,1788.293987,12.647916,90.52387303,1.456475209,236.3035755,1.945015465,4.408271426,0.615590214,1.176022977,130.5912816,2.26714941,22.53781788,22.83573103,22.94562913
2308.2504,1335.774632,2676.081923,1703.329547,1788.329547,12.643344,90.35361533,1.628296998,236.3163995,1.932650966,4.406415507,0.625072414,1.180079446,130.5654701,2.269497017,22.5416344,22.83760917,22.94257958
2308.4028,1335.837116,2676.206962,1703.365107,1788.365107,12.638772,90.65874706,1.807778297,236.1687951,1.987802661,4.404151197,0.63467669,1.179368631,130.5426441,2.271910254,22.54489989,22.83948731,22.94670078
2308.5552,1335.8996,2676.332001,1703.400667,1788.400667,12.6342,90.42417742,1.990213122,236.1138946,2.013025663,4.402568688,0.645533566,1.188592567,130.526888,2.274273949,22.54811907,22.84136545,22.94864444
2308.7076,1335.962084,2676.45704,1703.436227,1788.436227,12.629628,89.56613168,2.17559125,236.1661257,2.002501022,4.401733726,0.657813576,1.201371563,130.5172797,2.276662707,22.55113275,22.84324359,22.94927412
2308.86,1336.024568,2676.582079,1703.471787,1788.471787,12.625056,88.82638851,2.374399461,236.1541789,2.026288272,4.401202867,0.671187725,1.197699897,130.5188695,2.27924796,22.55393081,22.84512173,22.94898973
2309.0124,1336.087052,2676.707118,1703.507347,1788.507347,12.620484,87.99082163,2.586884258,236.1621967,2.050839664,4.401293318,0.68558942,1.191695225,130.527998,2.281867633,22.55659372,22.84699987,22.94388052
2309.1648,1336.149536,2676.832158,1703.542907,1788.542907,12.615912,86.71286482,2.772918367,236.3771909,1.992958748,4.401620396,0.697042089,1.182793585,130.5431132,2.284417508,22.55876447,22.84887801,22.94490182
2309.3172,1336.21202,2676.957197,1703.578467,1788.578467,12.61134,84.67063791,2.931455557,236.4985588,1.989175518,4.402043747,0.71094155,1.171971381,130.5657345,2.28694452,22.56035357,22.85075615,22.94057054
2309.4696,1336.274504,2677.082236,1703.614027,1788.614027,12.606768,81.97514246,3.083002879,236.604474,2.007741786,4.403100362,0.727372609,1.167811951,130.5843893,2.28945034,22.56176611,22.85263429,22.94164169
2309.622,1336.336988,2677.207275,1703.649587,1788.649587,12.602196,78.44702695,3.217820643,236.6748194,2.059075077,4.404715518,0.746694169,1.165564676,130.5988503,2.29184514,22.5629642,22.85451243,22.93926531
2309.7744,1336.399472,2677.332314,1703.685147,1788.685147,12.597624,76.40221347,3.29413718,237.0072752,1.953328148,4.406819401,0.756799882,1.163097459,130.6109517,2.293966406,22.56470391,22.85639057,22.93992232
2309.9268,1336.461956,2677.457353,1703.720707,1788.720707,12.593052,76.0079608,3.307806932,237.6420072,1.668446977,4.409512946,0.756682056,1.159522611,130.625687,2.295783281,22.56631208,22.85826871,22.93943807
2310.0792,1336.52444,2677.582392,1703.756267,1788.756267,12.58848,73.33972536,3.349133193,237.8696688,1.599845348,4.412581315,0.765449447,1.152316316,130.6373483,2.297094507,22.56774797,22.86014685,22.94148332
2310.2316,1336.586924,2677.707431,1703.791827,1788.791827,12.583908,69.20495029,3.398719679,237.8218631,1.6696866,4.416079381,0.778791099,1.144006381,130.6423651,2.298195679,22.56902437,22.86202499,22.93126678
2310.384,1336.649408,2677.832471,1703.827387,1788.827387,12.579336,65.38996101,3.41723387,237.8068219,1.723377871,4.420071333,0.790117877,1.138622819,130.6432117,2.299248355,22.57059624,22.86390312,22.93633282
2310.5364,1336.711892,2677.95751,1703.862947,1788.862947,12.574764,61.82287528,3.403447846,237.812982,1.768258418,4.424573236,0.799761485,1.136016605,130.6294615,2.300151533,22.57183279,22.86578126,22.94043433
2310.6888,1336.774376,2678.082549,1703.898507,1788.898507,12.570192,59.35910723,3.32704257,238.0236821,1.694696064,4.429721828,0.802068402,1.13470917,130.6083575,2.300734088,22.57342426,22.8676594,22.95437386
2310.8412,1336.83686,2678.207588,1703.934067,1788.934067,12.56562,57.88667097,3.193088506,238.3980034,1.526812845,4.435498411,0.798013214,1.131253318,130.5827394,2.301059683,22.57508677,22.86953754,22.95777177
2310.9936,1336.899344,2678.332627,1703.969627,1788.969627,12.561048,55.50927501,3.37717367,238.0887393,1.689847751,4.43711276,0.811303104,1.119321257,130.5720534,2.301019875,22.57685686,22.87141568,22.94753987
2311.146,1336.961828,2678.457666,1704.005187,1789.005187,12.556476,54.40930047,3.182281634,238.642286,1.474318823,4.444758274,0.804818241,1.10420547,130.5488877,2.300738951,22.57848654,22.87329382,22.93229606
2311.2984,1337.024312,2678.582705,1704.040747,1789.040747,12.551904,53.34410757,3.132156715,238.8959561,1.399231986,4.450483995,0.80471163,1.097916677,130.522304,2.300353267,22.5801642,22.87517196,22.94122269
2311.4508,1337.086796,2678.707744,1704.076307,1789.076307,12.547332,51.75594525,3.365348244,238.5440169,1.613742971,4.45244265,0.819083887,1.102492712,130.4647869,2.300045699,22.58165574,22.8770501,22.94695148
2311.6032,1337.14928,2678.832783,1704.111867,1789.111867,12.54276,50.53964094,3.374904673,238.7199971,1.609740238,4.457142886,0.823209062,1.107696746,130.3924689,2.299685446,22.58308459,22.87892824,22.95880875
2311.7556,1337.211764,2678.957823,1704.147427,1789.147427,12.538188,49.7662177,3.122010823,239.5083025,1.350809124,4.465074979,0.815259741,1.110002889,130.3083649,2.299021051,22.58467471,22.88080638,22.97394784
2311.908,1337.274248,2679.082862,1704.182987,1789.182987,12.533616,48.60904285,2.946794975,240.1520284,1.186735556,4.471850965,0.812865936,1.110905981,130.2387984,2.297981985,22.58617527,22.88268452,22.97931117
2312.0604,1337.336732,2679.207901,1704.218547,1789.218547,12.529044,49.21653527,2.905911477,240.3248012,1.194866446,4.47658613,0.809187152,1.108742008,130.1782343,2.296498519,22.58781872,22.88456266,22.98063728
2312.2128,1337.399216,2679.33294,1704.254107,1789.254107,12.524472,52.61859285,3.040521569,239.9846999,1.38482606,4.478274856,0.802179303,1.115929266,130.1160199,2.294824856,22.58936892,22.8864408,22.98272314
2312.3652,1337.4617,2679.457979,1704.289667,1789.289667,12.5199,55.70246636,3.091772202,240.0296679,1.470098595,4.480417479,0.794671146,1.132260171,130.0404701,2.293185383,22.59060562,22.88831894,22.98876527
2312.5176,1337.524184,2679.583018,1704.325227,1789.325227,12.515328,58.5754147,2.983236749,240.5576338,1.398112326,4.484168733,0.782818319,1.149473062,129.9527367,2.291767061,22.59198259,22.89019708,22.99190175
2312.67,1337.586668,2679.708057,1704.360787,1789.360787,12.510756,61.1878131,2.696040564,241.6558126,1.141056474,4.489647163,0.766296804,1.17100658,129.8557533,2.290432237,22.59336038,22.89207522,23.00803003
2312.8224,1337.649152,2679.833096,1704.396347,1789.396347,12.506184,63.60455512,2.471215316,242.0049817,1.057849587,4.494964988,0.74818902,1.184816405,129.7615123,2.289060094,22.59466017,22.89395336,23.020692
2312.9748,1337.711636,2679.958136,1704.431907,1789.431907,12.501612,65.82848261,2.302139016,241.5455705,1.15560564,4.500307187,0.72761061,1.191829668,129.6737704,2.287824206,22.59565828,22.8958315,23.0309696
2313.1272,1337.77412,2680.083175,1704.467467,1789.467467,12.49704,70.28336743,2.301507034,242.0208505,1.10831943,4.501460231,0.71785639,1.205172711,129.5924785,2.286507653,22.59701298,22.89770964,23.041123
2313.2796,1337.836604,2680.208214,1704.503027,1789.503027,12.492468,74.95740886,2.313754658,242.2892006,1.096693304,4.502405301,0.706714634,1.223031581,129.522193,2.285107173,22.59821254,22.89958778,23.04705021
2313.432,1337.899088,2680.333253,1704.538587,1789.538587,12.487896,79.33364116,2.338985646,242.589522,1.091509723,4.50288911,0.697888079,1.242340286,129.4585583,2.283692122,22.59927446,22.90146592,23.04828896
2313.5844,1337.961572,2680.458292,1704.574147,1789.574147,12.483324,83.38817951,2.369936544,242.9824251,1.077521744,4.502929361,0.691516801,1.25944145,129.4044628,2.282224106,22.60005098,22.90334406,23.05446351
2313.7368,1338.024056,2680.583331,1704.609707,1789.609707,12.478752,87.12555463,2.41709167,242.9815205,1.146605283,4.502986943,0.684133881,1.277013206,129.3566104,2.280798257,22.60079298,22.9052222,23.07019518
2313.8892,1338.08654,2680.70837,1704.645267,1789.645267,12.47418,90.52791449,2.493793826,242.6799971,1.288311945,4.502737226,0.677363854,1.299893082,129.3168391,2.27978933,22.6015717,22.90710034,23.07670197
2314.0416,1338.149024,2680.833409,1704.680827,1789.680827,12.469608,93.86169886,2.600022334,242.5665893,1.368949113,4.502181152,0.673178672,1.307115077,129.2858683,2.27921431,22.60226194,22.90897848,23.0763066
2314.194,1338.211508,2680.958449,1704.716387,1789.716387,12.46503601,96.63796362,2.421403855,242.221485,1.477177867,4.50262715,0.655186888,1.279326322,129.2634334,2.279074319,22.60332341,22.91085662,23.07870667
2314.3464,1338.273992,2681.083488,1704.751947,1789.751947,12.46046403,99.42057117,2.430055938,242.0136696,1.556414375,4.501854197,0.647154222,1.229309849,129.2497586,2.278838056,22.60424808,22.91273476,23.06963239
2314.4988,1338.336476,2681.208527,1704.787507,1789.787507,12.45589204,102.3726561,2.694588966,242.1216272,1.562400351,4.499530696,0.65294057,1.191718305,129.2519429,2.277707602,22.60437784,22.9146129,23.06464484
2314.6512,1338.39896,2681.333566,1704.823067,1789.823067,12.4513202,105.3996094,2.675183233,242.0629518,1.631445792,4.498691091,0.643347875,1.227276015,129.265509,2.275740345,22.60473815,22.91649104,23.06175172
2314.8036,1338.461444,2681.458606,1704.858627,1789.858626,12.4467485,108.5027446,2.333872582,241.8065262,1.776356943,4.499481637,0.616369853,1.34293579,129.2863238,2.273574674,22.60485744,22.91836918,23.10997687
2314.956,1338.523928,2681.583645,1704.894186,1789.894186,12.4421769,111.8795999,1.995608151,241.7389296,1.89495346,4.500093762,0.589658796,1.425669017,129.3108654,2.273022556,22.605209,22.92024732,23.10154137
2315.1084,1338.586413,2681.708685,1704.929746,1789.929745,12.43760543,111.4346816,2.065793853,241.5381877,1.893207956,4.499310143,0.595108857,1.358635864,129.3448574,2.27357366,22.6055567,22.92212546,23.11417142
2315.2608,1338.648896,2681.833722,1704.965307,1789.965308,12.43303152,109.8816385,2.231309282,241.2159942,1.887672701,4.498297595,0.607551195,1.215970122,129.3790105,2.273392252,22.60584649,22.9240036,23.0671827
2315.4132,1338.711377,2681.958756,1705.00087,1790.000873,12.42845491,108.9690944,2.284642028,240.895406,1.924878017,4.497766453,0.611540067,1.126009555,129.426724,2.272933999,22.60615898,22.92588174,23.05203499
2315.5656,1338.773858,2682.08379,1705.036433,1790.036439,12.42387684,108.5967811,2.104432884,240.5597076,2.011316203,4.498323281,0.601670323,1.116624777,129.50603,2.272243834,22.60631418,22.92775988,23.03992215
2315.718,1338.836338,2682.208821,1705.071998,1790.072009,12.41929657,108.8816083,1.681521634,240.1894587,2.15783251,4.500019833,0.576801647,1.175311646,129.596099,2.271321464,22.60627404,22.92963802,23.0570824
2315.8704,1338.898826,2682.333867,1705.107554,1790.10756,12.41473192,107.7591248,1.629783056,239.8579338,2.211248094,4.500116204,0.578544071,1.220672339,129.6993255,2.270644047,22.60597248,22.93151615,23.0682149
2316.0228,1338.961322,2682.458931,1705.1431,1790.143093,12.41018464,105.3032517,1.88248442,239.5585075,2.184548318,4.498914014,0.602194984,1.22614479,129.8109893,2.270078884,22.60529222,22.93339429,23.06933589
2316.1752,1339.023823,2682.584003,1705.178642,1790.178616,12.40564569,103.7568546,1.700350167,239.2389705,2.259920471,4.499638412,0.594296896,1.207629767,129.8907835,2.269570061,22.60455098,22.93527243,23.06206089
2316.3276,1339.08633,2682.709088,1705.214176,1790.214125,12.40112009,101.1752834,1.755527422,238.9098466,2.279710554,4.499415439,0.604373254,1.147888107,129.987171,2.269298778,22.60405363,22.93715057,23.04033773
2316.48,1339.148805,2682.834109,1705.249746,1790.249705,12.39652974,99.27541161,1.732349115,238.631046,2.314681817,4.499454015,0.607428674,1.095332379,130.0911578,2.269100477,22.60340528,22.93902871,23.02944415
2316.6324,1339.211243,2682.959057,1705.285356,1790.285366,12.391867,98.21677043,1.599525047,238.3997756,2.373399613,4.499887776,0.601046325,1.070838681,130.1806027,2.268749146,22.60280779,22.94090685,23.02499035
2316.7848,1339.273667,2683.083976,1705.320984,1790.321061,12.38717318,96.68345725,1.640647238,238.1914637,2.389273725,4.499568753,0.60643641,1.052112986,130.2785206,2.268336966,22.60181409,22.94278499,23.01413918
2316.9372,1339.336063,2683.20884,1705.356641,1790.356815,12.38242649,95.08733256,1.785513853,238.0192911,2.378433362,4.498763531,0.617876238,1.045935465,130.3729613,2.267911276,22.60115329,22.94466313,23.00525345
2317.0896,1339.398355,2683.333494,1705.392415,1790.392803,12.37746926,92.86862361,1.989130021,238.0168755,2.342983573,4.497802702,0.637629288,1.044968828,130.4752646,2.267449751,22.60083215,22.94654127,23.00298602
2317.242,1339.460532,2683.457921,1705.428316,1790.429045,12.37228408,90.90519625,2.176932927,238.0543704,2.307324765,4.496916433,0.655864031,1.039580197,130.5931022,2.266815585,22.6008741,22.94841941,23.00216336
2317.3944,1339.522622,2683.582173,1705.464314,1790.46548,12.36692417,90.39048561,2.261121045,237.9966957,2.300444513,4.496327154,0.660180996,1.033331671,130.7218851,2.266180563,22.60094465,22.95029755,23.0038216
2317.5468,1339.5846,2683.706201,1705.500436,1790.502165,12.36133979,91.91025098,2.16405563,237.7803896,2.343721919,4.496328154,0.642873724,1.025260263,130.8501104,2.265568285,22.60128554,22.95217569,23.00291795
2317.6992,1339.646731,2683.830534,1705.536388,1790.53851,12.35606148,91.66285773,2.16224334,237.7064495,2.359814249,4.496247589,0.642545281,1.009164848,130.9856425,2.264953618,22.60173985,22.95405383,22.9949114
2317.8516,1339.709035,2683.955214,1705.572148,1790.57447,12.35112962,89.4100391,2.268375549,237.8012204,2.344784566,4.496067979,0.661461577,0.988033612,131.1160256,2.264554312,22.60231336,22.95593197,22.98170767
2318.004,1339.771362,2684.07994,1705.607883,1790.610378,12.34624377,87.72748935,2.279908772,237.8637323,2.354457079,4.496337722,0.673271638,0.9712808,131.2597924,2.264232769,22.60304494,22.95781011,22.96362172
2318.1564,1339.833781,2684.20485,1705.643514,1790.646082,12.3415427,93.16272115,2.257287047,237.969906,2.351588716,4.495632282,0.658384528,0.97000949,131.4149616,2.264031612,22.60394533,22.95968825,22.96121974
2318.3088,1339.896351,2684.33006,1705.678979,1790.681451,12.33714262,98.1776603,2.246246231,238.0525792,2.348594496,4.495062085,0.646442315,1.005585451,131.5824841,2.263882021,22.60486829,22.96156639,22.9777446
2318.4612,1339.959076,2684.455581,1705.714271,1790.716476,12.33305215,102.9098257,2.229689882,238.0929314,2.350482453,4.494695956,0.635601921,1.043027161,131.756681,2.263755787,22.60606872,22.96344453,23.01554174
2318.6136,1340.02199,2684.581479,1705.749353,1790.75108,12.32934054,106.5144994,2.229089471,238.1856205,2.348693567,4.494575481,0.633073319,1.03510093,131.930092,2.263747864,22.60752943,22.96532267,23.02727072
2318.766,1340.085119,2684.707807,1705.784196,1790.785206,12.32605884,108.9821165,2.252524533,238.3142934,2.34210764,4.494675234,0.638999141,1.009409956,132.0816703,2.263971931,22.60907744,22.96720081,23.01544032
2318.9184,1340.148525,2684.834687,1705.818733,1790.818718,12.32332962,111.7309641,2.358305398,238.4881932,2.315512094,4.493877144,0.645106756,0.994315595,132.238306,2.264354148,22.61084422,22.96907895,22.98406596
2319.0708,1340.212237,2684.96218,1705.852928,1790.851549,12.32121443,114.7557169,2.491483425,238.5830526,2.295540142,4.493057666,0.648317312,0.993327707,132.3881457,2.264814688,22.61275779,22.97095709,22.96479102
2319.2232,1340.276263,2685.090299,1705.886775,1790.883683,12.31972553,117.3026169,2.623036039,238.56408,2.292489485,4.492880296,0.652679965,1.002833727,132.5553928,2.265126157,22.61492313,22.97283523,22.97076067
2319.3756,1340.340638,2685.219117,1705.920233,1790.91504,12.31893606,119.5410554,2.85846955,238.6048455,2.264373681,4.491874869,0.661925144,1.014984264,132.726385,2.265337917,22.61664357,22.97471337,22.99749165
2319.528,1340.404885,2685.347678,1705.953835,1790.946682,12.31789016,121.2034956,3.031344198,238.5873463,2.250139746,4.49138345,0.668158724,1.024015202,132.8980467,2.265671098,22.61838322,22.97659151,23.01639281
2319.6804,1340.468979,2685.475933,1705.987606,1790.978665,12.31653742,122.1954581,3.13377609,238.5024446,2.251596044,4.491495785,0.671275829,1.035757586,133.0550147,2.26603754,22.6203812,22.97846965,23.02612067
2319.8328,1340.533191,2685.604424,1706.021246,1791.010385,12.31542123,122.822242,3.271219423,238.4185052,2.243381525,4.491261383,0.674515231,1.050289199,133.1974516,2.26660271,22.6227807,22.98034779,23.02702332
2319.9852,1340.597402,2685.732914,1706.054887,1791.042107,12.31430377,122.9985765,3.404406461,238.304703,2.234563615,4.490995282,0.67588071,1.048644249,133.3346273,2.267219294,22.62538308,22.98222593,23.021974
2320.1376,1340.664711,2685.867592,1706.085086,1791.066944,12.3193818,122.8310649,3.427010286,238.3863634,2.223503251,4.491024741,0.681193603,1.041805113,133.4745102,2.267694369,22.62790169,22.98410407,23.02106295
2320.29,1340.731335,2686.000902,1706.116046,1791.093304,12.32308995,119.9528543,3.471896269,238.4139443,2.200222737,4.491163452,0.689312414,1.037466916,133.6215989,2.26787144,22.63065927,22.98598221,23.02482835
2320.4424,1340.797209,2686.132714,1706.147839,1791.12133,12.32529847,115.1135623,3.507809518,238.353903,2.175475293,4.491550471,0.69622007,1.036561122,133.7710412,2.26797158,22.6335354,22.98786035,23.02316832
2320.5948,1340.862022,2686.262406,1706.180811,1791.151716,12.32538382,107.6460456,3.54272329,238.188166,2.146544115,4.492233151,0.702756724,1.051443125,133.914798,2.267859649,22.63655555,22.98973849,23.02721184
2320.7472,1340.927853,2686.394131,1706.212653,1791.179838,12.32750532,106.6501628,3.407691676,238.1840756,2.147436799,4.493133009,0.696579002,1.063228947,134.053925,2.267762672,22.63994986,22.99161663,23.03323682
2320.8996,1340.99484,2686.528166,1706.243209,1791.205392,12.33193926,112.956196,3.077406001,238.3575537,2.183232764,4.494309245,0.675823148,1.066509259,134.1884614,2.267729472,22.64312736,22.99349477,23.04078141
2321.052,1341.06169,2686.661928,1706.273918,1791.231248,12.3361002,113.7652289,2.895337062,238.4057472,2.200936035,4.495342262,0.667722327,1.071751939,134.320803,2.26761172,22.64638662,22.99537291,23.04487441
2321.2044,1341.128919,2686.796447,1706.304205,1791.256263,12.34101858,104.2270361,3.050579928,238.2516423,2.178353676,4.495772304,0.687981368,1.072231905,134.449085,2.267321774,22.64971914,22.99725105,23.04971779
2321.3568,1341.196023,2686.930715,1706.334632,1791.281558,12.3456859,96.4088679,3.138015089,238.1280459,2.161481107,4.49626305,0.701732681,1.074703143,134.564253,2.266992691,22.65316757,22.99912919,23.03376198
2321.5092,1341.262886,2687.064504,1706.365326,1791.307385,12.34987293,90.06604583,3.159710181,238.0263126,2.149262071,4.496824208,0.70902917,1.088682424,134.6676867,2.26674547,22.65654546,23.00100732,23.03935253
2321.6616,1341.330177,2687.199146,1706.395545,1791.332263,12.35491451,88.98414706,3.017054486,238.0385074,2.16225585,4.497667643,0.703347078,1.10766657,134.7665827,2.266639771,22.6599012,23.00288546,23.03992041
2321.814,1341.397781,2687.334412,1706.425417,1791.356447,12.36058158,92.63982637,2.725841252,238.1531122,2.196345273,4.498726275,0.685466546,1.115311409,134.8624523,2.266619198,22.66322985,23.0047636,23.0470228
2321.9664,1341.465211,2687.469333,1706.455481,1791.381015,12.36590206,87.53128146,3.054067192,237.9857339,2.186227508,4.498261174,0.710790529,1.111479666,134.9557957,2.266465574,22.6658816,23.00664174,23.05301492
2322.1188,1341.532535,2687.604041,1706.485664,1791.40582,12.37100944,86.99264116,2.874202346,237.9908852,2.19484621,4.498966216,0.70178446,1.105354684,135.0389033,2.266130654,22.66825049,23.00851988,23.0597378
2322.2712,1341.599921,2687.738873,1706.515777,1791.430487,12.37624149,87.20424522,2.683831573,238.0056106,2.203177476,4.499564457,0.691239116,1.106553125,135.1023612,2.26584654,22.67117456,23.01039802,23.06288742
2322.4236,1341.667283,2687.873657,1706.545917,1791.455207,12.38142569,80.67522587,3.033292841,237.7935746,2.174976906,4.498747543,0.717690252,1.123182351,135.144627,2.266011189,22.67407132,23.01227616,23.05440703
2322.576,1341.734557,2688.008266,1706.576155,1791.480122,12.38643363,77.6667486,2.981736858,237.754762,2.159884746,4.498971092,0.71834063,1.141261249,135.1789511,2.266806293,22.67711426,23.0141543,23.04948363
2322.7284,1341.801737,2688.142688,1706.606496,1791.505246,12.39125465,78.92754216,2.457849358,237.9211823,2.160884202,4.500409911,0.688425448,1.151989231,135.2142124,2.267600852,22.67973642,23.01603244,23.06538528
2322.8808,1341.868792,2688.276858,1706.636978,1791.530648,12.39582444,76.37748651,2.107298321,238.0107658,2.138204528,4.501422353,0.672006529,1.158485717,135.2487463,2.268253099,22.68214545,23.01791058,23.07636185
2323.0332,1341.935693,2688.410722,1706.66763,1791.556393,12.40008631,73.85696271,2.00040026,237.9875356,2.116428858,4.501742227,0.668189616,1.160819617,135.2839468,2.268387453,22.68441742,23.01978872,23.08184012
2323.1856,1342.002702,2688.544799,1706.698163,1791.581898,12.40456312,75.95742074,2.588840503,237.6892136,2.123071884,4.499956951,0.697303293,1.159731016,135.3021521,2.268728988,22.6865176,23.02166686,23.06785737
2323.338,1342.069819,2688.679095,1706.728575,1791.607162,12.40925781,76.3464174,2.814312477,237.5888115,2.102664829,4.499138148,0.710170016,1.161035912,135.2898107,2.270075634,22.68849985,23.023545,23.05365783
2323.4904,1342.136885,2688.813288,1706.759043,1791.632539,12.41385035,76.36972838,2.644291287,237.678162,2.066326418,4.499383798,0.702567833,1.167523365,135.2671004,2.271228683,22.68985541,23.02542314,23.0523824
2323.6428,1342.203957,2688.947493,1706.789506,1791.657904,12.41845366,75.96632486,1.98269976,238.0097335,2.010065239,4.500946883,0.669790482,1.170369769,135.2248132,2.272214934,22.69137536,23.02730128,23.06277869
2323.7952,1342.271015,2689.081671,1706.819983,1791.683299,12.42303081,79.22590218,1.823139032,238.0499314,2.019491173,4.501358573,0.657334774,1.169466781,135.1736924,2.273483319,22.69322545,23.02917942,23.07276854
2323.9476,1342.338046,2689.215794,1706.850491,1791.708754,12.42755267,86.87335366,2.204621771,237.7712892,2.103996089,4.500535269,0.666099019,1.167509859,135.1559475,2.274923979,22.69525132,23.03105756,23.08270655
2324.1,1342.4051,2689.349963,1706.880973,1791.734159,12.43212087,89.2378276,2.151337808,237.7811767,2.100799374,4.500327944,0.661503215,1.166274072,135.1215453,2.276574424,22.69683085,23.0329357,23.09010356
2324.2524,1342.472172,2689.484167,1706.911436,1791.759524,12.43672409,91.35198558,2.091187852,237.8053813,2.09107156,4.49996642,0.657514178,1.170604541,135.083872,2.27838427,22.69847149,23.03481384,23.08126355
2324.4048,1342.539229,2689.618342,1706.941914,1791.784921,12.44129861,92.04614578,2.026229719,237.8362779,2.073912403,4.499670409,0.654864784,1.178596702,135.0618408,2.280100239,22.69999067,23.03669198,23.07480889
2324.5572,1342.606279,2689.752503,1706.972401,1791.810335,12.44585861,91.04367525,1.910699533,237.8993395,2.044953795,4.499556929,0.651585666,1.184661523,135.0386579,2.281809516,22.70131349,23.03857012,23.0731927
2324.7096,1342.673335,2689.886676,1707.002881,1791.835735,12.4504298,92.19184589,2.038831228,237.8128497,2.057380718,4.498952388,0.657359253,1.186926373,135.0251858,2.283658324,22.70269041,23.04044826,23.07636845
2324.862,1342.740392,2690.020851,1707.03336,1791.861132,12.45500449,94.32733106,2.367470702,237.6085782,2.097596958,4.497948045,0.671605887,1.185599372,135.0059024,2.28552583,22.70427838,23.0423264,23.0895412
2325.0144,1342.807448,2690.155024,1707.06384,1791.886533,12.45957625,94.58167412,2.459236623,237.5490269,2.089836619,4.497103393,0.677207184,1.184886939,134.9804138,2.287435397,22.70571309,23.04420454,23.09565823
2325.1668,1342.874504,2690.289197,1707.09432,1791.911933,12.46414792,95.79891586,2.569228799,237.5073747,2.123643775,4.496954942,0.680804025,1.184860859,134.9526019,2.289300936,22.70724055,23.04608268,23.08795446
2325.3192,1342.94156,2690.42337,1707.1248,1791.937333,12.46872,95.54146347,2.622899081,237.5076655,2.128441656,4.496616175,0.684164641,1.184314141,134.9338591,2.291042745,22.70864046,23.04796082,23.07781177
2325.4716,1343.008616,2690.557542,1707.15528,1791.962733,12.473292,92.97025266,2.512630013,237.6155303,2.08149494,4.496161442,0.68340959,1.18666195,134.9085421,2.292611545,22.71001753,23.04983896,23.08345285
2325.624,1343.075672,2690.691715,1707.18576,1791.988133,12.477864,91.63831874,2.50211596,237.6898537,2.054361288,4.49594469,0.68590469,1.179754978,134.8859792,2.294068929,22.71138846,23.0517171,23.09368685
2325.7764,1343.142728,2690.825889,1707.21624,1792.013533,12.482436,91.61979405,2.614039659,237.7214024,2.050206519,4.495985837,0.692650222,1.167464512,134.8691293,2.295313917,22.71268407,23.05359524,23.0995555
2325.9288,1343.209784,2690.960062,1707.24672,1792.038933,12.487008,90.40319315,2.632211719,237.8343604,2.013733058,4.496161399,0.697083455,1.163412495,134.8496935,2.296204669,22.71388664,23.05547338,23.10000604
2326.0812,1343.27684,2691.094234,1707.2772,1792.064333,12.49158,89.74615113,2.453994098,237.9184469,2.01149716,4.496410411,0.688321562,1.165000681,134.8144046,2.296918025,22.71536659,23.05735152,23.09077515
2326.2336,1343.343896,2691.228407,1707.30768,1792.089733,12.496152,90.31301402,2.250265781,237.9416362,2.035187565,4.496476449,0.675479369,1.164683766,134.7746683,2.297520392,22.71684951,23.05922966,23.08970689
2326.386,1343.410952,2691.36258,1707.33816,1792.115133,12.500724,91.01692678,2.153392564,237.988655,2.032796719,4.496497564,0.669663014,1.159761772,134.7407393,2.297887462,22.71825877,23.0611078,23.10200548
2326.5384,1343.478008,2691.496753,1707.36864,1792.140533,12.505296,91.99688829,2.134875286,238.0617005,2.015358999,4.49670499,0.668641283,1.154866373,134.7060371,2.29807963,22.71959135,23.06298594,23.11345122
2326.6908,1343.545064,2691.630926,1707.39912,1792.165933,12.509868,93.41069167,2.231163784,238.1555777,1.980194244,4.497047111,0.674386896,1.152351267,134.6705529,2.29817323,22.72093602,23.06486408,23.1228045
2326.8432,1343.61212,2691.765099,1707.4296,1792.191333,12.51444,95.16234508,2.219931286,238.0771252,2.026760957,4.497136365,0.670147135,1.162539392,134.6267684,2.298276612,22.7221443,23.06674222,23.12036717
2326.9956,1343.679176,2691.899272,1707.46008,1792.216733,12.519012,97.3619291,2.090619614,237.8047369,2.166546559,4.496968139,0.654696294,1.162594366,134.5846433,2.298433545,22.72323953,23.06862036,23.11089811
2327.148,1343.746232,2692.033445,1707.49056,1792.242133,12.523584,98.82574755,2.130826113,237.8696096,2.16067306,4.497140383,0.656152327,1.148967328,134.5451386,2.298378219,22.72494034,23.07049849,23.10855389
2327.3004,1343.813288,2692.167618,1707.52104,1792.267533,12.528156,100.9680919,2.144559757,237.78313,2.222368463,4.497124334,0.652402663,1.158585655,134.515639,2.297861376,22.72671878,23.07237663,23.13209638
2327.4528,1343.880344,2692.301791,1707.55152,1792.292933,12.532728,102.552147,2.162872739,237.7512974,2.258266807,4.497143429,0.650801485,1.166414144,134.4912607,2.297050461,22.72849088,23.07425477,23.14416424
2327.6052,1343.9474,2692.435964,1707.582,1792.318333,12.5373,103.5464245,2.198238122,237.787187,2.261565906,4.497209163,0.652391247,1.159556112,134.4676306,2.29606345,22.73008425,23.07613291,23.14998462
2327.7576,1344.014456,2692.570137,1707.61248,1792.343733,12.541872,104.6715328,2.191979387,237.7306342,2.307144868,4.497119991,0.649712071,1.156161717,134.4494721,2.294802994,22.73162111,23.07801105,23.15644729
2327.91,1344.081512,2692.70431,1707.64296,1792.369133,12.546444,105.6278222,2.152713368,237.6314879,2.372384846,4.496923652,0.644610313,1.158292329,134.4327031,2.293445954,22.73340428,23.07988919,23.15213995
2328.0624,1344.148568,2692.838483,1707.67344,1792.394533,12.551016,106.4163067,2.147477698,237.5112774,2.439193424,4.496703591,0.641967384,1.16701546,134.4131101,2.292039065,22.73511976,23.08176733,23.15367236
2328.2148,1344.215624,2692.972656,1707.70392,1792.419933,12.555588,107.5498798,2.172188309,237.2715787,2.537213513,4.49637604,0.639894787,1.177261866,134.3957202,2.290462732,22.73651422,23.08364547,23.15729343
2328.3672,1344.28268,2693.106829,1707.7344,1792.445333,12.56016,107.394698,2.199428501,237.1824555,2.590281659,4.496112774,0.641378503,1.17693193,134.3893454,2.28892442,22.73758228,23.08552361,23.16181413
2328.5196,1344.349736,2693.241002,1707.76488,1792.470733,12.564732,105.5145164,2.243263168,237.3198895,2.574494239,4.495981309,0.648687816,1.166386038,134.3927329,2.287398362,22.7387582,23.08740175,23.16303036
2328.672,1344.416792,2693.375175,1707.79536,1792.496133,12.569304,105.6427073,2.256512195,237.2991876,2.587288412,4.495836831,0.6505932,1.174496142,134.3993332,2.286011878,22.74003958,23.08927989,23.16315271
2328.8244,1344.483848,2693.509348,1707.82584,1792.521533,12.573876,108.0267849,2.234456229,237.0993903,2.631894482,4.495675322,0.646400655,1.203199271,134.40338,2.284822683,22.74145379,23.09115803,23.16571709
2328.9768,1344.550904,2693.643521,1707.85632,1792.546933,12.578448,110.4613483,2.210570719,236.9765437,2.63873116,4.495627469,0.643518923,1.225658671,134.403913,2.283694923,22.74294231,23.09303617,23.1669692
2329.1292,1344.61796,2693.777694,1707.8868,1792.572333,12.58302,108.1779406,2.302211597,236.9697474,2.673177985,4.495279284,0.651282246,1.224573225,134.4121201,2.282515146,22.74450671,23.09491431,23.16750271
2329.2816,1344.685016,2693.911866,1707.91728,1792.597733,12.587592,105.7706607,2.370832945,236.9863539,2.697588745,4.49494383,0.657973602,1.208199921,134.4285502,2.281412008,22.74613386,23.09679245,23.16738391
2329.434,1344.752072,2694.04604,1707.94776,1792.623133,12.592164,104.185181,2.392310353,237.0240675,2.696415386,4.494711654,0.661762744,1.198042262,134.4509097,2.28035253,22.74779707,23.09867059,23.16008982
2329.5864,1344.819128,2694.180213,1707.97824,1792.648533,12.596736,104.274908,2.372170129,237.0059531,2.684913205,4.494572573,0.66137199,1.206522027,134.4705423,2.279346141,22.74950681,23.10054873,23.16969038
2329.7388,1344.886184,2694.314386,1708.00872,1792.673933,12.601308,106.0999553,2.300772262,236.9356178,2.660967709,4.494534884,0.656211289,1.232729471,134.4910441,2.278828141,22.75119664,23.10242687,23.18106368
2329.8912,1344.95324,2694.448558,1708.0392,1792.699333,12.60588,106.0620993,2.332547209,236.8128986,2.7202028,4.49426648,0.655827601,1.244633188,134.5125823,2.279030166,22.75306166,23.10430501,23.16364932
2330.0436,1345.020296,2694.582731,1708.06968,1792.724733,12.610452,104.6323263,2.392201617,236.7063992,2.808002232,4.493910413,0.657820251,1.240245602,134.5364769,2.279405508,22.75487685,23.10618315,23.1507111
2330.196,1345.087352,2694.716904,1708.10016,1792.750133,12.615024,104.5200238,2.266766692,236.743813,2.777515088,4.493894656,0.652893618,1.235699541,134.5672639,2.279443751,22.75649106,23.10806129,23.14726566
2330.3484,1345.154408,2694.851077,1708.13064,1792.775533,12.619596,103.4263614,2.215044918,236.6967752,2.825546049,4.493690487,0.650078149,1.225546081,134.5971428,2.278957692,22.75809496,23.10993943,23.14084142
2330.5008,1345.221464,2694.98525,1708.16112,1792.800933,12.624168,102.6359853,2.140668664,236.7054701,2.829042606,4.493593702,0.647233371,1.218450598,134.6351392,2.279175537,22.75962535,23.11181757,23.15239638
2330.6532,1345.28852,2695.119423,1708.1916,1792.826333,12.62874,102.2991428,2.034585522,236.7765723,2.779518913,4.493626897,0.643981235,1.222360407,134.6689067,2.280120963,22.76115232,23.11369571,23.14111921
2330.8056,1345.355576,2695.253596,1708.22208,1792.851733,12.633312,101.0611856,1.97944642,236.8284316,2.763555498,4.493562802,0.643246208,1.229968628,134.6998843,2.281077872,22.76259567,23.11557385,23.14610331
2330.958,1345.422632,2695.387769,1708.25256,1792.877133,12.637884,99.18883097,1.953437363,236.8953098,2.752019886,4.493469648,0.644617891,1.223386586,134.7300851,2.281743692,22.7638816,23.11745199,23.13550868
2331.1104,1345.489688,2695.521942,1708.28304,1792.902533,12.642456,98.51238871,2.025958101,236.9603667,2.736754972,4.493549662,0.646128392,1.209067227,134.7584928,2.281956077,22.76502099,23.11933013,23.12915549
2331.2628,1345.556744,2695.656115,1708.31352,1792.927933,12.647028,97.84241386,2.13473381,237.0187946,2.703802305,4.493640286,0.649739972,1.18287749,134.781507,2.282596747,22.7665819,23.12120827,23.13312128
2331.4152,1345.6238,2695.790288,1708.344,1792.953333,12.6516,96.60460737,2.241969943,237.1073111,2.636787812,4.493716307,0.656052455,1.15437309,134.7942405,2.283797974,22.7679419,23.12308641,23.13747825
2331.5676,1345.690856,2695.924461,1708.37448,1792.978733,12.656172,94.76651818,2.339079097,237.2238021,2.525594254,4.493767009,0.665428574,1.161178678,134.8051508,2.284871082,22.76930951,23.12496455,23.14919843
2331.72,1345.757912,2696.058634,1708.40496,1793.004133,12.660744,93.79683082,2.445087187,237.3771622,2.416977033,4.49393391,0.672106908,1.175992164,134.8162054,2.285767939,22.77059391,23.12684269,23.14971144
2331.8724,1345.824968,2696.192807,1708.43544,1793.029533,12.665316,93.82886136,2.558517278,237.5771878,2.308563633,4.494240785,0.675661212,1.182573957,134.8266468,2.286661453,22.77190196,23.12872083,23.14451851
2332.0248,1345.892024,2696.32698,1708.46592,1793.054933,12.669888,93.68796566,2.662420818,237.771968,2.190474235,4.49456311,0.679920075,1.186859599,134.8341611,2.287588621,22.77312681,23.13059897,23.14058166
2332.1772,1345.95908,2696.461153,1708.4964,1793.080333,12.67446,92.0459101,2.759157148,237.763652,2.16853495,4.494740368,0.686040159,1.172155686,134.8348863,2.288621131,22.77428284,23.13247711,23.1487159
2332.3296,1346.026136,2696.595326,1708.52688,1793.105733,12.679032,90.2203038,2.875815512,237.7831893,2.137454638,4.494921584,0.693377866,1.143342615,134.8367999,2.289655482,22.77591642,23.13435525,23.16453303
2332.482,1346.093192,2696.729499,1708.55736,1793.131133,12.683604,88.15215026,3.011703857,237.8323053,2.093876031,4.495101601,0.702217929,1.122943003,134.838547,2.290529852,22.77751695,23.13623339,23.17445421
2332.6344,1346.160248,2696.863672,1708.58784,1793.156533,12.688176,86.61876938,3.154195009,237.9326758,2.033985101,4.49537537,0.709949269,1.118298821,134.8455995,2.291289131,22.77911932,23.13811152,23.17867307
2332.7868,1346.227304,2696.997845,1708.61832,1793.181933,12.692748,85.44985266,3.309307975,238.0810647,1.96041522,4.495721991,0.717146461,1.121578116,134.8498023,2.291937501,22.78069058,23.13998966,23.17226661
2332.9392,1346.29436,2697.132018,1708.6488,1793.207333,12.69732,84.72887645,3.223451553,238.020568,2.021668063,4.495972117,0.711795306,1.12633543,134.8517206,2.292563935,22.7822357,23.1418678,23.17099879
2333.0916,1346.361416,2697.266191,1708.67928,1793.232733,12.701892,83.63016795,3.236779334,238.0038612,2.039297059,4.496306017,0.712602139,1.121821516,134.8551979,2.293067364,22.78361412,23.14374594,23.17888072
2333.244,1346.428472,2697.400364,1708.70976,1793.258133,12.706464,82.33896837,3.349580517,238.0582974,2.01096627,4.496729779,0.718686512,1.101904423,134.8560513,2.293313906,22.78483086,23.14562408,23.19158921
2333.3964,1346.495528,2697.534537,1708.74024,1793.283533,12.711036,81.561708,3.245481671,237.9289134,2.109181449,4.497078598,0.712888628,1.076335714,134.8638233,2.292927511,22.78450099,23.14750222,23.1974947
2333.5488,1346.562584,2697.66871,1708.77072,1793.308933,12.715608,80.53412412,3.300784098,237.9234993,2.117159892,4.497441266,0.715687015,1.073828393,134.8578517,2.292347331,22.78450094,23.14938036,23.20012695
2333.7012,1346.62964,2697.802882,1708.8012,1793.334333,12.72018,79.18773665,3.545948287,238.0649524,2.019275741,4.497821149,0.728698342,1.0960889,134.8417262,2.292185064,22.784817,23.1512585,23.19335476
2333.8536,1346.696696,2697.937055,1708.83168,1793.359733,12.724752,77.96901898,3.734096388,238.1393588,1.960134275,4.498136437,0.738707532,1.110832873,134.8347154,2.292191085,22.78542372,23.15313664,23.18254727
2334.006,1346.763752,2698.071228,1708.86216,1793.385133,12.729324,76.78712426,3.911464646,238.202829,1.904525045,4.498409569,0.748390961,1.102229948,134.837265,2.292152076,22.7862938,23.15501478,23.19108489
2334.1584,1346.830808,2698.205401,1708.89264,1793.410533,12.733896,78.03638799,3.268230531,237.9857292,2.139298086,4.498758972,0.715084223,1.078988039,134.8327102,2.292233881,22.78733116,23.15689292,23.2027379
2334.3108,1346.897864,2698.339574,1708.92312,1793.435933,12.738468,78.92886991,2.993690313,237.926128,2.230153237,4.499022548,0.699803099,1.065768625,134.8302437,2.292342532,22.78859856,23.15877106,23.217743
2334.4632,1346.96492,2698.473747,1708.9536,1793.461333,12.74304,79.40275205,3.019842864,238.0119238,2.193309871,4.499218452,0.699827562,1.072487616,134.8189486,2.292361554,22.79007566,23.1606492,23.21821464
2334.6156,1347.031976,2698.60792,1708.98408,1793.486733,12.747612,79.35753678,3.442320664,238.2871847,1.99061442,4.499334186,0.719818594,1.08836554,134.8159826,2.2923333,22.79168193,23.16252734,23.21733416
2334.768,1347.099032,2698.742093,1709.01456,1793.512133,12.752184,79.14361128,3.43685566,238.4101426,1.948712894,4.499480805,0.719645256,1.098465607,134.8126748,2.29215886,22.7938294,23.16440548,23.20203404
2334.9204,1347.166088,2698.876266,1709.04504,1793.537533,12.756756,78.7214047,2.954889179,238.3673028,2.083868832,4.499666988,0.697110404,1.099276094,134.8178236,2.29193204,22.79604575,23.16628362,23.19337719
2335.0728,1347.233144,2699.010439,1709.07552,1793.562933,12.761328,79.46708465,2.775753516,238.4395416,2.101322348,4.499753395,0.68683593,1.095699112,134.8256539,2.291703804,22.79834701,23.16816176,23.19047818
2335.2252,1347.3002,2699.144612,1709.106,1793.588333,12.7659,81.57759759,2.722196091,238.5534608,2.070909872,4.499761928,0.679978015,1.091215932,134.8325041,2.291519061,22.80092633,23.1700399,23.19371602
2335.3776,1347.367256,2699.278785,1709.13648,1793.613733,12.770472,83.34003193,2.694524991,238.6742343,2.032767088,4.499721774,0.675016552,1.094396402,134.8421055,2.291279292,22.8034767,23.17191804,23.20084104
2335.53,1347.434312,2699.412958,1709.16696,1793.639133,12.775044,84.70571467,2.733448446,238.8185247,1.971054443,4.499625835,0.673983553,1.101763456,134.8431966,2.291142982,22.80605096,23.17379618,23.2120047
2335.6824,1347.501368,2699.547131,1709.19744,1793.664533,12.779616,85.62202433,2.563099024,238.9006605,1.984271681,4.499522675,0.66379023,1.104075958,134.8513162,2.29114759,22.80936426,23.17567432,23.20870116
2335.8348,1347.568424,2699.681304,1709.22792,1793.689933,12.784188,86.08854191,2.2302928,238.9302071,2.057663239,4.499400415,0.646675688,1.102044431,134.8638476,2.291097631,22.81176523,23.17755246,23.20035744
2335.9872,1347.63548,2699.815477,1709.2584,1793.715333,12.78876,87.64616219,2.026406595,238.8836658,2.127501717,4.499642683,0.633935308,1.099269893,134.8800795,2.291002848,22.81438693,23.1794306,23.19291946
2336.1396,1347.702536,2699.94965,1709.28888,1793.740733,12.793332,87.00208113,1.932559825,239.0199889,2.097964524,4.499318299,0.631826562,1.097361376,134.8910162,2.290996885,22.81746715,23.18130874,23.1961662
2336.292,1347.769592,2700.083823,1709.31936,1793.766133,12.797904,86.53840118,1.834813674,239.0985506,2.090773956,4.499127497,0.629444466,1.097570477,134.8978662,2.2908885,22.82070192,23.18318688,23.19927123
2336.4444,1347.836648,2700.217996,1709.34984,1793.791533,12.802476,87.00730804,1.794625377,239.0773815,2.106510139,4.49927399,0.628302971,1.102762025,134.9080779,2.290537545,22.82390374,23.18506502,23.21585076
2336.5968,1347.903704,2700.352169,1709.38032,1793.816933,12.807048,86.8312546,1.749182832,239.1500233,2.086810114,4.499387168,0.62805827,1.104876997,134.9224783,2.290063994,22.82702553,23.18694316,23.21444416
2336.7492,1347.97076,2700.486342,1709.4108,1793.842333,12.81162,85.89682198,1.694216609,239.3297724,2.027601878,4.499443483,0.628698083,1.103117331,134.9456131,2.289505605,22.82966864,23.1888213,23.21614535
2336.9016,1348.037816,2700.620515,1709.44128,1793.867733,12.816192,85.36285929,1.709629567,239.5055419,1.951138298,4.499728555,0.632081891,1.103310594,134.9664086,2.288970493,22.83216038,23.19069944,23.23284169
2337.054,1348.104872,2700.754688,1709.47176,1793.893133,12.820764,84.4508048,1.786404685,239.6190619,1.890903078,4.500483558,0.638830419,1.100402491,134.9901478,2.28842209,22.83463411,23.19257758,23.23484213
2337.2064,1348.171928,2700.888861,1709.50224,1793.918533,12.825336,82.95785237,1.800573619,239.5640435,1.916703817,4.501762473,0.643302022,1.101315345,135.0078802,2.287859133,22.83766517,23.19445572,23.23824589
2337.3588,1348.238984,2701.023034,1709.53272,1793.943933,12.829908,81.75583802,1.75646859,239.5332749,1.936210726,4.5029849,0.644721331,1.099666129,135.0303459,2.287379313,22.84044819,23.19633386,23.2282734
2337.5112,1348.30604,2701.157206,1709.5632,1793.969333,12.83448,80.50359006,1.712172696,239.5785173,1.919295712,4.504191391,0.646365231,1.091835544,135.0571916,2.286650745,22.84308714,23.198212,23.22791681
2337.6636,1348.373096,2701.291379,1709.59368,1793.994733,12.839052,79.25757123,1.640918232,239.7001883,1.869709044,4.50532838,0.646902918,1.089160446,135.0896694,2.285443963,22.84540657,23.20009014,23.22573785
2337.816,1348.440152,2701.425552,1709.62416,1794.020133,12.843624,78.10309872,1.616813868,239.8044211,1.839000055,4.506487004,0.648214109,1.083599839,135.1321849,2.284174001,22.84751983,23.20196828,23.2420558
2337.9684,1348.507208,2701.559725,1709.65464,1794.045533,12.848196,76.99108175,1.648726482,239.8961386,1.826127107,4.507657938,0.650653765,1.073752237,135.1762395,2.283189837,22.84966295,23.20384642,23.23220376
2338.1208,1348.574264,2701.693898,1709.68512,1794.070933,12.852768,74.13344702,1.559663228,239.9054083,1.827461698,4.509228272,0.655549898,1.066816754,135.2290627,2.28246392,22.85157616,23.20572456,23.23220164
2338.2732,1348.64132,2701.828071,1709.7156,1794.096333,12.85734,70.84888127,1.457670779,239.9031411,1.839402698,4.510849117,0.660964013,1.061059045,135.2741677,2.281162082,22.85312727,23.20760269,23.2173378
2338.4256,1348.708376,2701.962244,1709.74608,1794.121733,12.861912,67.78410562,1.365856797,239.8805404,1.8447541,4.511662793,0.666627922,1.050899314,135.3225593,2.279101984,22.85409026,23.20948083,23.22058756
2338.578,1348.775432,2702.096417,1709.77656,1794.147133,12.866484,64.95438513,1.278728585,239.8375239,1.842061781,4.51157113,0.672343343,1.036620228,135.3728761,2.277477669,22.85431148,23.21135897,23.22069205
2338.7304,1348.842488,2702.23059,1709.80704,1794.172533,12.871056,62.26515007,1.215510549,239.780183,1.846448167,4.510909711,0.678167448,1.021219565,135.4279882,2.276158591,22.85459151,23.21323711,23.22538232
2338.8828,1348.909544,2702.364763,1709.83752,1794.197933,12.875628,59.76556781,1.173531669,239.6969158,1.855852974,4.509452157,0.684178885,1.008043483,135.4910915,2.274669399,22.85497692,23.21511525,23.22210407
2339.0352,1348.9766,2702.498936,1709.868,1794.223333,12.8802,56.49188516,1.099386377,239.5200516,1.867606208,4.505211519,0.692016601,1.003920064,135.5512374,2.27291747,22.8554415,23.21699339,23.21360808
2339.1876,1349.043656,2702.633109,1709.89848,1794.248733,12.884772,55.13731097,1.069575307,239.3160911,1.845091346,4.497238467,0.694847169,0.999234229,135.6198053,2.270943393,22.85640324,23.21887153,23.20544278
2339.34,1349.110712,2702.767282,1709.92896,1794.274133,12.889344,52.61132728,1.006940278,239.0035282,1.839634071,4.4871391,0.701032458,0.983809603,135.6820221,2.269030973,22.85727838,23.22074967,23.18957004
2339.4924,1349.177768,2702.901455,1709.95944,1794.299533,12.893916,48.27630222,0.887468797,238.547784,1.857171446,4.474370354,0.712012273,0.964941249,135.7384119,2.267406146,22.85787819,23.22262781,23.19633986
2339.6448,1349.244824,2703.035628,1709.98992,1794.324933,12.898488,46.63956189,0.833749412,238.1909999,1.860714432,4.463697701,0.715688439,0.953215711,135.7911011,2.265762062,22.85717821,23.22450595,23.19661905
2339.7972,1349.31188,2703.169801,1710.0204,1794.350333,12.90306,48.09469413,0.855693413,237.9476859,1.847943015,4.455446977,0.711048259,0.945348691,135.846783,2.264052474,22.85673064,23.22638409,23.19126067
2339.9496,1349.378936,2703.303974,1710.05088,1794.375733,12.907632,49.91763831,0.873219521,237.6673555,1.842710509,4.44680954,0.705183208,0.937174114,135.9067031,2.262332675,22.85641822,23.22826223,23.18127939
2340.102,1349.445992,2703.438147,1710.08136,1794.401133,12.912204,48.22931399,0.917047961,237.2051814,1.82389996,4.428794983,0.714805494,0.93267685,135.9579806,2.260715507,22.85619861,23.23014037,23.16982795
2340.2544,1349.513048,2703.57232,1710.11184,1794.426533,12.916776,46.23957416,1.000263698,236.6395102,1.812894424,4.406835194,0.727754339,0.925972148,135.9999981,2.259131839,22.85606588,23.23201851,23.1679768
2340.4068,1349.580104,2703.706493,1710.14232,1794.451933,12.921348,46.44164084,1.119708612,236.0607523,1.818729205,4.385914532,0.734117558,0.917646064,136.0360349,2.257762913,22.85599621,23.23389665,23.16860486
2340.5592,1349.64716,2703.840666,1710.1728,1794.477333,12.92592,49.56805347,1.294900497,235.5295722,1.826958164,4.366951566,0.732059425,0.914406696,136.0672643,2.256536258,22.85598901,23.23577479,23.17255126
2340.7116,1349.714216,2703.974838,1710.20328,1794.502733,12.930492,55.92734104,1.531133716,235.0420334,1.84169296,4.350141082,0.720607591,0.913680737,136.0945504,2.25517565,22.85600535,23.23765293,23.16431579
2340.864,1349.781272,2704.109011,1710.23376,1794.528133,12.935064,56.71884328,1.681013006,234.7946319,1.81260149,4.337280515,0.725811289,0.912091606,136.1126842,2.253750261,22.85619713,23.23953107,23.15930601
2341.0164,1349.848328,2704.243185,1710.26424,1794.553533,12.939636,52.70868476,1.754120367,234.7399009,1.742821401,4.326953285,0.745391215,0.911638448,136.1224693,2.252389085,22.85659656,23.24140921,23.15279432
2341.1688,1349.915384,2704.377358,1710.29472,1794.578933,12.944208,57.87620632,1.947135079,234.1900858,1.731224014,4.304307924,0.73744464,0.912590351,136.1253128,2.251724846,22.85869719,23.24328735,23.15294674
2341.3212,1349.98244,2704.51153,1710.3252,1794.604333,12.94878,59.23264149,2.086966962,233.8906258,1.680763504,4.286441078,0.74099309,0.912142508,136.1203732,2.251698564,22.86113289,23.24516549,23.15323023
2341.4736,1350.049496,2704.645703,1710.35568,1794.629733,12.953352,61.85700142,2.236156771,233.495557,1.651448753,4.26759781,0.740176619,0.916073504,136.1079797,2.25175085,22.86391374,23.24704363,23.16092071
2341.626,1350.116552,2704.779876,1710.38616,1794.655133,12.957924,66.2264812,2.401313423,232.9829824,1.648079806,4.24751385,0.733502896,0.922947073,136.0883358,2.25180288,22.86720225,23.24892177,23.16582763
2341.7784,1350.183608,2704.914049,1710.41664,1794.680533,12.962496,67.90445587,2.520465452,232.5830666,1.627957743,4.229797461,0.73452275,0.928022088,136.0544454,2.251875744,22.87060497,23.25079991,23.16750915
2341.9308,1350.250664,2705.048222,1710.44712,1794.705933,12.967068,68.02713928,2.60685458,232.2128982,1.60558,4.213089435,0.739639732,0.934768692,136.0227066,2.252028875,22.87441361,23.25267805,23.17459027
2342.0832,1350.31772,2705.182395,1710.4776,1794.731333,12.97164,68.71352399,2.770346206,232.0547688,1.603323333,4.205113365,0.745565536,0.943579213,135.9881749,2.252380424,22.87853909,23.25455619,23.18468645
2342.2356,1350.384776,2705.316568,1710.50808,1794.756733,12.976212,69.66484058,2.967579754,231.9632516,1.626491485,4.201970931,0.75123173,0.956729304,135.9586124,2.253010326,22.8829791,23.25643433,23.19156382
2342.388,1350.451832,2705.450741,1710.53856,1794.782133,12.980784,70.7311777,3.094210984,231.544339,1.684786434,4.192351599,0.752455131,0.975964643,135.9159219,2.25370871,22.88778528,23.25831247,23.2013935
2342.5404,1350.518888,2705.584914,1710.56904,1794.807533,12.985356,72.3952981,3.129722516,230.6558981,1.791556457,4.173175153,0.746224501,0.995169805,135.8634126,2.254621924,22.89244242,23.26019061,23.21138357
2342.6928,1350.585944,2705.719087,1710.59952,1794.832933,12.989928,75.60173444,3.355165353,230.1196445,1.876820454,4.161820555,0.744689908,1.003660722,135.803199,2.255755089,22.89724193,23.26206875,23.22045696
2342.8452,1350.653,2705.85326,1710.63,1794.858333,12.9945,80.61503119,3.796620826,229.9823611,1.938175373,4.159340761,0.748308638,1.007395139,135.743819,2.257031448,22.90220767,23.26394689,23.22862004
2342.9976,1350.720056,2705.987433,1710.66048,1794.883733,12.999072,87.43518912,4.301243848,229.7140866,2.022351015,4.154472834,0.74850104,1.0167149,135.6840458,2.258345498,22.90706898,23.26582503,23.23852947
2343.15,1350.787112,2706.121606,1710.69096,1794.909133,13.003644,86.66045766,4.196134066,229.5110997,2.034254655,4.152745199,0.746117242,1.029566932,135.6227387,2.259611698,22.91201637,23.26770317,23.23935564
2343.3024,1350.854168,2706.255779,1710.72144,1794.934533,13.008216,86.48834406,4.164036423,229.2944864,2.0569092,4.150822716,0.745487426,1.047789603,135.5664182,2.260784357,22.91668476,23.26958131,23.24801764
2343.4548,1350.921224,2706.389952,1710.75192,1794.959933,13.012788,87.18554703,4.213526618,229.0214413,2.096195322,4.147746852,0.746027668,1.067067356,135.5038238,2.261831267,22.92049429,23.27145945,23.25776355
2343.6072,1350.98828,2706.524125,1710.7824,1794.985333,13.01736,89.99528044,4.441748952,228.8869677,2.138205955,4.147834955,0.748444254,1.077412537,135.4357722,2.26302999,22.92497668,23.27333759,23.2713133
2343.7596,1351.055336,2706.658298,1710.81288,1795.010733,13.021932,94.71107656,4.84478418,228.8735992,2.184766936,4.150625899,0.753300729,1.07810478,135.3714259,2.264403465,22.92941285,23.27521573,23.27815073
2343.912,1351.122392,2706.792471,1710.84336,1795.036133,13.026504,95.82003385,4.85062943,229.3126391,2.078192109,4.152936311,0.753736855,1.076245959,135.3194274,2.265731634,22.93376428,23.27709386,23.27624863
2344.0644,1351.189448,2706.926644,1710.87384,1795.061533,13.03107601,96.14658591,4.747286651,229.8302024,1.967812533,4.15444286,0.752114001,1.077452804,135.2727484,2.26702263,22.93766278,23.278972,23.27100945
2344.2168,1351.256504,2707.060817,1710.90432,1795.086933,13.03564803,99.38343584,4.928641772,230.1057037,1.989964454,4.156208399,0.753209842,1.07868204,135.2268487,2.268298088,22.94139096,23.28085014,23.28206409
2344.3692,1351.32356,2707.19499,1710.9348,1795.112333,13.04022004,99.73360957,4.802940168,230.8752211,1.867527155,4.159023246,0.751876584,1.076340287,135.1826033,2.269497855,22.94501421,23.28272828,23.28962595
2344.5216,1351.390616,2707.329163,1710.96528,1795.137733,13.04479221,101.3743053,4.831051819,231.3247279,1.836588332,4.160506105,0.751570478,1.077319765,135.1363684,2.270734692,22.94897534,23.28460642,23.29416985
2344.674,1351.457672,2707.463336,1710.99576,1795.163132,13.04936456,104.585355,5.049751136,231.3988354,1.91459264,4.160577695,0.752785274,1.089906296,135.0952343,2.271981294,22.95299313,23.28648456,23.30024578
2344.8264,1351.524729,2707.59751,1711.02624,1795.188532,13.05393701,106.0154756,5.102987723,231.6074829,1.944262856,4.160151132,0.752547753,1.106606349,135.067741,2.273210154,22.95690044,23.2883627,23.30049255
2344.9788,1351.591785,2707.731684,1711.05672,1795.213931,13.0585096,106.5836908,5.097488254,231.7485667,1.983463465,4.158586355,0.751728894,1.103293213,135.048123,2.274389342,22.96017544,23.29024084,23.30781837
2345.1312,1351.658841,2707.865855,1711.0872,1795.239332,13.06308105,108.3528388,4.78699438,233.1503189,1.633543067,4.158808408,0.741241791,1.078153925,135.0346823,2.275478154,22.96324854,23.29211898,23.30823439
2345.2836,1351.725896,2708.000026,1711.11768,1795.264734,13.06765125,109.377683,4.602782209,234.1222312,1.427913401,4.159770972,0.734779945,1.053780569,135.027495,2.276580005,22.96602516,23.29399712,23.30298256
2345.436,1351.79295,2708.134197,1711.14816,1795.290136,13.07222082,109.8933725,4.578025484,234.4761524,1.410073096,4.159891743,0.732403548,1.047962647,135.0198204,2.277684282,22.96860186,23.29587526,23.29616943
2345.5884,1351.860005,2708.268366,1711.17864,1795.31554,13.07678942,109.8348915,4.785540666,234.0134425,1.646479471,4.159483685,0.736019258,1.066090724,135.0191414,2.27870396,22.97036246,23.2977534,23.30484216
2345.7408,1351.92706,2708.402539,1711.20912,1795.34094,13.08136118,111.439476,4.850007708,234.0828827,1.637525028,4.158737101,0.734524127,1.080494369,135.012194,2.27954303,22.97187924,23.29963154,23.31269968
2345.8932,1351.994118,2708.536716,1711.2396,1795.366337,13.0859365,115.0332258,4.759429367,234.7446037,1.354295887,4.157467849,0.727177138,1.083436532,134.9895937,2.28029811,22.9731287,23.30150968,23.32163972
2346.0456,1352.061177,2708.670893,1711.27008,1795.391732,13.09051311,117.5802361,4.763372986,235.0611679,1.224563785,4.156080642,0.723204832,1.084489149,134.9613728,2.280950875,22.97428021,23.30338782,23.32871623
2346.198,1352.128236,2708.805074,1711.30056,1795.417124,13.09509212,117.2001665,4.778668404,235.2268787,1.292479091,4.15497548,0.722760799,1.077059231,134.9260248,2.281581897,22.97579702,23.30526596,23.32352608
2346.3504,1352.195292,2708.939246,1711.33104,1795.442526,13.0996631,116.329242,4.782820456,235.2191973,1.36680356,4.153774563,0.722971464,1.071388434,134.8745881,2.282078606,22.97787719,23.3071441,23.31945073
2346.5028,1352.262342,2709.073408,1711.36152,1795.467936,13.10422499,114.8541314,4.79558952,234.9596412,1.471861487,4.152515292,0.724459272,1.070523319,134.8077089,2.28248535,22.9795225,23.30902224,23.32018101
2346.6552,1352.329391,2709.207567,1711.392,1795.49335,13.10878373,114.4356746,4.765462442,234.8120897,1.458795937,4.150970043,0.723972834,1.067916506,134.7247951,2.282785496,22.98117892,23.31090038,23.32515692
2346.8076,1352.396437,2709.34172,1711.42248,1795.51877,13.11333644,114.6338815,4.688265866,234.717512,1.348450859,4.149239225,0.722009697,1.071041102,134.628652,2.283111037,22.98286135,23.31277852,23.33098795
2346.96,1352.463636,2709.476177,1711.45296,1795.543886,13.11817883,115.0973047,4.580837892,235.4812248,1.276131702,4.149442927,0.71830232,1.077216651,134.5258606,2.283365701,22.98400028,23.31465666,23.33485861
2347.1124,1352.531002,2709.610971,1711.48344,1795.568664,13.12334132,113.0999516,4.541378901,235.227797,1.311395551,4.150782856,0.719191585,1.084182266,134.4110813,2.283560823,22.98488366,23.3165348,23.34006617
2347.2648,1352.598464,2709.745954,1711.51392,1795.593254,13.12868305,110.3843689,4.481320423,234.8531433,1.344038421,4.153009194,0.720540819,1.091483761,134.2823865,2.283695115,22.98574096,23.31841294,23.34442294
2347.4172,1352.666064,2709.881216,1711.5444,1795.617565,13.13428977,107.9499449,4.35543478,235.3429843,1.368744866,4.157110616,0.719495924,1.089555953,134.1390535,2.283775283,22.98784744,23.32029108,23.34217193
2347.5696,1352.733534,2710.016216,1711.57488,1795.642137,13.13964835,104.8372691,4.258549845,235.2255498,1.411795754,4.160779949,0.719945078,1.085912717,133.9830403,2.283851265,22.98969856,23.32216922,23.35002574
2347.722,1352.800851,2710.150911,1711.60536,1795.667014,13.14471671,100.9017925,4.19225263,234.3933553,1.473640192,4.163895018,0.722145108,1.085662998,133.8154213,2.28407814,22.99148375,23.32404736,23.36187827
2347.8744,1352.868186,2710.285642,1711.63584,1795.691857,13.14981836,96.56966078,4.101336717,233.8076951,1.559569091,4.168164275,0.723784255,1.08851453,133.632306,2.284268807,22.99333379,23.3259255,23.37308133
2348.0268,1352.93547,2710.420269,1711.66632,1795.716802,13.1548225,92.62221603,4.034205823,233.3464596,1.689806098,4.173155505,0.725657783,1.097849855,133.4501114,2.284342584,22.99589303,23.32780364,23.37661555
2348.1792,1353.002563,2710.554516,1711.6968,1795.742128,13.15946513,92.53147682,4.005864358,233.8255715,1.810703397,4.179539851,0.725081374,1.112982465,133.2595047,2.284264956,22.99876254,23.32968178,23.37778349
2348.3316,1353.069459,2710.68837,1711.72728,1795.767847,13.16373338,91.06551292,3.878983034,234.1648058,1.868299954,4.18716073,0.722652497,1.122428241,133.0644513,2.283983989,23.00071329,23.33155992,23.37554648
2348.484,1353.136164,2710.821842,1711.75776,1795.793949,13.16763906,88.16103591,3.709904691,234.0990731,1.917914149,4.195475576,0.720146565,1.122271233,132.8605387,2.283829014,23.00320822,23.33343806,23.37805104
2348.6364,1353.202633,2710.954842,1711.78824,1795.820523,13.17109589,83.57468892,3.475208562,233.5924201,1.937698068,4.204635762,0.71707143,1.124325892,132.6496566,2.283862325,23.00548095,23.3353162,23.38537689
2348.7888,1353.268917,2711.08747,1711.81872,1795.847468,13.17419989,81.63873526,3.431441439,233.00206,2.066205192,4.208508188,0.717859501,1.122887992,132.4366165,2.284179852,23.007467,23.33719434,23.39230887
2348.9412,1353.334995,2711.219688,1711.8492,1795.874823,13.17691446,82.63701899,3.606930312,232.272144,2.320635558,4.206405711,0.723171783,1.11992006,132.217484,2.284491706,23.00940805,23.33907248,23.39653988
2349.0936,1353.400793,2711.351346,1711.87968,1795.90274,13.17909563,80.8475423,3.486380843,232.1964749,2.371825628,4.213874908,0.721024873,1.123216088,131.9968927,2.284502774,23.01112448,23.34095062,23.39855469
2349.246,1353.466303,2711.482429,1711.91016,1795.931232,13.18073068,78.65676729,3.281590804,232.4347579,2.350724768,4.224455088,0.716316298,1.12943815,131.7774982,2.284328378,23.01235698,23.34282876,23.39901668
2349.3984,1353.531521,2711.612929,1711.94064,1795.960307,13.18181135,76.77853242,3.079220794,232.6874538,2.332978981,4.234518607,0.711398512,1.130921691,131.5548992,2.284060305,23.01398608,23.34470689,23.39781792
2349.5508,1353.596421,2711.742792,1711.97112,1795.990018,13.18228743,75.06772445,2.867135347,232.9457831,2.310436148,4.244289684,0.706011559,1.130560065,131.3345152,2.283938047,23.01402877,23.34658503,23.39621903
2349.7032,1353.660984,2711.87198,1712.0016,1796.020406,13.18212124,75.19556769,2.78304479,233.0523549,2.356537344,4.250025142,0.703177478,1.129833028,131.1226373,2.283852896,23.0144081,23.34846317,23.39438311
2349.8556,1353.725189,2712.000455,1712.03208,1796.051506,13.18127737,76.90598681,2.795841825,233.0854051,2.453719932,4.252578448,0.702097752,1.122014435,130.9112876,2.283895231,23.01434582,23.35034131,23.39642326
2350.008,1353.790611,2712.131362,1712.06256,1796.080174,13.18274549,76.78843922,2.637555392,233.8605786,2.360184732,4.263065257,0.696407008,1.118452901,130.6987691,2.284076835,23.01408596,23.35221945,23.39790429
2350.1604,1353.852876,2712.255957,1712.09304,1796.115157,13.17821372,81.57359093,2.707692895,233.8349438,2.447255393,4.262146197,0.692609889,1.121282103,130.4991889,2.284349514,23.01381708,23.35409759,23.40051495
2350.3128,1353.915907,2712.382084,1712.12352,1796.148607,13.17513816,85.75212783,2.691122637,234.3806578,2.4162521,4.26579235,0.686113851,1.120205651,130.3115578,2.284430118,23.01353907,23.35597573,23.39783142
2350.4652,1353.980227,2712.510787,1712.154,1796.17948,13.17451123,88.37416701,2.511071993,235.773665,2.193963877,4.27735845,0.675073472,1.112385176,130.1316193,2.284324923,23.01332331,23.35785387,23.39462761
2350.6176,1354.043517,2712.637434,1712.18448,1796.21241,13.17192934,92.19300874,2.431192506,236.5621819,2.120679717,4.283145796,0.666758954,1.10665459,129.9582848,2.284067532,23.01307919,23.35973201,23.39643107
2350.77,1354.105597,2712.761659,1712.21496,1796.247763,13.16704603,97.42301915,2.46753636,236.657227,2.220451346,4.282214936,0.661589237,1.106080885,129.7960529,2.283839473,23.01273464,23.36161015,23.4035804
2350.9224,1354.168051,2712.886633,1712.24544,1796.282366,13.16287495,101.9183168,2.424106952,237.0188866,2.263363612,4.284188546,0.654372156,1.10923709,129.6460269,2.283792325,23.0106225,23.36348829,23.40703123
2351.0748,1354.230313,2713.011223,1712.27592,1796.317355,13.15833809,105.9504972,2.435169935,237.524761,2.16041477,4.28687711,0.649161925,1.117302621,129.5071833,2.283995442,23.00915306,23.36536643,23.40885553
2351.2272,1354.292506,2713.135675,1712.3064,1796.35248,13.15367074,110.2518833,2.527969615,238.2050376,1.956340564,4.28920994,0.64639641,1.116455878,129.3775097,2.284447516,23.00804209,23.36724457,23.40738359
2351.3796,1354.354757,2713.260241,1712.33688,1796.387491,13.14911239,115.0388257,2.607052512,238.8968047,1.817483057,4.290798598,0.64313701,1.107144487,129.2666167,2.284777938,23.007319,23.36912271,23.40472708
2351.532,1354.416549,2713.383892,1712.36736,1796.42342,13.14368241,120.4205352,2.704273512,239.3126508,1.785887683,4.289647045,0.640463561,1.102574605,129.165407,2.284999545,23.00697494,23.37100085,23.41154819
2351.6844,1354.477909,2713.506679,1712.39784,1796.460211,13.13743292,126.5575786,2.822326866,239.4530157,1.87758653,4.28548742,0.63840164,1.104390382,129.0673932,2.28522109,23.0069487,23.37287899,23.4167629
2351.8368,1354.53948,2713.629887,1712.42832,1796.496582,13.13158253,128.0580825,2.939594155,239.2378288,1.888862189,4.283256561,0.640858527,1.116056469,128.9741071,2.28544375,23.00770655,23.37475713,23.42056418
2351.9892,1354.601203,2713.753399,1712.4588,1796.532647,13.12602213,124.4821073,3.063508314,238.5816276,1.819173916,4.282781604,0.64853319,1.131599844,128.8902756,2.28568876,23.00886858,23.37663527,23.42353166
2352.1416,1354.662761,2713.876582,1712.48928,1796.569043,13.12014862,128.95497,3.20838202,239.1942444,1.754660986,4.280025439,0.647800637,1.139130485,128.8182525,2.285877152,23.01030273,23.37851341,23.42450929
2352.294,1354.724271,2713.999668,1712.51976,1796.605536,13.11418219,130.3563182,3.373982624,239.4359731,1.679410742,4.277155931,0.650966671,1.137634021,128.7600229,2.286119704,23.01197237,23.38039155,23.42907421
2352.4464,1354.78593,2714.123054,1712.55024,1796.641728,13.10850121,133.3955941,3.508320896,239.8352016,1.602141687,4.275048596,0.652923925,1.132589316,128.71669,2.286353677,23.01380142,23.38226969,23.43206439
2352.5988,1354.847735,2714.246729,1712.58072,1796.677631,13.10309586,138.5299323,3.610272811,240.4187275,1.530922194,4.273565012,0.65335167,1.131653563,128.6725062,2.286448258,23.0158562,23.38414783,23.4349331
2352.7512,1354.909669,2714.370663,1712.6112,1796.713275,13.09793529,141.793638,3.707271427,240.7845986,1.428203463,4.273050694,0.656452138,1.139505104,128.6347843,2.286461513,23.0179488,23.38602597,23.43751527
2352.9036,1354.971788,2714.494967,1712.64168,1796.748549,13.09312709,131.6375788,3.786893479,241.0882205,1.294447082,4.273726332,0.660847102,1.153917512,128.5953232,2.286522839,23.02018471,23.38790411,23.4395062
2353.056,1355.033793,2714.619042,1712.67216,1796.784052,13.08810178,128.909511,3.864163288,241.3041574,1.199667633,4.273713636,0.666145908,1.161319852,128.5553692,2.28656573,23.0227251,23.38978225,23.44040387
2353.2084,1355.09568,2714.742883,1712.70264,1796.819789,13.08285301,134.0959111,3.906555823,240.679462,1.189655116,4.273243583,0.679960782,1.163514346,128.5213595,2.286557804,23.02533767,23.39166039,23.43996038
2353.3608,1355.157651,2714.866891,1712.73312,1796.85536,13.07776342,129.1413834,3.966751605,240.8265151,1.130130893,4.273046998,0.686685663,1.168572076,128.4828211,2.286573968,23.02864353,23.39353853,23.44032224
2353.5132,1355.219643,2714.990941,1712.7636,1796.890888,13.07271385,131.7216689,4.06410945,242.0874995,1.01268976,4.272640649,0.682826221,1.170632647,128.4454292,2.286671983,23.03209851,23.39541667,23.44427534
2353.6656,1355.281628,2715.114976,1712.79408,1796.92643,13.06765073,128.1833206,4.118494839,242.2987554,0.967121233,4.272352572,0.688698161,1.17787241,128.3992414,2.286752906,23.03557437,23.39729481,23.44882647
2353.818,1355.343623,2715.239033,1712.82456,1796.961951,13.06260771,117.7028099,4.12078902,241.3214546,1.001686835,4.272307948,0.70566161,1.186746504,128.3497792,2.286599637,23.03914701,23.39917295,23.45488235
2353.9704,1355.405598,2715.36305,1712.85504,1796.997512,13.05752651,108.9986704,4.125851916,240.5170186,1.044222832,4.271984187,0.720725238,1.187401836,128.3017198,2.286319943,23.04267168,23.40105109,23.46141128
2354.1228,1355.46755,2715.487019,1712.88552,1797.033121,13.05239978,109.0006575,4.112523522,240.8283267,1.045173,4.271959955,0.724256952,1.187913659,128.2636956,2.286143931,23.04635293,23.40292923,23.46730847
2354.2752,1355.529522,2715.61103,1712.916,1797.068688,13.04731291,109.0263498,4.093277361,241.2124661,1.0410864,4.272194923,0.726469906,1.192241262,128.2329907,2.28643364,23.0505587,23.40480737,23.46903455
2354.4276,1355.59151,2715.735072,1712.94648,1797.104225,13.04225567,107.0434019,4.072310766,241.3951324,1.048362125,4.272513848,0.730052491,1.200929807,128.2000217,2.287323026,23.05481658,23.40668551,23.47032779
2354.58,1355.653487,2715.859092,1712.97696,1797.139782,13.03717793,100.7896402,4.02566679,240.9011532,1.10873822,4.272811073,0.739524211,1.212329771,128.1636026,2.288577746,23.05897022,23.40856365,23.4761177
2354.7324,1355.71546,2715.983104,1713.00744,1797.175348,13.03209232,89.86962738,3.955801785,239.7245346,1.21860144,4.273140664,0.754857347,1.21708565,128.1193732,2.289208121,23.06307297,23.41044179,23.4845314
2354.8848,1355.777437,2716.107123,1713.03792,1797.210908,13.02701281,82.91511443,3.904072506,239.2672149,1.259903409,4.273462969,0.763426884,1.216970346,128.0799775,2.288324399,23.06731646,23.41231993,23.49058087
2355.0372,1355.839413,2716.231142,1713.0684,1797.246467,13.0219335,79.92555048,3.869604319,239.3172027,1.265659907,4.273772465,0.766449919,1.21295362,128.0389279,2.287180776,23.07139161,23.41419806,23.49340957
2355.1896,1355.901389,2716.355159,1713.09888,1797.282027,13.01685333,76.07754799,3.833288299,238.6927967,1.366920312,4.274123871,0.773004508,1.209294647,128.0013081,2.287437198,23.0755215,23.4160762,23.49656214
2355.342,1355.963365,2716.479178,1713.12936,1797.317587,13.01177333,73.46714119,3.804382002,238.4114254,1.424174349,4.274511024,0.776118079,1.217820184,127.9653274,2.288841587,23.07998573,23.41795434,23.497617
2355.4944,1356.025341,2716.603196,1713.15984,1797.353147,13.00669333,71.08892664,3.779906597,238.0560085,1.495431581,4.274806797,0.779553418,1.219305284,127.9292136,2.290200132,23.08475365,23.41983248,23.49677865
2355.6468,1356.087317,2716.727214,1713.19032,1797.388707,13.00161333,68.62601102,3.759430572,237.5698286,1.585772589,4.275009697,0.783798949,1.207334194,127.9063834,2.291130032,23.08956641,23.42171062,23.49345775
2355.7992,1356.149293,2716.851232,1713.2208,1797.424267,12.99653333,68.11329776,3.752054754,237.4216639,1.642381851,4.275178769,0.7846187,1.195640559,127.8919705,2.291733226,23.09348703,23.42358876,23.49271662
2355.9516,1356.211269,2716.97525,1713.25128,1797.459827,12.99145333,69.38678422,3.758059384,237.525336,1.677670407,4.275283266,0.7827763,1.18626989,127.8719724,2.292127938,23.09683073,23.4254669,23.49521261
2356.104,1356.273245,2717.099268,1713.28176,1797.495387,12.98637333,70.50039093,3.703770846,237.584543,1.723147679,4.275358849,0.776657389,1.197065481,127.8529049,2.292717261,23.10076599,23.42734504,23.50027295
2356.2564,1356.335221,2717.223286,1713.31224,1797.530947,12.98129333,71.47163329,3.650605586,237.5160196,1.774409313,4.275341857,0.770735295,1.226516563,127.8360024,2.293320665,23.1037962,23.42922318,23.50614527
2356.4088,1356.397197,2717.347304,1713.34272,1797.566507,12.97621333,73.25039225,3.634305665,237.4156412,1.824412416,4.275188785,0.766114754,1.256793105,127.8180149,2.293951399,23.10659536,23.43110132,23.51106912
2356.5612,1356.459173,2717.471322,1713.3732,1797.602067,12.97113333,75.41828731,3.665412074,237.1736326,1.879351816,4.274874941,0.764435515,1.288687962,127.8014198,2.294604354,23.10914183,23.43297946,23.50939191
2356.7136,1356.521149,2717.59534,1713.40368,1797.637627,12.96605333,76.36305052,3.61213338,237.0575881,1.94100096,4.274877935,0.760815322,1.309128736,127.7994292,2.295243481,23.11130741,23.4348576,23.50521609
2356.866,1356.583125,2717.719358,1713.43416,1797.673187,12.96097333,76.00732077,3.463629997,237.0878189,2.010928006,4.275233849,0.754894988,1.315010996,127.7996897,2.296102869,23.11308012,23.43673574,23.50634914
2357.0184,1356.645101,2717.843376,1713.46464,1797.708747,12.95589333,75.40380592,3.329629284,237.0279643,2.084555128,4.275524874,0.750406648,1.319529463,127.7945869,2.297007263,23.11487511,23.43861388,23.51407548
2357.1708,1356.707077,2717.967394,1713.49512,1797.744307,12.95081333,77.70387456,3.406141949,236.8216469,2.107258651,4.274838175,0.746120699,1.330591608,127.7913467,2.297847926,23.11545906,23.44049202,23.52361447
2357.3232,1356.769053,2718.091412,1713.5256,1797.779867,12.94573333,79.8635298,3.457816372,236.7417495,2.12304964,4.274296037,0.741754148,1.36823025,127.7849826,2.298484849,23.11642868,23.44237016,23.52361142
2357.4756,1356.831029,2718.21543,1713.55608,1797.815427,12.94065333,81.86516142,3.487918157,236.7760891,2.132227388,4.273893456,0.737665108,1.433138255,127.7756277,2.299099602,23.11673513,23.4442483,23.50196728
2357.628,1356.893005,2718.339448,1713.58656,1797.850987,12.93557333,82.69130574,3.449280434,236.900467,2.148327262,4.27378633,0.733237832,1.500984104,127.7765559,2.29963537,23.11721556,23.44612644,23.49953189
2357.7804,1356.954981,2718.463466,1713.61704,1797.886547,12.93049333,82.52861484,3.346457574,237.1471576,2.166896185,4.273970218,0.728444875,1.539220946,127.7835038,2.300233688,23.1176696,23.44800458,23.51110812
2357.9328,1357.016957,2718.587484,1713.64752,1797.922107,12.92541333,83.27403482,3.400426997,236.9599253,2.208452204,4.273654969,0.726149843,1.503018021,127.80272,2.300896176,23.11789458,23.44988272,23.52397971
2358.0852,1357.078933,2718.711502,1713.678,1797.957667,12.92033333,84.36346682,3.45304055,236.8037691,2.254058759,4.273311454,0.724004649,1.425899634,127.8251649,2.301775557,23.11788179,23.45176086,23.53111482
2358.2376,1357.140909,2718.83552,1713.70848,1797.993227,12.91525333,85.09933954,3.436193548,236.8617978,2.295720888,4.27321688,0.721142013,1.375490767,127.8472215,2.302730272,23.11763059,23.453639,23.52818846
2358.39,1357.202885,2718.959538,1713.73896,1798.028787,12.91017333,86.40404204,3.54280367,236.5797551,2.357222989,4.27276267,0.720240375,1.376569497,127.8689749,2.303408877,23.1171459,23.45551714,23.51737426
2358.5424,1357.264861,2719.083557,1713.76944,1798.064347,12.90509333,87.44939921,3.572536192,236.5179621,2.399728158,4.272534757,0.718259575,1.465768106,127.8984579,2.303340211,23.11648352,23.45739528,23.51826655
2358.6948,1357.326837,2719.207574,1713.79992,1798.099907,12.90001333,88.18612231,3.509482637,236.7275404,2.419349705,4.272582607,0.714918446,1.614273864,127.9136063,2.302655956,23.11766428,23.45927342,23.52518197
2358.8472,1357.388813,2719.331592,1713.8304,1798.135467,12.89493333,89.41968073,3.501670826,236.8066096,2.440131858,4.272444739,0.712297727,1.684983756,127.9373243,2.302332952,23.11896378,23.46115156,23.52310758
2358.9996,1357.450789,2719.45561,1713.86088,1798.171027,12.88985333,90.99378333,3.501715114,236.8933134,2.451714112,4.27225691,0.709631315,1.579523511,127.9690686,2.302926836,23.12035771,23.4630297,23.51704938
2359.152,1357.512765,2719.579629,1713.89136,1798.206587,12.88477333,87.95206895,3.686814752,236.4154888,2.48438553,4.272348993,0.722576746,1.429120919,127.9945546,2.304058906,23.12178201,23.46490784,23.51743892
2359.3044,1357.574741,2719.703647,1713.92184,1798.242147,12.87969333,86.32459644,3.754517221,236.2860332,2.480045283,4.272537846,0.729298315,1.327478407,128.0226339,2.304765105,23.1233191,23.46678598,23.51844945
2359.4568,1357.636717,2719.827665,1713.95232,1798.277707,12.87461333,85.64795803,3.727073986,236.4591366,2.441512066,4.272839159,0.731804755,1.318654098,128.0508805,2.304716,23.1249471,23.46866412,23.52308634
2359.6092,1357.698693,2719.951683,1713.9828,1798.313267,12.86953333,86.23621981,3.569506872,237.0334762,2.360183612,4.273292779,0.728389884,1.44672292,128.0842694,2.304360174,23.12637971,23.47054226,23.53402255
2359.7616,1357.760669,2720.075701,1714.01328,1798.348827,12.86445333,84.85378454,3.550096114,237.3380315,2.298263447,4.273605027,0.732478586,1.47744652,128.1207229,2.304064412,23.12795848,23.4724204,23.52768659
2359.914,1357.822645,2720.199719,1714.04376,1798.384387,12.85937333,81.22262763,3.683012736,237.3466296,2.257988566,4.273771465,0.745038205,1.407256552,128.1549566,2.30388226,23.12944129,23.47429854,23.52937495
2360.0664,1357.884621,2720.323737,1714.07424,1798.419947,12.85429333,78.91415181,3.739958374,237.4128595,2.232058337,4.273971155,0.753139018,1.384426014,128.1871891,2.303846509,23.13088007,23.47617668,23.52539426
2360.2188,1357.946597,2720.447755,1714.10472,1798.455507,12.84921333,77.57539962,3.766457561,237.361584,2.244127697,4.274139385,0.758747578,1.333231611,128.2123079,2.304012542,23.13232755,23.47805482,23.522009
2360.3712,1358.008573,2720.571773,1714.1352,1798.491067,12.84413333,76.53120335,3.803968175,237.3525534,2.243726308,4.274222846,0.763947581,1.302318779,128.2312784,2.304339254,23.13368168,23.47993296,23.52486405
2360.5236,1358.070549,2720.695791,1714.16568,1798.526627,12.83905333,75.9554453,3.84024936,237.4213529,2.227244283,4.274229208,0.768041341,1.301315722,128.2468866,2.304932844,23.13531256,23.4818111,23.54588668
2360.676,1358.132525,2720.819809,1714.19616,1798.562187,12.83397333,74.34224641,3.950288219,237.4102542,2.210498082,4.274133919,0.775980548,1.263351371,128.260192,2.305511877,23.13683529,23.48368923,23.54609862
2360.8284,1358.194501,2720.943827,1714.22664,1798.597747,12.82889333,72.03427833,4.125313106,237.3368671,2.191015978,4.273920882,0.786832522,1.224318058,128.2723599,2.306054384,23.13787873,23.48556737,23.53746126
2360.9808,1358.256477,2721.067845,1714.25712,1798.633307,12.82381333,71.65913119,4.271577644,236.6880312,2.327410212,4.27356049,0.79206216,1.191307857,128.2803,2.306568969,23.13897266,23.48744551,23.52390957
2361.1332,1358.318453,2721.191863,1714.2876,1798.668867,12.81873333,70.41746868,4.394918075,236.7103268,2.262315054,4.273300375,0.799076214,1.159557962,128.2806746,2.307071075,23.14032949,23.48932365,23.51146148
2361.2856,1358.380429,2721.315881,1714.31808,1798.704427,12.81365333,69.73250712,4.53739173,236.5081872,2.242600918,4.272906012,0.804981474,1.144513702,128.2729814,2.307609822,23.1410744,23.49120179,23.51037042
2361.438,1358.442405,2721.439899,1714.34856,1798.739987,12.80857333,70.69309818,4.679934806,235.7228023,2.37014384,4.272318572,0.806593132,1.137390413,128.2775865,2.30835221,23.14173319,23.49307993,23.51777552
2361.5904,1358.504381,2721.563917,1714.37904,1798.775547,12.80349333,70.71003675,4.775037542,235.5348169,2.363427249,4.272068948,0.809950744,1.116041015,128.2865037,2.309315537,23.1423451,23.49495807,23.52429939
2361.7428,1358.566357,2721.687935,1714.40952,1798.811107,12.79841333,69.6204994,4.819012423,236.0353108,2.200333916,4.272197439,0.815450367,1.090554505,128.2912816,2.310257994,23.14289825,23.49683621,23.53392649
2361.8952,1358.628333,2721.811953,1714.44,1798.846667,12.79333333,69.27451969,4.819325738,236.50062,2.059711565,4.272428191,0.818344171,1.089604813,128.2805503,2.31116059,23.14362832,23.49871435,23.54094234
2362.0476,1358.690309,2721.935971,1714.47048,1798.882227,12.78825333,71.05888587,4.855628281,236.5655779,2.08123809,4.272237495,0.816302616,1.114407499,128.2584413,2.311743471,23.14415096,23.50059249,23.53572218
2362.2,1358.752285,2722.059989,1714.50096,1798.917787,12.78317333,76.01214683,5.005823018,235.7571642,2.416489156,4.27124368,0.807833017,1.150641727,128.2245456,2.311630021,23.14414478,23.50247063,23.53103945
2362.3524,1358.814261,2722.184007,1714.53144,1798.953347,12.77809333,79.79627148,5.049611455,235.5491528,2.599723186,4.27096288,0.800751789,1.141123299,128.1943569,2.311000363,23.1440159,23.50434877,23.53491706
2362.5048,1358.876237,2722.308025,1714.56192,1798.988907,12.77301333,82.58807626,4.986683354,236.047202,2.618425014,4.27133068,0.794628224,1.101950836,128.1697787,2.310822713,23.14388786,23.50622691,23.52775959
2362.6572,1358.938213,2722.432043,1714.5924,1799.024467,12.76793333,84.01850728,4.799943803,237.3718127,2.438479827,4.272492587,0.790152453,1.110338514,128.1396105,2.312252347,23.14366376,23.50810505,23.53677063
2362.8096,1359.000189,2722.556061,1714.62288,1799.060027,12.76285333,86.63394549,4.807368841,237.7984808,2.510966973,4.272515254,0.785777687,1.129298166,128.1074699,2.314347222,23.14362907,23.50998319,23.54903659
2362.962,1359.062165,2722.68008,1714.65336,1799.095587,12.75777333,90.53712664,5.031359196,237.2483906,2.859264035,4.271266833,0.781605754,1.131923288,128.0731498,2.315294139,23.14277889,23.51186133,23.54888212
2363.1144,1359.124141,2722.804098,1714.68384,1799.131147,12.75269333,93.2327253,4.958559143,237.5962288,2.911342656,4.271761771,0.774462685,1.137503658,128.0312828,2.315046419,23.14191472,23.51373947,23.555791
2363.2668,1359.186117,2722.928116,1714.71432,1799.166707,12.74761333,95.92577325,4.90191095,237.806019,2.993523627,4.272200105,0.767204375,1.142307063,127.9895457,2.31469422,23.1410504,23.51561761,23.56175484
2363.4192,1359.248093,2723.052134,1714.7448,1799.202267,12.74253333,98.40819972,4.80784308,238.1070235,3.043375772,4.272821076,0.759734364,1.145978363,127.9536519,2.314571768,23.14032408,23.51749575,23.56662259
2363.5716,1359.310069,2723.176152,1714.77528,1799.237827,12.73745333,100.527107,4.660129815,238.5776041,3.038054206,4.273724196,0.752170425,1.157513857,127.9110651,2.314857461,23.13968124,23.51937389,23.57165198
2363.724,1359.372045,2723.30017,1714.80576,1799.273387,12.73237333,102.9962318,4.612867638,238.6041967,3.153704475,4.274049851,0.745255825,1.170291633,127.8737931,2.315406506,23.13932396,23.52125203,23.57698281
2363.8764,1359.434021,2723.424188,1714.83624,1799.308947,12.72729333,105.6853975,4.629472748,238.2985043,3.353216044,4.273991781,0.738671238,1.167206536,127.8322909,2.315643337,23.13893829,23.52313017,23.58151821
2364.0288,1359.495997,2723.548206,1714.86672,1799.344507,12.72221333,106.8641082,4.615036453,237.8971794,3.411698214,4.274120637,0.734397067,1.163621283,127.7876494,2.31537911,23.13852377,23.52500831,23.58540832
2364.1812,1359.557973,2723.672224,1714.8972,1799.380067,12.71713333,108.8702437,4.489603097,238.1461647,3.522785342,4.274644413,0.726607966,1.160886618,127.7447425,2.315049536,23.13814998,23.52688645,23.5881787
2364.3336,1359.619949,2723.796242,1714.92768,1799.415627,12.71205333,109.5612369,4.384564957,237.9994527,3.542416415,4.275084761,0.721409742,1.151975462,127.7102444,2.314808722,23.13794638,23.52876459,23.58623821
2364.486,1359.681925,2723.92026,1714.95816,1799.451187,12.70697333,108.2679866,4.28894841,237.4015135,3.399332821,4.275531894,0.719912176,1.149345286,127.6689855,2.314624351,23.13781945,23.53064273,23.58567659
2364.6384,1359.743901,2724.044278,1714.98864,1799.486747,12.70189333,109.6190274,4.13132905,237.5018887,3.387810053,4.276192732,0.712706939,1.152312781,127.6307531,2.314255912,23.13777006,23.53252087,23.59168339
2364.7908,1359.805877,2724.168296,1715.01912,1799.522307,12.69681333,114.0070432,3.900966849,238.4009365,3.528579176,4.277106319,0.698902397,1.15791772,127.5952014,2.313491284,23.137631,23.53439901,23.59967764
2364.9432,1359.867853,2724.292314,1715.0496,1799.557867,12.69173333,118.6324054,3.622602128,239.487327,3.618062486,4.278249415,0.683953867,1.165378054,127.5669665,2.312720994,23.13735013,23.53627715,23.60101465
2365.0956,1359.929829,2724.416332,1715.08008,1799.593427,12.68665333,116.2771596,3.558899903,239.2591354,3.413470296,4.278652535,0.686164943,1.168948405,127.5518455,2.312135631,23.13774585,23.53815529,23.59417636
2365.248,1359.991805,2724.54035,1715.11056,1799.628987,12.68157333,111.6556058,3.61677081,238.388545,3.130805173,4.278505012,0.694801534,1.169382655,127.5478043,2.311506688,23.13761552,23.54003343,23.60092929
2365.4004,1360.053781,2724.664368,1715.14104,1799.664547,12.67649333,109.824246,3.620900714,237.9604138,2.94903049,4.278449308,0.697290432,1.172403957,127.5420245,2.310797951,23.13781649,23.54191157,23.61185292
2365.5528,1360.115757,2724.788386,1715.17152,1799.700107,12.67141333,111.2308099,3.534343682,238.2965965,2.881894993,4.278694071,0.692401862,1.179986342,127.5412657,2.309901625,23.13834209,23.54378971,23.63260753
2365.7052,1360.177733,2724.912404,1715.202,1799.735667,12.66633333,116.3705226,3.355928031,239.4296625,2.955028469,4.279207962,0.679144841,1.185572309,127.535314,2.308876379,23.13925175,23.54566785,23.62223807
2365.8576,1360.239709,2725.036422,1715.23248,1799.771227,12.66125333,115.7591651,3.343245587,239.594324,2.87015865,4.27942869,0.679648395,1.182786524,127.5302053,2.307749763,23.14048697,23.54754599,23.6171442
2366.01,1360.301685,2725.16044,1715.26296,1799.806787,12.65617333,109.4790609,3.491544326,238.8080688,2.628599206,4.279339891,0.693651088,1.170177012,127.5311137,2.306397541,23.14189171,23.54942413,23.59960913
2366.1624,1360.363661,2725.284458,1715.29344,1799.842347,12.65109333,111.1799507,3.408184008,239.1709751,2.583113288,4.279201246,0.688022803,1.159573151,127.5417763,2.305080331,23.1435419,23.55130226,23.59868664
2366.3148,1360.425637,2725.408476,1715.32392,1799.877907,12.64601333,109.1937998,3.445763528,238.9595171,2.464044134,4.278870854,0.691571614,1.166829744,127.5490642,2.304390681,23.14541279,23.5531804,23.61167571
2366.4672,1360.487613,2725.532494,1715.3544,1799.913467,12.64093333,108.5501392,3.433532997,238.9568058,2.377284778,4.278624174,0.691630758,1.175374166,127.5740754,2.304539928,23.14755105,23.55505854,23.61872944
2366.6196,1360.549589,2725.656512,1715.38488,1799.949027,12.63585333,109.7721294,3.357396942,239.2431093,2.339444607,4.278480775,0.686952856,1.177082863,127.5917972,2.304628621,23.14992545,23.55693668,23.6137674
2366.772,1360.611565,2725.780531,1715.41536,1799.984587,12.63077333,108.332605,3.35936439,239.0625472,2.240027705,4.278183526,0.688615718,1.177060035,127.6073663,2.303824439,23.15253743,23.55881482,23.6091715
2366.9244,1360.673541,2725.904549,1715.44584,1800.020147,12.62569333,105.3636574,3.401196637,238.5826137,2.103536009,4.277787925,0.693756176,1.169662043,127.6309565,2.302265281,23.15540823,23.56069296,23.60068205
2367.0768,1360.735517,2726.028567,1715.47632,1800.055707,12.62061333,102.9434713,3.465179092,238.4173002,2.018989661,4.277486061,0.699102198,1.160592164,127.6558737,2.300726954,23.15847326,23.5625711,23.60102056
2367.2292,1360.797493,2726.152585,1715.5068,1800.091267,12.61553333,100.8532013,3.54868787,238.4621924,1.985616095,4.277239861,0.704826071,1.155452717,127.6853209,2.29963987,23.16176711,23.56444924,23.60974062
2367.3816,1360.859469,2726.276603,1715.53728,1800.126827,12.61045333,99.60889087,3.554302775,238.2919263,2.005005901,4.276910968,0.706544649,1.15442913,127.7156576,2.299072796,23.16522263,23.56632738,23.61319444
2367.534,1360.921445,2726.400621,1715.56776,1800.162387,12.60537333,100.0165864,3.437578692,237.9046747,2.112127221,4.276493716,0.7015453,1.156408524,127.7339468,2.298847245,23.16799889,23.56820552,23.61622276
2367.6864,1360.983421,2726.524639,1715.59824,1800.197947,12.60029333,100.0190469,3.439804771,237.9469681,2.109371778,4.276189123,0.701108452,1.161783156,127.7414587,2.298944689,23.17104319,23.57008366,23.61103106
2367.8388,1361.045397,2726.648657,1715.62872,1800.233507,12.59521333,99.60537935,3.575556346,238.4877676,1.981922617,4.276016613,0.705753413,1.153083294,127.7504184,2.298906365,23.17431998,23.5719618,23.60276191
2367.9912,1361.107373,2726.772675,1715.6592,1800.269067,12.59013333,100.48719,3.688889929,239.2085997,1.85453506,4.275870908,0.707615577,1.135659691,127.7704641,2.298641287,23.17781658,23.57383994,23.59642994
2368.1436,1361.169349,2726.896693,1715.68968,1800.304627,12.58505333,99.72354197,3.550560754,239.005034,2.021080253,4.275664824,0.703048841,1.144224515,127.7944554,2.298305528,23.18156346,23.57571808,23.60690526
2368.296,1361.231325,2727.020711,1715.72016,1800.340187,12.57997333,98.54187814,3.448720503,238.7274374,2.138705866,4.275445824,0.700196545,1.157050766,127.8202087,2.297935881,23.1850611,23.57759622,23.6167065
2368.4484,1361.293301,2727.144729,1715.75064,1800.375747,12.57489333,97.24639649,3.392824113,238.4386338,2.190379923,4.275217232,0.698936875,1.157323672,127.8485999,2.297860243,23.18865583,23.57947436,23.62497957
2368.6008,1361.355277,2727.268747,1715.78112,1800.411307,12.56981333,96.20705151,3.421106191,238.4906951,2.144042677,4.275073037,0.700048764,1.15439508,127.8675262,2.298025332,23.19205277,23.5813525,23.62067555
2368.7532,1361.417253,2727.392765,1715.8116,1800.446867,12.56473333,95.19573011,3.540730945,238.8173073,1.990636755,4.274997868,0.704102289,1.146500607,127.8849169,2.2982549,23.19543419,23.58323064,23.62128944
2368.9056,1361.479229,2727.516783,1715.84208,1800.482427,12.55965333,93.04075727,3.5117323,238.9326893,1.999433435,4.275008695,0.706551873,1.152392737,127.9107754,2.298018189,23.19855527,23.58510878,23.62052169
2369.058,1361.541205,2727.640801,1715.87256,1800.517987,12.55457333,90.12983686,3.43985531,238.7891036,2.102097589,4.275066634,0.710524433,1.160631379,127.940126,2.297302202,23.20292466,23.58698692,23.62424249
2369.2104,1361.603181,2727.764819,1715.90304,1800.553547,12.54949333,87.16112212,3.52207489,238.5479694,2.107186601,4.275121997,0.720739638,1.151226101,127.9591001,2.296639271,23.20805897,23.58886506,23.62002283
2369.3628,1361.665157,2727.888837,1715.93352,1800.589107,12.54441333,82.89401458,3.509486387,238.1904753,2.216883387,4.275282777,0.731261814,1.143900248,127.9969941,2.296919637,23.21275998,23.5907432,23.62144358
2369.5152,1361.727133,2728.012855,1715.964,1800.624667,12.53933333,79.35818598,3.541480004,237.8498127,2.287027217,4.275461117,0.741654592,1.138759679,128.0253374,2.297929078,23.21703242,23.59262134,23.62187444
2369.6676,1361.789109,2728.136873,1715.99448,1800.660227,12.53425333,76.64149919,3.632512288,237.5311298,2.303254837,4.275652875,0.752127052,1.136005089,128.051416,2.298872935,23.22044612,23.59449948,23.62542322
2369.82,1361.851085,2728.260891,1716.02496,1800.695787,12.52917333,73.38559033,3.664422658,237.072788,2.394087617,4.275916318,0.762221682,1.139455067,128.075835,2.299220171,23.22292757,23.59637762,23.62421166
2369.9724,1361.913061,2728.38491,1716.05544,1800.731347,12.52409333,70.05300115,3.669660665,236.4932696,2.527247515,4.276231041,0.771845237,1.135294627,128.1040444,2.299345044,23.22557789,23.59825576,23.62966775
2370.1248,1361.975037,2728.508928,1716.08592,1800.766907,12.51901333,66.87934157,3.537485073,236.5444143,2.559527913,4.277325335,0.77735643,1.129344207,128.1292146,2.299588554,23.22768487,23.6001339,23.62781523
2370.2772,1362.037013,2728.632945,1716.1164,1800.802467,12.51393333,63.91842651,3.462589011,236.4986895,2.602254337,4.278508373,0.784260979,1.126365952,128.1431944,2.299996643,23.22934109,23.60201204,23.62786849
2370.4296,1362.098989,2728.756963,1716.14688,1800.838027,12.50885333,61.37324236,3.458377995,236.219146,2.670465999,4.279639017,0.792439102,1.122765991,128.1545487,2.300613422,23.23046747,23.60389018,23.62759943
2370.582,1362.160965,2728.880982,1716.17736,1800.873587,12.50377333,59.35258232,3.561192496,235.6513602,2.764483243,4.280674945,0.802713752,1.121624821,128.1574462,2.301415829,23.23117795,23.60576832,23.62837797
2370.7344,1362.222941,2729.005,1716.20784,1800.909147,12.49869333,58.40807856,3.528666966,235.519186,2.736397007,4.281691082,0.803652439,1.124756977,128.1549632,2.302299772,23.23238076,23.60764646,23.6302655
2370.8868,1362.284917,2729.129018,1716.23832,1800.944707,12.49361333,58.70213533,3.344860821,235.8797146,2.568398986,4.282685139,0.794095321,1.129587861,128.1634015,2.303204803,23.23341912,23.6095246,23.63459223
2371.0392,1362.346893,2729.253036,1716.2688,1800.980267,12.48853333,59.12302444,3.237075952,236.0572559,2.460696027,4.283775206,0.788081737,1.131092243,128.1680613,2.303943111,23.2342118,23.61140274,23.64219221
2371.1916,1362.408869,2729.377054,1716.29928,1801.015827,12.48345333,58.04568559,3.293178679,235.7257732,2.613605012,4.285341047,0.797426544,1.127317799,128.1630624,2.304414998,23.2340692,23.61328088,23.64642254
2371.344,1362.470845,2729.501072,1716.32976,1801.051387,12.47837333,57.87253034,3.312570306,235.4211387,2.740860718,4.286796686,0.801784722,1.118319603,128.1529756,2.304607633,23.23399545,23.61515902,23.6361312
2371.4964,1362.532821,2729.62509,1716.36024,1801.086947,12.47329333,58.66663827,3.304679149,235.1164004,2.84519967,4.288123659,0.801252321,1.10925004,128.1368472,2.304511453,23.23360442,23.61703716,23.62273324
2371.6488,1362.594797,2729.749108,1716.39072,1801.122507,12.46821333,60.92473602,3.206812447,235.104651,2.841407253,4.289331066,0.791578508,1.10584724,128.1214883,2.304666474,23.23322161,23.6189153,23.62585391
2371.8012,1362.656773,2729.873126,1716.4212,1801.158067,12.46313333,64.61856173,3.022371608,235.3375011,2.744959666,4.290404153,0.772972612,1.108616849,128.1057106,2.305375681,23.23262738,23.62079343,23.63094048
2371.9536,1362.718749,2729.997144,1716.45168,1801.193627,12.45805333,63.64565866,3.059811594,235.139589,2.891473816,4.291237573,0.78231968,1.109155378,128.0890917,2.306138244,23.23197253,23.62267157,23.63997806
2372.106,1362.780725,2730.121162,1716.48216,1801.229187,12.45297333,67.11832362,3.017655691,235.1308423,2.900798955,4.292025773,0.77316279,1.105885039,128.0564025,2.306603757,23.23106659,23.62454971,23.64189198
2372.2584,1362.842701,2730.24518,1716.51264,1801.264747,12.44789333,72.53244032,2.927369241,235.2502704,2.847010863,4.2926798,0.755575999,1.099363491,128.0181688,2.306761726,23.23071102,23.62642785,23.63935156
2372.4108,1362.904677,2730.369198,1716.54312,1801.300307,12.44281333,73.97746725,3.009161346,235.0490133,2.995670531,4.293069703,0.761199248,1.082254059,127.9816375,2.306733128,23.22943599,23.62830599,23.63345598
2372.5632,1362.966653,2730.493216,1716.5736,1801.335867,12.43773333,77.76984764,2.976756767,235.0683337,3.00652865,4.293677481,0.751954693,1.077102299,127.9484191,2.306790428,23.22806492,23.63018413,23.63509108
2372.7156,1363.028629,2730.617234,1716.60408,1801.371427,12.43265333,84.38049598,2.806288944,235.349255,2.854827792,4.294539241,0.724879209,1.082358656,127.9087401,2.306691411,23.22655973,23.63206227,23.6414163
2372.868,1363.090605,2730.741252,1716.63456,1801.406987,12.42757333,89.23011827,2.706326326,235.4830838,2.785384812,4.295388306,0.70733888,1.084294414,127.8649844,2.306599066,23.22515236,23.63394041,23.64294175
2373.0204,1363.152581,2730.86527,1716.66504,1801.442547,12.42249333,93.37841352,2.669284108,235.51366,2.76513165,4.295943427,0.695254246,1.096660556,127.8164797,2.306618611,23.22586856,23.63581855,23.64161939
2373.1728,1363.214557,2730.989288,1716.69552,1801.478107,12.41741333,95.27436978,2.881521603,235.3042449,2.919723817,4.294579534,0.704834205,1.107756354,127.7703324,2.306660764,23.22641116,23.63769669,23.64140634
2373.3252,1363.276533,2731.113306,1716.726,1801.513667,12.41233333,97.38739765,2.949984039,235.3734075,2.951873157,4.293998185,0.704806839,1.113460091,127.7226222,2.306562441,23.22636851,23.63957483,23.64126542
2373.4776,1363.338509,2731.237324,1716.75648,1801.549227,12.40725333,100.4829498,2.890452416,235.6697146,2.861774591,4.294029515,0.693343692,1.122445864,127.6719168,2.306255709,23.22595519,23.64145297,23.64670668
2373.63,1363.400485,2731.361342,1716.78696,1801.584787,12.40217333,104.7495957,2.661394187,236.2751963,2.613187575,4.294867367,0.667365716,1.131671223,127.6223289,2.305665528,23.22543312,23.64333111,23.64569227
2373.7824,1363.462461,2731.485361,1716.81744,1801.620347,12.39709333,108.8312602,2.601958289,236.4135431,2.552787551,4.294954672,0.651991773,1.146730841,127.5698747,2.304834644,23.22493605,23.64520925,23.6465626
2373.9348,1363.524437,2731.609378,1716.84792,1801.655907,12.39201333,112.895664,2.727932212,236.0367599,2.696019234,4.294196856,0.647593195,1.169916886,127.5170172,2.30388413,23.22434582,23.64708739,23.64890122
2374.0872,1363.586413,2731.733396,1716.8784,1801.691467,12.38693332,115.75355,2.749010451,236.202637,2.654034921,4.293879157,0.640543177,1.192661398,127.4644101,2.302794978,23.22252228,23.64896553,23.65275458
2374.2396,1363.648389,2731.857414,1716.90888,1801.727027,12.38185332,117.7464562,2.768591805,236.5616874,2.557718303,4.293527816,0.635972456,1.212233643,127.4155768,2.301732867,23.22112466,23.65084367,23.65574918
2374.392,1363.710365,2731.981433,1716.93936,1801.762587,12.37677325,119.0782319,2.789603554,236.8579265,2.484575911,4.293362357,0.633170353,1.222202762,127.3656554,2.300659295,23.21987919,23.65272181,23.65675843
2374.5444,1363.772341,2732.105451,1716.96984,1801.798147,12.37169309,119.7632965,2.795767606,237.1238813,2.419980507,4.293470751,0.631082286,1.23182383,127.3129442,2.299440464,23.21882233,23.65459995,23.65622197
2374.6968,1363.834317,2732.229468,1717.00032,1801.833707,12.36661289,120.3816047,2.883429757,237.0968415,2.46304804,4.293302483,0.63371127,1.252777273,127.254724,2.298056431,23.21789041,23.65647809,23.66115063
2374.8492,1363.896293,2732.353486,1717.0308,1801.869268,12.36153263,120.6123629,3.039485284,236.8155885,2.601985039,4.29296816,0.641271384,1.278285931,127.19726,2.296791083,23.21717316,23.65835623,23.66236064
2375.0016,1363.958269,2732.477505,1717.06128,1801.904827,12.35645364,123.0515171,3.131005752,237.0373547,2.558517343,4.292393621,0.642613381,1.295529994,127.1404707,2.295772685,23.21644218,23.66023437,23.66603288
2375.154,1364.020246,2732.601525,1717.09176,1801.940384,12.35137608,121.8959561,3.163133469,236.7466983,2.670786141,4.292825131,0.645685898,1.291137951,127.0747673,2.294979543,23.21553109,23.66211251,23.67182651
2375.3064,1364.082224,2732.725546,1717.12224,1801.97594,12.34629927,121.7428216,3.193543621,236.653462,2.717872635,4.293012134,0.648356395,1.273285428,127.0082588,2.294350751,23.21536221,23.66399065,23.67575168
2375.4588,1364.144202,2732.849568,1717.15272,1802.011496,12.34122363,123.3124601,3.193185087,236.9560824,2.628498163,4.292890776,0.648107495,1.269364003,126.9517711,2.293315678,23.21561749,23.66586879,23.68056383
2375.6112,1364.206176,2732.973582,1717.1832,1802.047061,12.33613916,122.7536888,3.188502362,237.0040044,2.628083987,4.293027506,0.65016993,1.325215989,126.8919186,2.292133293,23.21626412,23.66774693,23.67889261
2375.7636,1364.268145,2733.097587,1717.21368,1802.082636,12.33104489,119.6644234,3.182076623,236.747706,2.735151479,4.293469711,0.655293321,1.369809485,126.8276814,2.291295415,23.21700735,23.66962507,23.67366762
2375.916,1364.330113,2733.221589,1717.24416,1802.118218,12.32594586,116.499385,3.137484019,236.674369,2.779651748,4.293876762,0.658993063,1.338067433,126.7825257,2.290743064,23.21811312,23.67150321,23.67032337
2376.0684,1364.392077,2733.345583,1717.27464,1802.153807,12.32083924,116.3105322,3.126935074,236.6323898,2.75712527,4.294259909,0.658552137,1.31433387,126.7419221,2.290351806,23.21879003,23.67338135,23.67348133
2376.2208,1364.454059,2733.469612,1717.30512,1802.189353,12.31577193,118.9377528,3.183975438,236.5342403,2.70482185,4.294310857,0.656480923,1.309045553,126.7181957,2.290004269,23.21997633,23.67525949,23.68273249
2376.3732,1364.51606,2733.593681,1717.3356,1802.22485,12.31074851,119.3486863,3.21851882,236.4189377,2.681947971,4.294160077,0.657616082,1.324623761,126.6883345,2.289543839,23.22241565,23.67713763,23.69099309
2376.5256,1364.578069,2733.717766,1717.36608,1802.260326,12.30574437,117.1539772,3.221890242,236.2136919,2.705047837,4.294066909,0.66136785,1.36375558,126.6618379,2.289087024,23.22572927,23.67901577,23.68953687
2376.678,1364.640094,2733.84188,1717.39656,1802.295766,12.30077263,111.9456413,3.19493883,235.9017171,2.785882641,4.293965661,0.668631255,1.353924864,126.6377179,2.288923928,23.22948562,23.68089391,23.68372823
2376.8304,1364.701999,2733.965757,1717.42704,1802.331502,12.29553421,110.4124077,3.328844978,235.5966789,2.83417323,4.294028138,0.675817699,1.316345978,126.6381038,2.289092367,23.23259627,23.68277205,23.68731431
2376.9828,1364.763773,2734.089371,1717.45752,1802.367567,12.28999912,112.8995703,3.641056108,235.2820636,2.851453251,4.294305638,0.682897208,1.281876952,126.6642199,2.28943997,23.23505344,23.68465019,23.6916017
2377.1352,1364.825482,2734.212857,1717.488,1802.403794,12.2843195,109.6315715,3.770427057,235.1530768,2.826995908,4.293725962,0.69367925,1.252572315,126.6867252,2.289571158,23.23778054,23.68652833,23.69502056
2377.2876,1364.88709,2734.336138,1717.51848,1802.440275,12.27841054,107.6339372,4.007278303,234.9876982,2.800671061,4.293176628,0.706385321,1.26085629,126.7163172,2.289681384,23.24058742,23.68840647,23.69547281
2377.44,1364.948754,2734.459532,1717.54896,1802.476616,12.27262762,105.071027,4.207008428,234.8880707,2.762170757,4.292566277,0.718727068,1.278105053,126.7422175,2.290048163,23.24370825,23.6902846,23.70106268
2377.5924,1365.010486,2734.583064,1717.57944,1802.512784,12.26700028,101.6228461,4.35750051,234.8543526,2.71492401,4.291875242,0.730802709,1.282590706,126.7835433,2.290734727,23.24736293,23.69216274,23.7014014
2377.7448,1365.072178,2734.706514,1717.60992,1802.549054,12.26128148,99.9790445,4.594872325,234.825019,2.655089254,4.291264562,0.743150976,1.282091709,126.8440818,2.291752236,23.25082759,23.69404088,23.70940132
2377.8972,1365.133869,2734.829961,1717.6404,1802.585328,12.25555852,99.57718705,4.878470702,234.8328028,2.578120685,4.290682976,0.755251413,1.263399194,126.9241489,2.292732751,23.2545637,23.69591902,23.71201216
2378.0496,1365.195715,2734.953721,1717.67088,1802.621211,12.25018762,98.64301061,5.080518953,234.8368636,2.519296125,4.290164412,0.765117677,1.243859516,127.0167836,2.293550251,23.25824518,23.69779716,23.71712633
2378.202,1365.257727,2735.07781,1717.70136,1802.656683,12.24518724,96.9229077,5.394713087,234.7863067,2.479743411,4.289535052,0.779810803,1.232731207,127.1222425,2.294159104,23.26220052,23.6996753,23.71214425
2378.3544,1365.31986,2735.202143,1717.73184,1802.691849,12.24046124,95.73484866,5.532805427,234.8085493,2.436220218,4.289058,0.787498818,1.222881457,127.2441675,2.294651533,23.26634464,23.70155344,23.71649817
2378.5068,1365.382162,2735.326811,1717.76232,1802.726595,12.23611427,94.88946815,5.403116595,234.9114049,2.395964669,4.288803109,0.785221936,1.224414402,127.3892641,2.2952036,23.27062399,23.70343158,23.71510256
2378.6592,1365.444577,2735.451707,1717.7928,1802.761057,12.2320226,93.54548612,5.440314299,234.8781654,2.374048533,4.288305637,0.789091905,1.242708716,127.5437478,2.295704503,23.27359668,23.70530972,23.72223821
2378.8116,1365.507115,2735.576849,1717.82328,1802.795212,12.22820704,91.59723563,5.670490049,234.6979981,2.370232907,4.287517805,0.800149731,1.273648855,127.7168773,2.296047493,23.27690749,23.70718786,23.72876631
2378.964,1365.56985,2735.702384,1717.85376,1802.828874,12.22483469,89.31386448,5.799645383,234.4849882,2.382767489,4.286722967,0.807840216,1.299824803,127.9025521,2.296367874,23.28131708,23.709066,23.73131782
2379.1164,1365.632782,2735.828312,1717.88424,1802.862045,12.2219047,88.71100317,5.813808822,234.5334222,2.405656797,4.286726985,0.810354008,1.295527534,128.0901381,2.296681744,23.28615133,23.71094414,23.72939337
2379.2688,1365.696093,2735.954998,1717.91472,1802.894268,12.2198283,89.45861705,5.755140262,234.575295,2.447768959,4.286982422,0.807959282,1.261456442,128.2806054,2.297023722,23.29138598,23.71282228,23.72577669
2379.4212,1365.759823,2736.082522,1717.9452,1802.925442,12.21869519,90.88902634,5.63278638,234.5000578,2.514376775,4.287217002,0.801347821,1.23055917,128.4789216,2.297143146,23.29694597,23.71470042,23.72155576
2379.5736,1365.823899,2736.210737,1717.97568,1802.955753,12.21833956,92.11789508,5.545000711,234.2716242,2.609194824,4.287273913,0.795388178,1.220665793,128.6881142,2.297028545,23.30311635,23.71657856,23.71507714
2379.726,1365.888386,2736.339775,1718.00616,1802.985034,12.2189109,93.41711371,5.480557671,233.8747748,2.734504626,4.287167101,0.789118396,1.228969341,128.9049203,2.296827142,23.3095871,23.7184567,23.71909583
2379.8784,1365.951754,2736.466574,1718.03664,1803.017116,12.21696116,92.66547126,5.686244425,233.8669667,2.757701444,4.286960179,0.798623988,1.269657984,129.1355486,2.296646138,23.31633588,23.72033484,23.73346744
2380.0308,1366.014684,2736.592498,1718.06712,1803.050292,12.21402627,91.0409819,5.991808816,234.1326516,2.722246937,4.286809149,0.814748675,1.341646265,129.3726869,2.296585215,23.32249636,23.72221298,23.74455316
2380.1832,1366.080385,2736.723963,1718.0976,1803.076537,12.21732979,94.11433109,5.642280617,233.9343786,2.854806842,4.287225899,0.795219703,1.382500123,129.5999436,2.296466969,23.32935259,23.72409112,23.75090203
2380.3356,1366.145192,2736.85364,1718.12808,1803.10502,12.21861938,95.37463539,5.57120177,234.0286997,2.902768347,4.287479516,0.790775946,1.339669478,129.82301,2.296156563,23.33588706,23.72596926,23.73475533
2380.488,1366.210468,2736.984253,1718.15856,1803.13233,12.22096435,97.37214183,5.355749631,234.0117349,2.975874416,4.287810447,0.778953766,1.274608564,130.0449289,2.295668098,23.34267535,23.7278474,23.72699161
2380.6404,1366.276326,2737.11603,1718.18904,1803.158184,12.22461931,100.3241463,4.967939313,233.8488304,3.082319699,4.28823213,0.758131064,1.24728453,130.266882,2.295094858,23.3494972,23.72972554,23.73947071
2380.7928,1366.34173,2737.246898,1718.21952,1803.185177,12.22725028,102.4202298,4.690993812,233.8655182,3.135985444,4.288620681,0.743839067,1.258226634,130.4836492,2.294706879,23.3549029,23.73160368,23.73686428
2380.9452,1366.406999,2737.377499,1718.25,1803.212504,12.22957991,104.2845891,4.423191423,233.9689916,3.161798187,4.289038453,0.730675747,1.306446233,130.7013917,2.294513695,23.36010814,23.73348182,23.74692783
2381.0976,1366.472581,2737.508726,1718.28048,1803.239047,12.23261453,104.0259924,4.42169633,234.1452219,3.126286576,4.289139249,0.731631729,1.323278238,130.9107104,2.294243827,23.36570277,23.73535996,23.73326995
2381.25,1366.53842,2737.640465,1718.31096,1803.26495,12.23622636,103.6538868,4.416110327,234.2710903,3.064882033,4.289205913,0.732232305,1.308172666,131.1077857,2.293992395,23.37121545,23.7372381,23.72242014
2381.4024,1366.604549,2737.772782,1718.34144,1803.290129,12.24048883,104.957988,4.149703921,234.2590266,3.019508333,4.289511557,0.719167612,1.301681004,131.2964543,2.293501029,23.37648454,23.73911624,23.71791653
2381.5548,1366.671077,2737.9059,1718.37192,1803.314307,12.24565236,108.6486357,3.525257148,234.0295442,3.004007416,4.290135379,0.687064338,1.280202496,131.4779963,2.293059132,23.38146987,23.74099438,23.72392852
2381.7072,1366.737416,2738.038637,1718.4024,1803.338961,12.25038795,110.8128775,3.233709072,233.9214006,3.015331466,4.290591271,0.671325955,1.280341545,131.6452654,2.292688839,23.38615977,23.74287252,23.7240375
2381.8596,1366.803573,2738.171013,1718.43288,1803.364067,12.25471635,111.2774711,3.310338551,233.9459427,3.058547822,4.290859931,0.673717329,1.300182284,131.7996225,2.29227284,23.39218147,23.74475066,23.72370958
2382.012,1366.869947,2738.303821,1718.46336,1803.388634,12.25953072,112.5236774,3.304933376,233.9259829,3.123864411,4.291243912,0.67116774,1.298207368,131.9385379,2.291836416,23.39775049,23.7466288,23.72459932
2382.1644,1366.936422,2738.436831,1718.49384,1803.412946,12.26457325,112.7139587,3.12644254,234.5770236,2.94678852,4.291503358,0.662717851,1.287703908,132.069933,2.291415246,23.40306981,23.74850694,23.71860166
2382.3168,1367.002756,2738.56956,1718.52432,1803.437611,12.26929877,113.1227044,3.004474959,235.2148443,2.797110393,4.29185557,0.656336295,1.279045135,132.1903431,2.290938575,23.40803013,23.75038508,23.71920753
2382.4692,1367.06897,2738.70205,1718.5548,1803.462575,12.27375582,113.9753701,2.910263533,235.8171308,2.679310903,4.292332315,0.650437373,1.271019162,132.2976449,2.290480478,23.41264514,23.75226322,23.72558308
2382.6216,1367.135106,2738.834381,1718.58528,1803.487736,12.27803458,114.4572826,3.003462815,236.4281943,2.612581243,4.292811132,0.652893583,1.269448452,132.3875095,2.290131804,23.41681334,23.75414136,23.7300806
2382.774,1367.201105,2738.966441,1718.61576,1803.513238,12.28200708,114.641796,3.27735278,237.0482417,2.594891364,4.293313995,0.663357679,1.276697074,132.4554235,2.28987091,23.42071066,23.7560195,23.73396367
2382.9264,1367.267165,2739.098623,1718.64624,1803.538587,12.28611675,113.6607939,3.386919004,237.9854547,2.492446047,4.293447525,0.669558139,1.28109353,132.5117403,2.289497441,23.42461897,23.75789763,23.73174813
2383.0788,1367.333287,2739.230926,1718.67672,1803.563784,12.2903638,113.3681395,3.415113391,238.8102861,2.384953514,4.293702447,0.67138294,1.282387229,132.5647303,2.288756995,23.42848365,23.75977577,23.72108347
2383.2312,1367.399322,2739.363057,1718.7072,1803.589196,12.29441684,114.0410921,3.527374847,239.4121793,2.330291105,4.294240021,0.67503291,1.286780118,132.6098268,2.288158014,23.43195006,23.76165391,23.72842669
2383.3836,1367.465308,2739.495092,1718.73768,1803.61473,12.29836047,113.350785,3.572868559,240.3293384,2.208874104,4.29442125,0.678801465,1.293324502,132.6577597,2.287786417,23.43500368,23.76353205,23.73382206
2383.536,1367.531327,2739.62719,1718.76816,1803.640183,12.30237627,113.5078245,3.614675527,240.9173576,2.125638322,4.294790876,0.68063423,1.296968179,132.7014188,2.287230741,23.43794781,23.76541019,23.73746754
2383.6884,1367.597366,2739.759329,1718.79864,1803.665585,12.30643816,114.6455666,3.663334587,241.1271975,2.088083681,4.295387053,0.680683949,1.295703533,132.7221937,2.286554738,23.44065544,23.76728833,23.73806218
2383.8408,1367.66341,2739.891478,1718.82912,1803.690975,12.31051124,115.3417207,3.626037185,241.3583759,2.012849568,4.295830397,0.678115578,1.289330979,132.7345583,2.285707448,23.4440984,23.76916647,23.74292471
2383.9932,1367.729475,2740.023669,1718.8596,1803.716312,12.31463192,116.1304859,3.513397308,241.447583,1.923417035,4.296250854,0.672241185,1.277690744,132.7269096,2.284805329,23.44745856,23.77104461,23.74282669
2384.1456,1367.79552,2740.15582,1718.89008,1803.7417,12.31870724,115.0319471,3.635057495,242.7360476,1.956917204,4.296397952,0.680079685,1.276847993,132.7377134,2.28384545,23.45053225,23.77292275,23.74247872
2384.298,1367.861545,2740.287931,1718.92056,1803.767137,12.3227374,114.0760083,3.695799708,243.2255709,1.959091919,4.296522845,0.684616263,1.2882405,132.7574619,2.282705085,23.45321047,23.77480089,23.73541601
2384.4504,1367.927584,2740.420068,1718.95104,1803.792542,12.32679757,113.6974412,3.67444405,243.007546,1.945528716,4.296722114,0.684251148,1.299268936,132.7849498,2.281703077,23.45561992,23.77667903,23.73619461
2384.6028,1367.993628,2740.552218,1718.98152,1803.817931,12.33087118,113.9787546,3.565827882,241.8665785,1.909665884,4.297006626,0.678462203,1.301129089,132.8029814,2.28081394,23.45800886,23.77855717,23.73634273
2384.7552,1368.059668,2740.684358,1719.012,1803.843332,12.33493459,114.0267155,3.643432242,242.0454879,1.917637436,4.297424726,0.68099353,1.280954273,132.8164197,2.280110514,23.46007726,23.78043531,23.74007936
2384.9076,1368.125707,2740.816498,1719.04248,1803.868733,12.33899702,113.8866346,3.92952414,243.7021376,1.978347585,4.298009668,0.692708911,1.256681248,132.8144996,2.279386028,23.46172699,23.78231345,23.73999373
2385.06,1368.191747,2740.948639,1719.07296,1803.894133,12.34306123,113.3963801,4.046035643,244.1785726,2.025539184,4.298277958,0.698498156,1.256809535,132.8157749,2.278196706,23.46318252,23.78419159,23.73889298
2385.2124,1368.257787,2741.08078,1719.10344,1803.919533,12.34712535,112.0086943,3.938393162,243.3078163,2.063068729,4.298003072,0.697697673,1.274152685,132.8371453,2.276735782,23.46418081,23.78606973,23.74126899
2385.3648,1368.323827,2741.212921,1719.13392,1803.944933,12.35118934,110.5834917,3.83302045,242.5085901,2.085663991,4.29773333,0.69678862,1.286629942,132.8597371,2.27552639,23.46494106,23.78794787,23.74137805
2385.5172,1368.389867,2741.345062,1719.1644,1803.970333,12.35525333,109.1583158,3.720233919,241.6864494,2.08925786,4.297468269,0.695238788,1.292378517,132.8804787,2.274356327,23.4654584,23.78982601,23.73703816
2385.6696,1368.455907,2741.477203,1719.19488,1803.995733,12.35931733,107.7379149,3.737270593,241.6809288,2.115843576,4.297340089,0.698902572,1.293521331,132.8974791,2.273158494,23.46556462,23.79170415,23.73616254
2385.822,1368.521947,2741.609344,1719.22536,1804.021133,12.36338133,106.27192,3.855990189,242.352843,2.154312124,4.297310049,0.70666511,1.283811251,132.9167538,2.271874426,23.46561885,23.79358229,23.73956057
2385.9744,1368.587987,2741.741485,1719.25584,1804.046533,12.36744533,105.2780906,3.740766199,242.0690645,2.191584838,4.29698438,0.706163913,1.277546686,132.9327973,2.270530409,23.46538852,23.79546043,23.7428604
2386.1268,1368.654027,2741.873626,1719.28632,1804.071933,12.37150933,104.0612932,3.759484609,241.8278536,2.213575975,4.296844747,0.708648504,1.280535821,132.9502114,2.269239973,23.4648318,23.79733857,23.7458587
2386.2792,1368.720067,2742.005767,1719.3168,1804.097333,12.37557333,102.9066208,3.750792857,241.5244705,2.233239078,4.296644705,0.710139356,1.281469589,132.9665434,2.268020784,23.46394855,23.79921671,23.74408903
2386.4316,1368.786107,2742.137908,1719.34728,1804.122733,12.37963733,102.0887562,3.549878816,240.5525831,2.252116473,4.296171264,0.705158312,1.281644601,132.9777802,2.26705116,23.46437861,23.80109485,23.74340209
2386.584,1368.852147,2742.270049,1719.37776,1804.148133,12.38370133,100.8935276,3.488546585,239.8960654,2.267641741,4.295869104,0.704596512,1.282760743,132.9761206,2.266361641,23.46474367,23.80297299,23.74211704
2386.7364,1368.918187,2742.40219,1719.40824,1804.173533,12.38776533,99.24022911,3.590111289,239.6243189,2.278139632,4.295764206,0.709234119,1.290596241,132.9656292,2.265673947,23.46506747,23.80485113,23.74568429
2386.8888,1368.984227,2742.534331,1719.43872,1804.198933,12.39182933,97.57367336,3.616774728,238.9156258,2.282957069,4.295540098,0.71107101,1.298552382,132.9575814,2.265060401,23.46530002,23.80672927,23.74503376
2387.0412,1369.050267,2742.666472,1719.4692,1804.224333,12.39589333,96.46948612,3.56405797,238.0651251,2.295169022,4.295175173,0.710210568,1.290161387,132.9514442,2.264412929,23.46542545,23.80860741,23.74616789
2387.1936,1369.116307,2742.798613,1719.49968,1804.249733,12.39995733,96.69929732,3.415506433,237.5651002,2.345482837,4.294581624,0.706927488,1.273645352,132.9424802,2.263954287,23.4656292,23.81048555,23.7494799
2387.346,1369.182347,2742.930754,1719.53016,1804.275133,12.40402133,96.13840787,3.384991899,237.1232516,2.39288709,4.294076147,0.707471249,1.262876786,132.9275445,2.263873823,23.46568532,23.81236369,23.75262296
2387.4984,1369.248387,2743.062895,1719.56064,1804.300533,12.40808533,94.86324215,3.474579083,236.7150706,2.432371141,4.293678338,0.711694954,1.258670279,132.9093428,2.263738472,23.46563333,23.81424183,23.75674598
2387.6508,1369.314427,2743.195035,1719.59112,1804.325933,12.41214933,92.69603357,3.717884539,236.4068529,2.464409673,4.293419569,0.720759053,1.257243069,132.8901401,2.263588426,23.46542039,23.81611997,23.75922465
2387.8032,1369.380467,2743.327176,1719.6216,1804.351333,12.41621333,91.20712556,3.769721496,236.215139,2.50516864,4.292988994,0.725244064,1.268139244,132.8524914,2.263499247,23.46523529,23.81799811,23.76070803
2387.9556,1369.446507,2743.459318,1719.65208,1804.376733,12.42027733,90.47614288,3.613919334,236.1693463,2.555141269,4.292377234,0.724786706,1.287970312,132.8176094,2.26344906,23.46511299,23.81987625,23.7651129
2388.108,1369.512547,2743.591459,1719.68256,1804.402133,12.42434133,89.24469925,3.664842667,235.9968272,2.618671806,4.292088939,0.728165936,1.29887148,132.7806964,2.263666396,23.46548715,23.82175439,23.76887006
2388.2604,1369.578587,2743.723599,1719.71304,1804.427533,12.42840533,88.08550332,3.711127024,235.9181383,2.692605932,4.291860734,0.73132041,1.296723322,132.7495687,2.264252961,23.46589403,23.82363253,23.77596296
2388.4128,1369.644627,2743.85574,1719.74352,1804.452933,12.43246933,86.77103737,3.748440811,235.7386827,2.758705308,4.29162527,0.734080187,1.281377334,132.7243251,2.264918064,23.46650876,23.82551067,23.77936836
2388.5652,1369.710667,2743.987881,1719.774,1804.478333,12.43653333,85.22333468,3.792420842,235.4574603,2.815725099,4.291398216,0.736864503,1.270038634,132.7011177,2.265433147,23.46718226,23.8273888,23.78080619
2388.7176,1369.776707,2744.120022,1719.80448,1804.503733,12.44059733,83.9301125,3.732456555,235.2743178,2.8734311,4.291089657,0.737348305,1.272963824,132.6722363,2.265772986,23.46790333,23.82926694,23.77933954
2388.87,1369.842747,2744.252163,1719.83496,1804.529133,12.44466133,82.81340688,3.585922534,235.1185999,2.9285924,4.290714421,0.735743164,1.277352067,132.6457037,2.266234441,23.46847031,23.83114508,23.78221033
2389.0224,1369.908787,2744.384304,1719.86544,1804.554533,12.44872533,82.45816138,3.517693699,234.9309527,2.96257019,4.290659939,0.733336301,1.283930237,132.6285745,2.266596168,23.46913324,23.83302322,23.78852871
2389.1748,1369.974827,2744.516445,1719.89592,1804.579933,12.45278933,80.5706242,3.419022823,234.9316166,2.978709958,4.290212965,0.733959211,1.289124863,132.6096019,2.26712304,23.46903787,23.83490136,23.79383838
2389.3272,1370.040867,2744.648586,1719.9264,1804.605333,12.45685333,79.61551064,3.339578685,234.8565887,2.978158088,4.290036336,0.732222152,1.285108348,132.5952098,2.267451987,23.46931016,23.8367795,23.7988298
2389.4796,1370.106907,2744.780727,1719.95688,1804.630733,12.46091733,79.95812812,3.323812311,234.6758418,2.955279866,4.290280867,0.727955669,1.282650343,132.5865864,2.267626048,23.46974067,23.83865764,23.79960519
2389.632,1370.172947,2744.912868,1719.98736,1804.656133,12.46498133,79.10929199,3.30638075,234.5799789,2.941225015,4.290076267,0.727584474,1.268587993,132.5854241,2.268008769,23.47005132,23.84053578,23.79967371
2389.7844,1370.238987,2745.045009,1720.01784,1804.681533,12.46904533,76.87568666,3.283305449,234.5706016,2.937786814,4.289351421,0.731598225,1.250368839,132.5864857,2.268281753,23.47045936,23.84241392,23.79974638
2389.9368,1370.305027,2745.17715,1720.04832,1804.706933,12.47310933,74.797712,3.324315032,234.5247666,2.924689718,4.288657815,0.736685867,1.251171367,132.588443,2.2683367,23.47095211,23.84429206,23.80384031
2390.0892,1370.371067,2745.309291,1720.0788,1804.732333,12.47717333,74.32895124,3.239618339,234.6612603,2.843703933,4.288933872,0.732718107,1.253085639,132.5944048,2.268176382,23.47141904,23.8461702,23.80827075
2390.2416,1370.437107,2745.441432,1720.10928,1804.757733,12.48123733,75.04042191,3.081738438,234.9501333,2.716726212,4.289660805,0.723819129,1.257237467,132.604673,2.267992618,23.4719879,23.84804834,23.81017302
2390.394,1370.503147,2745.573573,1720.13976,1804.783133,12.48530133,75.53384586,2.990024699,235.2558481,2.589179024,4.290023812,0.71854523,1.249792175,132.6170415,2.267660311,23.4716228,23.84992648,23.80975866
2390.5464,1370.569187,2745.705714,1720.17024,1804.808533,12.48936533,75.18301391,2.960291768,235.5971823,2.465721778,4.28991936,0.718189,1.234451439,132.6296936,2.267164217,23.47157522,23.85180462,23.80621428
2390.6988,1370.635227,2745.837855,1720.20072,1804.833933,12.49342933,73.99065806,2.999117141,235.9789053,2.347327279,4.289279741,0.723236234,1.240622522,132.648586,2.266684829,23.47182002,23.85368276,23.80926907
2390.8512,1370.701267,2745.969996,1720.2312,1804.859333,12.49749333,72.92765812,2.886894163,236.2455796,2.29218053,4.289442236,0.721924446,1.239490772,132.6794336,2.26614264,23.47217709,23.8555609,23.80743491
2391.0036,1370.767307,2746.102137,1720.26168,1804.884733,12.50155733,71.96913492,2.614990451,236.3959771,2.304026019,4.290448323,0.714006578,1.209287967,132.7266331,2.265522462,23.47278193,23.85743904,23.81013371
2391.156,1370.833347,2746.234278,1720.29216,1804.910133,12.50562133,72.43559279,2.730981841,236.7995166,2.193586724,4.290420895,0.71852155,1.185337021,132.7626337,2.264732231,23.47362366,23.85931718,23.8080496
2391.3084,1370.899387,2746.366419,1720.32264,1804.935533,12.50968533,72.61580445,2.727562439,237.1185073,2.14675033,4.290889093,0.719418062,1.197518099,132.790002,2.263802606,23.47469791,23.86119532,23.80853802
2391.4608,1370.965427,2746.498559,1720.35312,1804.960933,12.51374933,72.91510457,2.784139118,237.4222955,2.090064491,4.291190801,0.722065522,1.202542267,132.8085629,2.262875844,23.47599698,23.86307346,23.81082986
2391.6132,1371.031467,2746.630701,1720.3836,1804.986333,12.51781333,73.32681535,2.914983548,237.7169497,2.019504825,4.291253428,0.72706203,1.191530421,132.8326916,2.262104477,23.47752892,23.8649516,23.79592233
2391.7656,1371.097507,2746.762842,1720.41408,1805.011733,12.52187733,73.77833676,2.978890084,237.933868,1.988000663,4.291685333,0.729300385,1.182021598,132.8663428,2.261222606,23.47925686,23.86682974,23.79808628
2391.918,1371.163547,2746.894983,1720.44456,1805.037133,12.52594133,74.38039174,3.017028014,238.0870739,1.978920931,4.292337436,0.729967376,1.158016679,132.9063922,2.260325793,23.48119862,23.86870788,23.79793318
2392.0704,1371.229587,2747.027123,1720.47504,1805.062533,12.53000533,74.48881173,3.069085894,238.1960997,2.004790279,4.292940429,0.732545988,1.151963842,132.9402049,2.25951271,23.4830762,23.87058602,23.80325872
2392.2228,1371.295627,2747.159264,1720.50552,1805.087933,12.53406933,74.00182199,3.119290575,238.251974,2.078125133,4.293579492,0.736756762,1.162302107,132.9524549,2.258621558,23.48526284,23.87246416,23.80942229
2392.3752,1371.361667,2747.291405,1720.536,1805.113333,12.53813333,74.21410559,3.227966386,238.2530585,2.112694458,4.293938712,0.740688555,1.157598605,132.9607871,2.258234528,23.48757871,23.8743423,23.80915149
2392.5276,1371.427707,2747.423546,1720.56648,1805.138733,12.54219733,75.34624568,3.423301682,238.2001962,2.084630231,4.293826118,0.744640931,1.146925719,132.966477,2.258110468,23.49002954,23.87622044,23.80736303
2392.68,1371.493747,2747.555687,1720.59696,1805.164133,12.54626133,75.80402266,3.513487789,238.3369988,2.049729613,4.29402485,0.747267682,1.136156026,132.9825665,2.25790519,23.49271422,23.87809858,23.80625808
2392.8324,1371.559787,2747.687828,1720.62744,1805.189533,12.55032533,75.50541673,3.488581211,238.6881499,2.007679877,4.294578667,0.748523934,1.127389527,132.9898268,2.257801569,23.49554158,23.87997672,23.80793725
2392.9848,1371.625827,2747.819969,1720.65792,1805.214933,12.55438933,75.44253983,3.466549103,239.1388399,1.908382376,4.294939632,0.749256152,1.13121583,132.9886747,2.257608295,23.49836853,23.88185486,23.80432213
2393.1372,1371.691867,2747.95211,1720.6884,1805.240333,12.55845333,75.53516582,3.675712069,238.6621584,2.054401934,4.294738526,0.756982124,1.151516014,132.9804392,2.257345199,23.50147449,23.883733,23.80867616
2393.2896,1371.757907,2748.084251,1720.71888,1805.265733,12.56251733,75.81716529,3.827960041,238.2241588,2.169181098,4.294561183,0.76191239,1.166015217,132.9663759,2.257178981,23.50458432,23.88561114,23.81258765
2393.442,1371.823947,2748.216392,1720.74936,1805.291133,12.56658133,76.34305454,3.894732264,237.9546383,2.209790056,4.294429082,0.762951672,1.173094856,132.9475873,2.257172963,23.50788571,23.88748928,23.81814687
2393.5944,1371.889987,2748.348533,1720.77984,1805.316533,12.57064533,76.65991231,3.858813799,237.9273346,2.187009499,4.294432489,0.761190704,1.183376154,132.926768,2.257510051,23.51128326,23.88936742,23.81990103
2393.7468,1371.956027,2748.480674,1720.81032,1805.341933,12.57470933,76.83856611,3.704978753,238.1549721,2.092010335,4.294593994,0.755801288,1.191659903,132.8994089,2.258006088,23.51471717,23.89124556,23.82346179
2393.8992,1372.022067,2748.612815,1720.8408,1805.367333,12.57877333,76.71374085,3.796249796,237.8860277,2.222667654,4.294738437,0.76056919,1.201773068,132.8704857,2.258527173,23.51816901,23.8931237,23.82648554
2394.0516,1372.088107,2748.744956,1720.87128,1805.392733,12.58283733,76.77911473,3.950161324,237.3810812,2.422115698,4.294781004,0.76631353,1.210206607,132.8335329,2.25913956,23.52155928,23.89500184,23.82955124
2394.204,1372.154147,2748.877097,1720.90176,1805.418133,12.58690133,77.71133513,3.78080305,237.3129877,2.36419388,4.29473625,0.75581853,1.210748462,132.7961291,2.259852176,23.52504827,23.89687997,23.82936538
2394.3564,1372.220187,2749.009238,1720.93224,1805.443533,12.59096533,78.26259661,3.786773084,236.8774681,2.494244416,4.294779751,0.753237311,1.210485768,132.756998,2.26055145,23.52857298,23.89875811,23.82736812
2394.5088,1372.286227,2749.141379,1720.96272,1805.468933,12.59502933,79.00102522,3.702107278,236.6435672,2.521973179,4.294794446,0.746414899,1.218061598,132.7151832,2.261528938,23.53210059,23.90063625,23.83733278
2394.6612,1372.352267,2749.27352,1720.9932,1805.494333,12.59909333,79.96109599,3.501849258,236.6598542,2.424597098,4.294786,0.734276723,1.229437091,132.6673445,2.262589075,23.53566704,23.90251439,23.85353052
2394.8136,1372.418307,2749.405661,1721.02368,1805.519733,12.60315733,80.77317261,3.396998943,236.4767869,2.417669211,4.294798754,0.726037273,1.236525747,132.613648,2.263858284,23.53912616,23.90439253,23.86894107
2394.966,1372.484347,2749.537802,1721.05416,1805.545133,12.60722133,81.57428737,3.324764186,236.2263688,2.432745112,4.294806443,0.718794224,1.23866409,132.5538442,2.265247997,23.54242513,23.90627067,23.86715362
2395.1184,1372.550387,2749.669943,1721.08464,1805.570533,12.61128533,82.06906442,3.351611881,235.9610423,2.528821013,4.294742151,0.718689359,1.24031039,132.4921767,2.266295858,23.54575151,23.90814881,23.86113221
2395.2708,1372.616427,2749.802084,1721.11512,1805.595933,12.61534933,82.28033983,3.313484113,235.830697,2.577376457,4.294789892,0.716515806,1.245977527,132.4288698,2.26723983,23.54901344,23.91002695,23.85017265
2395.4232,1372.682467,2749.934225,1721.1456,1805.621333,12.61941333,82.43988039,3.175364629,235.8646021,2.533058585,4.294915602,0.709555555,1.254066416,132.3638403,2.268512425,23.5521884,23.91190509,23.85897683
2395.5756,1372.748507,2750.066366,1721.17608,1805.646733,12.62347733,82.49323003,2.892646078,236.1352586,2.360840284,4.295163936,0.695910596,1.256387937,132.3033244,2.270267445,23.55514433,23.91378323,23.87273009
2395.728,1372.814547,2750.198507,1721.20656,1805.672133,12.62754133,82.71155143,2.733890942,236.2616332,2.253980345,4.295227094,0.689031749,1.248819001,132.2350692,2.272512686,23.55796279,23.91566137,23.88009883
2395.8804,1372.880587,2750.330647,1721.23704,1805.697533,12.63160533,83.14707135,2.710779554,236.2341126,2.215300955,4.29507091,0.689524912,1.232130276,132.1681184,2.274776207,23.56063203,23.91753951,23.8806724
2396.0328,1372.946627,2750.462788,1721.26752,1805.722933,12.63566933,83.29349249,2.619643994,236.3372816,2.131920946,4.295206676,0.687084009,1.215245491,132.0992748,2.276535584,23.56303662,23.91941765,23.87626756
2396.1852,1373.012667,2750.594929,1721.298,1805.748333,12.63973333,82.34284193,2.436101319,236.5747396,2.084098373,4.296417416,0.679510317,1.215656236,132.0309185,2.278106038,23.56523238,23.92129579,23.88036902
2396.3376,1373.078707,2750.72707,1721.32848,1805.773733,12.64379733,81.28002169,2.289341049,236.7738478,2.039321832,4.297495026,0.674367531,1.21943685,131.9692619,2.279583239,23.56719458,23.92317393,23.88332464
2396.49,1373.144747,2750.859211,1721.35896,1805.799133,12.64786133,80.08380736,2.16851737,236.9519378,1.987531276,4.29843968,0.671191729,1.213346071,131.9043303,2.280873089,23.56889576,23.92505207,23.88882614
2396.6424,1373.210787,2750.991352,1721.38944,1805.824533,12.65192533,78.95387251,2.118504517,237.072494,1.948185268,4.299179503,0.67249417,1.202064423,131.8335071,2.282445323,23.57032464,23.92693021,23.88837913
2396.7948,1373.276827,2751.123493,1721.41992,1805.849933,12.65598933,77.83328846,2.143299046,237.1229256,1.925455905,4.299699887,0.678456852,1.187018032,131.7576444,2.284622168,23.57157183,23.92880835,23.89017533
2396.9472,1373.342867,2751.255634,1721.4504,1805.875333,12.66005333,77.1802109,2.08285185,237.1103295,1.973939195,4.300685404,0.675485126,1.178776657,131.6814813,2.286860644,23.57362859,23.93068649,23.89280737
2397.0996,1373.408907,2751.387775,1721.48088,1805.900733,12.66411733,75.56044928,2.034667084,237.3176011,1.927752616,4.30148082,0.67820593,1.180015256,131.603041,2.289126955,23.57364125,23.93256463,23.89551003
2397.252,1373.474947,2751.519916,1721.51136,1805.926133,12.66818133,73.42570307,2.035582344,237.5847796,1.851039672,4.302067051,0.686286427,1.181980005,131.5276622,2.291147226,23.57360077,23.93444277,23.8981595
2397.4044,1373.540987,2751.652057,1721.54184,1805.951533,12.67224533,71.71280036,1.995463629,237.743794,1.859512625,4.302993458,0.688193896,1.174939771,131.450295,2.292874864,23.57406063,23.93632091,23.90640777
2397.5568,1373.607027,2751.784198,1721.57232,1805.976933,12.67630933,69.72481234,1.982698569,237.9667572,1.807610971,4.303260159,0.694281125,1.16592619,131.3638446,2.294772103,23.5745954,23.93819905,23.90735595
2397.7092,1373.673067,2751.916339,1721.6028,1806.002333,12.68037333,67.40121932,2.006417221,238.2596465,1.687271192,4.302771364,0.70553222,1.155144634,131.2757873,2.297018854,23.57500548,23.94007719,23.91371951
2397.8616,1373.739107,2752.04848,1721.63328,1806.027733,12.68443733,65.20410828,2.003440479,238.525271,1.589972221,4.302158537,0.714014145,1.148510761,131.1840331,2.299665192,23.57561285,23.94195533,23.91918216
2398.014,1373.805147,2752.180621,1721.66376,1806.053133,12.68850133,63.10849277,1.989953858,238.7489093,1.50074588,4.301215608,0.720917105,1.165600947,131.0971356,2.302275342,23.5764496,23.94383347,23.93287327
2398.1664,1373.871187,2752.312762,1721.69424,1806.078533,12.69256533,62.2698586,2.01528416,238.4831182,1.567800671,4.299658373,0.720325282,1.169543482,131.022096,2.304132667,23.57822729,23.94571161,23.94073907
2398.3188,1373.937227,2752.444903,1721.72472,1806.103933,12.69662933,61.20058648,2.076423167,238.2831932,1.594410446,4.296876162,0.72493136,1.14998614,130.9517534,2.305183541,23.57995945,23.94758975,23.94920192
2398.4712,1374.003267,2752.577044,1721.7552,1806.129333,12.70069333,59.8412563,2.161604742,238.1602247,1.566190346,4.293006357,0.734004469,1.133988111,130.8749327,2.30602504,23.58259501,23.94946789,23.9564779
2398.6236,1374.069307,2752.709185,1721.78568,1806.154733,12.70475733,58.12890917,2.282494409,238.1323008,1.472696944,4.287799013,0.749069313,1.124899098,130.7854629,2.307466156,23.58496644,23.95134603,23.95808742
2398.776,1374.135347,2752.841326,1721.81616,1806.180133,12.70882133,57.02979844,2.361127287,237.9311272,1.452334574,4.284435755,0.755746338,1.140512759,130.6860142,2.309341989,23.58709447,23.95322417,23.96316852
2398.9284,1374.201387,2752.973467,1721.84664,1806.205533,12.71288533,56.59111979,2.392690018,237.5425956,1.509453943,4.283137466,0.753211632,1.171505883,130.5890477,2.31116924,23.58986723,23.95510231,23.97450904
2399.0808,1374.267427,2753.105608,1721.87712,1806.230933,12.71694933,56.50868727,2.505509698,237.1954041,1.521319867,4.278504701,0.758434216,1.178234676,130.5001157,2.312392081,23.5925839,23.95698045,23.98476411
2399.2332,1374.333467,2753.237749,1721.9076,1806.256333,12.72101333,56.99742604,2.671182253,236.8130419,1.525806777,4.271777621,0.766849814,1.150101961,130.419116,2.313354196,23.59484346,23.95885859,23.99820956
2399.3856,1374.399507,2753.36989,1721.93808,1806.281733,12.72507733,57.70325134,2.825612492,236.3979053,1.54107137,4.265022139,0.773729241,1.124352293,130.3280518,2.31441657,23.59669007,23.96073673,24.00169263
2399.538,1374.465547,2753.502031,1721.96856,1806.307133,12.72914133,58.60088475,2.971741305,235.9600924,1.561874219,4.258105544,0.779631351,1.114806235,130.2244866,2.315688092,23.59871118,23.96261487,24.00316152
2399.6904,1374.531587,2753.634171,1721.99904,1806.332533,12.73320533,59.97088161,3.089939128,235.4064028,1.625402576,4.252303809,0.780118835,1.114113629,130.1079295,2.317140833,23.60021309,23.964493,24.01516169
2399.8428,1374.597627,2753.766312,1722.02952,1806.357933,12.73726933,61.79565201,3.181086226,234.7506797,1.728026771,4.247386032,0.775712131,1.132832447,129.9881403,2.318522714,23.60089999,23.96637114,24.02521794
2399.9952,1374.663667,2753.898453,1722.06,1806.383333,12.74133333,62.41614793,3.252569162,234.6801081,1.707607146,4.24351512,0.781045624,1.15217153,129.8789989,2.319758318,23.60113384,23.96824928,24.04353423
2400.1476,1374.729707,2754.030594,1722.09048,1806.408733,12.74539733,65.197768,3.300274855,233.9192161,1.825543472,4.237533457,0.773529273,1.167375519,129.7668488,2.320738923,23.59903829,23.97012742,24.07619837
2400.3,1374.795747,2754.162735,1722.12096,1806.434133,12.74946133,67.57476588,3.319547938,233.4365969,1.896542672,4.232540389,0.768817339,1.181095273,129.6502182,2.321466609,23.59877974,23.97200556,24.09322142
2400.4524,1374.861787,2754.294876,1722.15144,1806.459533,12.75352533,68.99024113,3.309677566,233.4666021,1.8690691,4.228797654,0.77143198,1.180681253,129.5248323,2.322395261,23.59739557,23.9738837,24.08922058
2400.6048,1374.927827,2754.427017,1722.18192,1806.484933,12.75758933,70.87025641,3.342078575,233.0329435,1.932272894,4.223710254,0.769580759,1.175096475,129.4016904,2.323894413,23.59592776,23.97576184,24.08675869
2400.7572,1374.993867,2754.559158,1722.2124,1806.510333,12.76165333,73.32536213,3.422200252,232.0577022,2.102148844,4.217056355,0.762326749,1.180042777,129.2801769,2.325748064,23.59451068,23.97763998,24.09369445
2400.9096,1375.059907,2754.691299,1722.24288,1806.535733,12.76571733,75.27431979,3.514430532,231.1805742,2.250594871,4.210239747,0.758637532,1.192664652,129.1568503,2.327032592,23.5918722,23.97951812,24.10457451
2401.062,1375.125947,2754.82344,1722.27336,1806.561133,12.76978133,77.3278041,3.576227699,230.777679,2.304401942,4.206214858,0.757934594,1.204543365,129.0275099,2.327254962,23.58952845,23.98139626,24.12228282
2401.2144,1375.191987,2754.955581,1722.30384,1806.586533,12.77384533,79.33733508,3.59063449,230.9271949,2.263732494,4.206399253,0.759276536,1.213101417,128.9066296,2.327501741,23.58778179,23.9832744,24.13245151
2401.3668,1375.258027,2755.087722,1722.33432,1806.611933,12.77790933,80.75838322,3.650579522,230.7408444,2.301269452,4.20541539,0.760206994,1.212915364,128.7902972,2.328274655,23.58609113,23.98515254,24.1186633
2401.5192,1375.324067,2755.219863,1722.3648,1806.637333,12.78197333,81.96708629,3.76891781,230.1120262,2.429855306,4.20273735,0.759580888,1.200501255,128.6869338,2.328660651,23.58435358,23.98703068,24.11965615
2401.6716,1375.390107,2755.352004,1722.39528,1806.662733,12.78603733,82.8613045,3.952522159,228.9697347,2.666954274,4.198181135,0.757014173,1.186836324,128.5859672,2.329031253,23.58127108,23.98890882,24.11746528
2401.824,1375.456147,2755.484145,1722.42576,1806.688133,12.79010133,85.37244636,4.125490518,228.2964881,2.772539925,4.194659969,0.755649609,1.197217527,128.4666899,2.329935427,23.57828981,23.99078696,24.13279544
2401.9764,1375.522187,2755.616286,1722.45624,1806.713533,12.79416533,89.74032056,4.287655141,228.123718,2.735347861,4.192219109,0.75530274,1.235332905,128.348973,2.330958496,23.57575677,23.9926651,24.17191494
2402.1288,1375.588227,2755.748427,1722.48672,1806.738933,12.79822933,91.90736476,4.355806075,227.6416088,2.846043093,4.191523474,0.75197743,1.267315091,128.2442157,2.332240621,23.57367612,23.99454324,24.19397371
2402.2812,1375.654267,2755.880568,1722.5172,1806.764333,12.80229333,94.94950551,4.418748056,227.2942079,2.916902474,4.191344461,0.747917089,1.272410739,128.1582527,2.333151781,23.57201622,23.99642138,24.20621259
2402.4336,1375.720307,2756.012709,1722.54768,1806.789733,12.80635733,97.50296725,4.478221706,226.9622197,2.990466104,4.190994713,0.74469395,1.31155396,128.0852737,2.33350293,23.57079516,23.99829952,24.21063958
2402.586,1375.786347,2756.14485,1722.57816,1806.815133,12.81042133,99.42839273,4.535417273,226.6081825,3.077204848,4.190364365,0.742198682,1.408474335,128.0272051,2.333706861,23.57005487,24.00017766,24.22031885
2402.7384,1375.852387,2756.276991,1722.60864,1806.840533,12.81448533,102.1836062,4.588228602,226.5046484,3.092811299,4.19011063,0.740205434,1.4940589,127.9675725,2.334208992,23.56969042,24.0020558,24.24585842
2402.8908,1375.918427,2756.409131,1722.63912,1806.865933,12.81854933,105.3249597,4.630226855,226.6223124,3.051884918,4.190195378,0.73898975,1.524738413,127.9163098,2.335437187,23.57131644,24.00393394,24.29357929
2403.0432,1375.984467,2756.541272,1722.6696,1806.891333,12.82261333,107.304548,4.57347567,226.8872493,3.005213614,4.190753593,0.735343013,1.487559678,127.8680667,2.337318633,23.57297297,24.00581208,24.3044683
2403.1956,1376.050507,2756.673414,1722.70008,1806.916733,12.82667733,108.5991401,4.712487326,227.1037145,2.93233181,4.189802504,0.738133571,1.440137455,127.8007339,2.339019183,23.57490655,24.00769022,24.29618782
2403.348,1376.116547,2756.805555,1722.73056,1806.942133,12.83074133,108.9018854,4.635919072,227.6601494,2.831931654,4.190422579,0.735949932,1.430835118,127.7698544,2.339873814,23.57662098,24.00956836,24.30002012
2403.5004,1376.182587,2756.937695,1722.76104,1806.967533,12.83480533,107.6937727,4.251770127,228.6169141,2.713917088,4.193184732,0.726084923,1.437809157,127.777584,2.339589616,23.57837521,24.0114465,24.30762269
2403.6528,1376.248627,2757.069836,1722.79152,1806.992933,12.83886933,106.942248,4.236227849,229.0747646,2.650419453,4.193895518,0.726851377,1.483142028,127.827622,2.338959008,23.57863379,24.01332464,24.31580551
2403.8052,1376.314667,2757.201977,1722.822,1807.018333,12.84293333,106.7078022,4.642592752,228.9651295,2.648342127,4.192255788,0.73988241,1.574632731,127.8799871,2.338727521,23.5793284,24.01520278,24.32612948
2403.9576,1376.380707,2757.334118,1722.85248,1807.043733,12.84699733,105.5488036,5.062195196,228.7831006,2.680726986,4.190833521,0.754030842,1.643327467,127.9335425,2.338184019,23.58030387,24.01708092,24.31941606
2404.11,1376.446747,2757.466259,1722.88296,1807.069133,12.85106133,107.3338201,4.898966958,229.6108569,2.55351182,4.190991442,0.745277228,1.622475939,127.9862186,2.337870415,23.58216533,24.01895906,24.29849595
2404.2624,1376.512787,2757.5984,1722.91344,1807.094533,12.85512532,109.5024526,4.63093032,230.7340143,2.380459451,4.191827908,0.73307524,1.503266343,128.0587811,2.33852808,23.58502147,24.0208372,24.29113174
2404.4148,1376.578827,2757.730541,1722.94392,1807.119933,12.85918929,110.5127894,4.542304454,231.6539367,2.248073348,4.192574555,0.728396662,1.367198942,128.1475066,2.33893939,23.58858833,24.02271534,24.2867754
2404.5672,1376.644867,2757.862682,1722.9744,1807.145333,12.86325326,110.850999,4.78172325,232.1109219,2.187641502,4.192056903,0.734640432,1.300451984,128.2581865,2.338639476,23.59193772,24.02459348,24.2794433
2404.7196,1376.710907,2757.994823,1723.00488,1807.170733,12.86731722,110.3432145,5.366665217,232.1002751,2.199940634,4.190363598,0.752788263,1.339539214,128.3757166,2.338297961,23.59577554,24.02647162,24.25080673
2404.872,1376.776946,2758.126963,1723.035361,1807.196134,12.8713803,114.9140402,5.563510601,232.2279135,2.167536535,4.188662384,0.751164058,1.585426907,128.4895639,2.338197843,23.60083752,24.02834976,24.22636045
2405.0244,1376.842985,2758.259102,1723.065842,1807.221536,12.87544242,122.7023818,5.421063482,232.5786871,2.084107488,4.187289861,0.734163952,1.757024098,128.6068794,2.338926136,23.6062829,24.0302279,24.22931904
2405.1768,1376.909024,2758.39124,1723.096323,1807.246939,12.87950398,120.1611133,5.631464408,233.2438732,1.995099557,4.187739117,0.744271505,1.662813181,128.7263895,2.340195861,23.61132833,24.03210604,24.22086034
2405.3292,1376.975062,2758.523377,1723.126805,1807.272343,12.88356472,122.1137881,5.630902477,233.840827,1.891234689,4.187636121,0.741069312,1.619090329,128.8644288,2.340789093,23.61622267,24.03398417,24.24304017
2405.4816,1377.041105,2758.655525,1723.157282,1807.297736,12.88763449,121.6967935,5.664560512,234.4506673,1.79790234,4.187988448,0.743067212,1.584649327,129.0067625,2.340468582,23.62112156,24.03586231,24.22193427
2405.634,1377.107154,2758.787683,1723.187753,1807.323119,12.89171427,118.386927,5.761057051,235.0642207,1.718558014,4.188836387,0.752032535,1.517781007,129.161202,2.340178551,23.62583123,24.03774045,24.14882792
2405.7864,1377.173206,2758.919847,1723.218221,1807.348495,12.8957992,117.0556783,5.649766522,235.7433056,1.617184616,4.189811456,0.751980402,1.52781883,129.3117901,2.340611173,23.63003531,24.03961859,24.12318025
2405.9388,1377.239262,2759.052021,1723.248685,1807.373863,12.8998921,116.0581704,5.379715315,236.5177764,1.497875143,4.19119012,0.747094376,1.557946671,129.4126862,2.341602434,23.6340276,24.04149673,24.11768666
2406.0912,1377.305293,2759.184144,1723.279174,1807.399281,12.90394046,119.4252331,5.415509148,236.2617277,1.54953934,4.190754099,0.741316246,1.607213086,129.4934513,2.342817609,23.63809953,24.04337487,24.13485071
2406.2436,1377.371297,2759.316213,1723.30969,1807.424753,12.90793916,122.3723505,5.561337454,235.7203624,1.645242378,4.190103576,0.737167216,1.665461261,129.5921815,2.343499508,23.6409619,24.04525301,24.14094761
2406.396,1377.437288,2759.448256,1723.340219,1807.450251,12.91191545,119.083387,5.53042599,235.8509666,1.631510336,4.191382168,0.73761082,1.653248219,129.6782206,2.343653709,23.64361167,24.04713115,24.14319087
2406.5484,1377.503259,2759.580258,1723.370768,1807.475789,12.9158546,106.9746839,5.303297565,236.9084478,1.465644414,4.19521184,0.745919405,1.543100049,129.7285999,2.344358913,23.64529133,24.04900929,24.10270469
2406.7008,1377.569347,2759.712496,1723.4012,1807.501092,12.92000587,104.6982187,5.452641311,236.900523,1.491135499,4.195942888,0.749700974,1.444761312,129.7152865,2.345973867,23.64582267,24.05088743,24.09365734
2406.8532,1377.635567,2759.844997,1723.4315,1807.526132,12.92439394,113.4886698,5.253586545,235.680748,1.735452946,4.193188659,0.748545365,1.439540717,129.711263,2.348183671,23.64572329,24.05276557,24.0640108
2407.0056,1377.701846,2759.977616,1723.461741,1807.551054,12.92888838,121.1874297,5.186389948,234.5192357,1.977510364,4.190506411,0.751327108,1.551117518,129.685977,2.349943556,23.64522404,24.05464371,24.00190108
2407.158,1377.768224,2760.110431,1723.491883,1807.57578,12.93355914,112.1569863,5.409649138,234.7437268,1.887594048,4.192671754,0.75427241,1.608694021,129.6398261,2.351159978,23.64429179,24.05652185,24.02192139
2407.3104,1377.834602,2760.243248,1723.522025,1807.600503,12.93823214,105.7284212,5.722514383,234.8445083,1.828420272,4.194176231,0.755348266,1.475893263,129.5666013,2.352436777,23.64281339,24.05839999,24.0541611
2407.4628,1377.900974,2760.376053,1723.552173,1807.625239,12.94289387,101.2432301,5.366091697,234.9023605,1.787174792,4.195209717,0.755201566,1.278395278,129.4618668,2.35391424,23.64054088,24.06027813,24.12825172
2407.6152,1377.967422,2760.509009,1723.582245,1807.649824,12.94769174,103.4675263,5.331112728,234.2926475,1.875827888,4.194081837,0.753492365,1.259382732,129.3261108,2.355941167,23.63831874,24.06215627,24.11426404
2407.7676,1378.033924,2760.642074,1723.612263,1807.674299,12.95258757,112.2351219,5.587258873,233.0857101,2.082287015,4.190927687,0.749532547,1.523299838,129.1675348,2.358141034,23.63558102,24.06403441,24.10312013
2407.92,1378.100232,2760.77475,1723.642475,1807.699163,12.95713402,112.9382654,5.442483829,232.6898807,2.113855732,4.190165761,0.748087777,1.711097205,128.9815892,2.360161226,23.63470931,24.06591255,24.10265709
2408.0724,1378.166331,2760.907009,1723.672896,1807.724446,12.96130402,110.2674225,5.237904795,232.5393972,2.112556953,4.190341697,0.74810446,1.728307486,128.7729036,2.362281473,23.63163514,24.06779069,24.13807128
2408.2248,1378.232323,2761.039054,1723.703424,1807.749942,12.96528131,111.9298054,5.332462281,231.9227957,2.230293862,4.189182858,0.746529722,1.74351839,128.5299432,2.364106025,23.62906265,24.06966883,24.16375785
2408.3772,1378.298138,2761.170747,1723.734129,1807.77579,12.96894202,108.8865801,5.151604437,231.8193709,2.231089637,4.189436052,0.74558578,1.715305732,128.258322,2.365166399,23.6261813,24.07154697,24.2029501
2408.5296,1378.363821,2761.302173,1723.764966,1807.801905,12.97236237,107.6624329,5.073880519,231.4872399,2.293136653,4.189235855,0.744601437,1.715581667,127.9682945,2.365601915,23.62296755,24.07342511,24.21063252
2408.682,1378.429363,2761.433318,1723.795944,1807.828301,12.97552989,108.9164537,5.127841253,230.8615042,2.431581757,4.188408523,0.743267055,1.760898583,127.6650799,2.365933122,23.62082642,24.07530325,24.20085003
2408.8344,1378.494678,2761.564009,1723.827149,1807.855152,12.97828849,106.5231814,4.9786976,230.5869202,2.498788952,4.188757932,0.74265525,1.775930147,127.3592225,2.367031487,23.61852517,24.07718139,24.20905603
2408.9868,1378.559761,2761.694238,1723.858586,1807.882465,12.98063068,101.897122,4.706515437,230.5001745,2.534903525,4.18989605,0.742558423,1.787983026,127.0404565,2.368018942,23.61555548,24.07905953,24.21315437
2409.1392,1378.624348,2761.823475,1723.890519,1807.910771,12.98207966,101.3702353,4.722597057,230.7810341,2.466868828,4.189131994,0.746896484,1.81820935,126.7114566,2.368139333,23.61234659,24.08093767,24.23461019
2409.2916,1378.688385,2761.951611,1723.923002,1807.940177,12.98253768,101.3157637,4.74161269,230.6909117,2.491450637,4.188711149,0.748663677,1.830196884,126.3705722,2.368258536,23.60906282,24.08281581,24.27523965
2409.444,1378.751977,2762.078858,1723.95593,1807.970474,12.98219484,100.9050683,4.724659606,230.3491566,2.588570819,4.188839831,0.748684443,1.790830604,126.0242225,2.368333443,23.60734104,24.08469395,24.29920654
2409.5964,1378.815029,2762.205027,1723.989398,1808.00185,12.98088076,100.6533125,4.692435235,229.5946212,2.795674585,4.189500342,0.745982619,1.731658992,125.704522,2.36800474,23.60621087,24.08657209,24.3148296
2409.7488,1378.879129,2762.33329,1724.021818,1808.031129,12.98145312,102.4166392,4.783757279,229.2672542,2.860096996,4.188827272,0.7453166,1.739566933,125.3891781,2.367655785,23.60514779,24.08845023,24.27218887
2409.9012,1378.944414,2762.463922,1724.053053,1808.058039,12.98415778,106.5104008,5.019675746,229.4181455,2.765560494,4.186627699,0.747041714,1.932980334,125.0701575,2.366914083,23.60437293,24.09032837,24.26699425
2410.0536,1379.008251,2762.591659,1724.085736,1808.087845,12.9842572,109.8003347,5.190121496,229.2341023,2.784089063,4.185296316,0.747302253,2.286217297,124.762522,2.366015374,23.60410393,24.09220651,24.32279566
2410.206,1379.069567,2762.714357,1724.12094,1808.122693,12.97981741,110.7082901,5.20635183,228.6905357,2.952174245,4.185556202,0.746679068,2.356117728,124.4665847,2.365202475,23.60415542,24.09408465,24.37395375
2410.3584,1379.13092,2762.837129,1724.156107,1808.157466,12.97544563,111.1300529,5.178447036,228.2692857,3.080272836,4.186014779,0.745423121,2.085138036,124.1729994,2.364409678,23.60444727,24.09596279,24.38504974
2410.5108,1379.192251,2762.959857,1724.191296,1808.192284,12.9710338,111.0250716,5.101089924,227.9332674,3.178105414,4.186746111,0.743223974,1.820379733,123.9051122,2.363120383,23.6032957,24.09784093,24.2185803
2410.6632,1379.254303,2763.084025,1724.225764,1808.225661,12.96791862,112.5782417,5.111806313,227.8508015,3.180337273,4.186578979,0.74151973,1.813192723,123.649542,2.361358153,23.60196325,24.09971907,24.3201407
2410.8156,1379.316931,2763.209346,1724.259656,1808.257885,12.96584104,115.1706422,5.171568264,228.023914,3.090495647,4.185795793,0.740044988,2.142461939,123.4334917,2.359071944,23.60020475,24.10159721,24.337676
2410.968,1379.378824,2763.333196,1724.294283,1808.29158,12.96243997,114.9634291,5.14143644,227.8720379,3.17467546,4.185997669,0.741012166,2.342212999,123.275465,2.356403254,23.5982427,24.10347534,24.38379398
2411.1204,1379.43997,2763.455555,1724.329657,1808.326767,12.95769492,117.0814656,5.143614471,227.9841178,3.137604136,4.186342285,0.737542672,2.308373727,123.1321361,2.353651939,23.59688515,24.10535348,24.34711117
2411.2728,1379.500911,2763.577504,1724.365236,1808.362364,12.95258162,119.0494844,5.128460947,228.2085243,3.0768165,4.186871462,0.733836127,2.269970982,122.9906091,2.351201233,23.59597858,24.10723162,24.33448006
2411.4252,1379.561323,2763.698393,1724.401344,1808.399022,12.94651406,118.4278483,5.028193531,228.2448071,3.142130474,4.188212563,0.732596318,2.16273788,122.8395556,2.348792339,23.59736568,24.10910976,24.32578406
2411.5776,1379.62198,2763.819773,1724.437207,1808.435187,12.940889,119.3259659,4.975121505,228.3876965,3.126490468,4.189036114,0.729356995,2.134750424,122.7252721,2.346349912,23.59946273,24.1109879,24.32089423
2411.73,1379.682929,2763.941737,1724.472778,1808.47077,12.93578898,121.9562965,4.97341969,228.668343,3.012204416,4.189273368,0.723773782,2.197624706,122.638375,2.344321356,23.6023969,24.11286604,24.33233665
2411.8824,1379.743509,2764.062965,1724.508718,1808.507088,12.93002617,123.3802661,4.926228561,228.8271857,2.958120797,4.18992469,0.718710923,2.187109639,122.5776313,2.342220855,23.60539892,24.11474418,24.33203509
2412.0348,1379.803883,2764.183779,1724.544864,1808.543821,12.92389054,123.7671751,4.826657175,228.9315543,2.943422486,4.190664367,0.713917576,2.124267455,122.5268223,2.339686795,23.60783105,24.11662232,24.32553508
2412.1872,1379.864443,2764.304966,1724.580824,1808.580181,12.91809096,122.4360669,4.664466971,229.1100922,2.967601649,4.190904905,0.711590822,2.090968191,122.4891249,2.337583124,23.60985727,24.11850046,24.3007435
2412.3396,1379.925139,2764.426424,1724.616648,1808.616268,12.91253611,121.7657744,4.5536444,229.3430061,2.945445689,4.190823713,0.70895274,2.06651869,122.4558123,2.335970527,23.61226962,24.1203786,24.2917142
2412.492,1379.985887,2764.547986,1724.65242,1808.652253,12.90707391,121.9158995,4.479275121,229.6163109,2.871671594,4.190452607,0.705003817,2.030046249,122.4377037,2.334309024,23.61405766,24.12225674,24.28214738
2412.6444,1380.046766,2764.669811,1724.688061,1808.687974,12.90184898,123.1599237,4.459417438,229.9564903,2.729900684,4.189673907,0.69971773,2.010578823,122.4448669,2.332473022,23.61649983,24.12413488,24.28549984
2412.7968,1380.107628,2764.7916,1724.723719,1808.723731,12.89659155,122.8986823,4.343708468,230.0720927,2.67385016,4.189549866,0.696075958,1.974594688,122.4732677,2.330214855,23.61900298,24.12601302,24.2815564
2412.9492,1380.168476,2764.913361,1724.759391,1808.759516,12.89130945,121.0574588,4.122617177,229.9433867,2.708936652,4.190134391,0.694097233,1.93726286,122.5086549,2.327736994,23.62170418,24.12789116,24.28166936
2413.1016,1380.22945,2765.035376,1724.794937,1808.795047,12.8862552,119.7625786,4.087443115,230.13753,2.670921738,4.191117251,0.695194346,1.944739133,122.5392973,2.326031346,23.62454378,24.1297693,24.28277628
2413.254,1380.290529,2765.157601,1724.830378,1808.830368,12.88139019,118.1056497,4.098837129,230.3760134,2.633414353,4.192606284,0.698582719,1.973277819,122.5595092,2.32516659,23.62755124,24.13164744,24.28812515
2413.4064,1380.351533,2765.279675,1724.865894,1808.865841,12.87638914,116.0053836,4.111660508,230.557904,2.613016604,4.194409851,0.702783446,1.984961876,122.5685674,2.324057579,23.6306334,24.13352558,24.28010212
2413.5588,1380.41247,2765.401615,1724.901477,1808.901446,12.87126779,113.5628996,4.134489547,230.6949999,2.603386443,4.196502154,0.707759005,1.967755402,122.5767481,2.322009778,23.63375703,24.13540372,24.27037011
2413.7112,1380.473421,2765.523582,1724.937046,1808.937025,12.86617105,110.1845406,4.10848332,230.6725222,2.644007108,4.199121961,0.714085369,1.937014845,122.6130197,2.319662434,23.6371485,24.13728186,24.25647969
2413.8636,1380.534347,2765.6455,1724.97264,1808.972653,12.86102973,105.9018545,4.046590806,230.5106311,2.731172757,4.20228009,0.721830496,1.918694694,122.6572979,2.318180548,23.64040876,24.13916,24.27734689
2414.016,1380.595299,2765.767471,1725.008208,1809.008229,12.8559358,104.3041442,4.180618782,230.8534183,2.715640214,4.205958743,0.729828238,1.908344953,122.6568784,2.318460476,23.64357057,24.14103814,24.28889938
2414.1684,1380.656284,2765.889506,1725.043743,1809.043739,12.85090065,98.57478713,4.169429181,230.5594684,2.800207165,4.209990597,0.741719883,1.893737615,122.6582072,2.319825464,23.64664106,24.14291628,24.28253889
2414.3208,1380.717247,2766.011498,1725.0793,1809.079293,12.84582571,94.65270083,4.299544697,230.6260226,2.827345713,4.21468285,0.754334186,1.87743101,122.6578584,2.32094845,23.65059728,24.14479442,24.27823386
2414.4732,1380.778198,2766.133467,1725.114869,1809.114871,12.84072996,93.77635417,4.648927288,231.2776882,2.750147482,4.220085434,0.76732362,1.863638276,122.7005508,2.320312194,23.65471,24.14667256,24.26359666
2414.6256,1380.839158,2766.255453,1725.150429,1809.15043,12.8356502,90.55495938,4.777717995,231.4582597,2.745332032,4.223869831,0.777714347,1.863908092,122.7087251,2.318215618,23.65892323,24.1485507,24.29121249
2414.778,1380.90012,2766.377443,1725.185987,1809.185986,12.8305739,84.5513672,4.65158874,231.0870381,2.827218909,4.225837876,0.785261898,1.865990158,122.7056967,2.317000968,23.66329978,24.15042884,24.29866984
2414.9304,1380.96108,2766.49943,1725.221547,1809.221546,12.82549381,79.45583027,4.551542251,230.8739796,2.86960037,4.227153411,0.791094766,1.849151648,122.693436,2.317668433,23.66777152,24.15230698,24.31040459
2415.0828,1381.02204,2766.621415,1725.257107,1809.257107,12.82041323,76.96465564,4.781026381,231.0567535,2.868821028,4.233216212,0.804274832,1.834779458,122.674645,2.319468829,23.67161106,24.15418512,24.28521028
2415.2352,1381.083,2766.743401,1725.292667,1809.292667,12.81533328,76.38451414,5.182777166,231.5071371,2.838609353,4.241687932,0.820458669,1.844571796,122.6522443,2.321561446,23.67557495,24.15606326,24.28374086
2415.3876,1381.14396,2766.865387,1725.328227,1809.328227,12.81025335,75.41290807,5.413657465,231.8502915,2.808066227,4.247296233,0.830817268,1.859810837,122.6283543,2.323003468,23.67903031,24.1579414,24.29934532
2415.54,1381.20492,2766.987373,1725.363787,1809.363787,12.80517333,73.07343958,5.423318354,231.8982849,2.807783576,4.25007509,0.835756535,1.860846031,122.5949527,2.324036502,23.68249261,24.15981954,24.31394877
2415.6924,1381.26588,2767.109359,1725.399347,1809.399347,12.80009333,69.2809152,5.178644354,231.6304787,2.839061416,4.249503165,0.834231315,1.86628173,122.5564247,2.324811504,23.68594262,24.16169768,24.32435396
2415.8448,1381.32684,2767.231345,1725.434907,1809.434907,12.79501333,65.83653471,5.202552676,231.4010367,2.909868488,4.25429946,0.843261351,1.873361477,122.5125595,2.324937673,23.6893531,24.16357582,24.31877587
2415.9972,1381.3878,2767.353331,1725.470467,1809.470467,12.78993333,62.61394366,5.516070079,231.1838503,3.029903654,4.265064826,0.864094433,1.884051859,122.475557,2.324673652,23.69264536,24.16545396,24.31213858
2416.1496,1381.44876,2767.475317,1725.506027,1809.506027,12.78485333,62.24669251,5.531667647,231.3698567,2.941626611,4.265728973,0.864363749,1.899744042,122.4431722,2.32481481,23.69588454,24.1673321,24.32080712
2416.302,1381.50972,2767.597303,1725.541587,1809.541587,12.77977333,61.46166966,5.670537589,231.4340877,2.905824945,4.269731287,0.871320133,1.902013773,122.4092262,2.32599033,23.69911587,24.16921024,24.33011407
2416.4544,1381.57068,2767.719289,1725.577147,1809.577147,12.77469333,61.05115867,5.767455459,231.5812526,2.839966596,4.272214344,0.875422743,1.936354141,122.377073,2.328020663,23.70199059,24.17108837,24.34110494
2416.6068,1381.63164,2767.841275,1725.612707,1809.612707,12.76961333,60.99283476,5.797631176,231.8096249,2.740045674,4.27266608,0.875690127,1.977447644,122.3344043,2.329880219,23.70471452,24.17296651,24.35856134
2416.7592,1381.6926,2767.963261,1725.648267,1809.648267,12.76453333,61.08468423,5.949828076,232.0552345,2.657687452,4.275511078,0.880855991,1.97560955,122.2935221,2.33098875,23.70724481,24.17484465,24.36133463
2416.9116,1381.75356,2768.085247,1725.683827,1809.683827,12.75945333,61.54974198,6.187250029,232.3739881,2.571758205,4.27959433,0.888666116,1.976724349,122.2562921,2.331581011,23.70955458,24.17672279,24.35480804
2417.064,1381.81452,2768.207233,1725.719387,1809.719387,12.75437333,61.73792075,6.317611689,232.6388657,2.487681842,4.28210387,0.893576484,1.983702889,122.2219124,2.332400589,23.71161979,24.17860093,24.34848992
2417.2164,1381.87548,2768.329219,1725.754947,1809.754947,12.74929333,61.51283429,6.29854985,232.7081411,2.441741638,4.283327915,0.89510438,1.986603494,122.1913184,2.333585994,23.71341472,24.18047907,24.35099252
2417.3688,1381.93644,2768.451205,1725.790507,1809.790507,12.74421333,61.85628321,6.375315725,233.1635115,2.303911087,4.28373096,0.897706011,2.002615754,122.1594098,2.335082749,23.71488245,24.18235721,24.36273303
2417.5212,1381.9974,2768.573191,1725.826067,1809.826067,12.73913333,62.79701282,6.561670463,234.133206,2.039239219,4.282659863,0.901226131,2.030449497,122.1374216,2.336411316,23.71622362,24.18423535,24.37131468
2417.6736,1382.05836,2768.695177,1725.861627,1809.861627,12.73405333,63.47396008,6.560093359,234.5896465,1.916548276,4.28206727,0.900156529,2.042528345,122.136297,2.337401043,23.71726355,24.18611349,24.37175351
2417.826,1382.11932,2768.817163,1725.897187,1809.897187,12.72897333,63.89942336,6.343626768,234.4674228,1.953263,4.281949014,0.893696218,2.040950564,122.130313,2.338297407,23.71781691,24.18799163,24.35221777
2417.9784,1382.18028,2768.939149,1725.932747,1809.932747,12.72389333,64.55975344,6.069983267,234.3853965,1.987164655,4.280774677,0.884322778,2.031249416,122.1219523,2.339138504,23.71858936,24.18986977,24.36963388
2418.1308,1382.24124,2769.061136,1725.968307,1809.968307,12.71881333,64.76149666,6.18033002,234.7413833,1.847297911,4.278902488,0.88689251,1.996676519,122.1221929,2.339811026,23.71899535,24.19174791,24.36374672
2418.2832,1382.3022,2769.183122,1726.003867,1810.003867,12.71373333,65.16315952,6.321009548,235.1056757,1.72692947,4.277592999,0.890208205,2.002426862,122.1222584,2.34057508,23.72167794,24.19362605,24.37310601
2418.4356,1382.36316,2769.305107,1726.039427,1810.039427,12.70865333,65.90546702,6.410429261,235.4068609,1.658338261,4.276750434,0.891459205,2.052712316,122.1314829,2.341070126,23.72371607,24.19550419,24.37937162
2418.588,1382.42412,2769.427093,1726.074987,1810.074987,12.70357333,66.74124643,6.33330535,235.3731654,1.701068517,4.275978386,0.887593893,2.068646956,122.1385998,2.341452969,23.72592834,24.19738233,24.37970536
2418.7404,1382.48508,2769.54908,1726.110547,1810.110547,12.69849333,67.73414429,6.100080841,235.0183449,1.858786988,4.275551789,0.878928843,2.031105547,122.1451902,2.341690439,23.72611026,24.19926047,24.37624384
2418.8928,1382.54604,2769.671066,1726.146107,1810.146107,12.69341333,68.19108798,6.113421647,234.6833488,1.896350363,4.275424151,0.877865062,1.963642294,122.1436436,2.341687682,23.72922416,24.20113861,24.37431106
2419.0452,1382.607,2769.793052,1726.181667,1810.181667,12.68833333,68.5481264,6.252987661,234.4721036,1.864312916,4.275224999,0.880298955,1.919497007,122.1548184,2.341554086,23.73173849,24.20301675,24.3753061
2419.1976,1382.66796,2769.915038,1726.217227,1810.217227,12.68325333,69.91541978,6.141190925,234.3956114,1.960997519,4.274657974,0.873906153,1.933486534,122.1692598,2.341094691,23.73362353,24.20489489,24.38090332
2419.35,1382.72892,2770.037024,1726.252787,1810.252787,12.67817333,70.80589577,6.202137199,234.1925445,1.996302019,4.274735119,0.873067163,1.984581599,122.1873942,2.340200624,23.73496633,24.20677303,24.39166101
2419.5024,1382.78988,2770.15901,1726.288347,1810.288347,12.67309333,71.89994721,6.181285141,234.108635,2.047163339,4.27448919,0.869636705,1.992581999,122.2158001,2.339219458,23.73575578,24.20865117,24.39401982
2419.6548,1382.85084,2770.280996,1726.323907,1810.323907,12.66801333,73.24689439,6.057813276,234.1529665,2.122941285,4.273922696,0.862997292,1.948202399,122.2466085,2.338283528,23.73607217,24.21052931,24.39428048
2419.8072,1382.9118,2770.402982,1726.359467,1810.359467,12.66293333,74.32095623,6.043517384,234.2489133,2.139038671,4.273585116,0.859927166,1.909472287,122.2800315,2.337202316,23.73638559,24.21240745,24.39389535
2419.9596,1382.97276,2770.524968,1726.395027,1810.395027,12.65785333,75.2774286,6.081579245,234.4655271,2.111079547,4.273265073,0.85863384,1.892775301,122.3112438,2.335587795,23.73639457,24.21428559,24.38389921
2420.112,1383.03372,2770.646954,1726.430587,1810.430587,12.65277333,76.82346019,6.123348048,233.6884913,2.240029792,4.273648217,0.853404159,1.925288846,122.3406503,2.333705743,23.73582574,24.21616373,24.38053952
2420.2644,1383.09468,2770.76894,1726.466147,1810.466147,12.64769333,78.27679463,6.106783253,233.0683212,2.352111201,4.274090787,0.847411723,1.944717164,122.3741267,2.332113377,23.73489998,24.21804187,24.3877698
2420.4168,1383.15564,2770.890926,1726.501707,1810.501707,12.64261333,79.51973477,6.027638579,233.0162832,2.386958405,4.274216467,0.841701266,1.919325242,122.4161936,2.330773793,23.73382275,24.21992001,24.37298542
2420.5692,1383.2166,2771.012912,1726.537267,1810.537267,12.63753333,80.47055386,5.847373436,233.7179558,2.325736842,4.273924094,0.836029679,1.914294109,122.4532673,2.329359191,23.73239214,24.22179815,24.36020666
2420.7216,1383.27756,2771.134898,1726.572827,1810.572827,12.63245333,81.56287789,5.749629155,233.4889079,2.427857929,4.273801733,0.829595475,1.892657606,122.4896127,2.3277704,23.73081053,24.22367629,24.35732377
2420.874,1383.33852,2771.256884,1726.608387,1810.608387,12.62737333,82.85324023,5.741916608,232.2104512,2.716040886,4.273848675,0.822104545,1.848742081,122.5286092,2.326033214,23.72884848,24.22555443,24.35658365
2421.0264,1383.39948,2771.37887,1726.643947,1810.643947,12.62229333,83.69484423,5.674922343,231.1852334,2.972666571,4.273778653,0.814598429,1.832060139,122.57876,2.324112032,23.72567936,24.22743257,24.35827385
2421.1788,1383.46044,2771.500856,1726.679507,1810.679507,12.61721333,82.82466348,5.490460154,231.1778945,2.984233677,4.274109766,0.809977531,1.840958805,122.6323783,2.322343935,23.72188421,24.22931071,24.35073264
2421.3312,1383.5214,2771.622842,1726.715067,1810.715067,12.61213333,82.74221476,5.349079319,231.1178503,3.003790002,4.27435409,0.80657981,1.879261278,122.670434,2.320826099,23.71842154,24.23118885,24.35013548
2421.4836,1383.58236,2771.744828,1726.750627,1810.750627,12.60705333,83.51778948,5.243795039,231.0762765,3.021570286,4.274471502,0.804476097,1.939626156,122.7088093,2.319715023,23.7147832,24.23306699,24.3557593
2421.636,1383.64332,2771.866814,1726.786187,1810.786187,12.60197333,84.91141915,5.189822516,230.4721942,3.151440916,4.274535811,0.802028191,1.967567813,122.7401871,2.318862523,23.71137369,24.23494513,24.35943248
2421.7884,1383.70428,2771.9888,1726.821747,1810.821747,12.59689333,87.15410091,5.196348458,229.3905113,3.373047564,4.274541751,0.799790797,1.92389616,122.7853768,2.317693001,23.70778858,24.23682327,24.36341129
2421.9408,1383.76524,2772.110787,1726.857307,1810.857307,12.59181333,89.18356192,5.129077384,228.9780148,3.433509062,4.274793518,0.793419175,1.880846141,122.8215733,2.315708085,23.70372701,24.23870141,24.36099383
2422.0932,1383.8262,2772.232772,1726.892867,1810.892867,12.58673333,90.89283188,5.076575691,228.9617438,3.42018396,4.274872296,0.78540144,1.884551413,122.8565802,2.31249352,23.69940954,24.24057954,24.35723197
2422.2456,1383.88716,2772.354758,1726.928427,1810.928427,12.58165333,93.04502989,5.078918455,228.9362245,3.40812291,4.274802763,0.777061995,1.906697616,122.8820822,2.3100281,23.6950243,24.24245768,24.34908645
2422.398,1383.94812,2772.476744,1726.963987,1810.963987,12.57657333,95.44630324,5.044608726,229.3564577,3.273763511,4.274978029,0.765169784,1.935498446,122.9034643,2.310008127,23.69052269,24.24433582,24.35771258
2422.5504,1384.00908,2772.598731,1726.999547,1810.999547,12.57149333,98.12973579,5.036515763,229.6518189,3.183607987,4.27504714,0.755400243,1.925483723,122.9184625,2.311291188,23.68624506,24.24621396,24.35737354
2422.7028,1384.07004,2772.720717,1727.035107,1811.035107,12.56641333,101.1701712,5.063273127,229.7796232,3.148549401,4.27499073,0.748268747,1.894256735,122.9313748,2.311890884,23.68183007,24.2480921,24.33944793
2422.8552,1384.131,2772.842703,1727.070667,1811.070667,12.56133333,104.3798842,5.068207132,230.2528468,3.031766348,4.275071965,0.739899812,1.889431885,122.9493108,2.310964373,23.67753235,24.24997024,24.34018741
2423.0076,1384.19196,2772.964689,1727.106227,1811.106227,12.55625333,107.8422622,5.066572241,230.9525125,2.868988839,4.275167231,0.731563398,1.891255098,122.9641406,2.309447261,23.67112432,24.25184838,24.32318959
2423.16,1384.25292,2773.086675,1727.141787,1811.141787,12.55117333,112.2760771,5.094244694,231.6077932,2.708181142,4.274735014,0.721617935,1.897521605,122.9749149,2.308561617,23.66800685,24.25372652,24.33445612
2423.3124,1384.31388,2773.208661,1727.177347,1811.177347,12.54609333,116.4312337,5.148104241,232.2650027,2.540830178,4.274701604,0.712982866,1.906958376,122.9803721,2.308308048,23.66424198,24.25560466,24.35374004
2423.4648,1384.37484,2773.330647,1727.212907,1811.212907,12.54101333,120.5037242,5.222430629,232.9791225,2.366693399,4.274879722,0.706260855,1.9069458,122.9818598,2.308830274,23.66089407,24.2574828,24.35795329
2423.6172,1384.4358,2773.452633,1727.248467,1811.248467,12.53593333,124.3604859,5.325628921,233.7007224,2.19490646,4.275358371,0.701858492,1.902023652,122.9788846,2.309361963,23.65655281,24.25936094,24.35194107
2423.7696,1384.49676,2773.574619,1727.284027,1811.284027,12.53085333,123.5204077,5.382124371,233.9000313,2.152460797,4.275216726,0.70231269,1.906091475,122.9728166,2.310110883,23.65312843,24.26123908,24.34063587
2423.922,1384.55772,2773.696605,1727.319587,1811.319587,12.52577333,117.4978224,5.387182233,233.511893,2.257011979,4.274360835,0.708280076,1.913161359,122.9636177,2.311488683,23.65048702,24.26311722,24.33297642
2424.0744,1384.61868,2773.818591,1727.355147,1811.355147,12.52069333,123.0393072,5.458722996,233.71114,2.210161866,4.274051016,0.706080396,1.929705289,122.9505916,2.312367413,23.64946723,24.26499536,24.33725107
2424.2268,1384.67964,2773.940577,1727.390707,1811.390707,12.51561333,139.5207419,5.581296031,234.3777844,2.040817701,4.274068415,0.69612109,1.966908133,122.92691,2.312554247,23.64705044,24.2668735,24.35276847
2424.3792,1384.7406,2774.062563,1727.426267,1811.426267,12.51053333,131.9972368,5.682221587,234.9674876,1.890643893,4.274134084,0.688857358,1.968201616,122.9098453,2.312684769,23.64730656,24.26875164,24.36512516
2424.5316,1384.80156,2774.184549,1727.461827,1811.461827,12.50545333,132.7781021,5.763182028,235.4887606,1.757285352,4.27429487,0.684396891,1.927451394,122.8891475,2.313161689,23.64814701,24.27062978,24.37270569
2424.684,1384.86252,2774.306535,1727.497387,1811.497387,12.50037333,134.9646219,5.805195957,235.5488982,1.738337246,4.274080953,0.685445761,1.907635051,122.8704347,2.314084822,23.64978223,24.27250792,24.37631561
2424.8364,1384.92348,2774.428521,1727.532947,1811.532947,12.49529333,141.6838896,5.807886349,235.2365113,1.81140904,4.273599631,0.691494758,1.931211423,122.8539886,2.315082477,23.65132825,24.27438606,24.38530193
2424.9888,1384.98444,2774.550507,1727.568507,1811.568507,12.49021333,143.957355,5.84737601,236.0047325,1.609838859,4.273462782,0.672459636,1.977063174,122.834517,2.315844991,23.65388783,24.2762642,24.38877003
2425.1412,1385.0454,2774.672493,1727.604067,1811.604067,12.48513333,140.7529662,5.784833983,235.5434177,1.719966081,4.273382443,0.686434003,2.015929568,122.8269617,2.316234423,23.65630803,24.27814234,24.38546082
2425.2936,1385.10636,2774.794479,1727.639627,1811.639627,12.48005333,139.0482657,5.711899831,235.4308527,1.739693231,4.273397748,0.691398772,2.033407093,122.8177005,2.316512034,23.66006499,24.28002048,24.39156308
2425.446,1385.16732,2774.916465,1727.675187,1811.675187,12.47497333,136.5960986,5.658529228,236.2559121,1.519838934,4.273681902,0.674001949,2.026979762,122.8068007,2.316874186,23.664732,24.28189862,24.38655128
2425.5984,1385.22828,2775.038451,1727.710747,1811.710747,12.46989333,139.0981223,5.59803399,236.4743883,1.457071619,4.273984708,0.675280886,1.986628795,122.7989976,2.317205429,23.66982387,24.28377676,24.39187656
2425.7508,1385.28924,2775.160437,1727.746307,1811.746307,12.46481333,147.7709594,5.527703884,235.9814041,1.578314081,4.274304161,0.698367493,1.914142119,122.7924929,2.317708142,23.67465328,24.2856549,24.40720127
2425.9032,1385.3502,2775.282423,1727.781867,1811.781867,12.45973333,125.9164887,5.476453844,235.8812116,1.601202356,4.274897092,0.715807534,1.843489512,122.7900652,2.3183043,23.67982989,24.28753304,24.41523971
2426.0556,1385.41116,2775.404409,1727.817427,1811.817427,12.45465333,121.1209441,5.383484837,235.8680743,1.594839913,4.275336292,0.719952919,1.820775808,122.7916627,2.318894637,23.68467335,24.28941118,24.40928531
2426.208,1385.47212,2775.526395,1727.852987,1811.852987,12.44957333,129.9689168,5.217442912,235.881897,1.571465831,4.275396059,0.705401113,1.933000524,122.791345,2.319347416,23.68876254,24.29128932,24.40235712
2426.3604,1385.53308,2775.648382,1727.888547,1811.888547,12.44449333,127.2028538,5.081169133,235.9145495,1.550803818,4.275810779,0.70201842,2.064977381,122.7874747,2.319572342,23.69290823,24.29316746,24.39930611
2426.5128,1385.59404,2775.770368,1727.924107,1811.924107,12.43941333,120.7085139,4.967687111,235.7368459,1.590284988,4.276543495,0.714419685,2.06104953,122.7921434,2.319664376,23.6994889,24.2950456,24.39722376
2426.6652,1385.655,2775.892354,1727.959667,1811.959667,12.43433333,106.6837709,4.882249154,235.3307083,1.69601834,4.277638641,0.745139263,2.005841912,122.8156692,2.319580585,23.70305209,24.29692374,24.42117173
2426.8176,1385.71596,2776.01434,1727.995227,1811.995227,12.42925333,102.3828469,4.799700347,234.7979631,1.818854539,4.277961228,0.755489365,1.922877895,122.8453711,2.319277797,23.70645898,24.29880188,24.42497763
2426.97,1385.77692,2776.136326,1728.030787,1812.030787,12.42417333,109.5539407,4.718766392,234.0785191,1.972334268,4.277412008,0.744182182,1.831006667,122.8777448,2.318967205,23.70972884,24.30068002,24.42429954
2427.1224,1385.83788,2776.258312,1728.066347,1812.066347,12.41909333,104.0492931,4.534942427,233.9453621,1.995505445,4.278535963,0.751131022,1.807999493,122.9035006,2.318688871,23.71283874,24.30255816,24.42313508
2427.2748,1385.89884,2776.380298,1728.101907,1812.101907,12.41401333,99.82224667,4.334923381,233.7365478,2.033164896,4.279541879,0.753110467,1.867322703,122.9301514,2.318441337,23.71521833,24.3044363,24.42513305
2427.4272,1385.9598,2776.502284,1728.137467,1812.137467,12.40893333,94.93675044,4.148848285,233.6709057,2.037639063,4.280706459,0.755339827,1.954156672,122.9715667,2.318093847,23.71631121,24.30631444,24.42465462
2427.5796,1386.02076,2776.62427,1728.173027,1812.173027,12.40385333,88.25468711,3.97844284,233.7576449,2.007933048,4.282089293,0.759491081,1.969004033,123.0121214,2.317560223,23.71720508,24.30819257,24.43245128
2427.732,1386.08172,2776.746256,1728.208587,1812.208587,12.39877333,85.91906008,3.819411899,233.7560665,1.993316885,4.283043858,0.753203177,1.898551822,123.0556668,2.316995728,23.7182366,24.31007071,24.42910124
2427.8844,1386.14268,2776.868242,1728.244147,1812.244147,12.39369333,86.71121333,3.672074178,233.7663383,1.971397025,4.283735636,0.738467775,1.83306077,123.1040435,2.316297941,23.71957954,24.31194885,24.42522994
2428.0368,1386.20364,2776.990228,1728.279707,1812.279707,12.38861333,85.40391496,3.476032823,233.8243441,1.946207259,4.284610652,0.729465558,1.824720432,123.1523972,2.315099793,23.72100232,24.31382699,24.40657816
2428.1892,1386.2646,2777.112214,1728.315267,1812.315267,12.38353333,88.39224622,3.449162815,233.6237088,1.989388439,4.285255375,0.718647709,1.845059039,123.1945739,2.313675628,23.72302394,24.31570513,24.39565453
2428.3416,1386.32556,2777.2342,1728.350827,1812.350827,12.37845333,89.56687883,3.324577657,233.6233899,1.988153099,4.286062363,0.709089798,1.846217148,123.2293858,2.312096941,23.72485536,24.31758327,24.39017001
2428.494,1386.38652,2777.356186,1728.386387,1812.386387,12.37337333,86.97883955,3.052003468,233.8840722,1.93125486,4.287185873,0.704779392,1.807935222,123.2699728,2.310629964,23.72619667,24.31946141,24.39024458
2428.6464,1386.44748,2777.478172,1728.421947,1812.421947,12.36829333,86.65967472,2.949300404,233.9589327,1.916103088,4.288026598,0.700053914,1.785554854,123.3017314,2.309287011,23.72727304,24.32133955,24.38859932
2428.7988,1386.50844,2777.600158,1728.457507,1812.457507,12.36321333,88.98668588,3.04209583,233.8360291,1.944925344,4.28855787,0.694526382,1.785602132,123.3177469,2.308185576,23.72903226,24.32321769,24.38615659
2428.9512,1386.5694,2777.722144,1728.493067,1812.493067,12.35813333,89.37541411,3.132260713,233.7945618,1.958330667,4.289205991,0.694275583,1.785787591,123.3258026,2.307181804,23.73116272,24.32509583,24.39212594
2429.1036,1386.63036,2777.84413,1728.528627,1812.528627,12.35305333,88.77909763,2.990139478,233.8374108,1.950022437,4.28973488,0.688665449,1.813747869,123.3347127,2.306032963,23.73273561,24.32697397,24.38868753
2429.256,1386.69132,2777.966116,1728.564187,1812.564187,12.34797333,89.20252304,2.796627685,233.8810771,1.941571402,4.289918486,0.680134131,1.824269338,123.3452143,2.304764495,23.73413428,24.32885211,24.38228835
2429.4084,1386.75228,2778.088102,1728.599747,1812.599747,12.34289333,90.51457926,2.691659607,233.8941948,1.942949136,4.289819592,0.674064083,1.814053986,123.3551104,2.303393325,23.7341204,24.33073025,24.38836515
2429.5608,1386.81324,2778.210088,1728.635307,1812.635307,12.33781333,92.83806444,2.737012007,233.8123119,1.968210843,4.289473294,0.671337359,1.818046605,123.3485909,2.301926596,23.73400517,24.33260839,24.39177561
2429.7132,1386.8742,2778.332074,1728.670867,1812.670867,12.33273333,96.57139152,2.943719579,233.6260476,2.019759287,4.288806241,0.671733819,1.816761638,123.3346353,2.301390186,23.73423479,24.33448653,24.40589917
2429.8656,1386.93516,2778.45406,1728.706427,1812.706427,12.32765333,98.38175426,2.911284357,233.5926594,2.018258185,4.288905629,0.664739138,1.820696823,123.3150791,2.302689726,23.734594,24.33636467,24.4009129
2430.018,1386.99612,2778.576046,1728.741987,1812.741987,12.32257333,98.58904241,2.675821444,233.679985,1.976795367,4.289564024,0.651825958,1.831760989,123.2977518,2.305359698,23.73494537,24.33824281,24.38539282
2430.1704,1387.05708,2778.698033,1728.777547,1812.777547,12.31749333,101.8521902,2.793770666,233.5184949,2.040601053,4.288334781,0.653420465,1.831247451,123.2775219,2.30803158,23.73545747,24.34012095,24.38062844
2430.3228,1387.11804,2778.820019,1728.813107,1812.813107,12.31241333,104.2973318,2.761136804,233.436894,2.069883834,4.287655953,0.648669102,1.823853103,123.2596937,2.308764185,23.73567193,24.34199909,24.3960969
2430.4752,1387.179,2778.942005,1728.848667,1812.848667,12.30733333,106.5784093,2.783018113,233.3330699,2.11225731,4.286769542,0.647333579,1.813861492,123.2331216,2.307306315,23.73596577,24.34387723,24.4124542
2430.6276,1387.23996,2779.063991,1728.884227,1812.884227,12.30225333,108.8726826,2.88039568,233.1924694,2.172841629,4.285601271,0.650065881,1.805050849,123.1941085,2.306374744,23.73614113,24.34575537,24.42019213
2430.78,1387.30092,2779.185977,1728.919787,1812.919787,12.29717333,110.2561586,2.868240795,233.1126396,2.212211121,4.284766421,0.649429754,1.803252326,123.1537819,2.307972508,23.73880855,24.34763351,24.41283447
2430.9324,1387.36188,2779.307963,1728.955347,1812.955347,12.29209333,110.8830265,2.792416143,233.0694103,2.241691316,4.284086395,0.647635073,1.805517078,123.1160671,2.311356371,23.73916403,24.34951165,24.40430976
2431.0848,1387.42284,2779.429949,1728.990907,1812.990907,12.28701333,109.8636773,2.741031968,233.1006403,2.238689437,4.283451727,0.649040643,1.799659917,123.0764846,2.314892754,23.74039058,24.35138979,24.41667699
2431.2372,1387.4838,2779.551935,1729.026467,1813.026467,12.28193333,108.3537529,2.724264196,233.1194424,2.235477315,4.282737104,0.652234789,1.795432618,123.034835,2.317222258,23.74164072,24.35326793,24.44871947
2431.3896,1387.54476,2779.673921,1729.062027,1813.062027,12.27685333,108.3695084,2.759126196,232.9796829,2.292979237,4.281666824,0.655630984,1.802935686,122.9676275,2.319449701,23.7448441,24.35514607,24.46324179
2431.542,1387.60572,2779.795907,1729.097587,1813.097587,12.27177333,110.9178212,2.88705667,232.5981278,2.440629123,4.280052824,0.65929755,1.804242677,122.904218,2.322275666,23.74858605,24.35702421,24.46298387
2431.6944,1387.66668,2779.917893,1729.133147,1813.133147,12.26669333,111.0518769,2.955702018,232.4810081,2.488020915,4.278857215,0.664341641,1.808401875,122.850701,2.324891655,23.75249229,24.35890235,24.46046662
2431.8468,1387.72764,2780.039879,1729.168707,1813.168707,12.26161333,108.3805129,2.958489548,232.6670136,2.421218402,4.278126988,0.67121638,1.806508332,122.8041161,2.327230597,23.75532685,24.36078049,24.46358926
2431.9992,1387.7886,2780.161865,1729.204267,1813.204267,12.25653333,106.1717248,3.005460382,232.8387009,2.358264715,4.277224844,0.679516546,1.792496581,122.7647865,2.329557127,23.76034068,24.36265863,24.46992235
2432.1516,1387.84956,2780.283851,1729.239827,1813.239827,12.25145333,107.2289297,3.063327722,232.5173493,2.488061363,4.276525032,0.68022202,1.797276608,122.7256057,2.331790371,23.76349816,24.36453677,24.48472037
2432.304,1387.91052,2780.405837,1729.275387,1813.275387,12.24637333,107.9796305,3.090675649,232.2645549,2.589301951,4.275954322,0.680107302,1.790699165,122.6966461,2.333949606,23.76646898,24.36641491,24.49226673
2432.4564,1387.97148,2780.527823,1729.310947,1813.310947,12.24129333,108.6461398,3.094846702,232.0647171,2.667383144,4.275470133,0.67915196,1.77110274,122.6728417,2.336033646,23.76909782,24.36829305,24.49255462
2432.6088,1388.03244,2780.649809,1729.346507,1813.346507,12.23621333,108.0077184,3.071469054,232.0455137,2.675007069,4.275209362,0.679262909,1.762479389,122.6597433,2.338067246,23.77212406,24.37017119,24.49024588
2432.7612,1388.0934,2780.771795,1729.382067,1813.382067,12.23113333,106.1442837,3.011122285,232.2035578,2.612891144,4.275194289,0.679855189,1.745446511,122.6559495,2.339914016,23.77406343,24.37204933,24.49009573
2432.9136,1388.15436,2780.893781,1729.417627,1813.417627,12.22605333,105.9072721,2.962559651,232.1875113,2.632634728,4.275266377,0.678183323,1.75147629,122.6515133,2.341540262,23.77683887,24.37392747,24.49434603
2433.066,1388.21532,2781.015767,1729.453187,1813.453187,12.22097333,106.657466,2.924537052,232.0602578,2.689758875,4.275392524,0.674625174,1.78515956,122.6621101,2.343034339,23.77884993,24.37580561,24.50505308
2433.2184,1388.27628,2781.137753,1729.488747,1813.488747,12.21589333,106.8274206,2.86428479,232.0169647,2.694136972,4.275663247,0.670194345,1.812935389,122.6754796,2.344260887,23.780305,24.37768374,24.51260907
2433.3708,1388.33724,2781.25974,1729.524307,1813.524307,12.21081333,107.9315945,2.790973706,231.8886547,2.744538739,4.276151643,0.663530019,1.821971686,122.6926879,2.345209373,23.78148872,24.37956188,24.49542324
2433.5232,1388.3982,2781.381726,1729.559867,1813.559867,12.20573333,108.6355759,2.7313532,231.789317,2.773699971,4.276478552,0.658113668,1.794751856,122.717128,2.345532305,23.78163948,24.38144002,24.49161877
2433.6756,1388.45916,2781.503711,1729.595427,1813.595427,12.20065333,108.7992812,2.684150217,231.7325081,2.774511014,4.276630013,0.654113061,1.748024265,122.7379181,2.345129171,23.78166463,24.38331816,24.49102835
2433.828,1388.52012,2781.625697,1729.630987,1813.630987,12.19557333,109.6171438,2.642484654,231.5947554,2.810073153,4.276789798,0.649145531,1.72023156,122.7542918,2.343747956,23.78167352,24.3851963,24.49698747
2433.9804,1388.58108,2781.747684,1729.666547,1813.666547,12.19049333,110.7883136,2.612853631,231.3992837,2.865625025,4.276861805,0.644004107,1.721586101,122.7810124,2.3418643,23.78152506,24.38707444,24.49525606
2434.1328,1388.64204,2781.86967,1729.702107,1813.702107,12.18541335,113.9752597,2.486210679,231.4424389,2.863216823,4.278326352,0.631333014,1.753296514,122.8195792,2.339949141,23.78173643,24.38895258,24.50212747
2434.2852,1388.703,2781.991656,1729.737667,1813.737667,12.18033339,115.8779318,2.379916256,231.4801923,2.845787625,4.279428911,0.621457587,1.822851752,122.8557647,2.337989172,23.78161255,24.39083072,24.47408519
2434.4376,1388.76396,2782.113642,1729.773227,1813.773227,12.17525345,116.7324719,2.308671671,231.4706497,2.826414471,4.280028264,0.614636994,1.884090292,122.8873288,2.33607407,23.78081317,24.39270886,24.46454517
2434.59,1388.82492,2782.235628,1729.808787,1813.808787,12.17017353,115.9718419,2.281312868,231.4131794,2.79867321,4.27995983,0.612150766,1.85718414,122.9148307,2.333017213,23.77983915,24.394587,24.46578665
2434.7424,1388.88588,2782.357614,1729.844347,1813.844347,12.16509395,116.7198108,2.211013147,231.4661699,2.765253061,4.280527652,0.606097794,1.749989239,122.9518033,2.329061786,23.77882162,24.39646514,24.47417911
2434.8948,1388.94684,2782.479601,1729.879906,1813.879906,12.16001474,119.1952982,2.092690885,231.6439967,2.724868429,4.281812382,0.59598913,1.669429924,122.9936598,2.32541485,23.7767943,24.39834328,24.47396946
2435.0472,1389.007801,2782.601587,1729.915465,1813.915465,12.15493577,120.1552826,2.024292841,231.8210361,2.668100431,4.28260295,0.590638094,1.659770826,123.0290984,2.321622864,23.7753267,24.40022142,24.4741891
2435.1996,1389.068761,2782.723574,1729.951024,1813.951024,12.14985713,118.84937,2.04217536,231.9838509,2.59057044,4.282700944,0.592818201,1.688413002,123.0451878,2.317348285,23.77552813,24.40209956,24.4362899
2435.352,1389.12972,2782.845558,1729.986587,1813.986587,12.14477376,117.5278813,2.071155968,232.1417562,2.52141441,4.282685498,0.59580629,1.756164574,123.0603335,2.312772516,23.776485,24.4039777,24.43718977
2435.5044,1389.190677,2782.967539,1730.022152,1814.022152,12.13968515,116.024253,2.115992979,232.2889432,2.460525318,4.282486296,0.600068248,1.812646803,123.0846173,2.308036786,23.7778932,24.40585584,24.45264966
2435.6568,1389.251633,2783.089517,1730.05772,1814.05772,12.13459377,115.2111604,2.144154813,232.5127114,2.394923689,4.282548797,0.603178752,1.810803938,123.0892442,2.303378222,23.77975606,24.40773398,24.45572539
2435.8092,1389.312588,2783.211493,1730.09329,1814.09329,12.12949815,114.9767868,2.162438143,232.7938655,2.329605508,4.282790417,0.605570119,1.788742681,123.0846902,2.299462072,23.78203249,24.40961212,24.45602363
2435.9616,1389.373552,2783.333485,1730.128844,1814.128844,12.12442815,114.7780269,2.182219485,232.9833145,2.270896161,4.28290012,0.607198649,1.780252357,123.082515,2.296350962,23.78379932,24.41149026,24.45435315
2436.114,1389.434524,2783.455497,1730.164378,1814.164378,12.11938666,114.0143343,2.199632325,233.3070051,2.172705383,4.28257861,0.610838967,1.781465264,123.0825241,2.293764257,23.78574453,24.4133684,24.44838641
2436.2664,1389.495502,2783.577517,1730.199904,1814.199904,12.11435834,113.3797519,2.21343004,233.6727089,2.066397243,4.282153316,0.614634132,1.785219338,123.0755425,2.290953392,23.78790784,24.41524654,24.45443676
2436.4188,1389.556486,2783.699552,1730.235415,1814.235415,12.10935157,113.0481038,2.224785553,233.9657869,1.969460315,4.281683032,0.617305267,1.804684651,123.0621385,2.28974988,23.79021988,24.41712468,24.46623888
2436.5712,1389.617435,2783.821516,1730.270998,1814.270998,12.10423754,112.6586204,2.237457986,234.2591961,1.878098676,4.281319939,0.619740771,1.801248298,123.0395114,2.288559203,23.7925107,24.41900282,24.47408802
2436.7236,1389.678343,2783.943399,1730.30666,1814.30666,12.09900358,112.2018757,2.251975396,234.5553262,1.793314973,4.281077747,0.621969676,1.77631181,123.0144296,2.287249557,23.79519172,24.42088096,24.47706551
2436.876,1389.739235,2784.065248,1730.342357,1814.342357,12.09371787,111.8214142,2.267020524,234.7848314,1.719277222,4.280843125,0.623303018,1.747573757,123.0021102,2.285600628,23.7979643,24.4227591,24.48666333
2437.0284,1389.800097,2784.187039,1730.378113,1814.378113,12.08834443,111.007582,2.340668224,234.9606776,1.666975652,4.280311556,0.628016074,1.701249888,122.9876478,2.28732129,23.80082224,24.42463724,24.49056669
2437.1808,1389.860923,2784.308758,1730.413941,1814.413941,12.08286252,109.4939599,2.595930885,235.0645065,1.67742278,4.27899073,0.643669682,1.690169577,122.9838455,2.291320583,23.80466087,24.42651538,24.49480894
2437.3332,1389.921712,2784.430402,1730.449844,1814.449844,12.07726805,109.1928673,2.778171436,235.0824653,1.70440985,4.278425564,0.65168291,1.731343432,122.9911176,2.295725344,23.80865994,24.42839352,24.50578356
2437.4856,1389.982455,2784.551954,1730.485838,1814.485838,12.0715369,109.4865124,2.920628106,235.0286282,1.746819699,4.278337976,0.65507664,1.768275969,123.0157036,2.300052023,23.81293314,24.43027166,24.50905962
2437.638,1390.043148,2784.673408,1730.521931,1814.521931,12.06565677,110.6821084,3.003852777,234.8919858,1.806636736,4.278917325,0.652014782,1.75294493,123.038511,2.303492466,23.81721235,24.4321498,24.50308596
2437.7904,1390.103933,2784.795045,1730.557841,1814.557841,12.06005214,108.5623467,3.26974916,234.8451017,1.859225753,4.278299004,0.666623166,1.704950852,123.0376931,2.304939248,23.82166254,24.43402794,24.50802922
2437.9428,1390.16482,2784.916885,1730.593547,1814.593547,12.05475273,102.6995998,3.741150704,234.9027728,1.902945301,4.276323634,0.701152639,1.65179586,123.03777,2.305600919,23.82598329,24.43590608,24.52282303
2438.0952,1390.225736,2785.038784,1730.629195,1814.629195,12.04954198,100.8692144,4.000644234,234.7807781,1.972573662,4.275954222,0.715390036,1.602907364,123.037126,2.308952664,23.83051763,24.43778422,24.53876651
2438.2476,1390.28672,2785.160818,1730.664707,1814.664707,12.04453313,99.68546593,4.228701024,234.601838,2.053461751,4.275934123,0.72679114,1.587079388,123.06198,2.316973022,23.83522596,24.43966236,24.53276531
2438.4,1390.347778,2785.283,1730.70007,1814.70007,12.03974818,98.36369156,4.453614421,234.3772529,2.14277739,4.275986327,0.737920606,1.670849244,123.0914679,2.32743189,23.84018903,24.4415405,24.53465881
2438.5524,1390.408914,2785.405336,1730.735279,1814.735279,12.03519456,97.10366943,4.662590129,234.0973985,2.241744907,4.276206792,0.747574524,1.723387835,123.1180014,2.336578214,23.84513075,24.44341864,24.54449657
2438.7048,1390.470158,2785.527889,1730.770272,1814.770272,12.03096627,93.61069597,4.984156113,233.8533237,2.340268283,4.275742947,0.768312026,1.651354642,123.1365282,2.343114576,23.84966188,24.44529678,24.53053908
2438.8572,1390.531518,2785.650675,1730.80503,1814.80503,12.0270886,88.41923979,5.387071368,233.6221168,2.440437173,4.274782313,0.797187439,1.640954746,123.1480441,2.348290699,23.85507116,24.44717491,24.52964548
2439.0096,1390.593081,2785.773864,1730.839385,1814.839385,12.02381692,88.10526493,5.409326552,233.6870567,2.414160047,4.27452398,0.801674399,1.616396453,123.1389842,2.353816927,23.86037563,24.44905305,24.54037224
2439.162,1390.654868,2785.897501,1730.87329,1814.87329,12.02121867,82.43850678,5.814313546,233.1638695,2.596630849,4.273773484,0.829662551,1.574284976,123.1585729,2.360514639,23.86525551,24.45093119,24.54089326
2439.3144,1390.716855,2786.021536,1730.906797,1814.906797,12.01921793,79.73490257,5.968134341,232.8732031,2.682799151,4.273327209,0.84280562,1.61391982,123.1821785,2.368132187,23.86971217,24.45280933,24.55735159
2439.4668,1390.779075,2786.146037,1730.939837,1814.939837,12.01791819,82.0036423,5.726000174,232.9214235,2.627259297,4.273506822,0.831279974,1.610638564,123.2181452,2.375153768,23.87377821,24.45468747,24.5378867
2439.6192,1390.841029,2786.270007,1730.973409,1814.973409,12.01581981,81.33065551,5.802370069,232.6143296,2.716852985,4.273457499,0.835563459,1.598985492,123.2548637,2.380671842,23.87790843,24.45656561,24.52129084
2439.7716,1390.902679,2786.39337,1731.00759,1815.00759,12.01280926,77.19428296,6.24913586,231.8931058,2.974886307,4.273137681,0.858359266,1.584731714,123.2874748,2.384457791,23.88149964,24.45844375,24.51944834
2439.924,1390.964298,2786.516672,1731.041831,1815.041831,12.0097074,75.22750069,6.591883995,231.1873623,3.222512574,4.273245836,0.87130217,1.507505038,123.3227762,2.388059533,23.88470229,24.46032189,24.52914364
2440.0764,1391.027028,2786.642192,1731.07385,1815.07385,12.00993774,74.3778227,6.54689168,231.0817811,3.223633027,4.273299374,0.872924294,1.450324796,123.3430569,2.392625376,23.8863601,24.46220003,24.54065037
2440.2288,1391.09067,2786.76953,1731.104047,1815.104047,12.01290279,74.65634798,6.20760191,231.4813808,3.028643107,4.273150224,0.865624408,1.524453315,123.3697014,2.397145397,23.88766476,24.46407817,24.52963668
2440.3812,1391.153936,2786.896119,1731.134994,1815.134994,12.0147422,75.77819554,6.008212377,231.6324268,2.943044343,4.27318021,0.858186112,1.561903494,123.3922166,2.400287789,23.88840747,24.46595631,24.50286977
2440.5336,1391.216798,2787.021902,1731.16675,1815.16675,12.01536785,76.32375136,6.048413345,231.4223246,3.00687986,4.273347795,0.856907473,1.48004559,123.4346438,2.401485075,23.88882165,24.46783445,24.49799377
2440.686,1391.279181,2787.146727,1731.199465,1815.199465,12.0145559,76.35452606,6.35962567,230.8092678,3.24002624,4.273642929,0.862300415,1.491336788,123.4763574,2.401327158,23.88846812,24.46971259,24.51139225
2440.8384,1391.342069,2787.272562,1731.231169,1815.231169,12.01525988,73.08404964,6.519278381,230.6826346,3.273561685,4.273512908,0.876561222,1.489768202,123.5020256,2.400405909,23.88774623,24.47159073,24.52575391
2440.9908,1391.405511,2787.399504,1731.261763,1815.261763,12.01762863,65.88530607,6.528779653,231.0788054,3.091984592,4.272887029,0.90187664,1.431288901,123.5158498,2.398767319,23.88721046,24.47346887,24.54299772
2441.1432,1391.468956,2787.52645,1731.292354,1815.292354,12.02000279,69.20037108,6.344986625,230.9469804,3.143893054,4.273023279,0.885300355,1.400995057,123.5198632,2.396697068,23.88671661,24.47534701,24.548979
2441.2956,1391.532647,2787.653886,1731.322452,1815.322452,12.02311531,69.69468912,6.144555961,231.0424644,3.106050972,4.272814015,0.87830354,1.351394609,123.5258951,2.393798873,23.88641155,24.47722515,24.58042834
2441.448,1391.596235,2787.781119,1731.352755,1815.352755,12.0259203,71.63309607,5.925623134,231.0671377,3.098053624,4.27281024,0.865694261,1.392028843,123.5381983,2.390028893,23.88605176,24.47910329,24.59154167
2441.6004,1391.659672,2787.908047,1731.383363,1815.383363,12.02826915,75.29466592,5.702361844,230.9790851,3.137536487,4.273047044,0.84674818,1.538969391,123.5687341,2.385885474,23.88501854,24.48098143,24.55982213
2441.7528,1391.723329,2788.035417,1731.413528,1815.413528,12.03128119,77.20360692,5.414516773,231.1245719,3.08275278,4.273066047,0.832727175,1.597966586,123.5864716,2.381030067,23.88427767,24.48285957,24.54944088
2441.9052,1391.787131,2788.163076,1731.443404,1815.443404,12.03472697,78.54991917,5.054078706,231.4313984,2.963043048,4.273005042,0.81924379,1.482757717,123.5936469,2.375600427,23.8828539,24.48473771,24.54942734
2442.0576,1391.850838,2788.290545,1731.47347,1815.47347,12.03788786,80.28428477,4.74208779,231.6614574,2.877706047,4.273077344,0.804852929,1.303372254,123.586704,2.369847849,23.88146438,24.48661585,24.59209926
2442.21,1391.914484,2788.417892,1731.503658,1815.503658,12.04086641,80.29713915,4.595255721,231.9381565,2.790573189,4.273506598,0.799350627,1.189759099,123.6108459,2.363462343,23.88059699,24.48849399,24.61883927
2442.3624,1391.978137,2788.545254,1731.533831,1815.533831,12.0438663,83.239512,4.270554381,232.1276208,2.724479726,4.273749382,0.779628314,1.169721923,123.6320382,2.357910776,23.88010648,24.49037213,24.62603888
2442.5148,1392.041753,2788.672542,1731.564079,1815.564079,12.04675471,90.40779062,3.722336369,232.133401,2.7117038,4.273722505,0.740053485,1.217841395,123.6677277,2.352402557,23.87940056,24.49225027,24.62335486
2442.6672,1392.105345,2788.79978,1731.594377,1815.594377,12.04956808,94.24847589,3.449441379,232.3074676,2.653141263,4.274271856,0.71896439,1.259884804,123.6969418,2.345096838,23.8796563,24.49412841,24.60490438
2442.8196,1392.168907,2788.926961,1731.624731,1815.624731,12.05229631,94.4006113,3.485860169,232.6738421,2.542522632,4.275494008,0.718479011,1.272568874,123.7185893,2.336330747,23.88037378,24.49600655,24.57841238
2442.972,1392.232401,2789.054004,1731.655223,1815.655223,12.05481866,95.74052078,3.545472543,232.9813877,2.454509404,4.276915107,0.714737116,1.246679126,123.7287645,2.328183576,23.881334,24.49788469,24.5609922
2443.1244,1392.295822,2789.180902,1731.685862,1815.685862,12.05712106,96.90144522,3.258555971,232.939129,2.480450855,4.276784699,0.7002005,1.167368531,123.7262196,2.322986909,23.8824799,24.49976283,24.57385607
2443.2768,1392.359296,2789.307905,1731.716395,1815.716395,12.05958127,97.48042115,2.957417816,232.9549647,2.481763629,4.276542388,0.687632928,1.112253325,123.7076971,2.320423625,23.88369016,24.50164097,24.60784404
2443.4292,1392.42282,2789.435011,1731.746825,1815.746825,12.06219578,97.7239302,2.742744826,233.10261,2.435672879,4.276633857,0.679466544,1.095363305,123.6961795,2.318746716,23.88510019,24.50351911,24.63231161
2443.5816,1392.486326,2789.562078,1731.777293,1815.777293,12.06475315,96.28117276,2.751423611,233.3895605,2.349783398,4.277332243,0.683416926,1.079750074,123.7147958,2.316168755,23.88612123,24.50539725,24.63142784
2443.734,1392.54984,2789.689162,1731.807746,1815.807746,12.06733502,93.09707983,2.982013036,233.847827,2.211249383,4.278646518,0.699865043,1.083661656,123.7157055,2.312226633,23.88728997,24.50727539,24.6062918
2443.8864,1392.613343,2789.816224,1731.838219,1815.838219,12.06988431,90.37499007,2.93455986,233.8800966,2.203515278,4.278743994,0.705736902,1.093545394,123.6640752,2.307426574,23.88904767,24.50915353,24.58441012
2444.0388,1392.676829,2789.943252,1731.868727,1815.868727,12.07238219,88.52465121,2.71108974,233.6387748,2.258726145,4.278138519,0.703306775,1.087944534,123.5979136,2.305839753,23.89085795,24.51103167,24.58253867
2444.1912,1392.740328,2790.070305,1731.89921,1815.89921,12.07491808,87.4410985,2.785143659,233.8126744,2.120628707,4.27893164,0.709113259,1.088042221,123.5284772,2.305606033,23.89274708,24.51290981,24.58734055
2444.3436,1392.803835,2790.197374,1731.929677,1815.929677,12.07747817,85.82616239,2.692947021,233.6762624,2.076971321,4.278823798,0.711089933,1.107657483,123.4829823,2.306905308,23.8947626,24.51478794,24.62770062
2444.496,1392.867335,2790.324431,1731.960156,1815.960156,12.08001902,85.01885093,2.665737308,233.6845432,2.00478743,4.279092496,0.712815362,1.109239195,123.4882398,2.30875353,23.89632918,24.51666608,24.6244563
2444.6484,1392.930833,2790.451482,1731.990641,1815.990641,12.0825525,85.03187199,2.726461153,233.8809704,1.892048917,4.279843426,0.715043962,1.096910849,123.4517489,2.312389646,23.89815647,24.51854422,24.60417875
2444.8008,1392.994333,2790.578538,1732.021121,1816.021121,12.08509224,85.48644108,2.659123792,233.9096933,1.840375043,4.280037025,0.711798798,1.094218598,123.4007581,2.31438281,23.90031615,24.52042236,24.59681585
2444.9532,1393.057833,2790.705595,1732.0516,1816.0516,12.08763357,86.74486975,2.513839497,233.879356,1.821081066,4.279963041,0.703658034,1.084885026,123.3306397,2.316375537,23.9026477,24.5223005,24.57359776
2445.1056,1393.121333,2790.832651,1732.08208,1816.08208,12.09017345,84.32022244,2.561387057,233.6434297,1.953556316,4.279365449,0.713436011,1.107250931,123.2406958,2.319978499,23.90500621,24.52417864,24.57995953
2445.258,1393.184833,2790.959707,1732.11256,1816.11256,12.09271329,82.31038893,2.659298988,233.5689116,2.078473735,4.278862533,0.72356578,1.154824303,123.1351677,2.324075648,23.90726148,24.52605678,24.60720284
2445.4104,1393.248333,2791.086762,1732.14304,1816.14304,12.09525333,83.01116084,2.717226925,233.7909707,2.126072491,4.278749969,0.724027746,1.195697221,123.0478125,2.328760812,23.90954294,24.52793492,24.6133847
2445.5628,1393.311833,2791.213818,1732.17352,1816.17352,12.09779333,87.19577856,2.740353958,234.4444501,2.053399538,4.279256494,0.712527755,1.249729911,122.9849999,2.334491892,23.91184104,24.52981306,24.60983913
2445.7152,1393.375333,2791.340874,1732.204,1816.204,12.10033333,86.12148881,2.894315323,234.7866928,2.099625616,4.279348559,0.721597076,1.236972992,122.9232827,2.340382682,23.91443908,24.5316912,24.59962008
2445.8676,1393.438833,2791.46793,1732.23448,1816.23448,12.10287333,79.14843854,3.198885132,234.7779309,2.27962567,4.278987408,0.753884974,1.157901881,122.8648098,2.346304238,23.91703207,24.53356934,24.57548218
2446.02,1393.502333,2791.594986,1732.26496,1816.26496,12.10541333,73.2489463,3.518364426,234.9012286,2.425070161,4.27890082,0.783329335,1.088849742,122.7815055,2.35206175,23.91961149,24.53544748,24.58729182
2446.1724,1393.565833,2791.722041,1732.29544,1816.29544,12.10795333,77.6117421,3.565777331,234.9813402,2.514052179,4.278972314,0.772325014,1.047820232,122.6917552,2.357133859,23.92193598,24.53732562,24.60700049
2446.3248,1393.629333,2791.849097,1732.32592,1816.32592,12.11049333,80.65906197,3.62007059,235.0824582,2.624749986,4.278944905,0.765494221,1.21156761,122.5960118,2.361590226,23.92433321,24.53920376,24.64138963
2446.4772,1393.692833,2791.976154,1732.3564,1816.3564,12.11303333,82.64638413,3.677374925,235.2450255,2.745913767,4.278872146,0.761897745,1.538316381,122.5021867,2.365920406,23.92694576,24.5410819,24.6670222
2446.6296,1393.756333,2792.10321,1732.38688,1816.38688,12.11557333,80.65092087,3.843291215,235.2996263,2.931897718,4.278643442,0.774091436,1.650273713,122.4107713,2.370124832,23.92875415,24.54296004,24.68644946
2446.782,1393.819833,2792.230265,1732.41736,1816.41736,12.11811333,74.95382083,4.095594772,235.261848,3.180132882,4.278232447,0.800445646,1.498338698,122.3388002,2.374215204,23.93055999,24.54483818,24.68142266
2446.9344,1393.883333,2792.357321,1732.44784,1816.44784,12.12065333,76.30496635,4.096685891,234.7909675,3.248283701,4.278216037,0.797026271,1.34865026,122.2512134,2.378041072,23.93455764,24.54671632,24.68871851
2447.0868,1393.946833,2792.484377,1732.47832,1816.47832,12.12319333,77.85386906,4.089007381,234.6831031,3.317291914,4.278262778,0.792416934,1.304022406,122.1551966,2.380577283,23.93770472,24.54859446,24.71135606
2447.2392,1394.010333,2792.611433,1732.5088,1816.5088,12.12573333,76.31897896,4.155518234,234.887052,3.455983055,4.278152283,0.799419448,1.36820668,122.0514025,2.382232766,23.94023099,24.5504726,24.71070473
2447.3916,1394.073833,2792.738488,1732.53928,1816.53928,12.12827333,79.99436359,4.008463866,234.6274328,3.455912532,4.278285269,0.783496072,1.492401942,121.9678925,2.383273837,23.94152225,24.55235074,24.75746214
2447.544,1394.137333,2792.865544,1732.56976,1816.56976,12.13081333,80.85804064,3.987712292,234.7307213,3.580718822,4.278242329,0.780167074,1.574688044,121.8993965,2.383953527,23.9420996,24.55422888,24.75009239
2447.6964,1394.200833,2792.992601,1732.60024,1816.60024,12.13335333,78.26313013,4.116690504,235.2557354,3.853668763,4.277974229,0.792158534,1.62440254,121.8441371,2.3848608,23.9416311,24.55610702,24.70011225
2447.8488,1394.264333,2793.119657,1732.63072,1816.63072,12.13589333,78.49215935,4.150064648,235.6892124,3.756461443,4.277794798,0.792294621,1.653620129,121.8041394,2.384545113,23.94211402,24.55798516,24.67331102
2448.0012,1394.327833,2793.246712,1732.6612,1816.6612,12.13843333,79.75165191,4.163572408,236.2191966,3.692348272,4.277612477,0.788493713,1.567724563,121.7654175,2.382962543,23.94190086,24.5598633,24.64872448
2448.1536,1394.391333,2793.373768,1732.69168,1816.69168,12.14097333,84.75011133,3.897464545,235.0067788,3.685570877,4.278712131,0.763604139,1.50182788,121.7163964,2.382833672,23.94112642,24.56174144,24.67813093
2448.306,1394.454833,2793.500824,1732.72216,1816.72216,12.14351333,87.03149724,3.802376487,234.5057257,3.726445241,4.279084418,0.752528563,1.553181834,121.6734815,2.384174912,23.94045837,24.56361958,24.75624558
2448.4584,1394.518333,2793.62788,1732.75264,1816.75264,12.14605333,87.10526701,3.849772795,234.6289975,3.85759518,4.278952914,0.752713727,1.697101751,121.6666962,2.385214174,23.93719172,24.56549772,24.74470316
2448.6108,1394.581833,2793.754936,1732.78312,1816.78312,12.14859333,83.98070287,4.092085152,235.554401,3.864205838,4.278124026,0.768907812,1.828083676,121.6802781,2.384582183,23.93416409,24.56737586,24.7123082
2448.7632,1394.645333,2793.881991,1732.8136,1816.8136,12.15113333,82.81687227,4.187845155,235.555485,3.811120161,4.278117599,0.774585858,1.731732136,121.7087533,2.381849938,23.93095535,24.569254,24.66265615
2448.9156,1394.708833,2794.009048,1732.84408,1816.84408,12.15367333,83.73531798,4.123661194,234.5331072,3.698486142,4.279040413,0.768966007,1.554599751,121.7507024,2.37918484,23.92769599,24.57113214,24.62228311
2449.068,1394.772333,2794.136104,1732.87456,1816.87456,12.15621333,82.90955198,4.114355045,234.3071764,3.63359409,4.27937259,0.769803055,1.536695462,121.7903024,2.37788647,23.92495,24.57301028,24.62787997
2449.2204,1394.835833,2794.263159,1732.90504,1816.90504,12.15875333,81.36138402,4.080950536,234.6447852,3.586060583,4.279351748,0.771316335,1.678096883,121.8280889,2.377488507,23.92252624,24.57488842,24.66289488
2449.3728,1394.899333,2794.390215,1732.93552,1816.93552,12.16129333,80.07981382,4.055110143,234.9902613,3.509139958,4.2793096,0.772367932,1.845409648,121.8549502,2.377180584,23.92106414,24.57676656,24.68827276
2449.5252,1394.962833,2794.517271,1732.966,1816.966,12.16383333,78.79930888,4.054742288,235.4228535,3.405287251,4.279171843,0.774353957,1.961613796,121.8964401,2.37819164,23.91970718,24.5786447,24.70165276
2449.6776,1395.026333,2794.644327,1732.99648,1816.99648,12.16637333,78.11424283,4.002663265,235.3613995,3.257847225,4.279470164,0.77308837,1.889615146,121.9488639,2.378174679,23.91799874,24.58052284,24.70808139
2449.83,1395.089833,2794.771383,1733.02696,1817.02696,12.16891333,78.12136611,3.906398071,234.899843,3.058408023,4.280114507,0.768511757,1.582086734,122.0223353,2.377760699,23.91683515,24.58240098,24.70036686
2449.9824,1395.153333,2794.898438,1733.05744,1817.05744,12.17145333,78.1079511,3.696251399,235.1551809,2.840557296,4.281580118,0.760345339,1.526457159,122.1023501,2.376814743,23.9161625,24.58427911,24.69000598
2450.1348,1395.216833,2795.025495,1733.08792,1817.08792,12.17399333,76.36370289,3.75289675,235.1928592,2.767296329,4.283875597,0.766422385,1.827079843,122.1763955,2.37474444,23.915629,24.58615725,24.67859352
2450.2872,1395.280333,2795.152551,1733.1184,1817.1184,12.17653333,74.97153389,3.758398968,235.3515126,2.664604245,4.286854108,0.769953408,2.272703112,122.2190029,2.373767954,23.91561729,24.58803539,24.69033318
2450.4396,1395.343833,2795.279607,1733.14888,1817.14888,12.17907333,74.10388362,3.63067143,236.0278134,2.513307225,4.290717137,0.767679305,2.851873824,122.2493277,2.37485063,23.91610556,24.58991353,24.70473686
2450.592,1395.407333,2795.406662,1733.17936,1817.17936,12.18161333,72.92158725,3.650908585,236.2505569,2.435798045,4.293119986,0.771232964,2.26587452,122.2646835,2.378532107,23.91688088,24.59179167,24.6958866
2450.7444,1395.470833,2795.533718,1733.20984,1817.20984,12.18415333,71.43936223,3.839710565,235.9409134,2.438417832,4.293858661,0.781240162,0.426374966,122.2876029,2.382775132,23.91751034,24.59366981,24.66989438
2450.8968,1395.534333,2795.660774,1733.24032,1817.24032,12.18669333,70.06364048,4.03254893,235.798671,2.462324761,4.294228453,0.791120817,-1.933299722,122.3018097,2.384680783,23.91838199,24.59554795,24.65299852
2451.0492,1395.597833,2795.78783,1733.2708,1817.2708,12.18923333,67.40542786,4.105031518,236.1320289,2.439252333,4.294088565,0.80161973,-5.124241794,122.2755299,2.385717822,23.91760544,24.59742609,24.65483116
2451.2016,1395.661333,2795.914886,1733.30128,1817.30128,12.19177333,63.35454376,3.909156298,236.9181456,2.299631393,4.293350445,0.808976127,-8.007969029,122.2645298,2.385603138,23.91760402,24.59930423,24.67997166
2451.354,1395.724833,2796.041942,1733.33176,1817.33176,12.19431333,60.56061065,3.860777623,237.0182697,2.260112448,4.290910739,0.817429236,-10.50710748,122.2105439,2.38671826,23.91847769,24.60118237,24.73495457
2451.5064,1395.788333,2796.168998,1733.36224,1817.36224,12.19685333,58.30416097,3.991417245,236.5385827,2.331215939,4.286485499,0.830136726,-13.70599419,122.1454128,2.389107341,23.92023788,24.60306051,24.74620729
2451.6588,1395.851833,2796.296054,1733.39272,1817.39272,12.19939333,56.91645561,4.328481952,235.3041012,2.530430014,4.279799236,0.84699671,-17.62363052,122.0873694,2.395215193,23.92240529,24.60493865,24.73098984
2451.8112,1395.915333,2796.423109,1733.4232,1817.4232,12.20193333,53.78796247,4.347611206,235.1504486,2.515960327,4.273587059,0.857598695,-16.53640958,122.0131125,2.401631808,23.92530511,24.60681679,24.69933462
2451.9636,1395.978833,2796.550165,1733.45368,1817.45368,12.20447333,48.64307849,4.019452564,236.1964152,2.26583939,4.267890378,0.861685602,-9.645958369,121.9444769,2.406764066,23.92888692,24.60869493,24.67066001
2452.116,1396.042333,2796.677221,1733.48416,1817.48416,12.20701333,47.15555119,4.089336905,235.6587671,2.338125726,4.260947506,0.869614139,0.737764648,121.8760746,2.410344615,23.93329999,24.61057307,24.67444697
2452.2684,1396.105833,2796.804277,1733.51464,1817.51464,12.20955333,45.75771834,4.105135496,235.1991481,2.386084787,4.253447439,0.875257131,16.20718054,121.7643479,2.412998007,23.93829632,24.61245121,24.7272897
2452.4208,1396.169333,2796.931333,1733.54512,1817.54512,12.21209333,44.78248081,4.155752183,234.6664522,2.457242181,4.24575276,0.880862343,27.27021146,121.6585518,2.416903134,23.94389947,24.61432935,24.76436357
2452.5732,1396.232833,2797.058389,1733.5756,1817.5756,12.21463333,44.40305385,4.266684222,233.9682296,2.568094236,4.237784506,0.886808375,33.19543887,121.5400114,2.422031735,23.94989757,24.61620749,24.77407207
2452.7256,1396.296333,2797.185445,1733.60608,1817.60608,12.21717333,43.19820514,4.209869657,233.8392117,2.561446459,4.229861689,0.889050335,39.91643804,121.4206562,2.426946171,23.95635945,24.61808563,24.77593925
2452.878,1396.359833,2797.312501,1733.63656,1817.63656,12.21971333,41.5466973,4.036057665,234.1281076,2.472877831,4.222091715,0.888361599,44.8777376,121.313619,2.430521407,23.96338315,24.61996377,24.76687466
2453.0304,1396.423333,2797.439556,1733.66704,1817.66704,12.22225333,40.98500477,4.042071756,234.1357181,2.464758759,4.219782181,0.891793269,51.79156264,121.1906941,2.432922642,23.97084332,24.62184191,24.75898132
2453.1828,1396.486833,2797.566612,1733.69752,1817.69752,12.22479333,39.47914148,3.959143498,234.0827418,2.39881282,4.207347948,0.895235947,61.44379052,121.0471535,2.434040518,23.97864106,24.62372005,24.76454131
2453.3352,1396.550333,2797.693668,1733.728,1817.728,12.22733333,39.0332561,4.0025152,233.9937935,2.381441209,4.202294267,0.900844702,70.29170527,120.8776066,2.434423814,23.9874078,24.62559819,24.77050646
2453.4876,1396.613833,2797.820724,1733.75848,1817.75848,12.22987333,40.24175341,4.271375571,233.6975907,2.463846972,4.207901569,0.910779005,79.41207895,120.6910655,2.439591941,23.99653287,24.62747633,24.77762474
2453.64,1396.677333,2797.94778,1733.78896,1817.78896,12.23241333,39.82030413,4.391086773,233.3418523,2.501253611,4.203253371,0.919672901,78.02823532,120.4972913,2.445306805,24.00597646,24.62935447,24.78135232
2453.7924,1396.740833,2798.074836,1733.81944,1817.81944,12.23495333,37.55410458,4.337611793,232.9212299,2.486687863,4.186738426,0.927209956,65.6665024,120.2913511,2.448401995,24.01570831,24.63123261,24.80463028
2453.9448,1396.804333,2798.201892,1733.84992,1817.84992,12.23749333,35.55698533,4.379106044,232.2161148,2.535278696,4.171416473,0.93789442,58.89651514,120.0877578,2.448731632,24.0257431,24.63311075,24.8200462
2454.0972,1396.867833,2798.328948,1733.8804,1817.8804,12.24003333,37.29641152,4.526050633,232.4008429,2.530005675,4.175125327,0.93845237,72.49644265,119.9002442,2.447750965,24.03602208,24.63498889,24.84627978
2454.2496,1396.931333,2798.456004,1733.91088,1817.91088,12.24257333,39.98198996,4.675062074,233.0988327,2.474569378,4.187536886,0.935464012,81.87645119,119.7210455,2.446267521,24.04929371,24.63686703,24.86183064
2454.402,1396.994833,2798.583059,1733.94136,1817.94136,12.24511333,41.22050588,4.789338452,233.6034278,2.429335208,4.196051219,0.936575203,87.29768897,119.5412843,2.444798695,24.06228677,24.63874517,24.84981535
2454.5544,1397.058333,2798.710115,1733.97184,1817.97184,12.24765333,40.79937544,4.831857066,233.8322875,2.39024839,4.196318163,0.940456054,82.51792977,119.3500528,2.443035957,24.07255117,24.64062331,24.90616917
2454.7068,1397.121833,2798.837171,1734.00232,1818.00232,12.25019333,38.41133964,4.788078552,233.7878314,2.352403238,4.187859759,0.947716801,68.6116358,119.174036,2.439752624,24.08032448,24.64250145,24.88782181
2454.8592,1397.185333,2798.964227,1734.0328,1818.0328,12.25273333,39.30663074,4.708658819,234.3190041,2.279194223,4.186470144,0.939649605,103.0464343,119.0185257,2.435825803,24.08804801,24.64437959,24.92506382
2455.0116,1397.248833,2799.091283,1734.06328,1818.06328,12.25527333,43.26780622,4.604172406,235.4198169,2.170008873,4.192456724,0.91775984,7.748719995,118.8847252,2.430794869,24.09526392,24.64625773,24.97497222
2455.164,1397.312333,2799.218339,1734.09376,1818.09376,12.25781333,41.62651283,4.691005605,235.9011999,2.11114013,4.199061656,0.929553983,44.23998218,118.7494228,2.425620994,24.10212227,24.64813587,24.98781689
2455.3164,1397.375833,2799.345395,1734.12424,1818.12424,12.26035333,42.09058219,4.689585263,236.8400726,2.009493626,4.208087366,0.928145816,30.92210763,118.6211996,2.421073821,24.10844656,24.65001401,24.99818957
2455.4688,1397.439333,2799.472451,1734.15472,1818.15472,12.26289333,41.6607528,4.725639613,237.534228,1.930827262,4.216245822,0.932283482,84.11488247,118.5007221,2.415390972,24.1143683,24.65189215,24.98170415
2455.6212,1397.502833,2799.599506,1734.1852,1818.1852,12.26543333,40.01469893,4.800890518,237.9305105,1.877675637,4.222909017,0.943393985,82.24785937,118.4046847,2.408708452,24.11909701,24.65377028,24.96104559
2455.7736,1397.566333,2799.726562,1734.21568,1818.21568,12.26797333,39.74646434,4.850625264,238.5755591,1.804671197,4.232600332,0.947575015,81.72458551,118.3245573,2.401629267,24.12293195,24.65564842,24.97408252
2455.926,1397.629833,2799.853618,1734.24616,1818.24616,12.27051333,40.15903482,4.904554518,239.3088669,1.726440333,4.244671237,0.949226612,57.6696889,118.2847993,2.392090121,24.12610316,24.65752656,25.00158013
2456.0784,1397.693333,2799.980674,1734.27664,1818.27664,12.27305333,40.41834822,4.798491111,240.0072708,1.633625808,4.252570524,0.941741458,49.87105239,118.2524063,2.380693821,24.12947978,24.6594047,25.04932066
2456.2308,1397.756833,2800.10773,1734.30712,1818.30712,12.27559333,40.2394322,4.564271353,240.6552176,1.518816941,4.257018709,0.92836151,65.1626241,118.2087984,2.368961591,24.13485688,24.66128284,25.04531081
2456.3832,1397.820333,2800.234786,1734.3376,1818.3376,12.27813333,37.9786246,4.45316965,241.007312,1.390667435,4.262425101,0.931233183,64.18698226,118.1711511,2.357974382,24.13932245,24.66316098,25.03250189
2456.5356,1397.883833,2800.361842,1734.36808,1818.36808,12.28067333,32.5472194,4.51201394,240.9280488,1.241819692,4.2682846,0.957835385,56.79063121,118.1159507,2.34874204,24.14322019,24.66503912,25.0276941
2456.688,1397.947333,2800.488898,1734.39856,1818.39856,12.28321333,30.92584258,4.418387564,241.1042449,1.151494075,4.273259191,0.958613671,55.72122598,118.0843174,2.339081657,24.14591328,24.66691726,25.027795
2456.8404,1398.010833,2800.615953,1734.42904,1818.42904,12.28575333,33.60389524,4.153910028,241.5645898,1.129387048,4.277313041,0.930267968,57.28676961,118.0781603,2.327998409,24.1483129,24.6687954,25.02756199
2456.9928,1398.074333,2800.743009,1734.45952,1818.45952,12.28829333,36.25637721,3.919050293,241.852269,1.131863334,4.280778467,0.903482048,62.81378467,118.0958436,2.316083946,24.15041556,24.67067354,25.04191923
2457.1452,1398.137833,2800.870065,1734.49,1818.49,12.29083333,34.32517993,3.926000234,241.1068051,1.114054815,4.276881575,0.916639239,74.56560134,118.1313875,2.30402501,24.1517842,24.67255168,25.01714514
2457.2976,1398.201333,2800.997121,1734.52048,1818.52048,12.29337333,33.83061624,3.931635097,240.3691927,1.11802652,4.273685471,0.923653078,65.92249623,118.1942334,2.290763038,24.15264359,24.67442982,25.00041056
2457.45,1398.264833,2801.124177,1734.55096,1818.55096,12.29591333,34.89111657,3.935767344,239.6595546,1.146116813,4.271583917,0.923676391,45.15136442,118.2820853,2.278190707,24.15391433,24.67630796,24.99882331
2457.6024,1398.328333,2801.251233,1734.58144,1818.58144,12.29845333,38.96426048,3.858574699,239.0618346,1.230627076,4.269247169,0.905416512,133.2168594,118.395204,2.265556381,24.1540159,24.6781861,24.97999203
2457.7548,1398.391833,2801.378289,1734.61192,1818.61192,12.30099333,46.17834485,3.705578436,238.5956311,1.36907022,4.267123507,0.868678298,204.3968413,118.4950553,2.253350854,24.15377923,24.68006424,24.97470578
2457.9072,1398.455333,2801.505344,1734.6424,1818.6424,12.30353333,50.33350597,3.728937596,238.4385076,1.471099057,4.264765687,0.858636261,313.3754436,118.6107571,2.242276071,24.15318481,24.68194238,24.99845782
2458.0596,1398.518833,2801.632401,1734.67288,1818.67288,12.30607333,53.48810252,3.81680108,238.403692,1.539665385,4.260881177,0.858736152,-77.90875463,118.7410905,2.231081742,24.15221883,24.68382052,25.04133254
2458.212,1398.582333,2801.759456,1734.70336,1818.70336,12.30861333,60.09298338,3.782652921,238.3038639,1.621095426,4.255387004,0.836340172,-46.16499722,118.8843003,2.219756851,24.15085034,24.68569866,25.04461133
2458.3644,1398.645833,2801.886512,1734.73384,1818.73384,12.31115333,65.188809,3.874964684,238.5848064,1.686206735,4.24990649,0.830643709,187.1874755,119.0430076,2.208240809,24.14908043,24.6875768,24.99001832
2458.5168,1398.709333,2802.013568,1734.76432,1818.76432,12.31369333,70.0458125,3.878920972,238.7627799,1.726432214,4.244781321,0.818476095,203.9197979,119.1934107,2.197503306,24.14744163,24.68945494,24.95870727
2458.6692,1398.772833,2802.140624,1734.7948,1818.7948,12.31623333,74.83472164,3.774885484,238.8175985,1.740574983,4.240113318,0.797541482,184.7828802,119.3493653,2.1882379,24.14543629,24.69133308,24.93782269
2458.8216,1398.836333,2802.26768,1734.82528,1818.82528,12.31877333,77.67427657,3.719454169,239.0623905,1.713443703,4.235630292,0.788500286,169.4707342,119.5397388,2.178795879,24.14555308,24.69321122,24.93875232
2458.974,1398.899833,2802.394736,1734.85576,1818.85576,12.32131333,78.75590401,3.660132253,239.3855018,1.639377569,4.231451788,0.786178702,143.5951981,119.7124796,2.170747463,24.14509416,24.69508936,24.95038911
2459.1264,1398.963333,2802.521791,1734.88624,1818.88624,12.32385333,85.85726995,3.990221531,239.8753461,1.860482616,4.227650982,0.786459639,130.8793896,119.8871869,2.163425965,24.14527594,24.6969675,24.94414817
2459.2788,1399.026833,2802.648848,1734.91672,1818.91672,12.32639333,89.50111829,4.082861163,240.5643218,1.933089776,4.224798909,0.782590184,136.4250602,120.0523586,2.157690519,24.14566101,24.69884564,24.93160725
2459.4312,1399.090333,2802.775903,1734.9472,1818.9472,12.32893333,88.9160991,3.911164488,241.3239952,1.825966135,4.222813077,0.77571395,137.1850615,120.2317453,2.151679909,24.14638063,24.70072378,24.92850806
2459.5836,1399.153833,2802.902959,1734.97768,1818.97768,12.33147333,82.93728064,3.369559741,242.1793091,1.480264014,4.221914454,0.762659649,139.6948764,120.4223075,2.145216547,24.14723903,24.70260192,24.9215393
2459.736,1399.217333,2803.030015,1735.00816,1819.00816,12.33401333,84.77241537,3.288435163,242.0514409,1.520005082,4.219601853,0.750923001,135.9563943,120.6311536,2.13887204,24.148237,24.70448006,24.89819117
2459.8884,1399.280833,2803.157071,1735.03864,1819.03864,12.33655333,95.50092315,3.728174279,240.8090058,1.996210299,4.215687372,0.740430683,122.6382888,120.8121072,2.133798817,24.14931856,24.7063582,24.88829251
2460.0408,1399.344333,2803.284127,1735.06912,1819.06912,12.33909333,101.7228125,3.908243056,240.1967069,2.266533095,4.213043867,0.729120693,108.647687,120.9643334,2.131245517,24.15106773,24.70823634,24.87768773
2460.1932,1399.407833,2803.411183,1735.0996,1819.0996,12.34163333,96.58509044,3.544799011,242.0154915,1.993969513,4.213565485,0.725823642,51.40690901,121.103752,2.129252435,24.15303096,24.71011448,24.86142545
2460.3456,1399.471333,2803.538238,1735.13008,1819.13008,12.34417333,91.53157326,3.228521303,243.3284526,1.773651365,4.214080104,0.72464295,56.93539267,121.2325,2.127477416,24.15523723,24.71199262,24.84619101
2460.498,1399.534833,2803.665295,1735.16056,1819.16056,12.34671333,86.02218524,2.924403756,244.133793,1.582867057,4.214686904,0.725108743,111.4274547,121.3387265,2.125585252,24.157616,24.71387076,24.84142566
2460.6504,1399.598333,2803.79235,1735.19104,1819.19104,12.34925333,85.4939868,2.904722303,243.9195999,1.661881822,4.214406334,0.724910495,164.7969949,121.430302,2.124137977,24.16017061,24.7157489,24.83653518
2460.8028,1399.661833,2803.919406,1735.22152,1819.22152,12.35179333,88.98892698,3.133792449,242.7327043,1.974893958,4.213401375,0.725297065,123.8804313,121.5110339,2.123883718,24.16297235,24.71762704,24.8328484
2460.9552,1399.725333,2804.046462,1735.252,1819.252,12.35433333,90.52189061,3.146540302,244.2322517,1.921426413,4.211605993,0.72497202,59.92190944,121.5706414,2.12523386,24.16726314,24.71950518,24.81278395
2461.1076,1399.788833,2804.173518,1735.28248,1819.28248,12.35687333,87.96790488,3.057170287,244.0509979,1.898196931,4.212279112,0.72642632,31.06309262,121.6276804,2.128585947,24.1711346,24.72138331,24.81034394
2461.26,1399.852333,2804.300574,1735.31296,1819.31296,12.35941333,85.13268803,3.011260263,243.1602372,1.933765183,4.213508818,0.72977039,27.40835092,121.6526999,2.129005411,24.17389512,24.72326145,24.81237453
2461.4124,1399.915833,2804.427629,1735.34344,1819.34344,12.36195333,81.75493726,2.857021381,244.4858292,1.704845896,4.213755428,0.733736874,54.26866905,121.6996031,2.128161882,24.17681423,24.72513959,24.81477016
2461.5648,1399.979333,2804.554685,1735.37392,1819.37392,12.36449333,77.54160524,2.712828334,244.3304674,1.605327805,4.214987607,0.737193717,69.44155297,121.7189623,2.127724799,24.17987446,24.72701773,24.81718252
2461.7172,1400.042833,2804.681742,1735.4044,1819.4044,12.36703333,72.40864844,2.58864919,242.4101257,1.66422052,4.217366439,0.740364724,70.12996244,121.7338205,2.12858722,24.1831841,24.72889587,24.82923125
2461.8696,1400.106333,2804.808798,1735.43488,1819.43488,12.36957333,65.42120114,2.337664259,241.3981831,1.559522789,4.219830096,0.743769966,77.32558533,121.7308113,2.130304575,24.18655803,24.73077401,24.83302388
2462.022,1400.169833,2804.935853,1735.46536,1819.46536,12.37211333,58.85662229,2.066756765,240.7678354,1.399386179,4.221610946,0.746097972,55.23459564,121.7075198,2.132290514,24.18721559,24.73265215,24.82925997
2462.1744,1400.233333,2805.062909,1735.49584,1819.49584,12.37465333,64.35603063,2.229463207,241.263863,1.389617332,4.2176544,0.742744688,31.63907424,121.7038624,2.133957994,24.18741389,24.73453029,24.83139729
2462.3268,1400.296833,2805.189965,1735.52632,1819.52632,12.37719333,66.19695677,2.276246445,240.9342389,1.375924916,4.215803893,0.740812105,35.24028734,121.702354,2.134891146,24.19011791,24.73640843,24.81473575
2462.4792,1400.360333,2805.317021,1735.5568,1819.5568,12.37973333,64.36831895,2.200566429,239.5618299,1.370218885,4.215918347,0.739715828,37.82236555,121.7023452,2.135482445,24.19295946,24.73828657,24.81824177
2462.6316,1400.423833,2805.444076,1735.58728,1819.58728,12.38227333,58.2758437,1.99228202,236.882677,1.389733431,4.218469564,0.739818188,39.99970534,121.7015674,2.135152137,24.19564475,24.74016471,24.82104242
2462.784,1400.487333,2805.571132,1735.61776,1819.61776,12.38481333,57.89475952,1.999146756,235.3558428,1.505954672,4.218224347,0.739637827,40.04240913,121.6549371,2.134524169,24.19846186,24.74204285,24.8287166
2462.9364,1400.550833,2805.698189,1735.64824,1819.64824,12.38735333,63.88536667,2.248050466,235.029122,1.738080613,4.214880408,0.739073631,35.22068217,121.5958124,2.134031214,24.20103592,24.74392099,24.8439524
2463.0888,1400.614333,2805.825245,1735.67872,1819.67872,12.38989333,66.03835994,2.381151722,234.0028187,1.883635006,4.215070657,0.738207896,31.83769092,121.5405386,2.133194664,24.20343773,24.74579913,24.85680254
2463.2412,1400.677833,2805.9523,1735.7092,1819.7092,12.39243333,68.29660987,2.542794412,232.9585587,2.025118262,4.216450033,0.736969967,29.81576822,121.510895,2.132714482,24.20568332,24.74767727,24.85751401
2463.3936,1400.741333,2806.079356,1735.73968,1819.73968,12.39497333,69.52654236,2.655094849,232.1631517,2.127360848,4.218386003,0.736446408,27.77334742,121.4731803,2.13306285,24.20777023,24.74955541,24.86588448
2463.546,1400.804833,2806.206412,1735.77016,1819.77016,12.39751333,69.23984857,2.70115954,231.5217536,2.186190084,4.221159754,0.73677133,27.19470268,121.4289459,2.133797663,24.20997556,24.75143355,24.88026552
2463.6984,1400.868333,2806.333468,1735.80064,1819.80064,12.40005333,71.87471534,2.863672236,231.4963287,2.315308738,4.222716041,0.737497068,27.10836274,121.3454453,2.134422686,24.2119794,24.75331169,24.88307086
2463.8508,1400.931833,2806.460524,1735.83112,1819.83112,12.40259333,76.45156066,3.098549098,232.0915226,2.478356167,4.22349781,0.738746663,26.13433136,121.2508945,2.134939834,24.21229296,24.75518983,24.90179493
2464.0032,1400.995333,2806.587579,1735.8616,1819.8616,12.40513333,78.48593795,3.281117258,231.9396162,2.519262898,4.226938719,0.739200499,27.43717665,121.1584768,2.135636214,24.21217811,24.75706797,24.89880267
2464.1556,1401.058833,2806.714636,1735.89208,1819.89208,12.40767332,81.03620677,3.423910186,232.0474988,2.68991822,4.230167367,0.741149815,33.68477888,121.0519743,2.137109164,24.21426035,24.75894611,24.89563049
2464.308,1401.122333,2806.841692,1735.92256,1819.92256,12.41021331,82.71842676,3.557431001,232.0729494,2.776447103,4.234801945,0.74280292,38.91601975,120.9917618,2.139065913,24.21553092,24.76082425,24.89153147
2464.4604,1401.185833,2806.968747,1735.95304,1819.95304,12.41275329,82.48175826,3.65493973,231.6895842,2.733628898,4.241731879,0.743747596,31.78347618,120.9461799,2.14151089,24.21682464,24.76270239,24.89717613
2464.6128,1401.249333,2807.095803,1735.98352,1819.98352,12.41529316,83.20607555,3.7269709,231.4668455,2.754219014,4.246132146,0.744221897,18.52197898,120.9088339,2.143991628,24.21754618,24.76458053,24.88950773
2464.7652,1401.312833,2807.222858,1736.014,1820.014001,12.4178329,85.02996998,3.768498003,231.4736311,2.845851228,4.247632172,0.744215515,14.33808834,120.8945716,2.145630918,24.21746317,24.76645867,24.89139638
2464.9176,1401.376332,2807.349914,1736.044481,1820.044482,12.42037257,85.66232169,3.750734668,231.1674241,2.872740727,4.249318567,0.74321611,17.28693688,120.9037731,2.147472654,24.21694509,24.76833681,24.8917356
2465.07,1401.439832,2807.476968,1736.074961,1820.074962,12.42291212,84.05448957,3.809578461,231.236526,2.881777893,4.256774048,0.747792937,24.84590811,120.94196,2.150479869,24.21588001,24.77021495,24.88727316
2465.2224,1401.503334,2807.604029,1736.105439,1820.105437,12.42545471,81.8339787,3.978159215,231.8429262,2.873763802,4.268290086,0.75663904,27.01589607,121.014636,2.153310369,24.21264866,24.77209309,24.89381409
2465.3748,1401.566839,2807.731095,1736.135913,1820.135905,12.42800064,80.85036462,4.081882004,232.2579278,2.829845206,4.275735132,0.76160388,22.53962405,121.1061016,2.156360898,24.20890346,24.77397123,24.88430194
2465.5272,1401.630346,2807.858165,1736.166385,1820.166369,12.43054842,80.59829973,4.10719518,232.535168,2.780734249,4.279457602,0.763757021,18.74319851,121.1896796,2.159191972,24.20538525,24.77584937,24.89226569
2465.6796,1401.693855,2807.98524,1736.196854,1820.196827,12.43309896,81.53835681,4.049267249,232.6640605,2.723800236,4.278541377,0.762282977,18.1897241,121.2566538,2.161810859,24.20234092,24.77772751,24.8787506
2465.832,1401.757345,2808.112275,1736.227345,1820.227331,12.4356276,80.96857392,4.144580454,233.6071581,2.782677613,4.284155199,0.768122178,19.04746261,121.3165077,2.164197404,24.19923577,24.77960565,24.88486176
2465.9844,1401.820814,2808.239269,1736.257862,1820.257884,12.43813193,78.72727198,4.410465707,235.4693611,2.976589207,4.29701762,0.782217276,20.66979068,121.3710197,2.166392599,24.19630926,24.78148379,24.90162859
2466.1368,1401.884273,2808.366242,1736.288391,1820.288462,12.44062435,78.53839257,4.316749312,235.5944455,2.874153686,4.299258845,0.779857834,20.80494065,121.4742077,2.168351832,24.19363766,24.78336193,24.91941249
2466.2892,1401.947715,2808.493182,1736.318939,1820.319078,12.44309786,77.95352636,4.290753872,236.2030626,2.844754255,4.304041532,0.78060535,16.07196911,121.5622736,2.170083836,24.19118382,24.78524007,24.94397636
2466.4416,1402.011239,2808.620285,1736.349391,1820.349502,12.44566522,77.5132438,4.217329486,236.5488115,2.772587192,4.30740413,0.779122097,11.47070686,121.6218036,2.171582251,24.1888605,24.78711821,24.92401524
2466.594,1402.074854,2808.747572,1736.379735,1820.379711,12.44833742,77.39320027,4.083322015,236.5632965,2.648194337,4.308714672,0.774692897,9.744706658,121.7138507,2.172806609,24.18661265,24.78899635,24.87798997
2466.7464,1402.138509,2808.874937,1736.410033,1820.409826,12.45105509,76.6948025,4.023501604,236.9869171,2.585865504,4.312964016,0.773521149,9.157987842,121.7790247,2.173806188,24.18513354,24.79087448,24.86328803
2466.8988,1402.202231,2809.002437,1736.440252,1820.439784,12.45384971,75.61219857,4.001704275,237.5902094,2.549355216,4.318952636,0.773875041,9.499181911,121.8120117,2.174610935,24.18401518,24.79275262,24.88724519
2467.0512,1402.266386,2809.130803,1736.469961,1820.468722,12.45714151,75.36591265,3.938100769,237.8919508,2.473594172,4.322879414,0.771313661,9.206664339,121.8253903,2.175229896,24.18363562,24.79463076,24.91029295
2467.2036,1402.331014,2809.260114,1736.499114,1820.496547,12.46097555,74.87907252,3.885808206,238.9899656,2.417030744,4.325219927,0.770126497,7.669821855,121.805431,2.175621275,24.18349786,24.7965089,24.92847902
2467.356,1402.39597,2809.390079,1736.527881,1820.523603,12.46518502,75.55594769,3.780101976,239.0842735,2.289459962,4.326656755,0.764197849,5.752800543,121.7533422,2.17578762,24.18343785,24.79838704,24.92068847
2467.5084,1402.461364,2809.520922,1736.556133,1820.549626,12.46989788,78.05460113,3.58806624,237.6907064,2.0556718,4.326279215,0.751095643,3.486414603,121.6690473,2.175731648,24.18355637,24.80026518,24.88877303
2467.6608,1402.52622,2809.650689,1736.585018,1820.576915,12.47399317,78.81257948,3.497728544,237.7509665,1.886360283,4.326696819,0.745622978,1.333431688,121.5466069,2.175479728,24.1836133,24.80214332,24.8674642
2467.8132,1402.590462,2809.779227,1736.614625,1820.60565,12.47738373,77.55916206,3.520053177,239.4635424,1.787998382,4.327976718,0.748746828,1.765664526,121.3835068,2.17500187,24.18326904,24.80402146,24.86955844
2467.9656,1402.65466,2809.907679,1736.644284,1820.634488,12.48072438,76.58937525,3.535330887,240.9706546,1.644808226,4.32806508,0.751156092,-0.188050129,121.1890332,2.174309857,24.18326484,24.8058996,24.87245396
2468.118,1402.71856,2810.035536,1736.674293,1820.664025,12.483724,79.34581262,3.352764984,240.1658522,1.575576575,4.32641749,0.738079741,-15.34626196,120.9449933,2.173400705,24.18340215,24.80777774,24.87761909
2468.2704,1402.781869,2810.162209,1736.704997,1820.694955,12.48604483,82.50030821,3.20071772,239.143197,1.532057866,4.32536753,0.725000407,-27.27470648,120.6573146,2.172236552,24.1839392,24.80965588,24.87061981
2468.4228,1402.844568,2810.287663,1736.73642,1820.72732,12.48766591,84.88899783,3.146963285,238.6387025,1.481152476,4.325109254,0.717040559,-29.90500588,120.281469,2.170836212,24.18467657,24.81153402,24.84541448
2468.5752,1402.906571,2810.411727,1736.768661,1820.761322,12.48848882,85.89261749,3.199693693,239.2148745,1.447047851,4.32521792,0.716079292,-28.70413718,119.8774065,2.169191271,24.1856423,24.81341216,24.84048864
2468.7276,1402.967765,2810.534172,1736.801854,1820.797229,12.48838328,85.38981675,3.378416877,240.9365037,1.431035871,4.326051612,0.723023487,-22.97499737,119.4417988,2.167487991,24.18582384,24.8152903,24.8457614
2468.88,1403.028037,2810.654775,1736.836132,1820.835304,12.4872208,85.59837343,3.298269594,241.3383647,1.49515051,4.326465587,0.719149107,-11.31382981,118.97863,2.166068933,24.18607907,24.81716844,24.86320772
2469.0324,1403.087287,2810.773334,1736.871612,1820.875785,12.48488526,86.48536354,3.062615915,240.649055,1.597945869,4.326356885,0.708227991,6.46138545,118.5257367,2.164369241,24.18771632,24.81904658,24.87630237
2469.1848,1403.145421,2810.889663,1736.908405,1820.91889,12.48127041,86.7459996,3.224941717,240.9453313,1.565025804,4.326412402,0.712878399,30.2994918,118.0229819,2.162207897,24.189698,24.82092472,24.89105473
2469.3372,1403.202336,2811.003555,1736.946632,1820.964864,12.47625701,86.94747389,3.204040331,240.5547781,1.62228108,4.326634213,0.711125518,59.37689438,117.5385937,2.159706064,24.19181476,24.82280286,24.88185413
2469.4896,1403.259298,2811.11754,1736.984804,1821.010728,12.47129741,87.15967363,3.265206098,240.3742618,1.6298556,4.326657215,0.712386497,80.96817571,117.0442053,2.156988672,24.19421436,24.824681,24.87183354
2469.642,1403.316347,2811.231699,1737.022873,1821.056386,12.46643793,87.3158163,3.433831204,240.5170133,1.579525693,4.326548397,0.717720375,95.83450336,116.5435067,2.154212248,24.19702351,24.82655914,24.86703894
2469.7944,1403.372741,2811.34455,1737.061713,1821.103586,12.4608272,87.75764231,3.494138381,240.0575157,1.561181886,4.32632105,0.718610385,111.7922427,116.0378741,2.151421845,24.20012123,24.82843728,24.8696133
2469.9468,1403.428778,2811.456686,1737.100973,1821.151627,12.45480622,88.52408594,3.508221362,239.1896148,1.541158528,4.325901308,0.717211653,126.2550993,115.4932853,2.148580313,24.20357886,24.83031542,24.87428907
2470.0992,1403.477805,2811.55481,1737.14848,1821.21616,12.44074517,87.23339621,3.479895707,238.7172462,1.702761173,4.32558217,0.719314364,143.3018335,114.9378159,2.145779428,24.2073408,24.83219356,24.8975013
2470.2516,1403.525472,2811.650213,1737.197588,1821.283894,12.4251237,85.60482351,3.497981585,238.5228895,1.865232417,4.325246055,0.724176563,165.1778062,114.3768909,2.143225101,24.21130554,24.8340717,24.89973513
2470.404,1403.575905,2811.751145,1737.243441,1821.345122,12.41267434,85.05632544,3.619607743,238.3361742,1.890638706,4.324672514,0.730523836,188.1609088,113.8166738,2.140878844,24.21536367,24.83594984,24.90292815
2470.5564,1403.630458,2811.860315,1737.284447,1821.396654,12.40495141,85.92047855,3.897514447,238.3007175,1.725707346,4.323858377,0.739541941,210.8603159,113.2995422,2.138943978,24.21934918,24.83782798,24.91077057
2470.7088,1403.681267,2811.962001,1737.329857,1821.456993,12.39293498,85.8180949,4.064943958,238.420645,1.77904297,4.323385766,0.746352306,202.7611211,112.8030105,2.137211643,24.22348417,24.83970612,24.91348257
2470.8612,1403.727783,2812.055104,1737.380318,1821.527436,12.3759931,84.61013497,4.110539561,238.7140336,2.077553718,4.323279596,0.750805352,171.1435053,112.3141367,2.136293957,24.22780959,24.84158426,24.92129321
2471.0136,1403.775039,2812.149686,1737.429909,1821.596137,12.35990063,83.6531445,4.211603402,239.2036424,2.332749675,4.323161778,0.756715141,136.8689038,111.8068272,2.135784741,24.23185471,24.8434624,24.92658087
2471.166,1403.821095,2812.241868,1737.480912,1821.667662,12.34243084,81.20349088,4.307446051,239.0432875,2.257523588,4.322428082,0.767035513,95.6760456,111.3084347,2.135051915,24.23618158,24.84534054,24.939846
2471.3184,1403.867415,2812.33458,1737.531603,1821.738566,12.32526447,79.38406774,4.378454819,238.8957759,2.221807919,4.321767959,0.774881145,250.2484331,110.8280051,2.134201466,24.24038845,24.84721868,24.94847973
2471.4708,1403.914432,2812.428683,1737.581476,1821.807831,12.3088967,78.36008339,4.437250347,238.7805032,2.209695515,4.321168387,0.780341874,249.927435,110.4079687,2.133861421,24.24472764,24.84909682,24.96402287
2471.6232,1403.95985,2812.519592,1737.633229,1821.880856,12.29069588,77.26442327,4.446576823,238.8961898,2.337099454,4.320826959,0.783806286,253.9566635,110.0313086,2.134147836,24.24924848,24.85097496,24.96849998
2471.7756,1404.004002,2812.607969,1737.68647,1821.95686,12.27104296,76.30899811,4.401499722,239.1890531,2.594251302,4.320723105,0.784631158,283.2173284,109.6875765,2.134855115,24.25390817,24.8528531,24.9719653
2471.928,1404.048827,2812.697691,1737.738921,1822.031282,12.25216122,73.14502232,4.313750374,238.8921382,2.619086387,4.320567289,0.788784811,347.6353239,109.3980763,2.135285827,24.25618309,24.85473124,24.969032
2472.0804,1404.094088,2812.788286,1737.790858,1822.104676,12.23378076,71.05788142,4.252243506,238.8369074,2.560972775,4.32037285,0.791643144,155.8203316,109.1483463,2.135588282,24.25819552,24.85660938,24.97792724
2472.2328,1404.139018,2812.878218,1737.843186,1822.17885,12.21501978,70.91561481,4.194597343,239.259642,2.574546704,4.320276971,0.790275338,174.1400229,108.9378095,2.135583884,24.25995347,24.85848752,24.98372837
2472.3852,1404.183963,2812.968178,1737.895496,1822.252991,12.19627526,68.73204168,4.063888703,239.154196,2.425425566,4.320219153,0.790641764,288.7030222,108.7745797,2.135673503,24.26126864,24.86036565,24.99520877
2472.5376,1404.229292,2813.058911,1737.947352,1822.326224,12.17797308,68.10302795,3.997639395,239.4387307,2.353744259,4.320084627,0.790089232,363.304753,108.644151,2.136834057,24.26205613,24.86224379,24.99473169
2472.69,1404.275017,2813.150431,1737.998745,1822.398528,12.16012352,69.31955415,4.002743385,240.1754568,2.380075782,4.3198662,0.788245676,381.3449325,108.5516405,2.138192695,24.26232575,24.86412193,24.98585972
2472.8424,1404.321205,2813.242879,1738.049592,1822.469742,12.1428059,69.98342599,4.00520044,240.727324,2.310724734,4.319570288,0.787640052,399.19358,108.4798879,2.138529102,24.26203267,24.86600007,24.97836757
2472.9948,1404.367989,2813.336518,1738.099737,1822.539553,12.12617205,70.98990577,4.03970624,241.3121502,2.200727426,4.319158446,0.787644456,385.8109849,108.4121532,2.138967875,24.26311762,24.86787821,24.98861178
2473.1472,1404.414373,2813.429356,1738.150354,1822.610307,12.10907845,68.20847122,3.76812873,241.2681177,1.905482354,4.31989925,0.782393602,388.6292717,108.3544723,2.13903403,24.26538942,24.86975635,24.9974119
2473.2996,1404.460348,2813.521378,1738.201451,1822.682021,12.09151674,67.41360735,3.626448743,241.7325645,1.729082479,4.320174152,0.778533171,408.0772225,108.325215,2.139087533,24.26762843,24.87163449,24.99958417
2473.452,1404.506544,2813.61384,1738.252289,1822.753218,12.07420759,68.70480922,3.612361478,242.6765372,1.640497496,4.320045561,0.775575791,395.6016273,108.3370154,2.139131363,24.26952537,24.87351263,25.00411102
2473.6044,1404.552747,2813.706316,1738.303119,1822.824398,12.05690636,72.6432853,3.76035949,244.2483546,1.684674319,4.319393336,0.773817347,375.1925152,108.3821719,2.139185181,24.27161516,24.87539077,24.99341963
2473.7568,1404.598977,2813.798848,1738.353917,1822.895513,12.03963678,73.64177771,3.742183375,244.9024721,1.675720908,4.319357516,0.771165698,405.1764194,108.459889,2.139184844,24.2737169,24.87726891,24.99324925
2473.9092,1404.645291,2813.891548,1738.404615,1822.96643,12.02246372,71.41594579,3.539149753,244.5446502,1.608072536,4.320017906,0.767391488,504.8668071,108.5026894,2.139187145,24.27570981,24.87914705,24.99692336
2474.0616,1404.691523,2813.984084,1738.45541,1823.037539,12.00519678,71.11209267,3.466564981,244.7343272,1.573370228,4.320464498,0.764892496,603.3450531,108.5657602,2.13918001,24.27757428,24.88102519,24.99527534
2474.214,1404.737685,2814.076478,1738.506288,1823.108815,11.98784876,72.26139656,3.501379715,245.4026576,1.512986877,4.320872225,0.76362246,518.9192721,108.6604439,2.139164935,24.27936372,24.88290333,25.00120531
2474.3664,1404.783906,2814.168991,1738.557096,1823.179952,11.97056873,73.21198644,3.550096617,245.8658291,1.473983607,4.321216767,0.763401246,474.43695,108.7137613,2.139186197,24.28128064,24.88478147,25.00470781
2474.5188,1404.830162,2814.261574,1738.607863,1823.251006,11.95332887,74.19795207,3.628402604,246.1770364,1.469130568,4.321441992,0.764403705,474.9643195,108.7723466,2.139214299,24.28318411,24.88665961,25.00745793
2474.6712,1404.876392,2814.354106,1738.658661,1823.32212,11.93605948,73.51891097,3.625735865,245.8505505,1.475925159,4.321983382,0.76543623,502.1338348,108.8344582,2.139235478,24.28496882,24.88853775,25.01673371
2474.8236,1404.922614,2814.44662,1738.709468,1823.393256,11.91877997,71.39420484,3.560649737,244.9371996,1.494249932,4.322758379,0.766857641,570.2315924,108.8887198,2.1392218,24.2861195,24.89041589,25.02358538
2474.976,1404.968842,2814.539148,1738.760268,1823.464374,11.90150863,70.49492764,3.483365836,244.8044538,1.340772066,4.323707909,0.765063943,598.9876659,108.9475688,2.139213456,24.28683319,24.89229403,25.02665761
2475.1284,1405.015071,2814.631678,1738.811067,1823.535493,11.88423756,69.89424738,3.507718108,244.0757435,1.446900807,4.324256479,0.766880574,583.3642107,109.0207238,2.139216543,24.28740882,24.89417217,25.02960351
2475.2808,1405.061299,2814.724204,1738.861867,1823.606613,11.86696533,69.0982552,3.514394399,243.2600044,1.526590313,4.324910225,0.76831544,575.5354656,109.0513354,2.139227926,24.28767543,24.89605031,25.03257662
2475.4332,1405.107527,2814.816731,1738.912667,1823.677733,11.84969333,68.86691748,3.484504721,242.9620862,1.437777275,4.325805062,0.766925511,556.1211023,109.0700325,2.139220645,24.28801793,24.89792845,25.03910871
2475.5856,1405.153755,2814.909258,1738.963467,1823.748853,11.83242133,68.74322534,3.484725243,242.5002689,1.481051761,4.326320881,0.766714832,558.1190142,109.0685593,2.139227075,24.2888887,24.89980659,25.04509469
2475.738,1405.199983,2815.001785,1739.014267,1823.819973,11.81514933,68.68377456,3.51997704,241.8209078,1.677617178,4.326401537,0.768009604,588.2878998,109.0397421,2.139227749,24.28964969,24.90168473,25.04547267
2475.8904,1405.246211,2815.094312,1739.065067,1823.891093,11.79787733,69.40531347,3.560106154,241.5481683,1.829494317,4.326365216,0.767895463,579.2747239,109.0017354,2.139245637,24.29049539,24.90356287,25.04382411
2476.0428,1405.292439,2815.186839,1739.115867,1823.962213,11.78060533,69.85032629,3.580968871,240.8979977,1.959024662,4.326681294,0.767204696,576.3190845,108.9506511,2.139259566,24.29122385,24.90544101,25.03784348
2476.1952,1405.338667,2815.279366,1739.166667,1824.033333,11.76333333,68.33913417,3.475112029,239.0631989,2.001063346,4.328060271,0.764504917,573.4110164,108.9389944,2.13927398,24.29200531,24.90731915,25.03742403
2476.3476,1405.384895,2815.371894,1739.217467,1824.104453,11.74606133,67.60575198,3.35035252,237.7995634,2.075401434,4.328816433,0.759742868,566.6475484,108.9256376,2.13929199,24.29254335,24.90919729,25.04201182
2476.5,1405.431123,2815.464421,1739.268267,1824.175573,11.72878933,67.73509672,3.243648297,236.9316904,2.235128157,4.328923394,0.754241469,350.9741385,108.9107434,2.139309517,24.29308493,24.91107543,25.04291696
2476.6524,1405.477351,2815.556948,1739.319067,1824.246693,11.71151733,68.79303241,3.147231941,236.5534377,2.486833157,4.328264871,0.747617321,395.4245163,108.8964791,2.139326234,24.29360531,24.91295357,25.04359429
2476.8048,1405.523579,2815.649475,1739.369867,1824.317813,11.69424533,68.23687266,3.125346103,235.2877746,2.665431293,4.328584072,0.747110077,526.6991345,108.8972344,2.139348049,24.2933914,24.91483171,25.0414029
2476.9572,1405.569807,2815.742002,1739.420667,1824.388933,11.67697333,65.8735857,3.190466744,233.0023927,2.772078101,4.329984782,0.753600076,594.4811703,108.8772506,2.139367068,24.29326888,24.91670985,25.0413635
2477.1096,1405.616035,2815.834529,1739.471467,1824.460053,11.65970133,65.8140052,3.08936661,232.5265918,2.829956289,4.329973746,0.749242311,532.7655607,108.8682562,2.139379258,24.29347851,24.91858799,25.0409459
2477.262,1405.662263,2815.927056,1739.522267,1824.531173,11.64242933,65.66149952,2.976936564,232.2103278,2.843698589,4.329930691,0.744789335,469.2104813,108.8413105,2.139366186,24.29379253,24.92046613,25.04233377
2477.4144,1405.708491,2816.019583,1739.573067,1824.602293,11.62515733,65.90254935,2.873373923,232.196175,2.84169602,4.329688912,0.739989005,469.2214242,108.812105,2.139353219,24.29493249,24.92234427,25.04169301
2477.5668,1405.754719,2816.112111,1739.623867,1824.673413,11.60788533,66.66594675,2.775110812,232.5688997,2.828916059,4.329158692,0.734464846,482.5657796,108.7825268,2.139348723,24.29600644,24.92422241,25.04490104
2477.7192,1405.800947,2816.204638,1739.674667,1824.744533,11.59061333,66.57658919,2.73454483,232.5276999,2.775972808,4.329089605,0.732994003,485.358125,108.7408562,2.139349015,24.29705027,24.92610055,25.05051511
2477.8716,1405.847175,2816.297165,1739.725467,1824.815653,11.57334133,65.97897682,2.737652992,232.2892937,2.681654268,4.329313069,0.734330923,485.6388273,108.7015465,2.139353043,24.29801109,24.92797868,25.05539848
2478.024,1405.893403,2816.389692,1739.776267,1824.886773,11.55606933,65.73813499,2.678071384,232.5223097,2.587992078,4.329271225,0.732404254,505.6764557,108.678019,2.139361396,24.29820145,24.92985682,25.06026018
2478.1764,1405.939631,2816.482219,1739.827067,1824.957893,11.53879733,65.52502811,2.755259068,232.7905396,2.530862425,4.32871102,0.736070357,545.7390538,108.6877656,2.139378197,24.29849387,24.93173496,25.05963309
2478.3288,1405.985859,2816.574746,1739.877867,1825.029013,11.52152533,65.42863777,2.775267882,233.4006884,2.439753158,4.328141015,0.737152396,502.5886393,108.6811283,2.139381028,24.29890034,24.9336131,25.06206905
2478.4812,1406.032087,2816.667273,1739.928667,1825.100133,11.50425333,65.65120067,2.695259335,234.5454745,2.318651466,4.32746406,0.733481485,483.5339373,108.648349,2.139374984,24.29941503,24.93549124,25.06494957
2478.6336,1406.078315,2816.759801,1739.979467,1825.171253,11.48698133,65.90460003,2.651054898,234.9973492,2.280882606,4.326782787,0.730845122,506.511149,108.5654499,2.13936713,24.30069309,24.93736938,25.07118913
2478.786,1406.124543,2816.852327,1740.030267,1825.242373,11.46970933,66.21250519,2.649417727,234.680934,2.334581776,4.326089753,0.729432131,567.532293,108.5272422,2.139362768,24.30240017,24.93924752,25.08101564
2478.9384,1406.170771,2816.944855,1740.081067,1825.313493,11.45243733,66.89457476,2.585101965,234.357187,2.427545464,4.325254778,0.724442643,602.0582765,108.4955755,2.139361313,24.30396889,24.94112566,25.08737379
2479.0908,1406.216999,2817.037382,1740.131867,1825.384613,11.43516533,67.6895494,2.668891076,235.4508924,2.327808683,4.324193762,0.72682168,580.1139128,108.474764,2.139358861,24.30489412,24.9430038,25.09092147
2479.2432,1406.263227,2817.129909,1740.182667,1825.455733,11.41789333,68.24501798,2.807068457,236.7752116,2.162456952,4.323282188,0.732303627,528.4433948,108.4535682,2.139355092,24.30594455,24.94488194,25.09720047
2479.3956,1406.309455,2817.222436,1740.233467,1825.526853,11.40062133,68.75351942,2.860208074,237.1335115,2.117986398,4.322584232,0.733431808,500.9250886,108.429548,2.13934967,24.3072048,24.94676008,25.10722313
2479.548,1406.355683,2817.314963,1740.284267,1825.597973,11.38334933,69.43585211,2.86457714,236.5714476,2.204399139,4.321926009,0.731385538,496.5908331,108.4153452,2.139345156,24.30861925,24.94863822,25.11612934
2479.7004,1406.401911,2817.40749,1740.335067,1825.669093,11.36607733,70.21180395,2.806082269,234.8875028,2.440591535,4.321388612,0.725567924,525.3075875,108.3888326,2.139335382,24.31017695,24.95051636,25.11738586
2479.8528,1406.448139,2817.500018,1740.385867,1825.740213,11.34880533,71.28437497,2.92351691,235.43978,2.366781272,4.320669883,0.729107471,542.9945294,108.3621916,2.139365418,24.31196958,24.9523945,25.11443174
2480.0052,1406.494367,2817.592544,1740.436667,1825.811333,11.33153333,72.65110804,3.227257598,238.3146122,1.973964056,4.319762272,0.742549984,523.5926962,108.3364451,2.139395995,24.31368294,24.95427264,25.10699812
2480.1576,1406.540595,2817.685072,1740.487467,1825.882453,11.31426133,73.04091875,3.1656835,237.4541682,2.167025117,4.319585535,0.738362005,512.8912945,108.3259545,2.139408858,24.31530176,24.95615078,25.1063843
2480.31,1406.586823,2817.777599,1740.538267,1825.953573,11.29698933,73.67664848,3.248669041,238.1610738,2.133428987,4.319325031,0.741737117,497.4832499,108.3141057,2.139416377,24.31704634,24.95802892,25.11601745
2480.4624,1406.633051,2817.870126,1740.589067,1826.024693,11.27971733,74.22047164,3.264176639,238.380826,2.179413542,4.319152096,0.741750224,494.8804422,108.3079419,2.139421754,24.31908505,24.95990706,25.12373371
2480.6148,1406.679279,2817.962653,1740.639867,1826.095813,11.26244533,74.63168054,3.195248811,237.914056,2.332225733,4.319096856,0.737539001,543.3416942,108.3037682,2.139414068,24.32109464,24.9617852,25.13930927
2480.7672,1406.725507,2818.05518,1740.690667,1826.166933,11.24517333,75.12279681,3.206051039,238.5247803,2.336304138,4.319012751,0.737719995,525.7898617,108.3026313,2.139402877,24.3231218,24.96366334,25.13269974
2480.9196,1406.771735,2818.147707,1740.741467,1826.238053,11.22790133,75.60039729,3.247423876,239.7448781,2.261215073,4.31894636,0.739791556,442.9456889,108.2969355,2.139390646,24.32519555,24.96554148,25.14142194
2481.072,1406.817963,2818.240235,1740.792267,1826.309173,11.21062933,76.43956416,3.28074907,240.9277695,2.185039612,4.319098175,0.740783199,448.1054172,108.2791807,2.13937915,24.32727159,24.96741962,25.13310828
2481.2244,1406.864191,2818.332761,1740.843067,1826.380293,11.19335733,77.71357516,3.32031029,242.2398126,2.08264824,4.319475641,0.741356531,594.9431145,108.2455991,2.139376178,24.32938826,24.96929776,25.11877736
2481.3768,1406.910419,2818.425289,1740.893867,1826.451413,11.17608533,77.73704652,3.301242642,243.005456,2.077188755,4.320023205,0.740395176,677.864771,108.2127187,2.139299567,24.33140119,24.9711759,25.11227596
2481.5292,1406.956647,2818.517816,1740.944667,1826.522533,11.15881333,75.96908752,3.195185024,242.8127993,2.231887526,4.320797823,0.736961644,527.9370585,108.1795861,2.139281547,24.33343007,24.97305404,25.09542191
2481.6816,1407.002875,2818.610343,1740.995467,1826.593653,11.14154133,76.30440351,3.12589872,242.641853,2.308841914,4.321182015,0.732375278,439.6466911,108.1699293,2.139239698,24.33545379,24.97493218,25.10584164
2481.834,1407.049103,2818.70287,1741.046267,1826.664773,11.12426933,79.04225252,3.094579296,242.4871584,2.300307221,4.321129453,0.726286996,439.1105811,108.1550004,2.13917446,24.33740006,24.97681032,25.13837339
2481.9864,1407.095331,2818.795397,1741.097067,1826.735893,11.10699733,81.81903522,3.014325575,241.4933327,2.379059392,4.320987276,0.717123934,613.6586653,108.1228895,2.139084876,24.33937486,24.97868846,25.18995109
2482.1388,1407.141559,2818.887925,1741.147867,1826.807013,11.08972533,80.71712034,2.910314127,242.6013927,2.378965771,4.321565665,0.715123564,568.4133822,108.0786018,2.138712645,24.34124251,24.9805666,25.17067315
2482.2912,1407.187787,2818.980452,1741.198667,1826.878133,11.07245333,79.72567485,2.820001408,243.5359832,2.362089706,4.321793919,0.713445989,545.5239773,108.0327237,2.138413749,24.34304348,24.98244474,25.14208543
2482.4436,1407.234015,2819.072978,1741.249467,1826.949253,11.05518133,79.19875704,2.737260651,243.902366,2.354752651,4.321560097,0.710857554,366.413633,107.991013,2.138077393,24.34460278,24.98432288,25.0355682
2482.596,1407.280243,2819.165505,1741.300267,1827.020373,11.03790933,80.20290041,2.661311686,243.6606968,2.341912181,4.320811059,0.705900338,384.3505386,107.952133,2.137730072,24.34633745,24.98620102,25.10736367
2482.7484,1407.326471,2819.258033,1741.351067,1827.091493,11.02063733,82.69670446,2.600253392,242.8086522,2.316392226,4.319469816,0.698973869,510.1535937,107.9159333,2.13723507,24.3477161,24.98807916,25.11808598
2482.9008,1407.372699,2819.35056,1741.401867,1827.162613,11.00336533,83.65316765,2.606687457,244.1022976,2.236608888,4.320254174,0.699780667,515.7150982,107.8672169,2.136826295,24.34903633,24.9899573,25.14850352
2483.0532,1407.418927,2819.443087,1741.452667,1827.233733,10.98609333,83.51477833,2.690146456,245.9983622,2.151835846,4.323065083,0.705563147,523.5183286,107.8184364,2.136788065,24.35027134,24.99183544,25.15488415
2483.2056,1407.465155,2819.535614,1741.503467,1827.304853,10.96882133,84.19370027,2.834023723,245.6134787,2.126917325,4.326257868,0.708912694,545.7259557,107.7561296,2.136437779,24.3513563,24.99371358,25.15105807
2483.358,1407.511383,2819.628142,1741.554267,1827.375973,10.95154933,84.06551327,3.057186359,247.109701,2.03020802,4.331171852,0.719232735,467.6165328,107.6968048,2.136019382,24.35232778,24.99559172,25.15885734
2483.5104,1407.557611,2819.720669,1741.605067,1827.447093,10.93427733,83.97025126,3.249058062,247.542395,1.978227162,4.33433937,0.726995914,492.7184215,107.6520226,2.135932349,24.35313208,24.99746985,25.15878184
2483.6628,1407.603839,2819.813195,1741.655867,1827.518213,10.91700533,84.00015198,3.404793997,246.7004236,1.975755653,4.335453781,0.731616469,497.4410335,107.6085876,2.136136411,24.35379423,24.99934799,25.15222594
2483.8152,1407.650067,2819.905722,1741.706667,1827.589333,10.89973333,83.14166513,3.597038442,246.7243466,1.947757527,4.336833248,0.740234187,511.4923923,107.5568563,2.136821939,24.35425652,25.00122613,25.15902633
2483.9676,1407.696295,2819.99825,1741.757467,1827.660453,10.88246133,81.5456997,3.800330814,246.9237193,1.921139,4.33760223,0.750702056,533.2348592,107.5105352,2.137700623,24.35459819,25.00310427,25.17374347
2484.12,1407.742523,2820.090777,1741.808267,1827.731573,10.86518933,80.56973526,4.000796871,247.4421931,1.906004973,4.333456885,0.765074198,436.6996486,107.4640808,2.137855402,24.35805395,25.00498241,25.18368492
2484.2724,1407.788751,2820.183304,1741.859067,1827.802693,10.84791733,79.12976771,4.202658466,247.492472,1.880404166,4.325790728,0.779617247,443.6905552,107.4239512,2.137872712,24.36083064,25.00686055,25.1905533
2484.4248,1407.834979,2820.275831,1741.909867,1827.873813,10.83064533,76.88228523,4.392665981,246.7181786,1.864793897,4.315482618,0.792929543,468.121262,107.4112553,2.138192849,24.36094775,25.00873869,25.19655567
2484.5772,1407.881207,2820.368358,1741.960667,1827.944933,10.81337333,73.76368214,4.566797295,244.8382561,1.856266205,4.301835934,0.804137024,432.9335321,107.3790478,2.139719604,24.36058845,25.01061683,25.21155954
2484.7296,1407.927435,2820.460886,1742.011467,1828.016053,10.79610133,71.73872235,4.571343782,243.2015593,1.875895524,4.289283877,0.810454589,370.7146734,107.3546595,2.141809703,24.36051715,25.01249497,25.21156038
2484.882,1407.973663,2820.553412,1742.062267,1828.087173,10.77882933,70.96225726,4.384664606,241.7816226,1.931222855,4.277973153,0.811148723,367.2433884,107.3140526,2.14401178,24.3604846,25.01437311,25.20556359
2485.0344,1408.019891,2820.645939,1742.113067,1828.158293,10.76155733,69.32106205,4.244946259,240.0179753,1.976322373,4.266200815,0.814559763,489.373701,107.2899084,2.146137342,24.36061561,25.01625125,25.17750835
2485.1868,1408.066119,2820.738467,1742.163867,1828.229413,10.74428533,64.70471985,4.521322454,239.0842265,1.934649802,4.257729711,0.838799428,341.4817495,107.2802611,2.147965243,24.3594689,25.01812939,25.17675776
2485.3392,1408.112347,2820.830994,1742.214667,1828.300533,10.72701333,60.00778912,4.680362983,238.0790612,1.895518315,4.248319873,0.859117874,278.9588298,107.2837982,2.149254413,24.35760926,25.02000753,25.19247985
2485.4916,1408.158575,2820.923521,1742.265467,1828.371653,10.70974133,55.16647936,4.717606018,236.9233889,1.858149822,4.237718312,0.875165787,310.5369869,107.3109592,2.15079247,24.3559304,25.02188567,25.2291163
2485.644,1408.204803,2821.016048,1742.316267,1828.442773,10.69246933,51.06137771,4.556145355,235.5846389,1.847359829,4.226860419,0.884321063,373.8598115,107.3303416,2.152534478,24.35443303,25.02376381,25.23018612
2485.7964,1408.251031,2821.108575,1742.367067,1828.513893,10.67519733,47.53698317,4.19915349,234.1373986,1.856856551,4.215647247,0.886763515,354.8889747,107.3289703,2.154486397,24.35396002,25.02564195,25.21155195
2485.9488,1408.297259,2821.201103,1742.417867,1828.585013,10.65792533,45.40408907,4.480648914,235.1183047,1.771157956,4.223482847,0.906682522,309.0678181,107.279586,2.156275436,24.3538271,25.02752009,25.19095881
2486.1012,1408.343487,2821.293629,1742.468667,1828.656133,10.64065333,42.98906187,4.353292227,235.4786146,1.669055293,4.220782234,0.9113079,207.6219829,107.2394256,2.157931227,24.35395573,25.02939823,25.18184937
2486.2536,1408.389715,2821.386156,1742.519467,1828.727253,10.62338133,40.79235949,3.969247471,235.7483887,1.557540296,4.21414717,0.906205083,166.9282144,107.2277835,2.159418043,24.35435187,25.03127637,25.18572255
2486.406,1408.435943,2821.478683,1742.570267,1828.798373,10.60610933,40.092706,4.122611754,238.3833905,1.36000608,4.22541088,0.915545826,183.1500807,107.2785666,2.160741674,24.35405978,25.03315451,25.19715974
2486.5584,1408.482171,2821.571211,1742.621067,1828.869493,10.58883733,38.64449134,3.945764262,239.2941868,1.248608754,4.222798925,0.914663484,208.9013477,107.3027043,2.161920416,24.35386536,25.03503265,25.20379035
2486.7108,1408.528399,2821.663738,1742.671867,1828.940613,10.57156533,36.28016766,3.372430672,238.1957871,1.236261195,4.203870419,0.901664761,243.6544772,107.319935,2.16292722,24.35390042,25.03691079,25.19706843
2486.8632,1408.574627,2821.756265,1742.722667,1829.011733,10.55429333,34.38622336,3.027842473,237.7702384,1.210976058,4.189172049,0.894398129,247.4800283,107.3321477,2.163773158,24.3548478,25.03878893,25.19855828
2487.0156,1408.620855,2821.848792,1742.773467,1829.082853,10.53702133,33.0270594,2.799206616,237.611063,1.203308697,4.179912782,0.888874571,150.8861912,107.3217598,2.164482963,24.35607468,25.04066707,25.185564
2487.168,1408.667083,2821.941319,1742.824267,1829.153973,10.51974933,36.4392122,3.152984408,240.7355071,1.133421179,4.226259792,0.892315835,58.02201679,107.312733,2.1650555,24.3574888,25.04254521,25.18870491
2487.3204,1408.713311,2822.033846,1742.875067,1829.225093,10.50247733,39.05521084,3.29630088,241.9515941,1.102577595,4.247033198,0.889133107,28.15014606,107.291941,2.16548474,24.35915113,25.04442335,25.1922917
2487.4728,1408.759539,2822.126373,1742.925867,1829.296213,10.48520533,40.70951004,3.191109015,241.1857207,1.13942478,4.245365539,0.878218633,18.31868092,107.2883174,2.165781063,24.36102845,25.04630149,25.19260518
2487.6252,1408.805767,2822.2189,1742.976667,1829.367333,10.46793333,41.15918595,2.76672645,237.9421003,1.25003022,4.21478039,0.857604938,29.31617015,107.2866549,2.165895874,24.36291586,25.04817963,25.19056552
2487.7776,1408.851995,2822.311428,1743.027467,1829.438453,10.45066133,40.31663715,2.582909656,235.9645054,1.350949353,4.215558375,0.852341222,22.23877389,107.2773611,2.165836637,24.36498728,25.05005777,25.19390697
2487.93,1408.898223,2822.403955,1743.078267,1829.509573,10.43338933,37.98720881,2.647566126,235.3351571,1.444864417,4.251043269,0.863610783,0.147571522,107.2389893,2.165649324,24.36740139,25.05193591,25.19890662
2488.0824,1408.944451,2822.496482,1743.129067,1829.580693,10.41611733,39.71009411,2.618353439,234.7186115,1.570889554,4.263430739,0.856367037,-1.714506889,107.1908607,2.165333459,24.3700257,25.05381405,25.2095438
2488.2348,1408.990679,2822.589009,1743.179867,1829.651813,10.39884533,44.43860358,2.618435769,234.8019277,1.713939657,4.271003622,0.839964831,10.47960177,107.1422327,2.164884925,24.37254543,25.05569219,25.22020079
2488.3872,1409.036907,2822.681536,1743.230667,1829.722933,10.38157333,48.31204267,2.659237114,234.4796774,1.851781148,4.276050846,0.827166288,37.57740081,107.0876198,2.164294415,24.37523231,25.05757033,25.2194103
2488.5396,1409.083135,2822.774063,1743.281467,1829.794053,10.36430133,51.2587457,2.716434051,233.5525423,1.9856887,4.275578896,0.817102973,68.95400752,107.0203604,2.163394987,24.37803434,25.05944847,25.209873
2488.692,1409.129363,2822.86659,1743.332267,1829.865173,10.34702933,52.50865086,2.878523043,232.7866129,2.118466086,4.29010266,0.817494444,74.88014114,106.9371679,2.162179239,24.38087931,25.06132661,25.20644792
2488.8444,1409.175591,2822.959117,1743.383067,1829.936293,10.32975733,52.23326012,3.149613398,232.1110006,2.241766594,4.315989488,0.827476291,73.85990223,106.8550971,2.161103107,24.3838241,25.06320475,25.2167254
2488.9968,1409.221819,2823.051645,1743.433867,1830.007413,10.31248533,57.91973974,3.07990764,235.974753,2.044512819,4.332337695,0.807354042,83.19415004,106.7794534,2.159927298,24.38677423,25.06508289,25.2334708
2489.1492,1409.268047,2823.144172,1743.484667,1830.078533,10.29521333,54.62568784,3.245976336,232.617687,2.619617651,4.337859976,0.820025692,101.2198282,106.7064489,2.158667783,24.38986739,25.06696102,25.25462698
2489.3016,1409.314275,2823.236699,1743.535467,1830.149653,10.27794133,54.18261762,3.286620669,232.0678046,2.998958575,4.34313305,0.820032515,125.8250663,106.6327451,2.157198528,24.39292187,25.06883916,25.27434691
2489.454,1409.360503,2823.329226,1743.586267,1830.220773,10.26066933,59.0522857,3.074351319,235.9768789,3.064167001,4.343795237,0.795294401,155.6893396,106.5217407,2.155524545,24.39597735,25.0707173,25.26799854
2489.6064,1409.406731,2823.421753,1743.637067,1830.291893,10.24339733,59.81297447,3.103767237,235.7274137,2.600122759,4.344278697,0.790335641,163.2089691,106.4042139,2.153269714,24.39911263,25.07259544,25.25870045
2489.7588,1409.452959,2823.51428,1743.687867,1830.363013,10.22612533,55.77639259,3.421984758,230.6649181,2.644262701,4.344814985,0.808726702,151.1374704,106.2942275,2.150737081,24.40218086,25.07447358,25.25142655
2489.9112,1409.499187,2823.606807,1743.738667,1830.434133,10.20885333,53.41207094,3.694567673,226.2207031,2.745987324,4.339671224,0.819619714,149.0173502,106.1922817,2.149055415,24.40524095,25.07635172,25.25810486
2490.0636,1409.545415,2823.699334,1743.789467,1830.505253,10.19158133,52.41782125,3.5387397,225.9490715,3.103190976,4.330320759,0.813277749,205.3047036,106.0883715,2.147638541,24.40823997,25.07822986,25.27719382
2490.216,1409.591643,2823.791861,1743.840267,1830.576373,10.17430933,53.00173839,2.96385274,230.9401077,3.270656705,4.32516961,0.790495051,205.0007708,105.9738685,2.146249614,24.4113899,25.080108,25.28932223
2490.3684,1409.637871,2823.884389,1743.891067,1830.647493,10.15703733,52.8397805,2.682175127,233.337772,3.19174401,4.32253721,0.778668358,233.1967757,105.8552951,2.144910052,24.41426943,25.08198614,25.30387531
2490.5208,1409.684099,2823.976916,1743.941867,1830.718613,10.13976533,50.38710798,2.700640634,231.8591397,3.248364627,4.318562472,0.782338964,258.6543898,105.7404283,2.143827832,24.41737087,25.08386428,25.30590697
2490.6732,1409.730327,2824.069443,1743.992667,1830.789733,10.12249333,45.4637577,3.086047316,226.0192112,3.331640334,4.314886164,0.804205527,293.792922,105.6309501,2.142701453,24.42037995,25.08574242,25.31812698
2490.8256,1409.776555,2824.16197,1744.043467,1830.860853,10.10522133,43.1728005,3.087609347,224.7093729,3.501092467,4.314170432,0.809126585,348.5117607,105.5232068,2.14136812,24.42334865,25.08762056,25.300842
2490.978,1409.822783,2824.254497,1744.094267,1830.931973,10.08794933,43.52289582,2.668176859,228.2143087,3.159807496,4.316521017,0.796235784,253.3397357,105.4329649,2.140550431,24.42626319,25.0894987,25.30162748
2491.1304,1409.869011,2824.347024,1744.145067,1831.003093,10.07067733,42.71761727,2.647349888,227.6280852,3.15059946,4.312942895,0.795978314,285.26267,105.3476283,2.14027607,24.42911706,25.09137684,25.30651546
2491.2828,1409.915239,2824.439551,1744.195867,1831.074213,10.05340533,42.79440891,2.515137017,228.4466738,3.247176551,4.311799073,0.791384916,390.4322711,105.2542636,2.14003421,24.43192904,25.09325498,25.31848848
2491.4352,1409.961467,2824.532078,1744.246667,1831.145333,10.03613333,43.42279243,2.448835794,228.7926003,3.248804341,4.309388925,0.786966083,449.4465015,105.1742662,2.139817381,24.43463921,25.09513312,25.32705263
2491.5876,1410.007695,2824.624606,1744.297467,1831.216453,10.01886133,44.440038,2.486654732,228.2681302,3.127899257,4.305684712,0.784241086,430.9998752,105.1190187,2.139353027,24.43729276,25.09701126,25.32422186
2491.74,1410.053923,2824.717133,1744.348267,1831.287573,10.00158933,47.0131726,2.357395008,229.8747561,2.98012498,4.304152955,0.773562077,417.0268618,105.0748936,2.138833187,24.43911446,25.0988894,25.31505513
2491.8924,1410.100151,2824.80966,1744.399067,1831.358693,9.984317331,51.0789223,2.114735121,233.0742864,2.759043541,4.303710231,0.756192317,438.5794112,105.0359339,2.139302981,24.43803946,25.10076754,25.30934822
2492.0448,1410.146379,2824.902187,1744.449867,1831.429813,9.967045331,54.67945608,1.966986935,235.0355674,2.602660137,4.301980704,0.743179,492.1794621,104.996609,2.140436166,24.43615137,25.10264568,25.32362748
2492.1972,1410.192607,2824.994714,1744.500667,1831.500933,9.949773333,60.57398332,2.0663954,235.8099993,2.667309832,4.304427169,0.734904876,499.25245,104.9392801,2.141865255,24.43578205,25.10452382,25.33581009
2492.3496,1410.238835,2825.087241,1744.551467,1831.572053,9.932501333,65.75252249,2.085877638,236.7143316,2.630808912,4.303433613,0.724842867,443.772978,104.8971263,2.14248047,24.43626816,25.10640196,25.33899762
2492.502,1410.285063,2825.179768,1744.602267,1831.643173,9.915229332,69.20972883,2.027591283,237.2058077,2.494035666,4.297181606,0.714952505,432.9903496,104.8797817,2.142606928,24.43634,25.1082801,25.33467936
2492.6544,1410.331291,2825.272295,1744.653067,1831.714293,9.897957332,73.157874,2.087578055,237.5474363,2.457363556,4.295465508,0.707875932,447.8146007,104.8825746,2.142563575,24.43551371,25.11015824,25.33632256
2492.8068,1410.377519,2825.364823,1744.703867,1831.785413,9.880685332,77.78984761,2.2843819,237.746805,2.525809728,4.298882847,0.703734285,462.6550194,104.8914369,2.142486868,24.43451382,25.11203638,25.33484877
2492.9592,1410.423747,2825.45735,1744.754667,1831.856533,9.863413332,81.17351051,2.521475316,237.2465282,2.598987689,4.301044205,0.702749312,488.2728963,104.8853834,2.142626321,24.43470418,25.11391452,25.34509572
2493.1116,1410.469975,2825.549877,1744.805467,1831.927653,9.846141333,85.73665316,2.63143392,236.6004298,2.546488685,4.298941874,0.69792121,513.4451297,104.8714324,2.143368024,24.43557319,25.11579266,25.35179913
2493.264,1410.516203,2825.642404,1744.856267,1831.998773,9.828869333,89.8922061,2.641019414,236.5902516,2.468826359,4.296362076,0.691225135,452.6725834,104.8586409,2.143959227,24.43571964,25.1176708,25.3492676
2493.4164,1410.562431,2825.734931,1744.907067,1832.069893,9.811597333,92.63729986,2.625576329,236.9703866,2.430060605,4.294876643,0.685838475,437.9998208,104.8597891,2.144351281,24.43606689,25.11954894,25.3527106
2493.5688,1410.608659,2825.827458,1744.957867,1832.141013,9.794325333,94.45674907,2.6922846,237.1283858,2.478862497,4.296197166,0.684294593,431.8569139,104.877873,2.144415199,24.43644823,25.12142708,25.35629688
2493.7212,1410.654887,2825.919985,1745.008667,1832.212133,9.777053333,95.15602842,2.81893522,237.2961297,2.617948874,4.300496281,0.686200072,451.0594817,104.9075104,2.144437933,24.43688021,25.12330522,25.35703589
2493.8736,1410.701115,2826.012513,1745.059467,1832.283253,9.759781324,98.40148177,2.878871405,237.4912859,2.64320531,4.302064822,0.681971453,477.8162127,104.9343807,2.144431648,24.4374478,25.12518336,25.35320262
2494.026,1410.747343,2826.10504,1745.110267,1832.354373,9.742509305,103.1573761,2.876191107,237.6740721,2.571413817,4.301344319,0.673644029,509.6643659,104.9572813,2.14439588,24.43769443,25.1270615,25.34597492
2494.1784,1410.793571,2826.197568,1745.161067,1832.425493,9.725237281,101.9996793,2.858651976,238.0068424,2.595083552,4.303175353,0.675395491,570.1380874,104.9803303,2.144350067,24.43831784,25.12893964,25.3419879
2494.3308,1410.839799,2826.290095,1745.211867,1832.496613,9.707965248,102.8994877,2.79692831,238.4992454,2.55441257,4.303985033,0.672435844,656.0340679,105.000927,2.144284209,24.43874162,25.13081778,25.34504238
2494.4832,1410.886028,2826.382624,1745.262669,1832.567735,9.690692812,102.5688329,2.755367224,238.8863177,2.534655008,4.30490224,0.672367543,522.2915163,105.023677,2.144180021,24.43914449,25.13269592,25.34843563
2494.6356,1410.932259,2826.475156,1745.313471,1832.638859,9.673419935,100.7432139,2.737462418,239.1900377,2.545460882,4.306153415,0.675754402,446.7960529,105.0338082,2.144098444,24.43939552,25.13457405,25.34951644
2494.788,1410.97849,2826.567689,1745.364274,1832.709983,9.656146795,99.95299751,2.68717365,239.5606116,2.503963854,4.30615232,0.676691673,409.6568431,105.0608382,2.143999771,24.43991804,25.13645219,25.34716909
2494.9404,1411.024722,2826.660224,1745.415079,1832.78111,9.638873279,99.4327766,2.617440718,239.9520945,2.428785399,4.30512205,0.676911067,407.3152764,105.0903678,2.143867458,24.44076282,25.13833033,25.3412478
2495.0928,1411.070947,2826.752745,1745.465876,1832.852225,9.621602412,96.21075582,2.546071541,240.2564915,2.347638633,4.304983944,0.682503399,474.3712626,105.1149164,2.143740979,24.4417296,25.14020847,25.34144147
2495.2452,1411.117164,2826.84525,1745.516664,1832.923328,9.60433449,92.0596653,2.50945938,240.5224139,2.280718594,4.30558536,0.691741439,694.9885782,105.128726,2.143617783,24.44298776,25.14208661,25.34858836
2495.3976,1411.163377,2826.937749,1745.567447,1832.994426,9.587067984,88.49126993,2.523043736,240.7893766,2.237683336,4.306085996,0.70238003,617.7101505,105.1341646,2.143463575,24.44451054,25.14396475,25.35417116
2495.55,1411.209584,2827.030234,1745.618225,1833.065514,9.569803749,85.84448258,2.61574712,241.0577226,2.24036041,4.30686097,0.714953249,503.6208117,105.1417537,2.143255619,24.4446123,25.14584289,25.35983491
2495.7024,1411.255805,2827.122745,1745.669016,1833.136622,9.552534688,81.40262096,2.634942543,241.3890025,2.225311652,4.307378546,0.727146703,444.82964,105.1531803,2.143115204,24.44519528,25.14772103,25.34859064
2495.8548,1411.302039,2827.215286,1745.719823,1833.207752,9.535260141,74.80928883,2.569164815,241.7848175,2.189479587,4.30757327,0.739047384,440.3035401,105.1743805,2.142945515,24.44630614,25.14959917,25.33612337
2496.0072,1411.348278,2827.307834,1745.770635,1833.278888,9.517984243,67.97392454,2.531524127,242.2024498,2.182793509,4.307996628,0.752326853,459.9135599,105.1768957,2.14271484,24.44784323,25.15147731,25.33207758
2496.1596,1411.394525,2827.400399,1745.821456,1833.350038,9.500705089,66.41545734,2.760124524,242.3811931,2.198157575,4.308673291,0.767267909,515.5464161,105.1571058,2.142482389,24.44987405,25.15335545,25.34303777
2496.312,1411.440769,2827.492958,1745.872274,1833.421182,9.483427111,64.90760322,2.978910508,242.6281695,2.208333698,4.308819997,0.781606663,532.3485058,105.14362,2.142393719,24.45158077,25.15523359,25.35308202
2496.4644,1411.487008,2827.585508,1745.923086,1833.49232,9.466150809,63.57347427,3.194929315,242.9459464,2.217321555,4.308456224,0.79541574,502.9714065,105.1246415,2.142322141,24.45347596,25.15711173,25.36539789
2496.6168,1411.533254,2827.67807,1745.973905,1833.563466,9.448872399,61.0115771,3.369986432,243.3404683,2.225794926,4.30781518,0.809195579,483.3017586,105.0998356,2.142268992,24.45557196,25.15898987,25.3646436
2496.7692,1411.579502,2827.770637,1746.024727,1833.634617,9.431592934,57.50729204,3.506453506,243.8192093,2.229714286,4.306747641,0.82258864,454.9639074,105.0688678,2.142235606,24.45788108,25.16086801,25.35417075
2496.9216,1411.627044,2827.865795,1746.076972,1833.707759,9.413829784,56.66065214,3.647027296,244.0287085,2.194705312,4.306507375,0.829635686,468.192894,105.0314034,2.142223318,24.46041564,25.16274615,25.35069619
2497.074,1411.676015,2827.963813,1746.130786,1833.7831,9.395532831,56.72279027,3.86105689,244.1606334,2.161327071,4.306094692,0.837951238,533.0305763,104.9871078,2.142233463,24.46318796,25.16462429,25.35864816
2497.2264,1411.72581,2828.063478,1746.185505,1833.859706,9.376928419,56.05001047,4.131644021,244.4032281,2.144619341,4.304723823,0.850489642,439.5149713,104.9356463,2.142267378,24.46621036,25.16650243,25.36472716
2497.3788,1411.776803,2828.165544,1746.241542,1833.938158,9.35787582,57.59854547,4.387639449,244.4231252,2.084128661,4.303904707,0.856649945,431.4317117,104.8766842,2.142326395,24.46949516,25.16838057,25.37488147
2497.5312,1411.81611,2828.244218,1746.284736,1833.99863,9.34318985,57.64502592,4.600791833,244.5542949,2.061370372,4.303037994,0.865377908,417.1641831,104.8098869,2.142411851,24.47305468,25.17025871,25.37584283
2497.6836,1411.842454,2828.296946,1746.313685,1834.039159,9.333347079,55.92442866,4.766135449,244.8228708,2.081270851,4.30205546,0.877216302,368.7528045,104.7349197,2.142525081,24.47690124,25.17213685,25.37219484
2497.836,1411.862228,2828.336524,1746.335415,1834.06958,9.325959021,55.0715032,4.901282476,244.9797392,2.09310846,4.301537532,0.886128399,354.3185102,104.6514481,2.14266742,24.48104716,25.17401499,25.37613855
2497.9884,1411.871762,2828.355607,1746.345892,1834.084248,9.322396844,54.20467798,4.997616028,245.103405,2.116818585,4.301352147,0.894230055,334.454929,104.5591373,2.142840203,24.48550476,25.17589313,25.38187004
2498.1408,1411.898913,2828.409951,1746.375728,1834.126019,9.312252546,59.88758598,5.164731348,245.0792483,2.088750152,4.300104619,0.883147313,345.5880637,104.4576527,2.143044765,24.49028635,25.17777127,25.39094225
2498.2932,1411.946191,2828.504579,1746.427682,1834.198754,9.294588227,62.87581046,5.413710682,245.0152047,2.016807959,4.29888542,0.883575232,327.4343919,104.3466596,2.14328244,24.49540426,25.17964941,25.40228472
2498.4456,1411.997051,2828.606378,1746.483572,1834.277,9.27558563,63.2440241,5.685049502,244.9700512,1.94081981,4.297830922,0.893299719,288.7756208,104.2258235,2.143554565,24.5008708,25.18152755,25.4102612
2498.598,1412.058873,2828.730117,1746.551508,1834.372111,9.252487314,60.02556474,6.00931438,244.9474771,1.848234461,4.296896653,0.916407086,235.4075406,104.0948096,2.143862474,24.5066983,25.18340569,25.41646868
2498.7504,1412.109383,2828.831215,1746.607014,1834.449819,9.233615404,61.17917154,6.325859988,245.1137256,1.833737159,4.295280326,0.926054338,191.4110062,103.9532834,2.144207503,24.51289908,25.18528383,25.42391449
2498.9028,1412.145968,2828.904441,1746.647218,1834.506104,9.21994614,67.21795115,6.629681889,245.5002786,1.910365537,4.292888846,0.920483504,144.216959,103.8009101,2.144590986,24.51948545,25.18716197,25.42810307
2499.0552,1412.1856,2828.983766,1746.690769,1834.567076,9.20513856,70.20971246,6.867292176,245.5394901,1.897920472,4.291388043,0.920371893,121.9543325,103.6373551,2.145014258,24.52646974,25.18904011,25.43420651
2499.2076,1412.222622,2829.057867,1746.731453,1834.624033,9.191306235,69.7067403,6.94207547,244.9108632,1.728633557,4.29154065,0.922112323,110.7052019,103.4622838,2.145478655,24.53386425,25.19091825,25.44284459
