TDEP,TT,TWT,Vave,Vrms,TT Gradient,ROP,WOB,RPM,TORQUE,FLOWIN,DXC,SEDP,DTCO,RHO8,PP_PRI,trend,PP
2686.812,1486.161362,2985.004408,1775.499893,1809.099941,6.140330291,73.68253918,4.064505603,78.21093652,3.543003155,2.520336866,0.866137389,1.345549487,116.4098141,2.325494386,33.09608177,26.83442927,27.0387452
2686.9644,1488.729005,2990.160932,1778.507296,1812.167293,6.154435778,73.59185915,4.056827372,78.06929571,3.552153171,2.52458355,0.867504119,1.352491666,115.6890878,2.324791844,31.92675159,26.88167605,27.04258424
2687.1168,1486.190086,2985.060765,1775.4147,1809.019165,6.147416574,73.20568744,4.035115698,78.01362064,3.548271218,2.520196452,0.865969443,1.354766952,115.3317852,2.324120067,30.89970861,26.83670608,27.0439539
2687.2692,1490.568338,2993.853968,1780.586512,1814.291801,6.169003128,73.03608377,4.032372454,77.6787341,3.558385199,2.527603662,0.868766361,1.363078714,116.3443131,2.323482092,30.00771552,26.91662355,27.04857452
2687.4216,1489.625349,2991.959301,1779.40289,1813.08863,6.168549669,72.56697043,4.015085976,77.67585883,3.5549419,2.526014904,0.868515593,1.366514821,115.6937182,2.322880951,29.24353504,26.90043146,27.05062573
2687.574,1489.879356,2992.468848,1779.650153,1813.343369,6.173036605,72.10652336,4.000958241,77.41192542,3.553289783,2.526487573,0.869057835,1.371022387,115.5963737,2.322319681,28.59992989,26.90583843,27.05322441
2687.7264,1486.00952,2984.695533,1774.971727,1808.579146,6.160442436,71.39044821,3.976133661,77.28122129,3.540644179,2.519990859,0.86738266,1.371544757,115.0976236,2.321801314,28.06966277,26.83676868,27.05380146
2687.8788,1490.656864,2994.029241,1780.467427,1814.181639,6.183137199,70.94290101,3.975441267,77.00591007,3.545379836,2.527991747,0.871189303,1.379259327,115.8575977,2.321328887,27.64549639,26.92150353,27.05839551
2688.0312,1491.153715,2995.026567,1781.006391,1814.733491,6.188610513,70.24676856,3.964131315,77.24930163,3.53912449,2.528975977,0.872747577,1.382915549,115.6924247,2.320905432,27.32019346,26.93126817,27.06095891
2688.1836,1492.793021,2998.318563,1782.911015,1816.67679,6.198823912,69.55884353,3.956206708,77.38049471,3.534590113,2.531916993,0.875119913,1.387428841,115.9479416,2.320533986,27.0865167,26.96164698,27.0640534
2688.336,1489.047241,2990.794467,1778.384868,1812.067467,6.186683002,68.58157674,3.934481131,77.70812167,3.516506527,2.525734216,0.874485691,1.386675042,116.2220845,2.320217581,26.93722882,26.89474918,27.06453387
2688.4884,1492.128348,2996.982391,1782.013844,1815.767622,6.202850605,67.8108941,3.932577671,77.85549034,3.512298254,2.531158756,0.878335611,1.391407543,116.4497251,2.319959253,26.86509253,26.95112926,27.06824729
2688.6408,1490.00272,2992.712453,1779.425536,1813.132669,6.197341466,66.77124209,3.917447717,78.40314696,3.495146481,2.527761206,0.879246497,1.391019363,116.7493326,2.319762036,26.86287054,26.91344821,27.06942197
2688.7932,1489.32787,2991.356452,1778.570398,1812.263685,6.197820004,65.76282527,3.906852829,78.65514466,3.480715001,2.526832658,0.881174738,1.391644593,117.1286897,2.319628964,26.92332555,26.9019634,27.0712714
2688.9456,1484.922704,2982.508008,1773.260283,1806.855351,6.18270207,64.55528405,3.887537868,78.89540821,3.456893059,2.519579081,0.88111199,1.388355224,116.6169782,2.319563072,27.03922029,26.8231027,27.0712529
2689.098,1489.452649,2991.605985,1778.620807,1812.31981,6.204623227,63.64607411,3.894559562,78.76291516,3.451978184,2.527493235,0.886937207,1.392211071,116.115605,2.319567395,27.20331746,26.90563833,27.07551106
2689.2504,1490.251363,2993.209692,1779.525963,1813.244482,6.21091963,62.54943629,3.892980768,78.89202467,3.437811491,2.529076774,0.890745273,1.392113497,115.5792994,2.319580387,27.21085345,26.92077074,27.07790989
2689.4028,1492.501365,2997.728354,1782.164486,1815.935343,6.223239351,61.49153558,3.896337386,78.66927854,3.426546288,2.533113667,0.895620406,1.392861379,117.871529,2.319870812,27.32348541,26.96211421,27.08100386
2689.5552,1489.544294,2991.788479,1778.585603,1812.290961,6.213851572,60.19987833,3.887162645,78.48477841,3.402963223,2.528299416,0.897563145,1.38826702,117.4161765,2.320198059,27.5512837,26.90938688,27.08153913
2689.7076,1493.417246,2999.566898,1783.163174,1816.957547,6.232878544,59.13018567,3.89883363,78.08770241,3.393811664,2.535053072,0.904150559,1.388757557,117.0807901,2.320545212,27.88378347,26.98003112,27.08537527
2689.86,1491.90302,2996.525043,1781.309139,1815.070583,6.229428588,57.83125743,3.897453759,78.17552356,3.372059745,2.532649412,0.907648587,1.38374895,117.2184527,2.321004112,28.34235162,26.95333733,27.08656471
2690.0124,1491.532882,2995.781126,1780.821476,1814.575865,6.230757634,56.56583707,3.900305263,78.11624912,3.352655728,2.532168518,0.91203845,1.37922685,116.5917754,2.321518276,28.9286938,26.94730687,27.08830651
2690.1648,1487.010814,2986.697954,1775.37659,1809.029973,6.214693338,55.13565339,3.893583905,78.21965223,3.323721845,2.524624271,0.914079791,1.370340471,116.3002494,2.322172516,28.92826382,26.86626576,27.08796401
2690.3172,1491.012248,2994.734455,1780.108595,1813.853892,6.234058389,54.00476784,3.912612042,78.14885236,3.313302856,2.531514529,0.921848906,1.36802705,116.7896009,2.322907514,28.94625476,26.93921966,27.09178034
2690.4696,1490.886546,2994.481507,1779.913637,1813.657437,6.236106777,52.72175053,3.922125163,78.51979406,3.293543645,2.531381244,0.927244419,1.36142476,116.9542616,2.323658282,28.94989959,26.93760096,27.09353091
2690.622,1491.960259,2996.637614,1781.150593,1814.920046,6.243179654,51.4806134,3.936172171,78.65513112,3.276387439,2.533254117,0.933588862,1.355379386,116.1575563,2.324708124,28.96115806,26.95765363,27.09587508
2690.7744,1487.709585,2988.09956,1776.030892,1809.705492,6.227994641,50.05436733,3.937297143,78.84712068,3.247504108,2.526059043,0.936780577,1.3440919,114.8982215,2.325941876,28.97138459,26.88150506,27.09555902
2690.9268,1490.384832,2993.472383,1779.17936,1812.915909,6.241675799,48.87312761,3.959772967,78.78519042,3.233856831,2.530566074,0.944725494,1.338051842,114.5220566,2.327474791,28.96539861,26.93050616,27.09867028
2691.0792,1487.948689,2988.578857,1776.225926,1809.908736,6.233922437,47.53035138,3.969795482,79.13018919,3.209230365,2.52636646,0.94957706,1.327044485,114.7616359,2.328756196,28.95502499,26.88714927,27.09921376
2691.2316,1487.094907,2986.863533,1775.160778,1808.825719,6.232727172,46.2568652,3.985330699,79.24282639,3.188426643,2.524818591,0.955573426,1.317032725,115.0969161,2.330430219,28.94052383,26.87239927,27.10053516
2691.384,1482.620466,2977.87602,1769.772872,1803.338053,6.216189436,44.90148708,3.992200629,79.4447029,3.160466602,2.517100791,0.959294714,1.303570149,114.2489691,2.332097912,28.92886306,26.79224126,27.09998306
2691.5364,1487.216426,2987.106602,1775.211674,1808.88255,6.237308732,43.89298157,4.026033718,79.41755133,3.153083089,2.524732305,0.969016964,1.297468654,113.8438157,2.333797488,28.90907613,26.87601449,27.10397735
2691.6888,1488.190619,2989.062778,1776.327228,1810.02185,6.243066234,42.81188261,4.051074147,79.79339424,3.138622135,2.526193615,0.976411218,1.287985398,113.2850051,2.335214942,28.88804434,26.89434622,27.10611169
2691.8412,1490.74727,2994.197349,1779.331095,1813.085336,6.255397587,41.80211029,4.081493371,79.87390032,3.127995618,2.530308553,0.984935574,1.279595259,114.9667469,2.336998537,28.86774168,26.9412875,27.1090471
2691.9936,1488.191932,2989.064374,1776.232825,1809.930967,6.24626186,40.66667894,4.098632679,79.92494593,3.106973451,2.525721942,0.990158075,1.266683831,114.8978544,2.338952255,28.85703266,26.89585324,27.10938323
2692.146,1492.565224,2997.847691,1781.403924,1815.202911,6.266037347,39.7891082,4.136453761,79.59994348,3.101582318,2.532846238,1.000051448,1.259405166,115.2756638,2.341044331,28.8462632,26.9756505,27.11323697
2692.2984,1491.611664,2995.93192,1780.217339,1813.996544,6.26345801,38.78624504,4.16023062,79.55066351,3.085405516,2.530906831,1.006449489,1.247416893,114.6705065,2.343159128,28.84521669,26.95917331,27.11438741
2692.4508,1491.858474,2996.427111,1780.463106,1814.249729,6.265901495,37.84181918,4.188053619,79.16316959,3.072247325,2.530978649,1.013697034,1.236190525,114.6657883,2.345545948,28.84786642,26.96439663,27.11615379
2692.6032,1487.976652,2988.629862,1775.781379,1809.48195,6.250885497,36.83678063,4.204526283,78.81619493,3.051417304,2.524035794,1.018046634,1.221509536,114.3830545,2.347891432,28.8547518,26.89500472,27.11578676
2692.7556,1492.624428,2997.964473,1781.279306,1815.087077,6.271340966,36.16535308,4.24535063,78.27773894,3.050228144,2.531544267,1.027914227,1.214093131,114.2721027,2.349984246,28.85097128,26.97979325,27.11978201
2692.908,1493.116673,2998.952628,1781.818554,1815.639405,6.27422255,35.43754137,4.274512758,78.26295983,3.041298518,2.531997928,1.034811416,1.20330506,113.190217,2.351947019,28.85149619,26.98946501,27.12163897
2693.0604,1494.754349,3002.241401,1783.724768,1817.584639,6.281908683,34.76325805,4.307111884,78.1499511,3.035137584,2.534383559,1.042472829,1.193457718,113.5749673,2.354457094,28.86357853,27.01984062,27.12409252
2693.2128,1491.001361,2994.702925,1779.197961,1812.974744,6.266954307,33.98244551,4.324035053,78.24338817,3.018317771,2.527625377,1.046333354,1.179494745,113.9995472,2.356884686,28.8701871,26.95277532,27.1237646
2693.3652,1494.086749,3000.899447,1782.831338,1816.67999,6.280538341,33.45746519,4.359861155,78.18779913,3.017021753,2.532460714,1.054616422,1.171790625,114.5424649,2.359207011,28.88846111,27.0093346,27.12697127
2693.5176,1491.959901,2996.6271,1780.245188,1814.047625,6.272191733,32.84127599,4.380274422,78.58628745,3.005616143,2.528457446,1.05914369,1.160249121,115.0095673,2.361235636,28.90212447,26.97167022,27.12747752
2693.67,1491.286822,2995.27467,1779.393552,1813.182732,6.26987377,32.2958356,4.404478016,78.72929729,2.997865966,2.526919562,1.064539613,1.150201552,115.4158585,2.363569169,28.91124218,26.96029281,27.128729
2693.8224,1486.878692,2986.420319,1774.085123,1807.776471,6.251632033,31.73515587,4.416685688,78.89780679,2.983882568,2.519065387,1.066931391,1.137836437,114.4017306,2.365574341,28.90773795,26.88140186,27.1279952
2693.9748,1491.417994,2995.537031,1779.452946,1813.249292,6.270499038,31.53179452,4.452700277,78.74922251,2.990860668,2.526409066,1.074850611,1.133941175,113.9616954,2.367797725,28.89468415,26.96428262,27.1319402
2694.1272,1492.220994,2997.149322,1780.363405,1814.180105,6.273440114,31.31482827,4.476458991,78.93341604,2.991510766,2.527440685,1.079717208,1.12785966,113.8174681,2.369695353,28.894777,26.97961172,27.13391434
2694.2796,1494.477443,3001.680889,1783.008244,1816.87824,6.282397223,31.16491897,4.503423702,78.79111028,2.995635407,2.530955247,1.085380007,1.123591894,116.2777079,2.371619815,28.88732545,27.02121825,27.13665192
2694.432,1491.520375,2995.741025,1779.432997,1813.238141,6.269396692,30.93041714,4.513511825,78.65786215,2.989633782,2.525662448,1.087044845,1.116095069,115.6503513,2.373234995,28.89072674,26.96856261,27.13664102
2694.5844,1495.403458,3003.539709,1784.018798,1817.914155,6.284889903,30.94786251,4.540796535,78.24935204,2.999120983,2.532011586,1.092904891,1.115638742,115.4531624,2.37530306,28.87144788,27.03958671,27.14024739
2694.7368,1493.892813,3000.505014,1782.170211,1816.033509,6.277705911,30.87426856,4.55056134,78.27639524,2.998001424,2.529249094,1.094626727,1.111829443,115.1922699,2.377239659,28.86616427,27.01307709,27.1410138
2694.8892,1493.527974,2999.771692,1781.688813,1815.546024,6.275279055,30.85381529,4.562280909,78.13833738,2.999597402,2.528456754,1.096899474,1.109708784,114.7688133,2.378783265,28.85188142,27.00728383,27.14238798
2695.0416,1489.005463,2990.68763,1776.247826,1810.004724,6.255211479,30.80415545,4.559553786,78.20051848,2.993906814,2.520657185,1.095687648,1.105285238,114.9195079,2.380096673,28.85625949,26.92630982,27.14153428
2695.194,1493.017496,2998.745322,1780.988867,1814.839,6.270521112,31.0906387,4.578155824,78.17522476,3.008275482,2.52738832,1.099563084,1.109419139,114.9407997,2.381365496,28.8711188,26.99966935,27.14525006
2695.3464,1492.896444,2998.501665,1780.800445,1814.65011,6.268307606,31.34709472,4.582233397,78.69698506,3.015266956,2.527157358,1.099950076,1.111350667,114.9963316,2.382273989,28.86046551,26.99827912,27.14676152
2695.4988,1493.975906,3000.66926,1782.044509,1815.920928,6.271061156,31.65644903,4.588027523,79.04747265,3.024988872,2.529001079,1.100871078,1.115212729,114.5556745,2.383384411,28.85328451,27.01859513,27.14892077
2695.6512,1489.72353,2992.127791,1776.928682,1810.710968,6.251397461,31.87068381,4.575756666,79.45017703,3.024094629,2.521855551,1.097585224,1.11593249,113.0618678,2.384406211,28.84993718,26.94248602,27.14820366
2695.8036,1492.405932,2997.514905,1780.08517,1813.930633,6.260547048,32.33576714,4.579966625,79.52362077,3.039001086,2.526539295,1.098412197,1.12407755,113.0584531,2.385514992,28.84563679,26.99179851,27.1512363
2695.956,1489.969764,2992.621306,1777.136589,1810.929163,6.248164996,32.71260074,4.566664354,79.87846967,3.043725754,2.522593313,1.095163504,1.12935738,113.1186535,2.386141417,28.8302001,26.94853623,27.15149579
2696.1084,1489.117338,2990.908667,1776.077004,1809.852653,6.242285345,33.1593434,4.555978541,79.8527057,3.052214433,2.521371883,1.092657412,1.137068397,113.4120179,2.386865299,28.81392127,26.93392447,27.15260153
2696.2608,1484.638516,2981.912363,1770.692165,1804.368705,6.220952243,33.58826031,4.532055702,79.78833142,3.054565785,2.514044617,1.086960616,1.142993341,112.6535675,2.387408316,28.80095776,26.85373217,27.15170005
2696.4132,1489.240955,2991.155864,1776.139185,1809.922707,6.23713832,34.37483795,4.530660216,79.43661483,3.078688367,2.52217998,1.086622799,1.157971323,112.768627,2.387868732,28.78205565,26.93780588,27.15578994
2696.5656,1490.215824,2993.113353,1777.260377,1811.068626,6.237903966,35.13812691,4.516112152,79.50013049,3.096473036,2.524206421,1.083118212,1.171077529,112.3549958,2.387908717,28.76418172,26.95626253,27.15789056
2696.718,1492.77427,2998.251472,1780.270485,1814.139412,6.245172459,35.97002158,4.504296238,79.33071466,3.118021879,2.528956926,1.080364599,1.186405515,112.414511,2.388190571,28.75114024,27.00336457,27.16086165
2696.8704,1490.213118,2993.106825,1777.174991,1810.988462,6.230960762,36.69571953,4.475535152,79.22061229,3.129167963,2.525066048,1.073632183,1.198225536,114.3522678,2.388331922,28.73511497,26.95785926,27.1610143
2697.0228,1494.588856,3001.894987,1782.352809,1816.268258,6.24552113,37.66807919,4.463758385,78.84830275,3.156468516,2.533000337,1.071053868,1.216751664,114.4696087,2.388607598,28.72116809,27.03784065,27.16500713
2697.1752,1493.630134,2999.968843,1781.169401,1815.065769,6.237781047,38.51575778,4.434647491,78.87179815,3.172586467,2.531924435,1.06442126,1.231426162,113.9988394,2.388725406,28.70491511,27.0213143,27.16607049
2697.3276,1493.872826,3000.455754,1781.418881,1815.323436,6.235008556,39.41080615,4.407595854,78.63978965,3.191535637,2.532915873,1.058363898,1.247594785,113.7027347,2.388929739,28.70031106,27.02652146,27.16780307
2697.48,1489.980931,2992.638315,1776.738054,1810.556981,6.214845955,40.23339769,4.367194814,78.48901372,3.202590981,2.52691241,1.049049786,1.260467216,113.3165772,2.389119544,28.71721166,26.95693002,27.16724393
2697.6324,1494.629183,3001.973837,1782.241892,1816.169062,6.229976473,41.38233496,4.349099253,78.13903071,3.234507069,2.535426447,1.044918684,1.280685003,113.7467205,2.388913818,28.72721239,27.04184452,27.17146995
2697.7848,1495.11599,3002.951078,1782.784192,1816.725128,6.227664355,42.44882631,4.317888101,78.26938923,3.258222333,2.536894894,1.037580589,1.297366576,112.6465879,2.38865253,28.7324574,27.05145882,27.17340273
2697.9372,1496.749315,3006.231114,1784.693994,1818.674705,6.230111665,43.5592935,4.289205316,78.18581138,3.284751455,2.540325582,1.03085431,1.314935485,112.70366,2.388815208,28.74471638,27.08181096,27.17598823
2698.0896,1492.984469,2998.668889,1780.167135,1814.065057,6.210096978,44.51575605,4.244725184,78.17034804,3.299678358,2.5346033,1.02031802,1.327401684,113.2420179,2.388868701,28.74938342,27.01448915,27.17556326
2698.242,1496.06638,3004.858424,1783.804465,1817.775052,6.218451875,45.71155847,4.218852142,77.873238,3.331151348,2.540512633,1.014094982,1.344991107,114.0161557,2.388813631,28.76490857,27.07105096,27.17899281
2698.3944,1493.928823,3000.564628,1781.218688,1815.143407,6.205124674,46.74877472,4.177941827,77.98359031,3.351163288,2.537565945,1.004251404,1.357596354,114.540724,2.388673492,28.77092313,27.03316317,27.17950156
2698.5468,1493.246635,2999.193946,1780.368172,1814.280073,6.197811779,47.83848885,4.140993024,77.85547255,3.374842703,2.537089643,0.995298013,1.37109274,115.4343419,2.388558989,28.76586165,27.02161143,27.18082496
2698.6992,1488.824282,2990.311116,1775.058222,1808.872391,6.174854221,48.83047329,4.093882077,77.88421801,3.390990467,2.530240575,0.983735192,1.38061812,114.3369592,2.388253664,28.76595444,26.94238421,27.18002262
2698.8516,1493.360803,2999.422233,1780.42994,1814.349876,6.188827762,50.1619755,4.072281987,77.79703032,3.42970242,2.538568203,0.977871679,1.396630284,114.4556499,2.388095464,28.75862208,27.02528132,27.18433327
2699.004,1494.156065,3001.019014,1781.34166,1815.282379,6.187215207,51.38538651,4.040879994,78.31015321,3.460604464,2.540515221,0.969482448,1.408439624,114.0805631,2.38755771,28.76257923,27.04046835,27.18653394
2699.1564,1496.406696,3005.538912,1783.988629,1817.983178,6.191623131,52.66221454,4.014199082,78.71102861,3.495372516,2.544916011,0.962071919,1.420538387,116.0883926,2.3872267,28.76260814,27.08199121,27.18956933
2699.3088,1493.437162,2999.574087,1780.412059,1814.341847,6.174445864,53.75254927,3.974482461,79.28251966,3.51834103,2.540417649,0.95139291,1.426536505,115.8225703,2.386891726,28.76586073,27.02904103,27.18963874
2699.4612,1497.316877,3007.36601,1785.000862,1819.021491,6.185580321,55.08457223,3.955619954,79.63964454,3.55862889,2.54750211,0.945293248,1.43618982,115.7760012,2.386863645,28.76751564,27.1000514,27.19363375
2699.6136,1495.796202,3004.311239,1783.151756,1817.1405,6.174464997,56.20713061,3.923499898,80.4462058,3.586255887,2.545378382,0.93591171,1.439431095,115.9587525,2.38691366,28.74735239,27.07331564,27.19455999
2699.766,1495.423282,3003.561739,1782.670695,1816.653628,6.16812505,57.36332538,3.89583446,81.01230382,3.616974459,2.545174062,0.927423454,1.442279036,115.4893124,2.386874084,28.72929496,27.067355,27.19614329
2699.9184,1490.887956,2994.452039,1777.227386,1811.109932,6.144588472,58.35648176,3.858877678,81.6951963,3.638169363,2.537840879,0.916516225,1.439828515,115.4490636,2.386586538,28.744075,26.9860596,27.19533297
2700.0708,1494.898957,3002.507665,1781.971679,1815.948075,6.156223651,59.66886772,3.848199909,82.19040244,3.681446729,2.544938319,0.911313501,1.442451858,116.0049651,2.386284242,28.74875401,27.05946087,27.19947617
2700.2232,1494.772238,3002.252679,1781.783846,1815.760038,6.150825471,60.80842113,3.828539982,83.1904687,3.71493172,2.544945859,0.903781734,1.439742893,116.3007882,2.385931751,28.75432243,27.05796046,27.20125309
2700.3756,1495.848169,3004.413223,1783.029437,1817.03276,6.15041397,61.98626535,3.813968042,83.9766134,3.751800954,2.546954124,0.89723018,1.436509415,115.9539984,2.385953604,28.74888782,27.07823074,27.20373519
2700.528,1491.58601,2995.852203,1777.911724,1811.820844,6.128082728,62.93251625,3.787600856,84.82336333,3.775621813,2.539832836,0.887710808,1.426750602,114.0819012,2.386187398,28.75197247,27.00187435,27.20312914
2700.6804,1494.26817,3001.23886,1781.070897,1815.043697,6.13432774,64.13321855,3.783754445,85.35176833,3.81763972,2.544417161,0.882986169,1.420431733,114.2852959,2.386834275,28.75981514,27.05123487,27.2065739
2700.8328,1491.825637,2996.332565,1778.121619,1812.04159,6.119579556,65.09684477,3.768782375,86.20902403,3.846712544,2.540234159,0.875498628,1.407966436,114.4679293,2.387103415,28.76061875,27.00782247,27.2070414
2700.9852,1490.969198,2994.61193,1777.062389,1810.965625,6.111351796,66.1108829,3.760095879,86.69330683,3.880096114,2.538696569,0.86927039,1.395651713,115.2144401,2.38777586,28.76523513,26.99313185,27.20842462
2701.1376,1486.482151,2985.599207,1771.675418,1805.479404,6.088206557,66.94368096,3.744369654,87.13344329,3.904136297,2.530916979,0.861244992,1.379175334,115.0660277,2.388243041,28.76472654,26.91272118,27.20765957
2701.29,1491.088563,2994.850688,1777.126159,1811.037717,6.102302202,68.12521567,3.757001207,87.21943909,3.952023243,2.538473137,0.859337032,1.368953722,114.671817,2.388781165,28.76124227,26.99695405,27.21226181
2701.4424,1492.063207,2996.807763,1778.24856,1812.185097,6.101541897,69.11544702,3.762638,87.65719563,3.990189603,2.539788246,0.85567934,1.354591705,114.2107512,2.389036756,28.75773018,27.01543015,27.21473276
2701.5948,1494.623754,3001.950118,1781.260929,1815.258527,6.107284511,70.16009529,3.774572995,87.76770136,4.032712149,2.543748112,0.853269529,1.340508708,113.9274619,2.389672544,28.76001883,27.06262238,27.21814309
2701.7472,1492.058618,2996.797544,1778.164324,1812.106406,6.092089196,70.95073054,3.775399582,87.88646298,4.061521196,2.538942103,0.848198082,1.320940318,115.7842436,2.390503178,28.76527967,27.01701014,27.21854098
2701.8996,1496.439841,3005.596728,1783.345671,1817.390252,6.105323421,72.01273957,3.79866267,87.6756204,4.108892314,2.54583992,0.847874624,1.305615529,115.8060734,2.391524879,28.76182057,27.09717969,27.22305349
2702.052,1495.480359,3003.669122,1782.162322,1816.187885,6.096821267,72.79806206,3.810219023,87.82374093,4.141561249,2.543613795,0.84481545,1.284551639,115.410452,2.392572841,28.75496752,27.08063899,27.22442749
2702.2044,1495.724259,3004.158509,1782.412763,1816.446686,6.093264105,73.61849558,3.82686396,87.62376688,4.177495768,2.543390587,0.842770422,1.26351183,115.3184829,2.39393184,28.74618381,27.08589193,27.22650923
2702.3568,1491.828923,2996.334251,1777.730201,1811.678308,6.072858655,74.20445191,3.834557458,87.41483198,4.201454873,2.536086284,0.838723886,1.238657225,114.4893917,2.395146251,28.74820876,27.01619327,27.22612425
2702.5092,1496.485329,3005.686147,1783.237999,1817.294872,6.08734473,75.1293534,3.868309671,86.8716277,4.248006513,2.54321274,0.840349864,1.220663582,115.016497,2.396120059,28.76087447,27.10136197,27.23082228
2702.6616,1496.975608,3006.670397,1783.781529,1817.852326,6.084941862,75.81061603,3.892865309,86.74567032,4.282139962,2.543220699,0.83997234,1.199012412,114.4900502,2.397273399,28.76875899,27.11107612,27.23305324
2702.814,1498.61422,3009.961078,1785.693421,1819.804249,6.087243188,76.53057213,3.921847998,86.40426797,4.319349659,2.545148423,0.840495755,1.177944144,114.7294423,2.398832251,28.77574791,27.14158409,27.23597832
2702.9664,1494.848181,3002.396545,1781.16513,1815.192964,6.067595332,76.96440336,3.937626917,86.27748979,4.340848819,2.537875789,0.838151484,1.15264195,114.9350499,2.40036221,28.77419106,27.07420959,27.23569642
2703.1188,1497.937956,3008.601893,1784.805621,1818.906491,6.075836364,77.69046393,3.973909767,86.06985358,4.380805018,2.542179731,0.840237891,1.133567667,114.9246268,2.401844045,28.78269293,27.13100391,27.23952039
2703.2712,1495.801865,3004.311115,1782.219526,1816.274439,6.062917435,78.12879916,3.997240077,86.50140219,4.405131538,2.537595385,0.839581185,1.11075433,115.1072377,2.40323761,28.78202389,27.09314264,27.24023607
2703.4236,1495.123005,3002.947173,1781.36962,1815.411738,6.055929472,78.62112842,4.025168721,86.80911375,4.43320517,2.535466189,0.839938787,1.089751966,117.3985308,2.404656882,28.78027376,27.08167567,27.24182151
2703.576,1490.699267,2994.061651,1776.057647,1810.001707,6.033791809,78.88048764,4.04328591,87.25995936,4.449079286,2.526972314,0.838414088,1.067487981,116.718417,2.405981839,28.77723396,27.00237997,27.24112636
2703.7284,1495.245784,3003.192825,1781.433118,1815.483347,6.048049499,79.52024796,4.086358834,87.40181708,4.488629365,2.533653093,0.842500954,1.055141404,115.1504646,2.407328778,28.77171213,27.08556681,27.24583184
2703.8808,1496.046242,3004.800058,1782.345918,1816.416978,6.047212251,79.92167163,4.119343468,87.88509374,4.515627399,2.533977743,0.84469347,1.04166181,115.0669879,2.408359594,28.77366485,27.10088768,27.24827542
2704.0332,1498.303693,3009.333654,1784.994825,1819.119866,6.052271677,80.38438905,4.156163629,87.97630955,4.546232852,2.53677128,0.84778349,1.030626102,116.944054,2.408569065,28.760857,27.14259614,27.25161321
2704.1856,1495.334143,3003.368856,1781.416613,1815.476578,6.036187565,80.56165341,4.178068657,88.06333628,4.560435159,2.530720562,0.847914131,1.017289241,116.8781444,2.408845431,28.75743675,27.08961415,27.2518041
2704.338,1499.222295,3011.177716,1786.008254,1820.159316,6.04779696,81.06032042,4.218026786,87.84456219,4.593080554,2.536289488,0.852100072,1.012317656,116.519377,2.409678335,28.75379668,27.16086269,27.25615313
2704.4904,1497.703038,3008.125842,1784.158329,1818.277285,6.03759032,81.26020833,4.242406467,88.07696018,4.608569885,2.532718638,0.853217902,1.004709134,116.6586465,2.410680694,28.76353876,27.13414215,27.25724597
2704.6428,1497.332779,3007.381729,1783.67717,1817.790186,6.032000341,81.51256598,4.269200263,88.04990267,4.626775972,2.531107576,0.854963693,0.999388758,116.2738789,2.411689278,28.76897375,27.12823772,27.2590383
2704.7952,1492.794679,2998.266535,1778.230903,1812.243031,6.009629573,81.5102245,4.283030655,88.09538747,4.630769266,2.522470702,0.85436766,0.993118167,114.2972652,2.412506032,28.75919301,27.0468252,27.25825662
2704.9476,1496.813545,3006.337928,1782.977821,1817.084014,6.021782113,81.89625723,4.318438833,87.83665716,4.657431972,2.528345848,0.858791815,0.997697286,114.4715312,2.413214587,28.75795922,27.12044777,27.2626597
2705.1,1496.689283,3006.087885,1782.78977,1816.895605,6.017310288,82.02565235,4.340704952,87.97232796,4.66969022,2.527245916,0.860872988,1.001361146,116.5464348,2.413979344,28.75313799,27.11899628,27.2645196
2705.2524,1497.76895,3008.255931,1784.035903,1818.168815,6.017648219,82.2160945,4.364855929,87.78952087,4.684707629,2.528208393,0.863520437,1.007802034,116.5773384,2.414789912,28.74709027,27.13935797,27.26712669
2705.4048,1493.503449,2999.688259,1778.915129,1812.953325,5.996451454,82.11678715,4.371889968,87.65820337,4.682334739,2.520175199,0.862930671,1.012354658,114.5305638,2.415870252,28.76114665,27.06286991,27.26644988
2705.5572,1496.190667,3005.085056,1782.075809,1816.177767,6.00315148,82.36838308,4.395077004,87.26728323,4.698806229,2.523951754,0.866132835,1.026777885,114.2435487,2.416987501,28.77467276,27.11236917,27.27002817
2705.7096,1493.746342,3000.175201,1779.124555,1813.173326,5.989235301,82.33784399,4.401518053,87.3495615,4.698289804,2.519101244,0.866212116,1.039629246,113.742456,2.417687323,28.77922184,27.06887967,27.27044944
2705.862,1492.889796,2998.454373,1778.064334,1812.096147,5.981657213,82.3904264,4.410332414,87.18021434,4.701561028,2.516968268,0.867018784,1.056205914,113.4100743,2.418683676,28.77722657,27.05416752,27.27184604
2706.0144,1488.3977,2989.431554,1772.673829,1806.60585,5.959545765,82.21559419,4.406066618,87.08387955,4.691703291,2.508748507,0.865624051,1.07292734,113.1343529,2.419531739,28.77536346,26.97357873,27.27092761
2706.1668,1493.010216,2998.69521,1778.12695,1812.166777,5.974016418,82.47374218,4.423214647,86.69768191,4.706344615,2.515985589,0.86933909,1.102258685,113.2863533,2.420313578,28.77448855,27.05798921,27.27560065
2706.3192,1493.986016,3000.654543,1779.249185,1813.313906,5.974007931,82.50215834,4.4273025,86.74491494,4.707738266,2.517139399,0.870856543,1.13145097,112.4916287,2.420702888,28.76771691,27.07648613,27.27797781
2706.4716,1496.549414,3005.802547,1782.262368,1816.3882,5.980331505,82.6145363,4.433692779,86.51390909,4.712961312,2.521012375,0.8730885,1.16419227,112.2540724,2.421293932,28.76389803,27.12375493,27.28134159
2706.624,1493.980249,3000.641852,1779.163102,1813.23303,5.966098111,82.44765798,4.422963835,86.38239955,4.701360403,2.516275357,0.872127869,1.194593302,111.9995461,2.421729182,28.76715126,27.07800279,27.28148327
2706.7764,1498.365858,3009.449726,1784.346376,1818.519022,5.979655957,82.64297255,4.427845022,86.02279631,4.709175029,2.523357532,0.87485606,1.234622203,111.5876652,2.422011339,28.75923443,27.1583034,27.28589857
2706.9288,1497.403657,3007.516593,1783.16138,1817.314773,5.97183877,82.54975995,4.415204982,86.17239468,4.699616136,2.521469458,0.874265825,1.271524734,111.3410138,2.422325972,28.75109574,27.14167052,27.2869632
2707.0812,1497.646174,3008.003121,1783.410983,1817.572614,5.968799566,82.52555804,4.404100022,86.08719943,4.69311123,2.521651438,0.874167406,1.310859859,110.4174025,2.422759791,28.74369521,27.14687591,27.28875938
2707.2336,1493.744026,3000.165123,1778.72482,1812.800164,5.949290971,82.25429751,4.37897588,86.09549238,4.672591748,2.514898223,0.871552271,1.347732967,109.8033936,2.423145279,28.73552786,27.07695823,27.28787833
2707.386,1498.404344,3009.524678,1784.234709,1818.419098,5.964083073,82.39845927,4.3741999,85.82772906,4.676015272,2.522677919,0.873721161,1.39520155,110.3267341,2.423072475,28.75119768,27.16224987,27.29224573
2707.5384,1498.893136,3010.505772,1784.777575,1818.975818,5.962357785,82.29235188,4.355572138,86.01648819,4.66533779,2.523477925,0.873382944,1.439631109,111.715662,2.422880788,28.76928545,27.17191636,27.29393285
2707.6908,1500.531703,3013.796172,1786.689624,1820.927945,5.965209741,82.24747692,4.338758003,85.95436632,4.657697343,2.526248421,0.873571022,1.485694068,111.4884614,2.423258223,28.76244203,27.20242374,27.29630845
2707.8432,1496.75869,3006.217494,1782.157955,1816.312882,5.946525027,81.90847183,4.30516352,86.02765685,4.633085608,2.51993426,0.870487213,1.526546305,110.7075156,2.423535717,28.75715788,27.13482997,27.29520484
2707.9956,1499.850174,3012.426025,1785.7997,1820.027879,5.955226456,81.92211303,4.287884412,85.91707571,4.628486019,2.525265809,0.871161319,1.575244124,111.0621692,2.423597513,28.74858206,27.19168239,27.29831094
2708.148,1497.709118,3008.125076,1783.211449,1817.393462,5.943162216,81.65169994,4.25442348,86.36058696,4.607462488,2.521815111,0.868669775,1.618696178,111.0877835,2.42348458,28.74190355,27.1536685,27.29804907
2708.3004,1497.027231,3006.754832,1782.36043,1816.529585,5.936934288,81.45573196,4.223842646,86.61282437,4.59054977,2.520849694,0.866923919,1.66394222,111.5798037,2.423299167,28.73713723,27.14211099,27.29865589
2708.4528,1492.595802,2997.853651,1777.044902,1811.115637,5.915972348,81.0321523,4.181503347,86.98338029,4.561475857,2.51360242,0.862992594,1.705200208,110.9836548,2.422918688,28.72837875,27.06257603,27.29675531
2708.6052,1497.146211,3006.992262,1782.422828,1816.600168,5.930971543,81.03751161,4.161736764,87.08323001,4.55846406,2.521567791,0.864243663,1.756361949,111.0717747,2.422793892,28.71436384,27.14588997,27.30044916
2708.7576,1497.945924,3008.597638,1783.335645,1817.533946,5.931284325,80.81476622,4.130610911,87.60114066,4.543392021,2.52324787,0.863344051,1.802952102,110.3766715,2.42224398,28.69701037,27.16118994,27.30165719
2708.91,1500.20467,3013.133441,1785.985604,1820.23816,5.937460448,80.65901079,4.103105298,87.79003494,4.532691737,2.527403603,0.863298915,1.850547037,112.1106171,2.421576072,28.6813054,27.20294156,27.30373934
2709.0624,1497.229931,3007.157875,1782.405041,1816.592359,5.922960693,80.21617925,4.061216101,87.98641684,4.506452824,2.52275309,0.860261153,1.89070571,111.5593296,2.420748422,28.66812435,27.14979618,27.30235109
2709.2148,1501.121852,3014.973818,1786.998955,1821.277812,5.935846242,80.11253091,4.037544137,87.8530885,4.501290035,2.52971801,0.861235118,1.936895901,110.6945204,2.420549688,28.65723089,27.22116404,27.30523039
2709.3672,1499.59963,3011.91556,1785.147781,1819.39452,5.927357187,79.71850073,3.999427729,88.12417055,4.480353038,2.527569669,0.859116654,1.974907327,109.4449661,2.420449382,28.64570651,27.19434873,27.3045184
2709.5196,1499.228052,3011.168332,1784.666191,1818.907078,5.923483371,79.37807493,3.964842419,88.08905069,4.46343491,2.527367332,0.85772991,2.012920162,108.687574,2.420273152,28.63099569,27.18840069,27.30446028
2709.672,1494.683519,3002.039775,1779.216768,1813.356498,5.903263142,78.79860057,3.919688161,88.10094435,4.434467083,2.520140562,0.854062336,2.04393554,108.6945664,2.419484273,28.61573812,27.10678068,27.30154384
2709.8244,1498.707113,3010.120035,1783.966222,1818.200486,5.917293025,78.62240631,3.898007273,87.82694311,4.431647742,2.527392507,0.855548911,2.082775007,109.0378299,2.418518268,28.60673685,27.18054647,27.30408255
2709.9768,1498.582475,3009.868639,1783.777987,1818.012006,5.915109442,78.20966488,3.866172334,87.99305301,4.416916476,2.527659441,0.854792136,2.114121558,109.0018165,2.417454665,28.59682616,27.17907475,27.30379947
2710.1292,1499.663458,3012.038693,1785.024747,1819.286055,5.917773464,77.84622421,3.838564811,87.87151673,4.406448788,2.529957154,0.854884855,2.144946211,108.8139706,2.416206422,28.59656016,27.19946822,27.30421638
2710.2816,1495.392636,3003.459761,1779.901075,1814.06742,5.899360591,77.19626416,3.798304409,87.79899127,4.380967103,2.523219469,0.852060547,2.166079805,107.2894055,2.415061459,28.59085226,27.12279991,27.30094984
2710.434,1498.083631,3008.863415,1783.063447,1817.293907,5.908683048,76.87619603,3.778044954,87.42751276,4.377402642,2.528224057,0.853516336,2.192341602,107.4077401,2.414114875,28.57919404,27.17240382,27.30216112
2710.5864,1495.636688,3003.94764,1780.110493,1814.287681,5.897805794,76.28474123,3.745797463,87.49337076,4.359483729,2.524551828,0.852168046,2.209117112,107.5279932,2.412516577,28.5585624,27.12881486,27.29982626
2710.7388,1494.779655,3002.225134,1779.049593,1813.209874,5.89331105,75.76026886,3.718823751,87.28904988,4.346936764,2.523552271,0.851907812,2.2261714,109.1918771,2.411216936,28.54142534,27.11406888,27.29846051
2710.8912,1490.282578,2993.191646,1773.655978,1807.716207,5.874651521,75.03370635,3.683876228,87.18978238,4.324288823,2.516399118,0.849733965,2.23625044,109.1368515,2.409671692,28.52793498,27.03330176,27.29452125
2711.0436,1494.901927,3002.468163,1779.111944,1813.280502,5.892391659,74.72988034,3.674477932,86.86349937,4.329552021,2.524620351,0.853135208,2.255336259,109.2528166,2.408154792,28.50681729,27.11790376,27.29674661
2711.196,1495.880047,3004.431344,1780.23459,1814.428252,5.895984781,74.2278486,3.657329963,87.0455327,4.324743235,2.526684704,0.854620456,2.267098699,107.2829649,2.406237598,28.48382217,27.13644743,27.2964453
2711.3484,1498.447874,3009.587384,1783.24918,1817.504295,5.90596705,73.79034532,3.645638529,86.99613635,4.32523344,2.531418031,0.857216037,2.279034777,107.2382694,2.404421268,28.47146056,27.18382754,27.29718163
2711.5008,1495.876705,3004.421893,1780.147898,1814.347001,5.895755526,73.09167969,3.622803219,87.04677356,4.31152774,2.527451811,0.857024831,2.281205849,109.1553369,2.402397709,28.46329886,27.13798148,27.29429763
2711.6532,1500.269369,3013.243001,1785.333678,1819.635974,5.913244321,72.71858261,3.620457406,86.83241723,4.319730927,2.53520903,0.861170617,2.289114425,109.0700483,2.40026933,28.45723452,27.21847071,27.29618551
2711.8056,1499.307506,3011.30971,1784.147631,1818.430675,5.909677693,72.08227224,3.606677915,87.08602022,4.313356245,2.533901093,0.862386044,2.286793518,109.045756,2.39933303,28.45693525,27.20181262,27.29429752
2711.958,1499.551964,3011.799257,1784.396926,1818.688293,5.910940653,71.4980628,3.597541014,87.10771158,4.311434588,2.534611663,0.864468939,2.284439329,108.7380148,2.39873447,28.45585823,27.20704147,27.29319014
2712.1104,1495.646541,3003.95388,1779.707688,1813.912475,5.895972242,70.7134177,3.579945133,87.286186,4.298426081,2.528288621,0.864279852,2.274662227,108.1871549,2.397967516,28.45921109,27.13698111,27.28913961
2712.2628,1500.314652,3013.328083,1785.220071,1819.534323,5.91514297,70.33292941,3.58662351,87.29458037,4.311915037,2.536406541,0.869310101,2.274673582,108.4570221,2.397107082,28.45781951,27.22247609,27.29123884
2712.4152,1500.805971,3014.313332,1785.762659,1820.090806,5.917978824,69.7562841,3.584852318,87.85572567,4.314199004,2.537445893,0.872029579,2.267032156,107.8277989,2.396190806,28.45702455,27.23217872,27.29041498
2712.5676,1502.448565,3017.61087,1787.675146,1822.043493,5.925411983,69.23083522,3.587369713,88.19191901,4.320502952,2.540412161,0.87554533,2.259623992,107.7202574,2.395696864,28.47108234,27.26276829,27.29039761
2712.72,1498.672694,3010.025622,1783.140333,1817.424931,5.911486884,68.45637221,3.578135032,88.58261169,4.311701766,2.534196692,0.875987435,2.24290322,109.1873886,2.395404376,28.49272896,27.19503909,27.28648703
2712.8724,1501.770175,3016.24521,1786.783393,1821.14147,5.924817821,68.00800973,3.588399592,88.59281292,4.323887598,2.539544521,0.880603907,2.233979455,108.9883061,2.394835014,28.51582003,27.25203306,27.28762355
2713.0248,1499.628442,3011.942053,1784.193012,1818.504696,5.917496767,67.32510409,3.587265874,88.8925044,4.321384831,2.536012455,0.882219757,2.216122238,108.9434708,2.394445829,28.52967384,27.21395056,27.28499906
2713.1772,1498.947751,3010.57333,1783.340799,1817.639527,5.91597925,66.71156763,3.590629155,88.73303606,4.323401747,2.5349293,0.884748134,2.199926176,109.4423595,2.394065142,28.5346264,27.20238293,27.28345775
2713.3296,1494.512696,3001.664101,1778.021615,1812.221507,5.899734077,65.94085425,3.585727508,88.49034232,4.314807497,2.527473726,0.885055695,2.178753152,108.9476401,2.393868006,28.54525921,27.12268678,27.27927003
2713.482,1499.070984,3010.817578,1783.40175,1817.708609,5.919205121,65.60178166,3.604571355,87.88804236,4.332866688,2.535162761,0.890647424,2.171242188,108.849529,2.394185638,28.55720806,27.20620096,27.28204337
2713.6344,1499.873729,3012.428208,1784.314323,1818.642188,5.923940986,65.11183144,3.615092536,87.73530936,4.340200847,2.536478531,0.893979659,2.158557783,107.0640978,2.394288289,28.56768621,27.22154988,27.28222613
2713.7868,1502.137338,3016.972922,1786.964985,1821.347282,5.934468673,64.69614347,3.629602852,87.39743734,4.351644638,2.54024524,0.898143102,2.148015787,108.1215583,2.394498673,28.58686991,27.26340835,27.28359751
2713.9392,1499.160683,3010.992809,1783.381703,1817.698487,5.924280803,64.06519512,3.631752258,87.27855007,4.347731122,2.535131829,0.899124413,2.130126302,108.2941375,2.394609579,28.60081202,27.21015813,27.28118915
2714.0916,1503.059442,3018.821638,1787.97737,1822.386009,5.941284081,63.77054062,3.651721184,87.06941542,4.363768529,2.541586875,0.904067596,2.122993932,107.9951785,2.395617341,28.61855216,27.28169635,27.28421188
2714.244,1501.537031,3015.762321,1786.124416,1820.50078,5.936831699,63.25952042,3.658903388,87.48879683,4.36398587,2.538855702,0.905693697,2.108036876,108.4164166,2.396796918,28.63664328,27.25483231,27.28331093
2714.3964,1501.166678,3015.016857,1785.641796,1820.012249,5.93690588,62.81580557,3.668947272,87.77545912,4.367345896,2.538052698,0.907902936,2.095304653,108.15076,2.398089023,28.64933591,27.24888063,27.2833832
2714.5488,1496.617903,3005.879234,1780.188638,1814.457509,5.920467923,62.22189774,3.668724093,88.20646334,4.358514979,2.530164175,0.907444622,2.07844228,108.4060153,2.399362641,28.66811049,27.16708765,27.28050303
2714.7012,1500.648156,3013.97213,1784.939961,1819.303675,5.938004158,62.05272992,3.689639985,88.33985329,4.374556385,2.536722732,0.91183028,2.07769327,108.4452003,2.400708562,28.67196145,27.24102377,27.28460005
2714.8536,1500.524719,3013.722564,1784.750915,1819.114326,5.939115058,61.73985542,3.700333275,88.79831028,4.378433824,2.536240213,0.913537021,2.072598357,108.1423868,2.402065363,28.67234196,27.2395538,27.2857926
2715.006,1501.608357,3015.897352,1785.997655,1820.388401,5.944959144,61.50100979,3.713643153,88.75649875,4.385409327,2.537783072,0.915801852,2.070340319,107.8109966,2.403496818,28.67784761,27.25999581,27.28805952
2715.1584,1497.333168,3007.309234,1780.870495,1815.165856,5.929533263,61.0612959,3.713349099,88.51458564,4.376362313,2.53025797,0.914656632,2.061940668,106.4819474,2.405444761,28.68863559,27.18315856,27.28641321
2715.3108,1500.028611,3012.721251,1784.033933,1818.393585,5.941620511,60.96750163,3.729520976,87.73603109,4.386921955,2.534473456,0.917372696,2.067600645,106.6204202,2.407631278,28.69650039,27.2328715,27.29049858
2715.4632,1497.579343,3007.800427,1781.07873,1815.384852,5.933262127,60.68612689,3.732478438,87.24367374,4.381925353,2.529983857,0.916787578,2.067280639,106.3212943,2.409311304,28.68916656,27.18918264,27.29084079
2715.6156,1496.721907,3006.076716,1780.016647,1814.305761,5.931134097,60.49741981,3.738453255,86.44539837,4.380808472,2.528170717,0.916951383,2.071152749,106.5764561,2.4115199,28.69021387,27.17439906,27.29258653
2715.768,1492.219562,2997.032422,1774.619539,1808.808211,5.914523314,60.19292371,3.73428314,85.85330355,4.368488236,2.520188484,0.914655698,2.073129971,106.4797353,2.413777979,28.69206474,27.09344611,27.29179627
2715.9204,1496.845218,3006.32118,1780.078007,1814.375427,5.934017855,60.33510258,3.750953411,85.24585659,4.382004283,2.527591981,0.917435147,2.095393232,106.6563497,2.416253978,28.68660764,27.17822771,27.29858604
2716.0728,1497.824785,3008.287009,1781.20085,1815.523498,5.939025991,60.36306755,3.757589893,85.41673423,4.384345845,2.528827895,0.917757917,2.115322366,106.2202703,2.418592726,28.68156486,27.19680293,27.30283727
2716.2252,1500.396012,3013.449603,1784.216701,1818.601074,5.950289881,60.48127494,3.767206384,85.61839074,4.390639544,2.532745133,0.918839082,2.139808714,106.368417,2.421174857,28.67733063,27.2442775,27.30848563
2716.3776,1497.821499,3008.277309,1781.113375,1815.44156,5.941106675,60.40797124,3.763151704,86.10949993,4.381432229,2.527974965,0.9166239,2.159117101,108.1952678,2.423421638,28.67853255,27.1983177,27.31035865
2716.53,1502.219709,3017.10929,1786.301664,1820.733454,5.959482844,60.66860253,3.774709963,86.43131002,4.391890677,2.534965533,0.918280321,2.195087598,108.2468613,2.425619934,28.68834789,27.27897249,27.31791219
2716.6824,1501.256382,3015.172988,1785.114686,1819.527165,5.956541892,60.72901505,3.772176978,87.19158491,4.386272942,2.532905697,0.91652095,2.224885307,108.2125655,2.428225192,28.69982511,27.26226343,27.32150965
2716.8348,1501.500888,3015.662541,1785.363865,1819.784711,5.958337339,60.85891165,3.771672007,87.58430241,4.383665806,2.532880281,0.915317324,2.258709492,108.2422021,2.431171306,28.71028254,27.26748976,27.3261487
2716.9872,1497.590063,3007.806387,1780.67188,1815.005836,5.943608767,60.8428794,3.759602172,87.91128705,4.368677433,2.525842915,0.911408307,2.289393115,107.7807233,2.433528038,28.71939607,27.19725957,27.32779363
2717.1396,1502.263774,3017.19169,1786.187149,1820.630998,5.962867213,61.23137395,3.766538738,87.83023131,4.378428117,2.533287485,0.912330927,2.34143945,107.7735341,2.435353494,28.72066065,27.28293036,27.33630239
2717.292,1502.755233,3018.177241,1786.729977,1821.187786,5.965496433,61.4717311,3.76211798,88.10719851,4.375891067,2.533679196,0.910562337,2.389681672,106.5822377,2.436791013,28.71656909,27.29264103,27.3417693
2717.4444,1504.399485,3021.478097,1788.643478,1823.141634,5.972680075,61.77205269,3.759908811,88.05774252,4.376656207,2.536019421,0.909386477,2.442088105,106.7424143,2.438773698,28.72011334,27.32328623,27.34817188
2717.5968,1500.618278,3013.882296,1784.106195,1818.520253,5.958319039,61.85329693,3.743677878,88.07727786,4.361782889,2.529223518,0.90488651,2.48792895,106.456482,2.440653717,28.72511198,27.25539532,27.35054194
2717.7492,1503.719349,3020.109045,1787.751267,1822.239012,5.971233499,62.23982306,3.742809112,87.82106336,4.367185635,2.534055758,0.904363699,2.552095122,106.4096415,2.441980547,28.73202714,27.31250576,27.35822867
2717.9016,1501.574437,3015.799633,1785.159542,1819.600636,5.96328663,62.41450064,3.728396497,87.99825713,4.357420924,2.530058724,0.90063789,2.609330244,106.3738752,2.443346509,28.73976575,27.27432986,27.3620153
2718.054,1500.892495,3014.42849,1784.306979,1818.734987,5.961107958,62.65659531,3.716843734,87.81740123,4.351940383,2.528539646,0.897732125,2.671479474,106.8006266,2.444451544,28.74545989,27.26272953,27.36693167
2718.2064,1496.451296,3005.507168,1778.985096,1813.313841,5.943943445,62.7521352,3.694798628,87.56807164,4.33556606,2.520701049,0.892501336,2.729780695,106.4740141,2.445187591,28.74859472,27.18285084,27.36908099
2718.3588,1501.015058,3014.671637,1784.368437,1818.804519,5.962465887,63.24442296,3.692470994,86.87428534,4.345709983,2.528072784,0.892512564,2.811691441,106.3397961,2.44622434,28.76621113,27.26654641,27.3780546
2718.5112,1501.818402,3016.283618,1785.281852,1819.739001,5.966013565,63.58641639,3.680038341,86.51006675,4.345148993,2.529127762,0.890247286,2.888989277,106.1019191,2.44668451,28.78185104,27.28192689,27.38422144
2718.6636,1504.084585,3020.833594,1787.934312,1822.446059,5.975391346,63.98489606,3.670943682,85.87571357,4.349379037,2.532667649,0.888903473,2.971315985,107.6693451,2.446828229,28.79480485,27.32387765,27.39143527
2718.816,1501.103796,3014.845432,1784.349428,1818.795344,5.9639704,64.14795305,3.648965082,85.48985441,4.339065984,2.527394162,0.884547886,3.045300016,107.5781239,2.446358963,28.80300237,27.27051004,27.39471003
2718.9684,1505.007433,3022.684062,1788.947911,1823.485901,5.979955455,64.58497374,3.642698406,85.15540738,4.349956941,2.533768718,0.884392908,3.138569282,107.3412584,2.446312813,28.81595972,27.34220915,27.40296272
2719.1208,1503.482961,3019.620769,1787.094239,1821.599661,5.974426787,64.77528164,3.623390989,85.6723831,4.345851198,2.53102706,0.881151719,3.222203309,108.0777563,2.445962238,28.84085785,27.3152886,27.40713533
2719.2732,1503.112123,3018.874435,1786.611615,1821.110897,5.973535253,64.99945528,3.606867134,86.27135068,4.345880446,2.530251781,0.878710512,3.310082363,107.4703122,2.445288536,28.86155849,27.30932768,27.4120722
2719.4256,1498.55745,3009.725209,1781.155763,1815.552883,5.956019606,65.03431016,3.579635317,87.17130522,4.334218137,2.5224537,0.873881586,3.3903168,107.3034124,2.444009206,28.87213901,27.22735749,27.41384545
2719.578,1502.592895,3017.828509,1785.909954,1820.402087,5.972635478,65.42080508,3.571191578,87.84136405,4.348420462,2.529172584,0.874212444,3.493570552,107.3720369,2.442267367,28.89082746,27.30146185,27.42174505
2719.7304,1502.469267,3017.578672,1785.72108,1820.212718,5.972734529,65.6166278,3.552480976,88.85464124,4.351135662,2.528912794,0.872206756,3.588268536,107.2703952,2.440113682,28.90980502,27.29999262,27.4264788
2719.8828,1503.554343,3019.756393,1786.968701,1821.487534,5.977725447,65.8428908,3.536956265,89.38404313,4.35841825,2.530713783,0.871087678,3.687078866,107.0988362,2.437836844,28.93045832,27.32048354,27.43197878
2720.0352,1499.27371,3011.157531,1781.838884,1816.261688,5.961471095,65.81162372,3.50906609,89.75655524,4.351021461,2.523505291,0.867027768,3.773729723,105.8346752,2.435180505,28.94821476,27.24347881,27.43343328
2720.1876,1501.972782,3016.576766,1785.004091,1819.491103,5.973050846,66.04211438,3.496992821,89.6550197,4.365332715,2.528103776,0.867318886,3.879571967,105.9973773,2.432368018,28.9662295,27.2933039,27.43972179
2720.34,1499.520514,3011.64999,1782.047262,1816.480179,5.964203357,66.02455303,3.473223598,89.85438743,4.365545371,2.524057211,0.86480322,3.972688342,105.8000154,2.428893471,28.97821369,27.24951901,27.44210978
2720.4924,1498.662137,3009.924394,1780.984518,1815.399978,5.961725803,66.05482579,3.453297246,89.68166633,4.371295052,2.522722391,0.863385966,4.070330506,105.8232649,2.425309636,28.99659434,27.23470198,27.44552579
2720.6448,1494.154028,3000.868668,1775.584414,1809.898727,5.944656316,65.9144213,3.424211576,89.51431138,4.36652552,2.515264632,0.859932622,4.157438823,105.6904703,2.421579045,29.01440844,27.15356733,27.44611238
2720.7972,1498.785577,3010.169142,1781.045836,1815.469073,5.963823544,66.14755318,3.414303871,89.05208269,4.388638676,2.523241812,0.861923763,4.267962517,105.9449996,2.417933316,29.02445274,27.2385327,27.45307666
2720.9496,1499.766223,3012.137155,1782.169284,1816.617659,5.968406287,66.20851969,3.395582844,89.04828843,4.400236417,2.52509422,0.861900525,4.366986104,105.7547162,2.413918328,29.0336265,27.25714334,27.45719879
2721.102,1502.340571,3017.305971,1785.186708,1819.69684,5.979375194,66.31718566,3.380648508,88.82618422,4.417182601,2.529653005,0.862967424,4.470135046,105.7218844,2.409893118,29.04306781,27.30471563,27.4623415
2721.2544,1499.76251,3012.126656,1782.081579,1816.535114,5.969896394,66.17793842,3.354193327,88.74067177,4.419362208,2.525549821,0.861212476,4.55744222,107.5778478,2.405153447,29.04991614,27.25864507,27.46358753
2721.4068,1504.166148,3020.96941,1787.27255,1821.829918,5.988233651,66.30426069,3.34263824,88.4454554,4.442273279,2.533234504,0.863718243,4.662985542,107.653301,2.400425427,29.06032699,27.33946814,27.46960892
2721.5592,1503.201334,3019.030142,1786.084726,1820.622539,5.985281752,66.17034895,3.319442117,88.61392869,4.449829373,2.531893815,0.863300841,4.751406927,107.5525764,2.395836651,29.06152379,27.32271057,27.47156932
2721.7116,1503.445913,3019.519808,1786.333796,1820.87983,5.987197412,66.06682976,3.299004114,88.45642912,4.461355081,2.532606234,0.863725305,4.842858592,107.2803455,2.391429657,29.06027182,27.3279358,27.47426734
2721.864,1499.529684,3011.652924,1781.639062,1816.097794,5.972473541,65.77194526,3.268684803,88.25078715,4.460076371,2.52631543,0.861782072,4.918869944,106.847409,2.386336017,29.05579965,27.25753646,27.47375847
2722.0164,1504.208874,3021.049138,1787.15728,1821.726421,5.991769245,65.83729763,3.255086104,87.60302691,4.482732662,2.534511397,0.864798675,5.01617758,107.0192525,2.380717652,29.04451779,27.34338253,27.47920619
2722.1688,1504.700328,3022.034739,1787.700399,1822.283734,5.994326926,65.71077256,3.231851942,87.23272904,4.492435748,2.535655537,0.865435216,5.097055991,106.264591,2.374981435,29.03370533,27.35309982,27.48143144
2722.3212,1506.34606,3025.338583,1789.614933,1824.238971,6.001512047,65.62007191,3.21086838,86.43332458,4.505368679,2.53874576,0.866801697,5.180200339,106.1039925,2.369843209,29.02482286,27.38379777,27.48439056
2722.4736,1502.559303,3017.73183,1785.075192,1819.615061,5.987080511,65.28297212,3.177947254,85.62555071,4.501584034,2.53267219,0.86506535,5.243047708,105.8471962,2.364610284,29.0263594,27.31574142,27.48326862
2722.626,1505.663572,3023.965019,1788.722389,1823.336632,5.999967137,65.23516352,3.158047079,84.56096005,4.51634363,2.538189633,0.867251458,5.32253335,106.077235,2.359102055,29.02582095,27.37296336,27.48697221
2722.7784,1503.515079,3019.6486,1786.129419,1820.697282,5.991923262,64.95108742,3.126929955,84.10539522,4.514925456,2.534845632,0.866439096,5.381318546,106.0009848,2.353846082,29.0238779,27.33468844,27.48670996
2722.9308,1502.831404,3018.274132,1785.276621,1819.831863,5.989637998,64.72886526,3.098306351,83.65651265,4.517120055,2.533960784,0.866437204,5.442470309,106.2249775,2.348576372,29.01953311,27.32304856,27.4874341
2723.0832,1498.383469,3009.339615,1779.95222,1814.408492,5.972121705,64.35780697,3.060807256,83.66764527,4.506564542,2.526712743,0.864124854,5.485593849,105.8126677,2.343022227,29.00584577,27.24297979,27.4852416
2723.2356,1502.951751,3018.513338,1785.339215,1819.904246,5.990035007,64.40491089,3.039071196,83.81542927,4.519141004,2.534618218,0.866665546,5.549637582,105.9623281,2.337777367,28.99729642,27.32684807,27.48954729
2723.388,1503.754629,3020.124734,1786.253994,1820.841327,5.992731035,64.30434854,3.008785776,84.77538364,4.518876453,2.53615489,0.866895813,5.594866535,105.5712231,2.332328013,28.9801927,27.34225091,27.49095604
2723.5404,1506.02215,3024.677739,1788.908878,1823.552275,6.001151063,64.27757236,2.980506445,85.66579837,4.521454239,2.540134245,0.867828904,5.641733828,107.0659288,2.327315026,28.96471645,27.38428384,27.49342653
2723.6928,1503.035861,3018.67907,1785.323116,1819.901781,5.988562572,64.03767434,2.940915514,86.64668192,4.506728963,2.535221918,0.865590287,5.665833233,107.2823391,2.322112779,28.95954513,27.33078841,27.49195637
2723.8452,1506.942563,3026.524296,1789.925488,1824.598229,6.003112854,64.12685632,2.9125116,87.17670045,4.508393032,2.541858934,0.866921025,5.705521269,106.9713385,2.317302445,28.95416367,27.40263737,27.49557996
2723.9976,1505.414122,3023.45366,1788.072254,1822.71402,5.995976448,63.99217183,2.872937802,87.87021013,4.492375708,2.539298403,0.865010149,5.721657016,106.9752433,2.312758906,28.94944473,27.37564943,27.49511784
2724.15,1505.040694,3022.702765,1787.590947,1822.228385,5.993328048,63.92328808,2.83456674,87.96536956,4.477942371,2.538649337,0.863573595,5.738603873,106.6516718,2.308629433,28.94078851,27.3696684,27.49551859
2724.3024,1500.477892,3013.538043,1782.133857,1816.670727,5.973760156,63.70166543,2.787208093,87.88252593,4.449082579,2.53090163,0.859501814,5.735172674,106.3323613,2.30466047,28.9331404,27.2875108,27.49271111
2724.4548,1504.515768,3021.646971,1786.892838,1821.527523,5.987827537,63.91172873,2.753387968,87.39385491,4.440660434,2.537574695,0.859771051,5.751808615,106.4000797,2.30048506,28.92313405,27.36177372,27.49638397
2724.6072,1504.389089,3021.391934,1786.706187,1821.342933,5.985111916,63.96961616,2.711078578,87.36129249,4.417977286,2.537189622,0.85743983,5.747686781,106.5533424,2.296542245,28.91278299,27.36029661,27.49688568
2724.7596,1505.472519,3023.567295,1787.956964,1822.623704,5.987080026,64.10541361,2.66982179,87.15006944,4.396612445,2.538799171,0.855542328,5.744174449,106.3024981,2.293366102,28.906955,27.38082872,27.49835822
2724.912,1501.183269,3014.952272,1782.826891,1817.399978,5.96758833,64.03579938,2.618016182,87.15330916,4.357668589,2.531307675,0.850364403,5.717170002,104.928122,2.290610829,28.90464996,27.30365013,27.49578238
2725.0644,1503.882241,3020.372403,1785.996777,1820.637459,5.975441383,64.33314558,2.576393213,87.03689399,4.334331439,2.535503856,0.84855737,5.706515666,105.1319794,2.288037665,28.91009605,27.3535821,27.49865872
2725.2168,1501.423211,3015.433322,1783.041319,1817.630856,5.962696262,64.43432709,2.525233121,87.49884257,4.294357614,2.530961815,0.84362695,5.672685256,105.0206087,2.285413331,28.91103626,27.30969749,27.49764365
2725.3692,1500.559931,3013.699174,1781.981143,1816.556463,5.95608143,64.64020244,2.475927822,87.7723412,4.256873806,2.529061293,0.839310647,5.640454112,105.4776666,2.283467636,28.9165921,27.29484483,27.49793341
2725.5216,1496.042109,3004.625396,1776.581336,1811.058501,5.934632215,64.72839692,2.420154275,88.14302173,4.207447929,2.52096864,0.832686824,5.589795172,105.2901984,2.28187085,28.92397204,27.21352815,27.4954263
2725.674,1500.675066,3013.930098,1782.04952,1816.63993,5.948765027,65.30180094,2.378374,88.23110059,4.179989884,2.528221104,0.830550065,5.562140279,105.6581367,2.280643796,28.92394188,27.29867861,27.50014286
2725.8264,1501.652355,3015.892912,1783.177418,1817.796999,5.948122663,65.75261015,2.330656583,88.71733926,4.14088877,2.529283605,0.826155727,5.516096243,104.8668421,2.279581551,28.92287248,27.31732785,27.50207967
2725.9788,1504.225191,3021.060257,1786.200486,1820.886146,5.953613915,66.30892159,2.284808185,88.83965599,4.10439892,2.532992808,0.822374187,5.4721412,105.0105649,2.279082325,28.92950658,27.36500251,27.50536237
2726.1312,1501.639029,3015.86639,1783.097617,1817.730482,5.938569246,66.66447007,2.230551235,88.91857966,4.052515126,2.527986114,0.815563184,5.407309908,107.2677829,2.27867701,28.928099,27.31882737,27.50473889
2726.2836,1506.043006,3024.711514,1788.295818,1823.037364,5.95076526,67.3977434,2.186134703,88.61362045,4.016826445,2.534690919,0.812074164,5.361772734,107.0318861,2.278579784,28.92486078,27.39982597,27.50973884
2726.436,1505.07173,3022.761093,1787.111649,1821.837898,5.941654471,67.9119785,2.133476487,88.6890259,3.965536157,2.532320217,0.805507196,5.295281409,106.8033812,2.279115852,28.91812738,27.38302832,27.51066527
2726.5884,1505.311223,3023.242391,1787.365291,1822.104257,5.937186836,68.50790156,2.082140791,88.45264715,3.916196647,2.531957899,0.799387259,5.231194908,106.2793575,2.280238949,28.9179631,27.38826167,27.51263434
2726.7408,1501.384633,3015.35665,1782.672359,1817.328062,5.916057423,68.93928607,2.025320025,88.30241652,3.855636637,2.524580614,0.790921206,5.151224413,105.7667561,2.281137095,28.92040664,27.31770329,27.51140997
2726.8932,1506.063888,3024.754895,1788.198469,1822.969892,5.928308289,69.8252131,1.981529705,87.92431541,3.816917256,2.531669135,0.786712384,5.097421111,106.3249766,2.281803399,28.91442488,27.40373512,27.51703881
2727.0456,1506.550168,3025.732088,1788.746639,1823.537055,5.923881423,70.53688327,1.932775236,88.07223118,3.767407055,2.531705888,0.78021881,5.028141547,105.1953563,2.282704453,28.90882888,27.41347008,27.51944979
2727.198,1508.192069,3029.030234,1790.66708,1825.503201,5.923914609,71.32052559,1.885513364,88.00360696,3.720420938,2.533677983,0.774209631,4.962464554,105.6276092,2.284447225,28.91444473,27.44423177,27.52283579
2727.3504,1504.394779,3021.40439,1786.129482,1820.885697,5.90254247,71.85891135,1.831448705,88.04811297,3.660034715,2.526516271,0.765333857,4.879745965,105.61636,2.286480347,28.91896607,27.37602106,27.52204055
2727.5028,1507.496885,3027.635257,1789.783693,1824.619543,5.908006153,72.75951577,1.787449444,87.8287909,3.61775811,2.53097086,0.759874729,4.821037631,105.6564391,2.28831482,28.92129772,27.43336501,27.52676488
2727.6552,1505.339825,3023.303695,1787.19404,1821.987993,5.892836027,73.41718856,1.737541219,88.07286935,3.563111402,2.526599592,0.751716199,4.746150427,105.1342687,2.290205519,28.92376382,27.39500135,27.52744697
2727.8076,1504.649366,3021.917655,1786.345588,1821.131602,5.883326138,74.15791759,1.690059635,88.04524389,3.512731297,2.524702988,0.74427681,4.676893385,104.8948051,2.292349105,28.92175533,27.38333141,27.52932908
2727.96,1500.19014,3012.962517,1781.022817,1815.713914,5.858903941,74.72268399,1.640009126,88.12002873,3.455318334,2.516513233,0.73504343,4.597175761,104.8341318,2.294493124,28.92094183,27.30308161,27.52826715
2728.1124,1504.758164,3022.137687,1786.417754,1821.222919,5.869409137,75.75037831,1.604411309,87.95383905,3.423502314,2.523558218,0.730476858,4.549572399,105.0900072,2.296794772,28.91933147,27.38713058,27.53435762
2728.2648,1505.556349,3023.741602,1787.337701,1822.169794,5.865103072,76.59139944,1.566793781,88.29732054,3.385141845,2.524317699,0.724200722,4.492066501,104.8641408,2.299021666,28.90498342,27.4025632,27.53749654
2728.4172,1507.82101,3028.29078,1789.998747,1824.891693,5.866498188,77.50386289,1.532045032,88.40095225,3.351934762,2.52757707,0.718744324,4.441662363,106.6506652,2.301714111,28.88364646,27.4446847,27.54179283
2728.5696,1504.825654,3022.275791,1786.415291,1821.247363,5.847443487,78.14015207,1.492939308,88.61264662,3.308750867,2.522061168,0.710889451,4.379028726,107.1873013,2.303948179,28.87007708,27.39106716,27.54196502
2728.722,1508.731745,3030.121601,1791.024774,1825.955729,5.855189816,79.11605102,1.464634672,88.55766311,3.286174039,2.528232622,0.706681994,4.345264706,106.4690479,2.306434767,28.85830103,27.46307048,27.54755006
2728.8744,1507.19632,3027.038708,1789.174623,1824.078407,5.841885438,79.79578861,1.432020753,88.97715459,3.253368338,2.525327203,0.700049497,4.299396263,106.7775404,2.308854679,28.85050948,27.43601899,27.54887342
2729.0268,1506.817393,3026.278499,1788.697149,1823.600521,5.833105576,80.51989497,1.401929273,89.13703955,3.225362258,2.524415486,0.694149104,4.261279623,106.3459827,2.311514314,28.84176915,27.43002078,27.55108343
2729.1792,1502.244293,3017.094752,1783.240694,1818.046554,5.808040694,81.00288045,1.370091576,89.41546303,3.191252176,2.516537168,0.686569826,4.215595528,106.3185676,2.313958002,28.83841184,27.34767804,27.54995331
2729.3316,1506.282439,3025.205773,1788.006291,1822.914202,5.81622281,81.90527072,1.352350645,89.46563727,3.183405019,2.523244534,0.683632071,4.205158947,106.4699028,2.315837612,28.83613559,27.42210073,27.55553498
2729.484,1506.15132,3024.943276,1787.823026,1822.736334,5.808327952,82.55875799,1.333299953,90.02479196,3.169796808,2.523031554,0.67909457,4.187460916,106.4449227,2.317484099,28.83722808,27.42061642,27.55778911
2729.6364,1507.231888,3027.1143,1789.077952,1824.024687,5.805199896,83.25208839,1.317185951,90.32215487,3.161699837,2.524920505,0.675388623,4.178348124,106.2348978,2.319469323,28.84953886,27.44118984,27.56093381
2729.7888,1502.933619,3018.482479,1783.947926,1818.803345,5.781431989,83.62726769,1.297741034,90.67358538,3.144793963,2.517860211,0.66950232,4.158987215,104.3051272,2.321302409,28.86960505,27.36383704,27.55976679
2729.9412,1505.632166,3023.902981,1787.122703,1822.049005,5.784736301,84.33475292,1.289547038,90.68062244,3.15017051,2.522683539,0.667456316,4.170965402,104.5734719,2.323018464,28.8872876,27.41387487,27.56399853
2730.0936,1503.166875,3018.952432,1784.168135,1819.045464,5.768330168,84.72930905,1.278598681,91.06295821,3.147442261,2.518916912,0.663381605,4.173195474,104.7903382,2.32401924,28.90101424,27.36988925,27.56408047
2730.246,1502.299414,3017.210932,1783.109855,1817.975257,5.758174201,85.18315016,1.271287072,91.0815498,3.151543274,2.517902945,0.660360202,4.1850196,105.2267971,2.325148652,28.91929896,27.35499947,27.56534033
2730.3984,1497.773439,3008.121686,1777.708975,1812.477587,5.734025445,85.40154883,1.263753498,91.1185316,3.151677586,2.510821247,0.656110863,4.190871845,105.2235228,2.326123462,28.93894066,27.27349912,27.56359613
2730.5508,1502.409479,3017.433374,1783.182446,1818.066927,5.745074781,86.07037404,1.271012314,90.85243931,3.180136669,2.519256048,0.656822985,4.23355903,105.3635187,2.328009351,28.95154757,27.35883272,27.56901552
2730.7032,1503.38591,3019.395113,1784.312634,1819.227959,5.742224108,86.49834012,1.278186367,91.054623,3.204553794,2.521618128,0.656334305,4.270099169,104.822827,2.329084685,28.95820761,27.37751855,27.57143999
2730.8556,1505.959955,3024.565474,1787.339012,1822.322222,5.745597936,86.98723328,1.288963189,91.0003769,3.235693884,2.526729444,0.656894992,4.315835817,105.0726163,2.330154301,28.96762711,27.42529372,27.57504638
2731.008,1503.36919,3019.362829,1784.235432,1819.166526,5.729334186,87.15685539,1.29675881,91.0484025,3.258115607,2.523225936,0.655450397,4.350446836,106.5185205,2.330870272,28.98497628,27.37901226,27.57445172
2731.1604,1507.777069,3028.216198,1789.437844,1824.479335,5.739911202,87.67038474,1.315107061,90.8368834,3.3022453,2.53159022,0.657784193,4.414947601,106.6029677,2.331276928,28.99526136,27.46018468,27.57928335
2731.3128,1506.803637,3026.261729,1788.2537,1823.280438,5.730107346,87.84746033,1.329960426,91.09641766,3.336731966,2.530969382,0.658005937,4.467733133,106.4627151,2.331228868,29.00053714,27.44334539,27.57974947
2731.4652,1507.04253,3026.742064,1788.508151,1823.548271,5.724996416,88.06711122,1.347255574,91.07298018,3.37627764,2.53243794,0.659030577,4.528378978,105.9374318,2.330895431,29.00465547,27.44858564,27.58110059
2731.6176,1503.110738,3018.845989,1783.812711,1818.769252,5.704052125,88.0172842,1.362469431,91.11248843,3.408640254,2.526930144,0.65850878,4.579480327,105.4244945,2.330196453,29.01463572,27.37786724,27.57903965
2731.77,1507.795197,3028.254752,1789.342429,1824.415704,5.715901856,88.40776643,1.390028993,90.85252026,3.466021529,2.535974906,0.662490323,4.66340313,105.6934677,2.328910037,29.02596475,27.46408405,27.58378717
2731.9224,1508.282056,3029.233041,1789.890868,1824.983161,5.711900147,88.52529625,1.415353369,91.03305229,3.51573528,2.537987518,0.664902627,4.737090855,105.7558763,2.327114311,29.04905309,27.47383608,27.58511221
2732.0748,1509.925969,3032.535142,1791.812374,1826.950559,5.712313932,88.69172469,1.442637177,90.90932877,3.569574668,2.54197389,0.668016477,4.816914967,106.0720503,2.325273724,29.06656102,27.50466126,27.58729996
2732.2272,1506.124471,3024.900673,1787.271685,1822.329049,5.692106224,88.52928736,1.465073285,90.84174063,3.611255839,2.53680296,0.668827855,4.880644801,106.7643022,2.323490632,29.08734075,27.43629618,27.5850332
2732.3796,1509.230563,3031.139382,1790.927832,1826.065113,5.698045645,88.73821928,1.496277498,90.47610469,3.671909695,2.543274373,0.673113639,4.969010404,106.6425049,2.321170087,29.1058034,27.49376231,27.5882385
2732.532,1507.071506,3026.803549,1788.336072,1823.430643,5.6841526,88.62657621,1.52271309,90.56517725,3.720503911,2.540880506,0.675171451,5.041030266,106.4279125,2.318106854,29.12107457,27.45531021,27.58711883
2732.6844,1506.380828,3025.416796,1787.486556,1822.572604,5.675821979,88.59117394,1.551083205,90.36706639,3.773308939,2.540957636,0.678003194,5.118102819,106.5085001,2.315134402,29.13099003,27.44361066,27.58712305
2732.8368,1501.917196,3016.45243,1782.159743,1817.149415,5.653289915,88.32185304,1.576308836,90.24662437,3.817040443,2.534644411,0.679271402,5.181074902,106.3595691,2.311905661,29.14432496,27.36318034,27.58399966
2732.9892,1506.491541,3025.639934,1787.557205,1822.661021,5.66482882,88.55473515,1.612722851,89.84664738,3.884183214,2.54350666,0.684948411,5.271760226,106.6613521,2.308472454,29.14508312,27.44741057,27.58826831
2733.1416,1507.29185,3027.247651,1788.476706,1823.60666,5.662237564,88.55453442,1.64581252,89.91763555,3.941720946,2.545964162,0.689032516,5.347552806,106.4741431,2.30462701,29.14058776,27.46287351,27.58944017
2733.294,1509.560338,3031.804068,1791.138407,1826.328714,5.665123105,88.64448572,1.680444623,89.71310925,4.002481042,2.550862009,0.693791244,5.42629644,106.9129616,2.301023022,29.13887048,27.50508414,27.59181065
2733.4464,1506.562689,3025.783979,1787.551673,1822.67962,5.648146532,88.43523919,1.708771448,89.59770031,4.048262141,2.546818444,0.696074919,5.483578134,106.977927,2.297310507,29.13760769,27.45134506,27.58985515
2733.5988,1510.474444,3033.640774,1792.163094,1827.389817,5.656943147,88.64025281,1.744161978,89.21466516,4.109956025,2.55433034,0.70150014,5.559119019,106.6675474,2.29385168,29.13524447,27.52350332,27.59363314
2733.7512,1508.938327,3030.556061,1790.310832,1825.50928,5.645259252,88.53602394,1.772643641,89.31944223,4.155669777,2.552587559,0.704325289,5.612391665,107.0092884,2.290366666,29.12369916,27.49638881,27.59294035
2733.9036,1508.559962,3029.796594,1789.832187,1825.029416,5.637790388,88.51552039,1.80160189,89.16515088,4.202854552,2.552741253,0.707571503,5.666517902,106.4559523,2.286818708,29.11090654,27.49037387,27.59323549
2734.056,1503.982569,3020.603795,1784.3714,1819.469493,5.614556409,88.25596907,1.824793888,89.11858307,4.236539474,2.545717888,0.708760571,5.700904503,106.160265,2.283343129,29.10294181,27.40784636,27.59009616
2734.2084,1508.026422,3028.725945,1789.139111,1824.339274,5.623442727,88.51190071,1.85675092,88.82158385,4.289653363,2.553094634,0.713831106,5.756820524,106.6330777,2.279788022,29.11266046,27.48242914,27.59430525
2734.3608,1507.896176,3028.464828,1788.954826,1824.1596,5.616743397,88.52863942,1.882860049,89.02634552,4.328893758,2.553328893,0.716839323,5.792559362,106.405075,2.276143424,29.12400999,27.4809379,27.59512314
2734.5132,1508.978893,3030.639857,1790.209744,1825.447502,5.614421205,88.63774172,1.909372261,88.97780364,4.369029609,2.555532307,0.720241323,5.827798328,105.9922192,2.272894797,29.14022064,27.50155285,27.59703677
2734.6656,1504.676394,3021.999228,1785.075783,1820.220865,5.591897692,88.45008377,1.927928421,89.03342349,4.391134508,2.548542087,0.720891798,5.837579045,105.0414992,2.269891239,29.15327632,27.42402611,27.59451058
2734.818,1507.37864,3027.426999,1788.252019,1823.468123,5.595233952,88.7052167,1.952629107,88.83244539,4.427237778,2.553209651,0.724506076,5.861377868,105.3300234,2.267046452,29.16591874,27.47417014,27.59804594
2734.9704,1504.910937,3022.471442,1785.295132,1820.461507,5.579300129,88.67369949,1.969581727,89.12788735,4.445659042,2.549042471,0.7254647,5.859870039,105.4748771,2.263922364,29.17523119,27.43008387,27.59730751
2735.1228,1504.042809,3020.728497,1784.235815,1819.389899,5.569231441,88.75853341,1.987405654,89.17137675,4.465749687,2.547483998,0.72697911,5.857698518,105.4567548,2.26108035,29.18235884,27.41515736,27.5980054
2735.2752,1499.51193,3011.629259,1778.831142,1813.887347,5.545661296,88.63553189,1.999264041,89.32502099,4.472109167,2.539623636,0.726559005,5.834538564,105.4005493,2.258468553,29.19030546,27.33347373,27.5956954
2735.4276,1504.153693,3020.952403,1784.307686,1819.480403,5.556155596,89.07059872,2.020042529,89.23209142,4.498345021,2.547061529,0.730155349,5.831358642,105.6553291,2.256261707,29.19265475,27.41899083,27.60143733
2735.58,1505.131609,3022.917048,1785.438195,1820.641675,5.553229353,89.29459213,2.034782094,89.63405867,4.510681338,2.548198753,0.731814791,5.807385438,105.4918459,2.254103821,29.19380668,27.43771362,27.6041824
2735.7324,1507.708889,3028.09389,1788.466171,1823.737842,5.556155346,89.63213918,2.050398606,89.76102962,4.524627448,2.551947482,0.73403094,5.78286463,105.627158,2.252344795,29.19275822,27.48558967,27.60839224
2735.8848,1505.115248,3022.885442,1785.360412,1820.579372,5.539922258,89.67725022,2.057753383,89.94379807,4.520410672,2.54687266,0.733534481,5.733482941,106.7294403,2.250921068,29.19318139,27.43920227,27.60831312
2736.0372,1509.528192,3031.749106,1790.56603,1825.896264,5.549410575,90.16482194,2.070941242,89.80737205,4.53010239,2.553467495,0.735950657,5.698146689,106.8178226,2.249918075,29.19429057,27.52054889,27.61439925
2736.1896,1508.553437,3029.792097,1789.381177,1824.696621,5.538979724,90.34850212,2.075320659,90.09276579,4.520964603,2.550881459,0.735526338,5.637948354,106.7797124,2.249100392,29.20175127,27.50366836,27.61601743
2736.342,1508.792287,3030.272526,1789.635928,1824.965047,5.532906853,90.62561911,2.079753857,90.05843878,4.5125718,2.550271468,0.735447099,5.577163994,106.1732186,2.248611338,29.21034582,27.50891586,27.61877202
2736.4944,1504.855597,3022.366755,1784.937675,1820.182701,5.511572677,90.66012264,2.076827433,90.07714163,4.489229032,2.542540056,0.733131619,5.496749491,105.7648874,2.248301976,29.22501859,27.43803771,27.61809705
2736.6468,1509.545175,3031.786021,1790.471017,1825.833859,5.522103642,91.21772059,2.081714552,89.81833559,4.485161002,2.549230706,0.734550794,5.437526152,105.9675574,2.248089814,29.24039984,27.52443964,27.62499172
2736.7992,1510.032273,3032.764969,1791.019945,1826.402074,5.51735649,91.52456743,2.079215666,90.04569276,4.466167824,2.548767948,0.73374157,5.359536651,106.0330646,2.247905107,29.26155803,27.53420875,27.62842875
2736.9516,1511.677692,3036.070318,1792.942865,1828.371432,5.516790064,91.90769797,2.07687666,90.01422169,4.448331931,2.550214761,0.733314209,5.28262568,106.1084838,2.248329116,29.2869745,27.56509732,27.63293611
2737.104,1507.871325,3028.426249,1788.399561,1823.746848,5.496251146,91.95976743,2.065904737,90.06927506,4.412788312,2.542439985,0.730109764,5.18494213,106.1690356,2.249229207,29.31540841,27.49657765,27.63290369
2737.2564,1510.980542,3034.671493,1792.058282,1827.486333,5.501090817,92.4215767,2.061143928,89.84422374,4.392867738,2.54625515,0.729911942,5.105673659,106.2629978,2.250275904,29.34272266,27.55416564,27.63888163
2737.4088,1508.818457,3030.329795,1789.465192,1824.850398,5.486742206,92.55852419,2.048101478,90.08128568,4.355924729,2.541163319,0.727044565,5.006677165,105.5993553,2.251189997,29.36247935,27.51562468,27.64046022
2737.5612,1508.126462,3028.940627,1788.615438,1823.992248,5.477836871,92.77866039,2.035990111,90.03230013,4.321767764,2.538529092,0.724777125,4.910827163,106.7177552,2.252616318,29.37461263,27.50389504,27.64333698
2737.7136,1503.657264,3019.965217,1783.285461,1818.565165,5.455517919,92.75180388,2.017809892,90.06206439,4.275821179,2.529528035,0.720619785,4.801430152,106.4415963,2.25431727,29.38712169,27.42328362,27.6430567
2737.866,1508.23679,3029.163247,1788.686317,1824.080888,5.466772988,93.24188019,2.009063694,89.8207898,4.253059557,2.535742008,0.720602849,4.719150225,106.7746428,2.256720615,29.39999962,27.50769443,27.65056521
2738.0184,1509.038034,3030.772866,1789.606284,1825.026859,5.464683697,93.47794017,1.994380908,90.06283088,4.218777054,2.535604754,0.718731584,4.624518965,105.558407,2.25907301,29.40175319,27.52318695,27.65489262
2738.1708,1511.309247,3035.33476,1792.269482,1827.750472,5.46809259,93.78057351,1.98102831,90.03214808,4.188219021,2.537959926,0.717557887,4.535401753,105.8670826,2.261576534,29.39710742,27.56548594,27.66046062
2738.3232,1508.308293,3029.30794,1788.680245,1824.097851,5.452511364,93.73366178,1.960359086,90.07935842,4.143056856,2.53149375,0.71389725,4.432227347,106.415076,2.26266751,29.38970744,27.5116245,27.66157185
2738.4756,1512.22498,3037.174518,1793.294163,1828.810615,5.462402777,94.0642469,1.947138196,89.83694985,4.116742221,2.536717181,0.713486135,4.353683076,106.3276988,2.264314796,29.38505145,27.58393688,27.66851184
2738.628,1510.687519,3034.086894,1791.440293,1826.927457,5.452641627,94.03605147,1.926364821,90.06138411,4.075542633,2.532826479,0.710502813,4.261576994,106.4342233,2.266007612,29.37506586,27.55675852,27.67083476
2738.7804,1510.309246,3033.327372,1790.960834,1826.445895,5.447194439,94.05531677,1.906664823,90.0165166,4.038050888,2.530931617,0.708100707,4.176019696,105.5943833,2.267605603,29.35877235,27.55072607,27.6740932
2738.9328,1505.727236,3024.124933,1785.49597,1820.880057,5.426887624,93.79372664,1.881241672,90.08546525,3.990271884,2.522043649,0.703749027,4.081971954,105.9040735,2.26885111,29.35105938,27.46801306,27.67376609
2739.0852,1509.77689,3032.258277,1790.265726,1825.751277,5.438590257,94.01381219,1.865756426,89.92347078,3.967731041,2.527751622,0.703508945,4.0194761,105.9056007,2.269827218,29.35768133,27.54275523,27.6806621
2739.2376,1509.647755,3031.998814,1790.080251,1825.568869,5.435572841,93.9504064,1.844788389,90.28627167,3.935204271,2.526521815,0.701363599,3.949536413,105.862141,2.270725086,29.366674,27.54125643,27.68398529
2739.39,1510.733142,3034.178573,1791.334767,1826.854916,5.437122144,93.92848704,1.825446689,90.41011389,3.907359003,2.527404559,0.699904062,3.887974276,105.6067954,2.271653271,29.37231754,27.56191237,27.68826966
2739.5424,1506.427184,3025.530246,1786.19629,1821.62118,5.419385288,93.54380135,1.799899857,90.63226158,3.867115339,2.519340427,0.6960629,3.817239938,105.5665345,2.272718855,29.38899096,27.48421121,27.68796102
2739.6948,1509.134513,3030.967369,1789.372923,1824.867184,5.427556438,93.53070927,1.783409265,90.5623485,3.848995785,2.523189843,0.695715764,3.775621398,105.6910569,2.273932804,29.40233024,27.53446103,27.69345943
2739.8472,1506.666002,3026.009223,1786.412487,1821.854296,5.417302635,93.16554746,1.761298713,90.9302173,3.81922555,2.518460976,0.693118799,3.725759243,105.626811,2.274539441,29.41119773,27.4902738,27.6945321
2739.9996,1505.79913,3024.267763,1785.350654,1820.777559,5.413140379,92.86173075,1.741917746,90.97593752,3.795827944,2.516502918,0.691451116,3.685606865,105.6112822,2.275106996,29.41323683,27.47531033,27.6968734
2740.152,1501.265457,3015.161749,1779.940573,1815.266107,5.39631057,92.30848316,1.719150698,91.06521469,3.765714116,2.508497577,0.688249103,3.641135595,105.4537673,2.275609497,29.41562937,27.39344325,27.69602073
2740.3044,1505.915659,3024.500528,1785.418096,1820.857823,5.413669885,92.27217269,1.70860475,90.84908759,3.764800372,2.5160421,0.689569801,3.631056761,105.5892,2.276157971,29.40730863,27.4791438,27.70280747
2740.4568,1506.897931,3026.472494,1786.546715,1822.014045,5.418363455,91.98646782,1.694753163,91.08973539,3.757159356,2.517542,0.689364183,3.617046621,104.9796166,2.276135817,29.3987455,27.49790354,27.7063978
2740.6092,1509.481645,3031.660754,1789.573822,1825.106279,5.429153145,91.76582712,1.683782394,91.04648659,3.756165686,2.521812699,0.69009601,3.612817112,104.9587937,2.276427057,29.38637473,27.54588055,27.7112611
2740.7616,1506.888513,3026.451734,1786.463276,1821.938925,5.42151317,91.21016306,1.667969058,91.0819734,3.744601801,2.517510243,0.6886177,3.600940012,105.230035,2.276710164,29.38442161,27.49938735,27.71169219
2740.914,1511.310591,3035.332011,1791.66895,1827.252634,5.439778701,91.04897054,1.661995568,90.8374846,3.756701145,2.525118877,0.690662458,3.617774422,105.2348146,2.276960705,29.38116732,27.58090837,27.71791252
2741.0664,1510.338724,3033.379007,1790.480128,1826.044777,5.438748683,90.54413776,1.650795668,91.06434914,3.757509862,2.523791262,0.690378438,3.62667424,105.1942336,2.277131816,29.37393897,27.56398684,27.71950945
2741.2188,1510.582039,3033.866546,1790.731686,1826.305839,5.442283209,90.09579969,1.641757731,91.02084599,3.763923297,2.524576589,0.690799769,3.643918367,105.0052429,2.27720729,29.36491929,27.56924186,27.72204147
2741.3712,1506.644989,3025.958133,1786.027108,1821.512205,5.431070834,89.40171485,1.628920869,91.07079436,3.762539584,2.518437321,0.689394464,3.654980225,104.9054837,2.277082661,29.36219983,27.49820428,27.72093269
2741.5236,1511.34476,3035.395815,1791.560136,1827.159193,5.451846029,89.23836081,1.627638122,90.85101635,3.789506395,2.52688933,0.692151748,3.696551229,104.8800608,2.276578629,29.37153722,27.58479167,27.72697129
2741.676,1511.837136,3036.383279,1792.105643,1827.719387,5.457735872,88.8328465,1.622478972,91.09776762,3.808336588,2.528366362,0.693051699,3.731706295,105.0472096,2.275874458,29.38578267,27.59457823,27.7293625
2741.8284,1513.489313,3039.700065,1794.025902,1829.681582,5.467940338,88.49943085,1.619266414,91.04600399,3.832353531,2.531839295,0.694565924,3.773598143,105.0398884,2.275429298,29.40434967,27.62553056,27.73269055
2741.9808,1509.683234,3032.054448,1789.475979,1825.044998,5.458467173,87.85900668,1.610887777,91.04029446,3.84445614,2.52621768,0.693626536,3.804400381,105.1311794,2.274897919,29.41307957,27.55685669,27.73137613
2742.1332,1512.801204,3038.315041,1793.132888,1828.778171,5.47444808,87.66490171,1.612229933,90.70916322,3.879800313,2.532277553,0.696012703,3.858698586,105.1799595,2.274119555,29.41993112,27.61456692,27.73587497
2742.2856,1510.641572,3033.976068,1790.534195,1826.13133,5.471405942,87.17473171,1.608800376,90.80552066,3.903456364,2.529540558,0.696039745,3.902061348,105.0138771,2.27305997,29.42541675,27.57593749,27.73588019
2742.438,1509.953854,3032.593259,1789.679837,1825.263438,5.473847247,86.78714157,1.607932282,90.59580089,3.932873359,2.529296104,0.696804774,3.9510464,106.1814779,2.272022445,29.42695226,27.56417812,27.73711769
2742.5904,1505.484377,3023.615104,1784.342567,1819.823389,5.462883917,86.21297828,1.604160224,90.46650165,3.954411417,2.522727021,0.695854947,3.990511395,105.8451989,2.270960343,29.42340279,27.48338596,27.73506448
2742.7428,1510.074621,3032.832377,1789.742479,1825.333707,5.48543829,86.24657731,1.612742037,90.0756177,4.004776434,2.531362864,0.699130199,4.054910209,106.0698259,2.2701778,29.41950828,27.56797769,27.740691
2742.8952,1510.881966,3034.452037,1790.658861,1826.271158,5.494522153,86.09760774,1.618334629,90.18914665,4.046826176,2.533663096,0.700667107,4.109284865,105.3548791,2.268997443,29.40965761,27.58350012,27.74305252
2743.0476,1513.161051,3039.027528,1793.319513,1828.987498,5.509037438,86.07107288,1.626279712,90.06674253,4.094080646,2.538421189,0.70285886,4.166929041,105.516323,2.267853665,29.39570386,27.62588777,27.74671457
2743.2,1510.161481,3033.001389,1789.724084,1825.323331,5.504324684,85.7838421,1.629145205,90.06853981,4.128025288,2.534304128,0.702550969,4.208691228,105.779576,2.266478125,29.37816258,27.57190427,27.74590712
2743.3524,1514.087917,3040.885398,1794.336692,1830.030392,5.524957812,85.99954405,1.641327256,89.8253314,4.183890627,2.541763538,0.705357494,4.266468734,105.9997554,2.265485655,29.36512817,27.64437103,27.75107605
2743.5048,1512.553433,3037.801746,1792.477789,1828.13722,5.525578358,85.94256187,1.648027172,90.0667534,4.22549737,2.540037828,0.705565664,4.307732109,106.3471834,2.264651119,29.35461305,27.61712909,27.75161554
2743.6572,1512.179479,3037.048909,1791.994161,1827.646723,5.530360837,85.99992951,1.656355304,90.03612031,4.270909831,2.540222751,0.706220528,4.349719751,106.0291976,2.263751798,29.33898374,27.61107937,27.75319589
2743.8096,1507.596463,3027.842617,1786.52234,1822.068806,5.519794207,85.86743373,1.660494793,90.07917562,4.304933252,2.533292154,0.704818553,4.376432784,106.1152148,2.262618313,29.32737377,27.52818106,27.75111873
2743.962,1511.655495,3035.992912,1791.291275,1826.935331,5.541013533,86.35943572,1.675717649,89.83929677,4.365077689,2.540768466,0.707249715,4.420241722,106.1901073,2.26135483,29.32084559,27.60308284,27.75645486
2744.1144,1511.530389,3035.739833,1791.102255,1826.745206,5.546903763,86.66426402,1.686706446,90.06379383,4.413454801,2.541164804,0.707621057,4.448567248,106.2217173,2.260137428,29.31491885,27.60157666,27.75817139
2744.2668,1512.621171,3037.928759,1792.354163,1828.024729,5.557130546,87.10053611,1.699255055,90.02081787,4.465299077,2.543537813,0.708405917,4.475950242,105.9867765,2.259209645,29.31230371,27.62227374,27.76100722
2744.4192,1508.313755,3029.276039,1787.209526,1822.780489,5.547392191,87.28095082,1.70588919,90.0737876,4.501070922,2.536769788,0.706522614,4.483165643,105.5019137,2.25850117,29.30753052,27.54439829,27.75922834
2744.5716,1511.028034,3034.725637,1790.385,1826.022019,5.563319764,88.00211552,1.721485634,89.86158869,4.557507922,2.541650768,0.707646991,4.500548035,105.7166164,2.258211205,29.30214097,27.594754,27.76358986
2744.724,1508.559841,3029.766868,1787.420038,1823.000927,5.560038267,88.4735072,1.731579445,90.10154765,4.598067803,2.537750899,0.706228266,4.498261812,105.7163281,2.257508782,29.28988819,27.55046587,27.7635288
2744.8764,1507.69511,3028.028494,1786.354892,1821.917517,5.562569606,89.09688802,1.743995782,90.00512125,4.642805775,2.536462193,0.705424288,4.494807616,105.7802114,2.257247962,29.28007296,27.53546547,27.76493612
2745.0288,1503.158752,3018.916085,1780.939211,1816.396972,5.551591306,89.54707613,1.752772954,89.8792315,4.675333157,2.528915186,0.702818874,4.474707759,105.7703402,2.257054429,29.27396479,27.45341494,27.76311218
2745.1812,1507.817314,3028.270606,1786.417657,1821.987434,5.574561019,90.65562266,1.773336139,89.34277935,4.734224463,2.536642618,0.70428133,4.468739297,106.062146,2.257120756,29.26200397,27.53929888,27.76926104
2745.3336,1508.803086,3030.24878,1787.544942,1823.140043,5.583953446,91.58589639,1.790117854,89.1414225,4.780545439,2.538112841,0.703942741,4.446513111,105.5409964,2.257141185,29.24691639,27.55809551,27.77218871
2745.486,1511.392129,3035.446961,1790.571924,1826.230191,5.599182665,92.66617924,1.809015143,88.58138966,4.830803669,2.542190166,0.704207959,4.422939893,105.8252381,2.25755421,29.23306077,27.60617337,27.77657011
2745.6384,1508.797638,3030.234669,1787.457934,1823.057124,5.595111582,93.47060478,1.821697621,88.08652321,4.863539368,2.537474512,0.701932827,4.379353344,106.8858685,2.257799963,29.21879941,27.55957424,27.7764534
2745.7908,1513.226818,3039.128612,1792.66513,1828.37107,5.616845342,94.80003216,1.842720413,87.39655962,4.915935887,2.544386682,0.70265366,4.344188902,106.8825328,2.258144764,29.20338778,27.64126952,27.78241391
2745.9432,1512.255078,3037.175511,1791.474382,1827.159692,5.618366498,95.83056579,1.856946955,87.32008554,4.949805073,2.542149102,0.700735244,4.289093948,106.7861295,2.259113143,29.19352621,27.62430682,27.78370206
2746.0956,1512.499897,3037.665752,1791.72494,1827.418411,5.624254301,96.97388356,1.872324746,87.15465457,4.98623541,2.541878148,0.699244499,4.232156223,106.3465691,2.260436333,29.18519127,27.6295692,27.78607505
2746.248,1508.55886,3029.749235,1787.01676,1822.619676,5.61451332,97.85948854,1.882206928,87.24030798,5.007125204,2.534507495,0.695755295,4.159031259,105.9100371,2.261528066,29.17862308,27.55837201,27.78471528
2746.4004,1513.265121,3039.199756,1792.552252,1828.268783,5.636789754,99.32845108,1.902171165,87.17701702,5.052015797,2.541503803,0.696116647,4.099194439,106.1453384,2.262376546,29.17942962,27.64514468,27.79069614
2746.5528,1513.758452,3040.189166,1793.097613,1828.828346,5.643277215,100.529752,1.916406753,87.63529245,5.081060168,2.541366768,0.69447542,4.024155286,106.2400579,2.263265072,29.18712724,27.65494854,27.79291751
2746.7052,1515.412932,3043.510617,1795.018588,1830.790981,5.653984422,101.8264842,1.93145311,87.79480708,5.112510795,2.543121357,0.693261405,3.948573706,106.2193745,2.264808476,29.20111801,27.68596447,27.79610408
2746.8576,1511.60215,3035.855805,1790.46586,1826.150965,5.644231191,102.7662976,1.938885343,87.94625148,5.124314931,2.535660482,0.689467369,3.856196549,106.0297823,2.26642275,29.20554267,27.61713625,27.79442797
2747.01,1514.723913,3042.124133,1794.124756,1829.886336,5.66019913,104.1714368,1.953926005,87.69284562,5.155247556,2.539714036,0.688736081,3.774745852,107.7933606,2.267978863,29.20682741,27.67496859,27.7985605
2747.1624,1512.561279,3037.779463,1791.52466,1827.237985,5.65633194,105.2210516,1.961632202,87.76763766,5.166816362,2.534865306,0.68553554,3.677753762,107.7172977,2.269703889,29.21583335,27.63625055,27.79799814
2747.3148,1511.87233,3036.394505,1790.669945,1826.369838,5.657934315,106.3656662,1.970751309,87.4437184,5.181649048,2.532448681,0.682976493,3.582108813,107.9897212,2.27134251,29.21063029,27.62446134,27.79864064
2747.4672,1507.396681,3027.404457,1785.329947,1820.927008,5.645382842,107.2056407,1.974647547,87.12298794,5.181177641,2.52366422,0.678772196,3.475858785,107.6695666,2.272780072,29.19814104,27.54348834,27.79578961
2747.6196,1511.991918,3036.632076,1790.733356,1826.441813,5.666763512,108.5869941,1.989301708,86.51899044,5.205925885,2.530009901,0.678814294,3.387341398,107.9134204,2.27466069,29.18620477,27.6282609,27.80058161
2747.772,1512.799316,3038.252339,1791.650865,1827.381226,5.67393586,109.6544275,1.998615844,86.45648633,5.215336326,2.530002003,0.677230137,3.289589989,107.749662,2.276414609,29.17343684,27.64381316,27.80187828
2747.9244,1515.080284,3042.83206,1794.31365,1830.100696,5.686663504,110.7953521,2.009288166,86.27144936,5.228286766,2.532454296,0.676352955,3.195344773,108.0264147,2.278033101,29.14707594,27.6862894,27.80430812
2748.0768,1512.075913,3036.796877,1790.716885,1826.435777,5.679605939,111.5170881,2.012327768,86.37041603,5.221873332,2.526074592,0.673162056,3.090710518,106.504912,2.279574412,29.12517132,27.63218378,27.80186258
2748.2292,1516.006243,3044.689067,1795.332802,1831.147389,5.698614666,112.6309061,2.02294405,86.41919458,5.235151094,2.531286233,0.673247142,3.001869815,106.7433076,2.281663316,29.10919961,27.70480487,27.8051156
2748.3816,1514.468751,3041.599882,1793.473614,1829.254732,5.697068007,113.3077191,2.025507573,87.11457688,5.228507524,2.52737328,0.670938039,2.903220201,107.3008648,2.283757154,29.090862,27.67749931,27.80332713
2748.534,1514.093288,3040.84445,1792.990452,1828.765582,5.699927451,114.0197292,2.028891712,87.63485949,5.224698298,2.525420869,0.669236691,2.808766702,106.9274757,2.285851668,29.07063373,27.67143228,27.80234656
2748.6864,1509.503415,3031.624948,1787.51635,1823.18595,5.68694958,114.3366875,2.026071557,88.21562733,5.204539922,2.516467696,0.665834401,2.708432039,107.1061028,2.287734722,29.05813724,27.58834867,27.79736412
2748.8388,1513.566428,3039.783521,1792.288798,1828.057373,5.706589518,115.1004748,2.033451413,88.4187775,5.20908448,2.52201407,0.666675718,2.628961262,107.244247,2.289385088,29.0497342,27.66341003,27.79970801
2748.9912,1513.439988,3039.528166,1792.100562,1827.869108,5.710422138,115.465932,2.034608951,88.9298253,5.197452086,2.520615244,0.665837106,2.544835262,106.913592,2.290879979,29.04230527,27.66189648,27.79807388
2749.1436,1514.531038,3041.717934,1793.354021,1829.151317,5.718920595,115.8523147,2.03676792,89.02038295,5.189130031,2.521291987,0.665689223,2.466587581,106.5875655,2.2925763,29.0337381,27.6826347,27.79725809
2749.296,1510.217154,3033.052633,1788.207318,1823.905626,5.707105719,115.762406,2.031086002,89.08591507,5.161699917,2.513013777,0.663297607,2.38288289,106.2864634,2.294507057,29.0341787,27.60458499,27.7912418
2749.4484,1512.933917,3038.507317,1791.385328,1827.15084,5.72198393,116.0120573,2.033608089,88.84308818,5.155116264,2.516548957,0.664417537,2.318638562,106.4766891,2.296728307,29.03195749,27.65504661,27.79113965
2749.6008,1510.461734,3033.540736,1788.419435,1824.129479,5.717293999,115.801014,2.028761486,89.07008278,5.130165166,2.511497688,0.663396765,2.250068144,106.481253,2.298326014,29.02342776,27.61065761,27.78601623
2749.7532,1509.595099,3031.798635,1787.354383,1823.04691,5.718764281,115.6287645,2.025967949,89.03738113,5.109865291,2.509179536,0.663292719,2.188643094,106.4138706,2.300158807,29.01792284,27.59562031,27.78208076
2749.9056,1505.052207,3022.673304,1781.936369,1817.524464,5.706337187,115.0733681,2.018433102,89.06450656,5.075622537,2.500815933,0.661832401,2.126006555,106.3631438,2.301973866,29.01327726,27.51338637,27.77453345
2750.058,1509.715834,3032.037888,1787.41858,1823.119911,5.728840907,114.9648198,2.022971269,88.77303694,5.068466911,2.507913555,0.665028558,2.086710452,106.3816753,2.303684109,29.00172734,27.59945375,27.77536419
2750.2104,1510.702041,3034.016928,1788.547203,1824.274764,5.737379621,114.4765541,2.022645387,88.88174294,5.047486062,2.508970625,0.66685144,2.046854071,106.2949065,2.30527817,28.98828181,27.6182873,27.77264139
2750.3628,1513.293613,3039.220079,1791.57654,1827.368251,5.752107871,114.0222468,2.024363952,88.66919512,5.03125692,2.512766269,0.669602464,2.014321913,106.5248586,2.306954108,28.97867918,27.66646607,27.77121746
2750.5152,1510.695222,3033.999944,1788.461394,1824.194476,5.747224858,113.1064746,2.018904437,88.51862712,4.997443437,2.508002561,0.670223713,1.978811075,107.2499483,2.308403087,28.97012185,27.61976104,27.76468798
2750.6676,1515.129507,3042.903824,1793.671981,1829.512725,5.76923076,112.5130441,2.022194997,88.11905751,4.98508043,2.515073204,0.674432118,1.962494976,107.4068329,2.309922406,28.96283745,27.70163062,27.7646374
2750.82,1514.156188,3040.947339,1792.480954,1828.301406,5.770735613,111.4556622,2.017810316,88.23344324,4.954712814,2.513223521,0.676369407,1.943111455,107.1731826,2.311647318,28.95153174,27.68462679,27.75925408
2750.9724,1514.401068,3041.437389,1792.731964,1828.560923,5.776974864,110.4163782,2.014817136,88.12087258,4.928127684,2.513461934,0.679023979,1.929677626,106.7566304,2.313527881,28.9471805,27.68989657,27.75485769
2751.1248,1510.454875,3033.510325,1788.021407,1823.759731,5.767226244,108.9950222,2.006358847,88.11703195,4.887219004,2.506807917,0.67999309,1.914311658,106.363584,2.315037285,28.94508063,27.61853981,27.74640218
2751.2772,1515.166938,3042.972028,1793.560196,1829.412724,5.790457964,107.9972851,2.009606639,87.84322405,4.872386418,2.514690999,0.685350011,1.918822373,106.5170722,2.316219326,28.94866264,27.70549781,27.7466349
2751.4296,1515.660815,3043.96219,1794.106013,1829.972908,5.797525085,106.6267775,2.007191586,88.03339667,4.843322078,2.515635889,0.68896882,1.921483657,105.8495085,2.317277988,28.95547341,27.71531897,27.74284927
2751.582,1517.317386,3047.28742,1796.028153,1831.936897,5.809097306,105.2782676,2.006047656,87.95931674,4.817860612,2.518565952,0.693248666,1.928835328,105.6203749,2.318899729,28.96680236,27.74639854,27.74017364
2751.7344,1513.501901,3039.622892,1791.472883,1827.293962,5.799796136,103.5039331,1.997435966,88.00799068,4.775090239,2.51245502,0.695126394,1.931309924,107.09095,2.320489557,28.97713727,27.67741598,27.73209261
2751.8868,1516.627798,3045.899016,1795.13374,1831.031395,5.817086175,102.0710797,1.998135342,87.8620559,4.753871407,2.517995902,0.700506369,1.948754967,106.736646,2.322000246,28.98515858,27.73537045,27.73125485
2752.0392,1514.462721,3041.54908,1792.532031,1828.380994,5.814115177,100.2413728,1.991768627,88.29429778,4.716220682,2.514795383,0.703531111,1.961778906,106.8539188,2.323338186,28.99240733,27.69656381,27.72519589
2752.1916,1513.773219,3040.162604,1791.676646,1827.511825,5.816801665,98.47222051,1.987656308,88.5767922,4.683316707,2.514087773,0.707338157,1.978775736,108.1726624,2.324820293,29.00248914,27.68474476,27.72072928
2752.344,1509.292228,3031.161597,1786.333458,1822.065112,5.80478841,96.42468808,1.979535542,89.05513732,4.63863239,2.50712513,0.709486698,1.992269492,107.6776829,2.325985616,29.01011624,27.6035909,27.71277858
2752.4964,1513.893496,3040.400912,1791.739692,1827.58283,5.827359224,94.87492112,1.985156178,89.32908316,4.621754428,2.515360257,0.716162918,2.021335802,107.241636,2.327112118,29.01446852,27.68854428,27.71513528
2752.6488,1514.702128,3042.023419,1792.657512,1828.52231,5.83515947,93.06136423,1.986547314,90.07480982,4.593232884,2.517333527,0.721128257,2.046706954,106.7092614,2.327925578,29.01471239,27.70412636,27.7141093
2752.8012,1516.986178,3046.609083,1795.321574,1831.242932,5.848581525,91.32129249,1.990134539,90.46226394,4.569270546,2.521781585,0.726830074,2.074187929,108.0480354,2.32897158,29.01031257,27.74669117,27.71495012
2752.9536,1513.978243,3040.566707,1791.722551,1827.575141,5.841590847,89.25274168,1.986907488,90.77146684,4.529547975,2.517445389,0.730009619,2.093792126,108.2216128,2.329949716,29.0081621,27.69246339,27.71072095
2753.106,1517.913728,3048.469093,1796.340771,1832.289003,5.861182352,87.57527387,1.993786378,90.59538869,4.511357688,2.524706889,0.73659446,2.122310838,106.8594008,2.331064092,29.00553556,27.76523879,27.71468845
2753.2584,1516.374541,3045.376552,1794.48021,1830.394397,5.85962924,85.57692348,1.993328525,90.67154445,4.477169768,2.522874686,0.74051203,2.142558012,107.3831946,2.33205037,28.99661117,27.73786958,27.71337955
2753.4108,1515.998847,3044.620713,1793.996423,1829.904122,5.862514767,83.65327175,1.994575104,90.30333289,4.446725223,2.52298076,0.744966107,2.162789901,106.9942911,2.333155128,28.98599245,27.73178521,27.71371073
2753.5632,1511.403404,3035.390301,1788.51889,1824.320191,5.848913528,81.52092908,1.991158515,89.93152377,4.404343798,2.516067408,0.747320598,2.175335088,107.1527391,2.334218211,28.9882644,27.64851626,27.71030517
2753.7156,1515.471624,3043.559517,1793.293668,1829.193855,5.868313999,79.91981015,2.001647737,89.3143578,4.388716061,2.523594411,0.753897284,2.196932563,107.1081261,2.334905372,28.98767077,27.72373718,27.71747099
2753.868,1515.345078,3043.304348,1793.104984,1829.004698,5.871259609,78.12455706,2.007302717,89.29055275,4.361421463,2.52413877,0.758342769,2.210850074,106.6990261,2.33537749,28.98599369,27.72221621,27.72093514
2754.0204,1516.437507,3045.49732,1794.358814,1830.286956,5.878799828,76.41740902,2.014861327,89.18315058,4.337965584,2.526699485,0.76333058,2.223503434,106.4662026,2.336212947,28.9896215,27.74299556,27.72620235
2754.1728,1512.118153,3036.821707,1789.208908,1825.037296,5.865282608,74.46155625,2.015530717,89.35497186,4.299404577,2.520226356,0.765536282,2.225262024,104.9408651,2.337020051,28.99318992,27.66477153,27.72634991
2754.3252,1514.838149,3042.283518,1792.388432,1828.283934,5.878646281,72.95084255,2.02762475,89.41783214,4.28273668,2.525456083,0.771139398,2.231243865,105.0024277,2.33790779,28.99431254,27.71533904,27.73513322
2754.4776,1512.362612,3037.311062,1789.420638,1825.260166,5.871717667,71.22024196,2.033224333,90.03827286,4.252008751,2.522008814,0.774031605,2.227008216,104.7381662,2.338153357,28.9872667,27.67084915,27.73900146
2754.63,1511.494544,3035.566986,1788.354802,1824.176513,5.870808529,69.61721497,2.042006932,90.38195344,4.226619703,2.521215351,0.777654691,2.221652453,106.9249479,2.338811748,28.98140557,27.65577492,27.74509495
2754.7824,1506.94547,3026.430359,1782.933638,1818.650384,5.855267881,67.92206991,2.047720469,90.71630102,4.192192749,2.514256534,0.779286128,2.20814118,106.8008322,2.33933234,28.97080913,27.57335755,27.74805015
2754.9348,1511.614245,3035.806362,1788.418934,1824.249326,5.874774069,66.8413551,2.070059238,90.62256423,4.186625468,2.522617212,0.785397897,2.201524562,106.9303835,2.339867751,28.95090053,27.65960836,27.76202089
2755.0872,1512.600859,3037.787506,1789.548272,1825.405073,5.879620098,65.67749113,2.088977101,90.8247607,4.172142034,2.524808801,0.789477635,2.187079811,104.3415307,2.340337515,28.92301149,27.67847883,27.77272944
2755.2396,1515.194742,3042.996632,1792.579457,1828.500804,5.890481959,64.64661205,2.111100813,90.58739906,4.162894114,2.52964898,0.79427969,2.171276963,104.5792733,2.340978409,28.89616679,27.72675848,27.78548985
2755.392,1512.592055,3037.769416,1789.462771,1825.325505,5.881012193,63.44574095,2.126718554,90.32234047,4.13998338,2.525781306,0.796262965,2.144746711,106.6720504,2.341390185,28.86626515,27.67994756,27.79330992
2755.5444,1517.030679,3046.683547,1794.676587,1830.647731,5.898464658,62.72346132,2.154799995,89.72476355,4.138880381,2.533588533,0.801637119,2.120645564,106.7407877,2.34185774,28.82379761,27.76199144,27.8091348
2755.6968,1516.054863,3044.723778,1793.485226,1829.436392,5.894784649,61.82780674,2.17550716,89.62152523,4.123590001,2.532322597,0.804037314,2.085764841,106.6728043,2.342564036,28.79532233,27.74494648,27.81975063
2755.8492,1516.298711,3045.213529,1793.736737,1829.696869,5.895727138,61.05096,2.198617504,89.31643228,4.112352386,2.53305504,0.806946967,2.048841432,106.4125401,2.343367749,28.78285043,27.75022366,27.83185338
2756.0016,1512.346177,3037.275665,1789.023923,1824.89355,5.880152982,60.20290876,2.217034392,89.21881334,4.090983934,2.526738445,0.807467524,2.003516169,106.1097358,2.343802063,28.78578754,27.67870734,27.84010414
2756.154,1517.062568,3046.747956,1794.566302,1830.551127,5.897691421,59.96417479,2.251855035,88.97185116,4.096705886,2.534804862,0.812196577,1.963621935,106.1285908,2.343966975,28.79362824,27.76585067,27.85756121
2756.3064,1517.555451,3047.738154,1795.112927,1831.112774,5.898608216,59.65495703,2.281475206,89.30634689,4.092272355,2.535778402,0.814496129,1.915985568,104.9288532,2.344093181,28.81017499,27.77568916,27.87099787
2756.4588,1519.212429,3051.066261,1797.036675,1833.079164,5.903954099,59.46009835,2.313405688,89.43344552,4.091647364,2.538660866,0.81729177,1.867081481,104.7439208,2.344717539,28.83890755,27.80683237,27.88560654
2756.6112,1515.390471,3043.390915,1792.47941,1828.43458,5.887964093,59.10505928,2.337506711,89.66955557,4.076748196,2.532355345,0.817047657,1.809239487,104.7911628,2.345269525,28.87741705,27.7376955,27.89495887
2756.7636,1518.518407,3049.673278,1796.142999,1832.175828,5.898630497,59.23160844,2.374888476,89.62926557,4.083230546,2.537566811,0.820215964,1.755107424,104.9060406,2.346261488,28.90933638,27.79577211,27.9110836
2756.916,1516.348716,3045.31632,1793.540549,1829.525347,5.888633881,59.20927705,2.404506234,90.06614053,4.076146566,2.533892568,0.820421178,1.693057102,104.6837734,2.347027296,28.93081733,27.7568769,27.92210022
2757.0684,1515.656372,3043.926378,1792.685462,1828.657329,5.884239387,59.31924878,2.437451143,90.27282451,4.074014638,2.532650379,0.821313534,1.631294696,107.0741817,2.347894224,28.94095006,27.74502802,27.93442842
2757.2208,1511.167756,3034.912357,1787.340106,1823.209019,5.864866142,59.38730026,2.466041391,90.65908639,4.063305909,2.525024956,0.820007407,1.565143292,106.8686588,2.348383521,28.95761097,27.66369334,27.94309549
2757.3732,1515.772561,3044.160985,1792.75035,1828.732267,5.880254622,60.08911781,2.513331506,90.88746387,4.08111653,2.532491358,0.823238862,1.507643616,104.7932391,2.349035157,28.98035524,27.74882757,27.9600027
2757.5256,1516.579975,3045.783278,1793.669703,1829.674505,5.880680036,60.74448025,2.55574001,91.67359423,4.090339157,2.533577639,0.824256657,1.446639777,104.5207467,2.34927164,29.00521851,27.76443948,27.97311742
2757.678,1518.864594,3050.372293,1796.336334,1832.399103,5.886740132,61.52651374,2.60153566,92.17809189,4.1044892,2.537105218,0.825990022,1.387349488,106.15977,2.349736749,29.03435091,27.80709288,27.98729074
2757.8304,1515.850646,3044.320064,1792.736377,1828.731326,5.872244735,62.14285918,2.638946827,92.63501392,4.104889486,2.531760334,0.824788221,1.32347889,106.6527361,2.350193916,29.07381741,27.75274299,27.99637782
2757.9828,1519.788667,3052.229664,1797.358387,1833.450642,5.88452672,63.22749838,2.690636853,92.57725424,4.126507981,2.53795213,0.827117908,1.266530794,106.229247,2.350767119,29.11795942,27.82567272,28.01119584
2758.1352,1518.24525,3049.130741,1795.497964,1831.557331,5.875621725,64.12786931,2.732933717,92.7000652,4.133703597,2.534969451,0.826401222,1.205156014,106.7502966,2.351329744,29.1642954,27.79823988,28.02079477
2758.2876,1517.866775,3048.371383,1795.015104,1831.069252,5.87126128,65.12906682,2.777915677,92.29297097,4.144737012,2.53391201,0.826257181,1.145646452,106.4228263,2.351905663,29.21102029,27.7921382,28.03112074
2758.44,1513.263385,3039.127028,1789.535653,1825.484251,5.850523047,66.0263345,2.816190816,91.80891802,4.145384115,2.525776826,0.823712675,1.084408167,107.3477661,2.35250071,29.26752817,27.70868393,28.03736541
2758.5924,1517.334382,3047.303704,1794.314353,1830.363518,5.863140188,67.5103768,2.873041441,91.01669468,4.172889646,2.532051112,0.82560217,1.033596675,107.2716797,2.352815369,29.33268048,27.78406442,28.05048378
2758.7448,1517.205502,3047.045657,1794.126753,1830.176695,5.859493336,68.88126595,2.922613756,90.75767974,4.189963418,2.531295454,0.825097558,0.981794427,107.3135664,2.352956299,29.4015296,27.78253607,28.05949099
2758.8972,1518.297131,3049.238767,1795.382487,1831.462212,5.860606201,70.34791677,2.974976913,90.33604581,4.210952581,2.532566633,0.825221836,0.933005786,107.6334647,2.353474412,29.47784437,27.80335654,28.06918072
2759.0496,1513.970371,3040.549942,1790.23083,1826.211603,5.840865266,71.58906973,3.017070343,90.09959773,4.217134175,2.524793442,0.822392949,0.882714185,106.3655047,2.353890701,29.54851104,27.72495823,28.07381475
2759.202,1516.691663,3046.015885,1793.413368,1829.462751,5.848311223,73.27556956,3.074425137,89.65506316,4.244468684,2.528738641,0.823272036,0.842065626,106.9006561,2.35451927,29.62726928,27.77563164,28.08370735
2759.3544,1514.211079,3041.034719,1790.445094,1826.439482,5.835712939,74.73345008,3.12147577,89.70813608,4.257558542,2.524003092,0.821318324,0.800715848,107.0976807,2.354453094,29.70035851,27.73104086,28.0887024
2759.5068,1513.339947,3039.285836,1789.379895,1825.357621,5.829289898,76.29628893,3.172394142,89.49453008,4.275757779,2.521944033,0.82023986,0.763542393,108.1150821,2.354782654,29.77212253,27.71592972,28.0946521
2759.6592,1508.783346,3030.135314,1783.956887,1819.830427,5.808561568,77.71591317,3.216364076,89.37506581,4.28455087,2.513731597,0.817127181,0.728131461,107.9244282,2.354913105,29.85597254,27.63332892,28.09692582
2759.8116,1513.455977,3039.52013,1789.446577,1825.435455,5.823229613,79.71898322,3.281130029,89.00549117,4.321655338,2.52086769,0.818876667,0.70563821,108.1438334,2.355185818,29.93315545,27.71976315,28.10608581
2759.964,1514.442006,3041.501029,1790.577813,1826.594401,5.823621234,81.56604078,3.33824568,89.14500023,4.34913374,2.521854812,0.818582155,0.685220676,107.3858977,2.355046593,30.00200706,27.73867053,28.11154557
2760.1164,1517.037304,3046.713851,1793.611994,1829.69459,5.830197642,83.51351902,3.399120238,89.04464909,4.381566563,2.525524465,0.819166903,0.669192383,107.5899867,2.355081425,30.06483478,27.78705107,28.11796218
2760.2688,1514.429756,3041.477608,1790.494749,1826.519619,5.816822807,85.17743661,3.448407093,89.05844701,4.398924646,2.520538849,0.816965076,0.653534348,109.8216975,2.355358912,30.13149541,27.74013425,28.11958211
2760.4212,1518.872253,3050.400146,1795.712727,1831.847548,5.830661982,87.26062469,3.513519117,88.81364882,4.436983928,2.527293136,0.818552705,0.647981812,109.5190297,2.355792787,30.18274652,27.82235242,28.12638057
2760.5736,1517.893797,3048.435579,1794.521801,1830.637566,5.823805164,89.03010708,3.565844275,89.05338266,4.458980123,2.525033549,0.817235219,0.642393185,109.444722,2.356091771,30.22964126,27.80526632,28.12821583
2760.726,1518.13656,3048.923594,1794.774542,1830.90028,5.821750795,90.86676166,3.620935454,89.02173832,4.484450482,2.524812232,0.816599359,0.640045867,108.9450378,2.356465108,30.27072272,27.8105509,28.13076077
2760.8784,1514.17795,3040.97384,1790.060031,1826.095747,5.80365813,92.45261864,3.665906264,89.07330914,4.497693964,2.517606591,0.813698359,0.6386041,108.7661703,2.356710533,30.31290323,27.738875,28.12931497
2761.0308,1518.899021,3050.455757,1795.606492,1831.758677,5.818982081,94.56046303,3.730899374,88.84315472,4.536967926,2.524846145,0.815432447,0.648099014,108.8703371,2.356785851,30.35716157,27.82620365,28.13443781
2761.1832,1519.391583,3051.445404,1796.154232,1832.322167,5.81820194,96.40241727,3.784967569,89.07479257,4.563657138,2.525061755,0.814875395,0.658371603,107.8142581,2.356769931,30.4099741,27.83605946,28.13556092
2761.3356,1521.04975,3054.775956,1798.079818,1834.291173,5.822015785,98.30641286,3.841470218,89.02757101,4.593474682,2.527225932,0.814955809,0.671182125,107.6728032,2.356974065,30.45090131,27.8672663,28.13745753
2761.488,1517.22244,3047.089828,1793.520553,1829.644684,5.804949323,99.83875897,3.883693551,89.06423,4.606192963,2.520290142,0.812121396,0.682943178,107.7794634,2.357181014,30.48742598,27.7979751,28.13444762
2761.6404,1520.353664,3053.378735,1797.186736,1833.389217,5.814709751,101.7657301,3.941980225,88.83172228,4.638982622,2.524950896,0.813062427,0.702897571,107.5329402,2.357330026,30.51509693,27.85617384,28.13690721
2761.7928,1518.180935,3049.015514,1794.583178,1830.737669,5.804267947,103.3113025,3.985840771,89.06570179,4.655025479,2.520818081,0.811198371,0.72204429,107.3362879,2.356982087,30.53598565,27.81719004,28.13455949
2761.9452,1517.487409,3047.62302,1793.727946,1829.869659,5.799521593,104.923336,4.032954771,89.00455109,4.675143607,2.519155822,0.810164883,0.743678227,107.5239608,2.357027067,30.54810743,27.80531134,28.13328516
2762.0976,1512.993094,3038.597271,1788.37979,1824.418233,5.780218743,106.2292121,4.069271021,88.98046141,4.683428629,2.511196449,0.80713895,0.765518844,107.3454795,2.356890933,30.5484094,27.72379582,28.12836109
2762.25,1517.603413,3047.856682,1793.793322,1829.945312,5.795754054,108.05499,4.127423377,88.62397586,4.719025351,2.518392217,0.809039808,0.796849068,107.0183337,2.35673077,30.52916213,27.80911088,28.13089231
2762.4024,1518.411834,3049.480611,1794.713295,1830.888234,5.796761452,109.5624517,4.174032329,88.68181972,4.742475454,2.519294765,0.808933511,0.828084475,106.6659857,2.356178133,30.49795984,27.82475263,28.12981994
2762.5548,1520.699322,3054.075017,1797.381485,1833.614555,5.803446407,111.137014,4.223653083,88.44081564,4.769842506,2.522670095,0.809632897,0.860868643,107.9209778,2.356159528,30.45643393,27.86749462,28.13000532
2762.7072,1517.681912,3048.01542,1793.779362,1829.944113,5.789933791,112.288948,4.257721254,88.29950096,4.779813417,2.517264559,0.807529071,0.890796439,108.2072887,2.355968556,30.4255043,27.81302259,28.12547665
2762.8596,1521.625075,3055.935016,1798.403779,1834.665935,5.803140687,113.8286717,4.308442096,87.94942487,4.809817375,2.523460985,0.809205915,0.926142654,107.3633065,2.355805226,30.39517497,27.88610666,28.12709377
2763.012,1520.080253,3052.832902,1796.541904,1832.770582,5.795526489,114.9193981,4.342535446,88.15894054,4.821502372,2.520578271,0.80798224,0.958027872,107.3206992,2.355589511,30.35451964,27.85861018,28.12384008
2763.1644,1519.701849,3052.073366,1796.058305,1832.281235,5.792448651,116.0516029,4.37884197,88.18774253,4.835950468,2.519651464,0.807400645,0.99010489,105.7961597,2.355464189,30.31454445,27.85249119,28.12170039
2763.3168,1515.093475,3042.818638,1790.575156,1826.691488,5.773299788,116.7984622,4.401876576,88.36436474,4.836371391,2.511730007,0.804611911,1.019232658,105.7724843,2.355264106,30.30525098,27.76885159,28.11567439
2763.4692,1519.170136,3051.006414,1795.355958,1831.57264,5.787351554,118.0337186,4.446670698,88.30067924,4.862930158,2.51826429,0.806547767,1.054410631,105.269697,2.354872067,30.30721368,27.84439166,28.11753301
2763.6216,1519.041904,3050.749359,1795.167507,1831.384227,5.785456968,118.8764306,4.477620141,88.7024082,4.875312955,2.517850413,0.806276569,1.086396064,104.9550531,2.354432066,30.30000585,27.84285591,28.1155726
2763.774,1520.135725,3052.946628,1796.423132,1832.668957,5.788280052,119.7673832,4.51086794,88.80911532,4.890725696,2.519485203,0.806657789,1.11798748,104.6654331,2.3543829,30.28392126,27.86371752,28.11492789
2763.9264,1515.804647,3044.248893,1791.26757,1827.413109,5.770490517,120.1936381,4.52717465,88.9614017,4.88798048,2.512147947,0.804169132,1.144281621,102.9262877,2.354236103,30.26608108,27.78514492,28.10948182
2764.0788,1518.530269,3049.723445,1794.450877,1830.664342,5.779616677,121.0224318,4.561606835,88.80670114,4.906321819,2.51656259,0.805519962,1.173929797,103.1517847,2.354290405,30.24283407,27.83592422,28.11092947
2764.2312,1516.047752,3044.738307,1791.479745,1827.636916,5.76892856,121.3866618,4.579214784,89.08527926,4.907076133,2.512370001,0.804129483,1.198576489,103.5323045,2.353812095,30.20189992,27.79123255,28.10774256
2764.3836,1515.176653,3042.989467,1790.412747,1826.552108,5.764309728,121.8158069,4.600431946,89.06758953,4.912430422,2.510872546,0.803632086,1.223334945,103.6199393,2.353702537,30.14779563,27.7760845,28.10626001
2764.536,1510.615582,3033.829912,1784.985452,1821.019116,5.745531374,121.8617382,4.609317036,89.10803307,4.9056538,2.503279171,0.801258134,1.244582934,103.509884,2.35308939,30.10518981,27.69330028,28.10135703
2764.6884,1515.294921,3043.228259,1790.477162,1826.625662,5.76175883,122.4349483,4.643258915,88.85896043,4.928059231,2.511047592,0.803970373,1.271582473,103.8790764,2.352611126,30.07272244,27.77991793,28.1054388
2764.8408,1516.283165,3045.213632,1791.607922,1827.783257,5.763866285,122.6214423,4.664365949,89.05285192,4.938117257,2.512720905,0.804790859,1.294906703,103.5840293,2.351662301,30.04127964,27.79886223,28.10614785
2764.9932,1518.882639,3050.434932,1794.642689,1830.883313,5.772037343,122.8805139,4.689293828,88.95483542,4.952983648,2.517084254,0.806492686,1.318165953,102.9119735,2.351048698,30.01041646,27.84734365,28.10864894
2765.1456,1516.27294,3045.194461,1791.522468,1827.704088,5.760376144,122.6814621,4.697638138,88.90857627,4.950600293,2.51282659,0.805446528,1.335404572,104.0709904,2.350500028,29.98332883,27.80032094,28.10649413
2765.298,1520.721833,3054.130094,1796.742241,1833.033274,5.775490454,122.9122904,4.726126552,88.56437249,4.970586504,2.520297607,0.808262195,1.355212806,104.0745862,2.350180646,29.9488565,27.88271339,28.1115824
2765.4504,1519.743189,3052.165404,1795.549388,1831.820236,5.770026467,122.6696853,4.737096871,88.65404189,4.972333718,2.518787888,0.808205107,1.368457527,104.0264886,2.349723791,29.91322267,27.86558616,28.11184514
2765.6028,1519.98724,3052.656328,1795.801012,1832.080823,5.769212824,122.4830556,4.751349891,88.45413705,4.977762434,2.519317727,0.808828949,1.380909768,103.0144399,2.349844642,29.87615488,27.87087813,28.113566
2765.7552,1516.024722,3044.699017,1791.082609,1827.271027,5.752398726,121.8942012,4.752125856,88.3223667,4.969481264,2.512881025,0.807294447,1.388180018,102.7964079,2.349817396,29.84691559,27.79904266,28.1114297
2765.9076,1520.752286,3054.194361,1796.631223,1832.935783,5.768459041,121.8335797,4.779002607,87.92147135,4.989919265,2.520859726,0.810589423,1.400055269,102.8364256,2.349472855,29.82125264,27.88655663,28.11790736
2766.06,1521.246128,3055.186929,1797.178313,1833.497918,5.768474623,121.3721375,4.79197233,87.99004001,4.996405764,2.521826806,0.811692215,1.406642043,102.9113858,2.348940399,29.80767224,27.89642976,28.12050627
2766.2124,1522.906976,3058.523263,1799.104036,1835.466482,5.772947386,120.9764204,4.808563702,87.79796595,5.006786026,2.524729728,0.813438646,1.412571831,102.6527625,2.348581277,29.79544384,27.92770023,28.12444146
2766.3648,1519.07562,3050.829373,1794.541229,1830.815342,5.756611822,120.1345249,4.808255389,87.69084785,4.999392612,2.518520786,0.812263388,1.411870689,103.266398,2.348130591,29.78829618,27.8582547,28.12334371
2766.5172,1522.211115,3057.12732,1798.208725,1834.560927,5.766583332,119.7603853,4.830485925,87.31361776,5.015835616,2.523846208,0.814933132,1.414213605,102.7649883,2.347550694,29.78085113,27.91657557,28.12922308
2766.6696,1520.036143,3052.760018,1795.602935,1831.906383,5.756424805,118.9534266,4.836050427,87.39837573,5.015035737,2.520362249,0.81477466,1.410242639,102.5940778,2.34653334,29.77386445,27.87750319,28.13022393
2766.822,1519.342107,3051.366939,1794.74654,1831.036657,5.751802067,118.2394779,4.846746882,87.22062582,5.019728823,2.519324943,0.81545553,1.406576446,103.2933078,2.345741899,29.76909022,27.86559465,28.13273462
2766.9744,1514.842478,3042.330862,1789.394852,1825.580932,5.73261139,117.1816901,4.84570769,87.14486757,5.012755977,2.511964386,0.814197424,1.398951537,103.2113652,2.344741602,29.75949145,27.7838983,28.13154737
2767.1268,1519.458225,3051.601529,1794.811403,1831.11153,5.747621506,116.716478,4.874740377,86.83294968,5.037912773,2.519682718,0.818072765,1.397999408,103.03075,2.344195039,29.75208485,27.8693942,28.13903126
2767.2792,1520.267287,3053.227001,1795.732009,1832.055357,5.748117198,115.9135124,4.891692664,87.02489567,5.051198632,2.52107596,0.819985699,1.393136591,102.2372191,2.343249352,29.74570551,27.88506578,28.14281289
2767.4316,1522.557132,3057.826382,1798.401935,1834.78392,5.754150808,115.2148119,4.914239564,86.98358476,5.070303195,2.524903948,0.822737525,1.389128301,102.7654801,2.342444485,29.7185884,27.92789635,28.14798009
2767.584,1519.535515,3051.75848,1794.798086,1831.111819,5.740063404,114.1219276,4.92079778,87.04782721,5.072623323,2.51989954,0.822642287,1.379783576,103.3052654,2.341545099,29.69861278,27.8733022,28.14806118
2767.7364,1523.482657,3059.686216,1799.425813,1835.838007,5.75213873,113.5366413,4.952353751,86.84517458,5.100367431,2.526391685,0.826441969,1.375245,102.9564448,2.341083748,29.68234423,27.94654059,28.15470659
2767.8888,1521.935052,3056.578572,1797.563633,1833.942924,5.743475913,112.5550645,4.96712358,87.09340008,5.110390508,2.523748477,0.827271275,1.364981064,103.3788384,2.340710104,29.66369945,27.91898048,28.15614275
2768.0412,1521.555183,3055.816127,1797.080642,1833.45498,5.739191327,111.6712014,4.987121544,87.05391182,5.125282143,2.523011695,0.828774291,1.355379911,102.9066466,2.34031669,29.63827905,27.91284417,28.15862582
2768.1936,1516.940005,3046.547643,1791.595472,1827.863764,5.718831973,110.4652275,4.99443051,87.08022123,5.126893577,2.515224451,0.828062778,1.342029235,103.1625812,2.339831926,29.63334876,27.82901925,28.15689172
2768.346,1521.019969,3054.741903,1796.380674,1832.751221,5.730979131,109.8625744,5.032841533,86.83054802,5.160323884,2.521785936,0.832309235,1.336344849,102.9921053,2.339357028,29.63254901,27.9047189,28.16308164
2768.4984,1520.889757,3054.480597,1796.193988,1832.566219,5.727205539,108.9466637,5.058170566,87.04218592,5.180249049,2.521341393,0.834323842,1.326943019,102.8437767,2.338808267,29.63521979,27.90317575,28.1650845
2768.6508,1521.982959,3056.6763,1797.452365,1833.855603,5.728009755,108.1375564,5.088988736,86.99937989,5.205323109,2.522890792,0.837039192,1.318755442,102.6266583,2.338458732,29.64366911,27.9240785,28.16807935
2768.8032,1517.644559,3047.963412,1792.296022,1828.60043,5.708334944,106.968376,5.103069571,87.05607072,5.21275327,2.515405761,0.836782749,1.306060716,102.096731,2.338280971,29.66040274,27.84533161,28.16568557
2768.9556,1520.371033,3053.439154,1795.483818,1831.858747,5.715010674,106.3339977,5.143808052,86.87495405,5.246836444,2.519556256,0.840521556,1.300195461,102.2596516,2.338460565,29.67016459,27.8962168,28.16959069
2769.108,1517.882944,3048.442186,1792.513774,1828.834566,5.702023426,105.3613825,5.168014312,87.18708085,5.263787194,2.515035467,0.841381182,1.290105414,102.5332229,2.338276312,29.67240627,27.85142425,28.16829371
2769.2604,1517.008063,3046.685045,1791.449171,1827.754655,5.694956724,104.523865,5.198941839,87.27427926,5.287425081,2.513152496,0.843166056,1.282203621,102.6403384,2.338406077,29.67695221,27.83623928,28.16824366
2769.4128,1512.438532,3037.507654,1786.022016,1822.224127,5.673794468,103.4322636,5.217916242,87.47763599,5.299163894,2.50512308,0.842978011,1.272416361,102.1212057,2.33860574,29.68348078,27.75327164,28.16421891
2769.5652,1517.120057,3046.909419,1791.520835,1827.841661,5.686921893,102.9875565,5.270552373,87.43133801,5.345437256,2.512355603,0.848118898,1.272946642,102.4890583,2.339058202,29.67614735,27.84007271,28.16843614
2769.7176,1518.105851,3048.88877,1792.656401,1829.007723,5.686028745,102.2960091,5.310710175,87.82257378,5.379423838,2.513445394,0.851250019,1.271493643,102.3393386,2.339132289,29.65974273,27.85905392,28.16872802
2769.87,1520.704667,3054.107575,1795.697282,1832.117898,5.691068938,101.7381743,5.357414775,87.88130986,5.419989133,2.517176348,0.855304648,1.272518777,102.2526134,2.339684979,29.640666,27.90763623,28.17026548
2770.0224,1518.087948,3048.851724,1792.579706,1828.944828,5.676516175,100.8589429,5.38667113,87.90926883,5.44269786,2.512251883,0.856434525,1.270170685,102.999506,2.340541187,29.63180169,27.86050762,28.1664226
2770.1748,1522.537939,3057.788173,1797.807465,1834.286709,5.688186341,100.5094375,5.442922145,87.53660016,5.492275317,2.518972549,0.861616271,1.276207593,102.4044181,2.341644131,29.62005796,27.94307436,28.16884649
2770.3272,1521.553832,3055.811034,1796.618904,1833.082088,5.679546957,99.83700906,5.480773089,87.49225951,5.522837428,2.516678612,0.863715805,1.278310404,102.2879308,2.342750579,29.61402612,27.925906,28.16572843
2770.4796,1521.793773,3056.29217,1796.875819,1833.352358,5.675430251,99.27815546,5.524145874,87.09900242,5.558454541,2.516382556,0.866527117,1.282353218,101.7543975,2.34402248,29.58515512,27.93120537,28.16352251
2770.632,1517.822013,3048.31468,1792.159898,1828.549029,5.655493157,98.45896555,5.55278523,86.76546122,5.57903345,2.509107937,0.867000324,1.284037012,101.2988981,2.345439432,29.56374811,27.85921032,28.1568172
2770.7844,1522.550315,3057.809774,1797.71757,1834.228312,5.667718126,98.24184436,5.613729704,86.22128756,5.632081002,2.516196064,0.872562365,1.296301616,101.4197066,2.346799983,29.55464009,27.94690961,28.1580839
2770.9368,1523.039788,3058.791771,1798.270823,1834.801611,5.664119989,97.76772242,5.659243614,86.24191068,5.669513828,2.516270074,0.875732601,1.305929402,101.771417,2.348021531,29.54991412,27.95680006,28.15489546
2771.0892,1524.69757,3062.120113,1800.203643,1836.782512,5.664872408,97.3925935,5.709584947,86.14040236,5.711443303,2.518264477,0.879587445,1.317462861,101.6665474,2.349485586,29.5372877,27.98813416,28.15263385
2771.2416,1520.856637,3054.405117,1795.644036,1832.139091,5.645196504,96.68543258,5.739667245,86.25323137,5.732856958,2.511175817,0.880279156,1.325174336,101.7868104,2.351139155,29.51640221,27.9185343,28.14458878
2771.394,1523.990556,3060.697945,1799.319995,1835.898841,5.651300896,96.46533711,5.795724839,86.20231981,5.780323346,2.515615815,0.885043175,1.342044181,101.4509278,2.352735997,29.49219665,27.9769773,28.14302611
2771.5464,1521.807766,3056.312969,1796.718841,1833.253886,5.637695916,95.93073747,5.831538145,86.64547341,5.80756079,2.511281877,0.886708342,1.355139006,101.3873734,2.354035685,29.4634909,27.93781633,28.13582395
2771.6988,1521.107593,3054.905563,1795.868223,1832.395164,5.629535961,95.50413884,5.872679179,86.79762748,5.840240942,2.509402114,0.88924335,1.370704493,102.0437409,2.355556723,29.43489625,27.92587797,28.12982925
2771.8512,1516.597353,3045.846171,1790.519563,1826.947153,5.607136782,94.83832474,5.898064297,86.94157558,5.857775472,2.501255709,0.889586371,1.384316934,101.7744592,2.357018277,29.40511958,27.84400078,28.11955009
2772.0036,1521.212962,3055.114465,1795.946011,1832.493878,5.618244484,94.75519261,5.956089606,86.69728917,5.908920348,2.508217082,0.895337007,1.409947994,101.7836224,2.35870379,29.37481915,27.92967751,28.11825786
2772.156,1522.017473,3056.728722,1796.873692,1833.450406,5.615205944,94.43789307,5.99774445,86.77222379,5.944464318,2.508920044,0.898851022,1.433334104,101.5819652,2.360231967,29.34347075,27.94537892,28.11280491
2772.3084,1524.304472,3061.320299,1799.551801,1836.193026,5.617625913,94.21481767,6.044072031,86.4652129,5.985092046,2.512095247,0.903235511,1.459201797,101.8030416,2.362087682,29.298314,27.98829808,28.10874424
2772.4608,1521.273917,3055.232424,1795.95211,1832.530046,5.600444497,93.66278624,6.068403398,86.16078795,6.004264085,2.506535152,0.904468568,1.480989288,101.6386217,2.364006922,29.26247714,27.9335818,28.09889811
2772.6132,1525.220142,3063.156248,1800.589216,1837.271736,5.608904435,93.54694961,6.117637498,85.57688355,6.048975159,2.512549004,0.909848352,1.512482495,101.2387364,2.3661927,29.22898122,28.00697452,28.09621943
2772.7656,1523.665383,3060.032255,1798.732177,1835.386908,5.597184077,93.1016056,6.144045084,85.48719182,6.071246131,2.509527293,0.911928336,1.539332291,101.7665197,2.3685545,29.19235563,27.97935078,28.08757599
2772.918,1523.279728,3059.256224,1798.255162,1834.910218,5.589769894,92.72711715,6.174094606,85.21474407,6.097333999,2.508465652,0.914704044,1.568240188,100.8284329,2.370885528,29.15231614,27.97319715,28.08006705
2773.0704,1518.654019,3049.964725,1792.772622,1829.326069,5.566734792,92.08850951,6.18561647,85.11003142,6.105431489,2.500456309,0.91495141,1.593750005,100.6940907,2.373037928,29.13028363,27.88918691,28.06781375
2773.2228,1522.733459,3058.156022,1797.56696,1834.22854,5.575500122,91.96418579,6.228165862,84.82285666,6.145408105,2.506883485,0.92044854,1.631029903,101.1025387,2.375289007,29.11395206,27.96504613,28.06508202
2773.3752,1522.598063,3057.882517,1797.386016,1834.054262,5.568831581,91.58190835,6.251756924,85.04022799,6.167093136,2.506412648,0.923389232,1.66459018,100.855344,2.376803368,29.10101346,27.9634956,28.05776709
2773.5276,1523.687526,3060.068954,1798.650993,1835.355386,5.566666579,91.25926801,6.278654633,85.01962521,6.192527026,2.50800792,0.927065701,1.700228379,100.510423,2.37824123,29.09345785,27.98443947,28.05184698
2773.68,1519.33936,3051.33485,1793.496889,1830.106454,5.544643834,90.59421291,6.281775665,85.07280961,6.194909867,2.500695378,0.927438476,1.730461465,99.61549837,2.379799631,29.09108058,27.90551829,28.03984698
2773.8324,1522.064194,3056.805674,1796.692202,1833.377462,5.548417223,90.31722344,6.309541471,84.84138624,6.223010675,2.505140135,0.932106077,1.770646921,99.74864874,2.381596691,29.08957224,27.95650939,28.03598532
2773.9848,1519.568738,3051.792457,1793.725419,1830.360564,5.533185726,89.71539543,6.313796206,85.02710032,6.228589485,2.501042642,0.933552844,1.805427094,99.52902917,2.382660981,29.08615015,27.91161595,28.02627946
2774.1372,1518.688387,3050.022908,1792.66522,1829.289299,5.52380597,89.18323145,6.322274572,84.90408133,6.2393124,2.499665038,0.93596982,1.84287288,99.62044647,2.38399385,29.08162373,27.89639407,28.01845008
2774.2896,1514.109432,3040.825328,1787.23933,1823.763358,5.500876353,88.41004154,6.312776055,84.81317904,6.233280131,2.492252169,0.936090545,1.876437238,99.55833927,2.385359808,29.07708941,27.813243,28.00640485
2774.442,1518.79215,3050.228181,1792.74636,1829.393984,5.511491913,88.13465148,6.335994506,84.40841994,6.26146311,2.5002037,0.941879673,1.922612761,99.65040303,2.386798286,29.0667455,27.9002275,28.00558026
2774.5944,1519.775231,3052.200954,1793.88694,1830.568972,5.508660643,87.6267774,6.341011819,84.43714297,6.272660843,2.502118826,0.945330119,1.964495554,99.42754809,2.387778268,29.05164858,27.91924562,28.00071171
2774.7468,1522.373238,3057.417033,1796.933973,1833.689427,5.511684838,87.18414059,6.350330947,84.21778177,6.289050103,2.506749374,0.949761365,2.008874958,99.62989461,2.389203834,29.03774609,27.96792882,27.99795056
2774.8992,1519.750082,3052.147345,1793.818185,1830.521024,5.495800597,86.41741217,6.336319463,84.15238348,6.282887861,2.502820763,0.950935711,2.046607099,100.45543,2.390320878,29.02492097,27.92069431,27.98923543
2775.0516,1524.201728,3061.086169,1799.053056,1835.874104,5.505520116,86.00834079,6.347907069,83.92378758,6.30316243,2.510629009,0.95650591,2.093995227,100.4111141,2.391455827,29.01012617,28.00343534,27.98945366
2775.204,1523.213445,3059.099903,1797.867025,1834.674767,5.495645624,85.27528791,6.335599901,84.249432,6.300031093,2.509511174,0.958651391,2.134048125,100.199953,2.392723512,29.00585106,27.98622585,27.98348261
2775.3564,1523.450672,3059.574877,1798.127311,1834.951305,5.490214071,84.58988574,6.327114039,84.37460303,6.301038451,2.510447663,0.961563496,2.175900539,99.24408514,2.39410492,28.99528581,27.9915326,27.97916736
2775.5088,1519.471775,3051.582534,1793.411099,1830.14945,5.469554499,83.65843971,6.300124761,84.58817925,6.283756686,2.504454579,0.961804507,2.21147095,99.06898475,2.39527397,28.98742881,27.91937798,27.97003337
2775.6612,1524.202874,3061.082644,1798.975081,1835.838327,5.480238447,83.18197668,6.30632255,84.51684598,6.300011906,2.512860148,0.967497238,2.258429652,99.03263288,2.396153257,28.98393204,28.00726259,27.97213632
2775.8136,1524.690729,3062.060992,1799.530918,1836.416322,5.475707634,82.46928097,6.293996686,84.88676568,6.297810156,2.51428552,0.970466826,2.298564109,99.99175796,2.396891383,28.98580414,28.01717035,27.96950584
2775.966,1526.348289,3065.388497,1801.467136,1838.402872,5.47542138,81.80537606,6.285988102,85.05664805,6.299886648,2.517652118,0.9741888,2.340002162,99.91600768,2.39779529,28.98553874,28.04856809,27.96855741
2776.1184,1522.501265,3057.661077,1796.90627,1833.759069,5.455396986,80.83174955,6.255300975,85.44891489,6.279034238,2.511938343,0.974424824,2.372455703,99.79186464,2.398551686,28.98415337,27.9788139,27.96116551
2776.2708,1525.636998,3063.957252,1800.586341,1837.525087,5.460422364,80.20377047,6.252303186,85.78472269,6.285783793,2.51774376,0.979113001,2.413634814,99.47371957,2.399156386,28.98159273,28.03737903,27.9629628
2776.4232,1523.450384,3059.564504,1797.984755,1834.88049,5.446444636,79.2833007,6.227128801,86.74104877,6.270230553,2.514770041,0.980385518,2.445664528,99.09828113,2.399774254,28.97628909,27.99812948,27.95856971
2776.5756,1522.748113,3058.152785,1797.134793,1834.023439,5.437784021,78.42742081,6.207697051,87.49643056,6.260490469,2.514245447,0.98260936,2.479137941,99.78005466,2.400381861,28.96481072,27.98616128,27.95622676
2776.728,1518.231834,3049.081333,1791.783423,1828.572661,5.415461624,77.37192195,6.17232917,88.20616086,6.234738704,2.507412057,0.982334733,2.505091335,99.33714398,2.400423639,28.94643484,27.90410326,27.94946436
2776.8804,1522.851694,3058.358081,1797.21425,1834.125432,5.425712655,76.78656137,6.173698523,88.38285808,6.245706373,2.515620874,0.987863336,2.542381147,99.50899555,2.400842739,28.931714,27.98996083,27.95477274
2777.0328,1523.65654,3059.973098,1798.14292,1835.08352,5.422404819,76.01368871,6.159244308,88.6408702,6.240625877,2.517511882,0.990857627,2.571742761,99.26749615,2.400920654,28.90855586,28.00569207,27.95574895
2777.1852,1525.945582,3064.568834,1800.823139,1837.829069,5.42439914,75.31412348,6.151264728,88.29672161,6.241723842,2.521825839,0.994814623,2.602237135,99.33354719,2.400989594,28.87735189,28.04869981,27.95879
2777.3376,1522.91141,3058.473908,1797.221065,1834.163195,5.407455016,74.34945108,6.122742941,87.78071934,6.22142292,2.517305766,0.995325033,2.622482959,99.0431398,2.40108775,28.84778487,27.9938614,27.95542578
2777.49,1526.861794,3066.406116,1801.861336,1838.908955,5.415304901,73.73787437,6.124447235,86.90464036,6.230348577,2.524232269,1.00037723,2.651005119,98.88200936,2.401583881,28.81977829,28.06740844,27.96121469
2777.6424,1525.305336,3063.278907,1800.002819,1837.022183,5.403651377,72.86262352,6.105193361,86.48371207,6.217215461,2.522016007,1.00184024,2.668783656,99.26784524,2.40204314,28.79002551,28.03972108,27.96037735
2777.7948,1524.919299,3062.502258,1799.525254,1836.544704,5.396132107,72.05191236,6.092179405,85.8639209,6.209524179,2.521682681,1.004087722,2.687224581,98.28249684,2.402461771,28.75378368,28.03355013,27.96109292
2777.9472,1520.288737,3053.201299,1794.038536,1830.955039,5.373549156,71.05835604,6.063601427,85.36543759,6.185173032,2.514277907,1.003512365,2.696629321,98.35391552,2.402690684,28.71937125,27.94935457,27.95664785
2778.0996,1524.37298,3061.402305,1798.835662,1835.860768,5.381734818,70.52334726,6.072872537,84.61607125,6.197594976,2.521151658,1.008564208,2.716844135,98.91059861,2.402792966,28.68913807,28.02537337,27.9634859
2778.252,1524.23796,3061.129758,1798.653884,1835.685018,5.375044057,69.81858689,6.066702444,84.29771821,6.193396737,2.520991867,1.010772624,2.727759367,98.7217956,2.402729708,28.66853893,28.02381544,27.96525641
2778.4044,1525.329158,3063.319818,1799.919029,1836.985938,5.372652233,69.1909786,6.067413596,83.71118081,6.195097799,2.522789776,1.013796261,2.739259375,98.45428428,2.402563141,28.63516387,28.04480045,27.9686165
2778.5568,1520.976875,3054.577715,1794.760586,1831.731003,5.351028418,68.3309519,6.048386546,83.23699124,6.175651007,2.515520488,1.013222159,2.739717835,97.66540345,2.402462118,28.60425294,27.96570498,27.96519889
2778.7092,1523.705328,3060.055834,1797.957363,1835.003398,5.354245793,67.83934789,6.061539143,82.59026686,6.187024702,2.519809885,1.01729703,2.748773117,97.98156064,2.402798244,28.5752486,28.01680197,27.97078458
2778.8616,1521.20788,3055.038775,1794.987709,1831.982307,5.339078437,67.13204621,6.055419962,82.53175732,6.177947701,2.515398241,1.017871183,2.746860741,97.74718983,2.402798722,28.54316375,27.97180765,27.96991848
2779.014,1520.327287,3053.268824,1793.925994,1830.90859,5.329524752,66.52058593,6.057317263,82.36736103,6.176328904,2.513593702,1.019489607,2.746049969,97.69216553,2.402985432,28.51477516,27.95654885,27.97110959
2779.1664,1515.744134,3044.063015,1788.495485,1825.37619,5.306930762,65.77733105,6.045427218,82.44264437,6.160372649,2.505617691,1.01852637,2.736719291,97.67206678,2.403119051,28.48963784,27.87321436,27.9676837
2779.3188,1520.432767,3053.477679,1794.005478,1831.010023,5.316760755,65.51617161,6.073648492,82.37844681,6.184091776,2.512834378,1.023560523,2.739588372,97.93918357,2.403366902,28.46495577,27.96038228,27.97602685
2779.4712,1521.417823,3055.454468,1795.145903,1832.184179,5.313658717,65.13078013,6.087997536,82.86875981,6.193351547,2.51388028,1.02598515,2.733821455,97.55628996,2.403401663,28.43736765,27.97943732,27.97980068
2779.6236,1524.019548,3060.677989,1798.194143,1835.305556,5.316170558,64.84368764,6.110403671,83.1568822,6.210113677,2.517532531,1.02945209,2.729344497,97.83226378,2.403844484,28.415103,28.0282214,27.98557851
2779.776,1521.394437,3055.404472,1795.075289,1832.132617,5.300392608,64.35323792,6.113419886,83.56929053,6.206541685,2.512496129,1.02937764,2.714526149,98.32616577,2.404408729,28.39907811,27.980881,27.98469946
2779.9284,1525.85175,3064.354507,1800.31302,1837.488785,5.309239988,64.22518151,6.148788843,83.71948666,6.234315674,2.519028134,1.033988638,2.709550437,98.33548755,2.405145831,28.3848776,28.06379632,27.99245102
2780.0808,1524.863214,3062.367686,1799.125409,1836.286869,5.299123433,63.88691702,6.164050108,84.30048783,6.240854237,2.516513054,1.034913041,2.693971737,98.08752215,2.406007231,28.37620271,28.04654569,27.99327973
2780.2332,1525.101464,3062.844594,1799.385204,1836.562262,5.293226403,63.62359492,6.186162608,84.57676194,6.253503191,2.51596544,1.036660217,2.679632008,97.66351523,2.406925512,28.35942846,28.05185984,27.99548843
2780.3856,1521.118981,3054.845043,1794.665067,1831.754895,5.272650456,63.21100398,6.192336234,84.89380406,6.249723807,2.508423411,1.03547185,2.657183343,97.14019469,2.407711186,28.35367395,27.97954564,27.9922152
2780.538,1525.855859,3064.356488,1800.232395,1837.447618,5.282330474,63.23656942,6.236571801,84.92056154,6.283834667,2.515190203,1.039994905,2.648077279,97.11373599,2.408179167,28.35641693,28.06761558,27.99951109
2780.6904,1526.344871,3065.337007,1800.788105,1838.025031,5.277351435,63.11672843,6.264596129,85.39116637,6.301216473,2.514925049,1.041544046,2.630860904,98.02042012,2.408636793,28.36600534,28.07754065,28.0013333
2780.8428,1528.004807,3068.669073,1802.725224,1840.012349,5.276413978,63.06759692,6.298933884,85.62373389,6.324321805,2.51655069,1.043873673,2.615304369,97.88334642,2.409520446,28.37453215,28.10900201,28.00441313
2780.9952,1524.154129,3060.93424,1798.160793,1835.363639,5.256408611,62.80470979,6.311744552,85.97429492,6.325415035,2.509074703,1.042438051,2.590439058,97.12753238,2.41026237,28.38587733,28.0390935,28.00029435
2781.1476,1527.293645,3067.2377,1801.843204,1839.132399,5.260528741,62.88121006,6.35532816,86.11334972,6.357240289,2.513072835,1.045642942,2.577378768,96.99982266,2.410898407,28.39721785,28.09778076,28.00438908
2781.3,1525.104983,3062.840668,1799.239636,1836.485054,5.246305812,62.75462541,6.377601679,86.72200164,6.367500185,2.508283429,1.045174778,2.55525211,97.03339071,2.411629232,28.40588001,28.05844262,28.00155287
2781.4524,1524.402208,3061.427711,1798.388986,1835.626953,5.23719722,62.70668436,6.40641606,87.06371079,6.384397634,2.505933853,1.045668387,2.535650603,96.82076845,2.412441322,28.41498231,28.04644459,28.00036102
2781.6048,1519.881206,3052.346691,1793.033845,1830.171231,5.214999934,62.52252243,6.418437019,87.41859318,6.385371387,2.497336501,1.043414346,2.509868182,96.53200139,2.413020287,28.41441508,27.96420573,27.99407939
2781.7572,1524.506089,3061.633205,1798.468567,1835.728974,5.224339619,62.76876865,6.467668682,87.4235939,6.425240612,2.503838914,1.04712928,2.500102214,96.83641882,2.413995956,28.40971279,28.05024414,27.99889955
2781.9096,1525.31176,3063.249704,1799.398022,1836.688093,5.220700884,62.88072674,6.499864467,87.75448423,6.448985933,2.504101469,1.048082094,2.484259994,96.53583514,2.414734347,28.40260675,28.06600521,27.99869079
2782.062,1527.603189,3067.850026,1802.080285,1839.436312,5.222201261,63.06500085,6.537956061,87.71572633,6.479145283,2.506829523,1.049986415,2.471573729,96.67687847,2.41555093,28.39514637,28.10910154,28.00013916
2782.2144,1524.565566,3061.748134,1798.475914,1835.767593,5.205490509,63.03233398,6.552898254,87.64318559,6.486889038,2.500839052,1.048194645,2.451342201,96.72781832,2.416379498,28.3910869,28.054141,27.99445901
2782.3668,1528.519902,3069.688051,1803.119789,1840.518172,5.212762067,63.30832471,6.596381241,87.21708292,6.52473171,2.506412745,1.051046354,2.445194821,96.54163307,2.417684248,28.38931982,28.12784237,27.99700307
2782.5192,1526.961361,3066.556601,1801.260384,1838.630508,5.201265618,63.35770217,6.616064666,87.15164324,6.539392172,2.502968581,1.050096431,2.431391358,97.25559084,2.41891116,28.38759472,28.10009138,27.99214417
2782.6716,1526.574444,3065.778102,1800.782945,1838.153476,5.193787062,63.45368979,6.640230791,86.76757782,6.559252906,2.501489758,1.049925209,2.420983428,96.71155548,2.42020547,28.38421486,28.09390312,27.9884285
2782.824,1521.9383,3056.466016,1795.292918,1832.559921,5.171899089,63.37340624,6.644496283,86.42505034,6.560706065,2.493117932,1.046754602,2.405331232,96.47858261,2.421334459,28.38109252,28.00952224,27.97884102
2782.9764,1526.026182,3064.674218,1800.094088,1837.471318,5.179877308,63.66740949,6.682610006,85.80798505,6.598949694,2.499226071,1.049327978,2.407288715,96.98998474,2.422471264,28.37518387,28.0857006,27.97995558
2783.1288,1525.89015,3064.399693,1799.912917,1837.296883,5.173632897,63.78844766,6.700739709,85.62849839,6.618664167,2.498487989,1.048907889,2.404099898,96.89493044,2.42331908,28.37040008,28.08413528,27.97528713
2783.2812,1526.981615,3066.590332,1801.179704,1838.60047,5.171606797,63.95463475,6.722895264,85.17104768,6.643475805,2.499828306,1.049283887,2.404865014,96.73133139,2.424125463,28.36432961,28.10516142,27.9718781
2783.4336,1522.62365,3057.837055,1796.018432,1833.342509,5.151131993,63.88352541,6.71981613,84.76744772,6.644302448,2.492307075,1.045887335,2.398970547,96.32842193,2.424942763,28.36233389,28.02589167,27.96088463
2783.586,1525.353899,3063.318873,1799.218356,1836.619649,5.154795122,64.09891584,6.743345484,84.07304992,6.67467374,2.496581553,1.047182778,2.408849727,96.68830075,2.425792524,28.3614865,28.07709456,27.95860174
2783.7384,1522.85255,3058.294258,1796.247545,1833.597815,5.140831499,64.08928963,6.742145539,83.83719133,6.681670062,2.492358038,1.044832253,2.412273097,96.66291834,2.426053396,28.35361759,28.03199935,27.94902602
2783.8908,1521.96975,3056.520149,1795.18603,1832.525124,5.132393993,64.13988375,6.745509813,83.40686063,6.694915625,2.490877739,1.04350111,2.420312323,96.53234844,2.426472975,28.34864529,28.01670363,27.94130291
2784.0432,1517.380304,3047.302146,1789.7527,1826.989927,5.111550535,64.02963563,6.729034951,83.20442732,6.690565661,2.483443871,1.039492728,2.424055737,96.53428298,2.426999899,28.34696823,27.93318572,27.92835869
2784.1956,1522.072425,3056.724098,1795.2677,1832.63115,5.122273143,64.29751544,6.746045095,82.93601667,6.724148014,2.491470086,1.041556428,2.446821041,96.74837406,2.427244157,28.34502165,28.02053707,27.9278039
2784.348,1523.056908,3058.700185,1796.410087,1833.808829,5.120682505,64.40680197,6.743341751,83.29441601,6.740009951,2.493536131,1.040946745,2.46515391,96.5920972,2.427194422,28.34287881,28.03962902,27.92215103
2784.5004,1525.659766,3063.926427,1799.461636,1836.935478,5.124628613,64.57455423,6.745039787,83.50138761,6.761929331,2.498348345,1.041355962,2.488057222,96.70553998,2.427533257,28.34656319,28.08851398,27.91855334
2784.6528,1523.030124,3058.644448,1796.341756,1833.762259,5.111031787,64.50800258,6.72154403,83.78091424,6.759757371,2.494665427,1.038150625,2.504099315,97.04276106,2.427628517,28.34924904,28.04106768,27.90754141
2784.8052,1527.490362,3067.600873,1801.584451,1839.125951,5.121406188,64.70927307,6.723580714,83.74936291,6.786493213,2.502804742,1.039658452,2.535837979,97.07048013,2.427643755,28.35248305,28.12415729,27.90607787
2784.9576,1526.49887,3065.608814,1800.397277,1837.925751,5.113549584,64.66516386,6.700127619,84.11500976,6.788407909,2.502074483,1.037446706,2.560267056,96.41336666,2.427822521,28.35949242,28.10686553,27.89682425
2785.11,1526.735438,3066.083036,1800.658548,1838.204221,5.109847401,64.65465494,6.680128568,84.2717932,6.79507581,2.503435735,1.03605571,2.588561347,96.27214722,2.427965701,28.36274925,28.11218707,27.88904432
2785.2624,1522.746676,3058.071719,1795.936412,1833.395497,5.092062913,64.44795993,6.639275029,84.6562115,6.781974507,2.497954563,1.031766961,2.610845359,95.62144866,2.427886034,28.36801789,28.0397133,27.87524021
2785.4148,1527.486415,3067.589595,1801.509164,1839.096562,5.103713943,64.57276513,6.630057791,84.9835617,6.804618631,2.507009923,1.033286575,2.650645812,96.60800162,2.427348088,28.3704623,28.12796856,27.87403944
2785.5672,1527.973686,3068.567448,1802.066786,1839.677819,5.101273051,64.50340438,6.600322886,85.88796754,6.807350341,2.509162768,1.03190576,2.684080533,97.05062952,2.426644918,28.37571983,28.13791095,27.86688002
2785.7196,1529.633092,3071.899268,1804.006823,1841.670304,5.102792757,64.46648873,6.574164733,86.44042507,6.814508695,2.513299597,1.031322119,2.720735491,96.82616847,2.426257574,28.38250043,28.16943594,27.86131963
2785.872,1525.775972,3064.152481,1799.440716,1837.020843,5.085905048,64.18079205,6.523174195,86.71291944,6.79633488,2.508413473,1.027037594,2.748369446,96.94916035,2.425488631,28.38478008,28.09937311,27.84776905
2786.0244,1528.916367,3070.458559,1803.127419,1840.796655,5.092471104,64.15122464,6.497613065,86.13027543,6.80640602,2.515168089,1.027448217,2.789907507,96.96576411,2.424602724,28.38321352,28.15818249,27.84469172
2786.1768,1526.722896,3066.052872,1800.523684,1838.150599,5.081308461,63.88515252,6.448101171,85.31369907,6.791774732,2.513187676,1.024276764,2.822318142,97.33763266,2.423776384,28.39147622,28.11875576,27.83393272
2786.3292,1526.016857,3064.634346,1799.674146,1837.295466,5.075133387,63.66879708,6.403194507,83.62398509,6.782576957,2.513700182,1.022091524,2.857668774,96.84585072,2.423069563,28.40014238,28.10672791,27.82547067
2786.4816,1521.488499,3055.539651,1794.316941,1831.83862,5.056314263,63.28265829,6.339985563,81.65542211,6.754923033,2.5079675,1.017309373,2.885264916,96.63115397,2.421848457,28.40708562,28.02430821,27.81179356
2786.634,1526.115588,3064.831522,1799.757432,1837.405491,5.068142036,63.24707992,6.309869949,79.44919604,6.764296232,2.51744087,1.018609472,2.928767898,97.16994292,2.420751555,28.41360763,28.11052745,27.81296304
2786.7864,1526.919402,3066.445316,1800.689463,1838.369604,5.067400684,63.04607966,6.262019576,78.13107686,6.755232839,2.520646872,1.017328599,2.964165096,98.79018884,2.419361737,28.41728979,28.12631835,27.80907076
2786.9388,1529.210516,3071.046003,1803.375595,1841.124519,5.071645379,62.89880814,6.219212113,77.3287747,6.751540041,2.526323105,1.017043921,3.001743899,98.73733091,2.418152775,28.4191077,28.16950328,27.80779933
2787.0912,1526.166948,3064.933284,1799.770607,1837.456664,5.058192146,62.52344069,6.154119568,77.5824531,6.72337249,2.523188834,1.013236415,3.028140341,98.59636034,2.417002465,28.42271369,28.1144206,27.79891535
2787.2436,1530.122629,3072.876871,1804.419889,1842.216003,5.06800315,62.40666941,6.115228453,78.56081922,6.723503266,2.531644655,1.01415522,3.06611637,98.28251372,2.416162107,28.42892132,28.1882763,27.80168609
2787.396,1528.55964,3069.737557,1802.561228,1840.33102,5.059537915,62.05419932,6.0541306,80.77734989,6.698654479,2.5309635,1.01146863,3.092468988,98.61437112,2.415205271,28.43580807,28.16046167,27.79649783
2787.5484,1528.169481,3068.95358,1802.085571,1839.858042,5.054936632,61.73853592,5.997595944,83.13138783,6.678211623,2.532209304,1.00961756,3.120068294,98.61050075,2.414398835,28.44057031,28.1542561,27.79345316
2787.7008,1523.525637,3059.627127,1796.593735,1834.263855,5.036266624,61.24014003,5.923965954,85.5046275,6.638517145,2.526396603,1.005007595,3.137323445,98.75215384,2.413478394,28.44713913,28.0696899,27.78458507
2787.8532,1527.614904,3067.839018,1801.400619,1839.184487,5.046561762,61.06980233,5.883107267,87.15222671,6.634860496,2.535035485,1.006273421,3.167915919,98.86671823,2.412292224,28.45618356,28.14602784,27.79077911
2788.0056,1527.475857,3067.559395,1801.221573,1839.014585,5.042941657,60.72233095,5.825875635,88.56275218,6.612202411,2.536637768,1.004812267,3.187978304,99.48956016,2.410911975,28.46880899,28.14445512,27.791255
2788.158,1528.565571,3069.747432,1802.491577,1840.324151,5.04336651,60.41800592,5.773797791,88.99599846,6.594329848,2.540242642,1.004226593,3.208793356,99.35159891,2.409837546,28.48003695,28.1655224,27.7941407
2788.3104,1524.200194,3060.980251,1797.328872,1835.066065,5.025745979,59.89313223,5.701663216,88.98013678,6.552629916,2.534745866,1.000118642,3.216549623,99.66703515,2.409007598,28.49050485,28.08607835,27.78921057
2788.4628,1526.930403,3066.462811,1800.533498,1838.351135,5.031517848,59.63665797,5.656804145,88.43508953,6.540301974,2.540957445,1.000802411,3.234175801,99.95528852,2.408466124,28.5001895,28.13738714,27.79671902
2788.6152,1524.423616,3061.428157,1797.562897,1835.331313,5.020022934,59.17424885,5.593001804,88.34270236,6.505024121,2.538412167,0.998099028,3.238908869,100.1892067,2.407406758,28.50286169,28.09219105,27.79681666
2788.7676,1523.537065,3059.647346,1796.503011,1834.262498,5.013846137,58.77666411,5.535540252,88.11513226,6.476012631,2.538510042,0.996488678,3.244525484,100.2371397,2.406618211,28.50936388,28.07685842,27.8001224
2788.92,1518.94009,3050.415081,1791.068096,1828.726914,4.995470967,58.23959261,5.464677114,88.11279443,6.430756055,2.532375779,0.992465847,3.2392987,100.2869737,2.406188865,28.51750547,27.99315708,27.7986851
2789.0724,1523.634351,3059.841992,1796.589509,1834.378239,5.007726402,58.06363463,5.428407882,87.92311164,6.424280161,2.541598209,0.994616971,3.246842847,100.4433537,2.405899074,28.52492383,28.08069185,27.81358702
2789.2248,1524.61723,3061.815533,1797.735066,1835.5617,5.00785325,57.75246134,5.379344968,88.17000195,6.401764208,2.544572123,0.994369452,3.243569569,100.2280021,2.405468934,28.52674527,28.09982072,27.82366466
2789.3772,1527.220177,3067.042586,1800.79119,1838.695969,5.013312449,57.50917143,5.336851303,88.10288223,6.385824765,2.550186564,0.995214484,3.241076858,100.2747025,2.405491404,28.53224064,28.14880657,27.83683853
2789.5296,1524.585306,3061.750774,1797.671316,1835.524302,5.001552525,57.07323413,5.276989759,88.06098059,6.348163594,2.547004049,0.992686592,3.225430504,100.4921287,2.40559339,28.53793795,28.10125437,27.84257143
2789.682,1529.047687,3070.712024,1802.920134,1840.897576,5.013052688,56.91131745,5.244576383,87.77548444,6.340968782,2.555532115,0.994923492,3.219157433,100.0919307,2.405930665,28.53954679,28.18451827,27.86029925
2789.8344,1528.052816,3068.71373,1801.734303,1839.700597,5.006638506,56.54803354,5.194717312,88.0192584,6.31141244,2.554884043,0.993674459,3.199631856,99.90608648,2.406385279,28.5410394,28.16718538,27.87014461
2789.9868,1528.287293,3069.184263,1801.997979,1839.983676,5.004206754,56.23226142,5.150381213,88.13293295,6.287266095,2.556227178,0.993289487,3.180578433,99.65776852,2.406889483,28.53887036,28.17251431,27.88219903
2790.1392,1524.292212,3061.160776,1797.274495,1835.174534,4.987893812,55.76346868,5.092973611,88.47659869,6.246343316,2.550434878,0.990208266,3.150559263,99.27603953,2.40757984,28.54096629,28.09988096,27.88839942
2790.2916,1529.034709,3070.684535,1802.853403,1840.885028,5.000172887,55.62846581,5.068363815,88.67571477,6.243341906,2.559096235,0.992942188,3.132941284,99.5465977,2.408098949,28.54044588,28.18832154,27.90868731
2790.444,1529.52051,3071.65978,1803.413379,1841.470607,4.998545592,55.34225704,5.031204505,89.41420796,6.223772651,2.560568284,0.992980492,3.104616989,99.80240827,2.408467666,28.54356957,28.19828125,27.92292971
2790.5964,1531.179681,3074.991437,1805.356765,1843.46871,5.000725172,55.10162388,4.999547441,89.89161217,6.209974833,2.563949911,0.993851436,3.077092811,99.74305902,2.409130434,28.54913325,28.22986987,27.93901391
2790.7488,1527.316793,3067.233403,1800.7891,1838.818302,4.984822946,54.6656698,4.951296519,90.39578671,6.174982351,2.558046174,0.991194395,3.037369363,100.2726746,2.409579151,28.55832098,28.15965271,27.94710591
2790.9012,1530.458682,3073.542698,1804.480252,1842.601055,4.991745863,54.50022476,4.929764362,90.48354568,6.171547344,2.563741678,0.993199075,3.007881965,100.4660826,2.409951264,28.56552369,28.21858422,27.96581624
2791.0536,1528.26138,3069.129558,1801.876201,1839.95555,4.981235308,54.15158331,4.892582716,90.83478497,6.14770042,2.560447176,0.991786201,2.966746961,100.4319129,2.410158303,28.5716319,28.17906891,27.97682561
2791.206,1527.553074,3067.706686,1801.027606,1839.102611,4.975550278,53.86499565,4.861597413,90.70536229,6.131014312,2.559598689,0.991366343,2.927249867,99.63757895,2.410279799,28.57699651,28.16701122,27.99005603
2791.3584,1523.018702,3058.600125,1795.667866,1833.643252,4.957392878,53.45656964,4.819604031,90.4883272,6.100129303,2.552286337,0.988456796,2.879081457,99.27230916,2.410516272,28.58010116,28.08441069,27.99791322
2791.5108,1527.649277,3067.899064,1801.113673,1839.217919,4.969100241,53.40382658,4.810444325,89.88172159,6.109682693,2.56019397,0.991520628,2.84520434,99.63237216,2.410991163,28.58590996,28.17081077,28.01907121
2791.6632,1528.452857,3069.512455,1802.047511,1840.185066,4.968406992,53.23234711,4.790738748,89.70568964,6.105294258,2.561633382,0.992104943,2.803087382,99.86423523,2.411266078,28.59078385,28.1866315,28.03468845
2791.8156,1530.745319,3074.115894,1804.736674,1842.944597,4.972575221,53.12424164,4.77708919,89.32566649,6.108562234,2.565539813,0.993669179,2.763221804,99.77973726,2.41134598,28.59530927,28.22990501,28.05221329
2791.968,1527.697814,3067.995356,1801.129881,1839.274848,4.959394813,52.83976244,4.747881642,89.18186432,6.092224797,2.560484104,0.991776186,2.71361164,99.62269075,2.41168457,28.6019461,28.1747002,28.06203078
2792.1204,1531.656821,3075.945619,1805.783319,1844.040116,4.968976286,52.82609016,4.743912144,88.94567931,6.108330317,2.56710303,0.994452447,2.67594217,99.29988877,2.412166296,28.60968354,28.24871023,28.0811936
2792.2728,1530.091696,3072.802054,1803.923805,1842.154316,4.960644122,52.62965944,4.7241718,89.31483911,6.10419886,2.564449735,0.993567088,2.628724196,99.51397171,2.412734043,28.61532282,28.22083197,28.09237838
2792.4252,1529.700655,3072.016334,1803.448238,1841.68173,4.956113185,52.48187394,4.709163667,89.49448449,6.106636578,2.56375712,0.993448893,2.583926654,99.26436582,2.413327032,28.61722856,28.21460908,28.10487071
2792.5776,1525.051763,3062.679791,1797.952588,1836.082655,4.937774022,52.19800088,4.681851078,89.74898986,6.093520342,2.555910417,0.99053867,2.532301109,98.40462629,2.413907489,28.62098156,28.12985756,28.11119522
2792.73,1529.14501,3070.899617,1802.763135,1841.008232,4.947777949,52.24667376,4.684106449,89.66659595,6.119370135,2.562652208,0.993241599,2.496147564,98.14716592,2.414220834,28.62293261,28.20635507,28.12878267
2792.8824,1529.00582,3070.619668,1802.583854,1840.837987,4.94412405,52.16217811,4.674538376,89.94929874,6.129918008,2.562280461,0.993182498,2.453663608,97.75273283,2.414369565,28.6256583,28.20477497,28.14015111
2793.0348,1530.096711,3072.810026,1803.854592,1842.148452,4.944478527,52.1282866,4.669616421,89.91080873,6.147448072,2.563980064,0.993914525,2.414244036,97.37389032,2.414591591,28.62803989,28.22588338,28.15275213
2793.1872,1525.727111,3064.034371,1798.68766,1836.884581,4.927193237,51.91439258,4.648570816,89.96031889,6.144756911,2.556546995,0.99108651,2.367291058,97.04380086,2.414933521,28.63138084,28.14626504,28.15755855
2793.3396,1528.460414,3069.523092,1801.894114,1840.17184,4.932894485,51.97001618,4.65093205,89.80580357,6.174562629,2.561016557,0.992788952,2.333972373,96.99141185,2.415405523,28.63450482,28.19767973,28.17101718
2793.492,1525.951546,3064.48425,1798.920574,1837.147782,4.921712213,51.85795923,4.638080515,90.15963739,6.184929899,2.556713661,0.991066076,2.293794719,97.77367967,2.415371613,28.63105524,28.15238275,28.17698094
2793.6444,1525.064614,3062.702662,1797.859086,1836.07647,4.915795677,51.81508727,4.630523892,90.22249611,6.203499667,2.555145291,0.990337495,2.257559114,98.3454842,2.415465467,28.62765727,28.1370132,28.18468888
2793.7968,1520.463611,3053.462318,1792.419185,1830.533819,4.897922756,51.66225277,4.611643454,90.21547413,6.207612517,2.547352371,0.987096521,2.217207892,98.47840012,2.415762321,28.62798489,28.05312844,28.18694599
2793.9492,1525.163358,3062.900166,1797.943661,1836.188719,4.910080549,51.86163791,4.621438821,89.69996348,6.251480419,2.555130859,0.989684108,2.194097863,99.59724153,2.416074368,28.62726427,28.14084664,28.20057693
2794.1016,1526.148084,3064.877361,1799.088889,1837.371166,4.910345062,51.95181018,4.620290762,89.36112052,6.280874007,2.556679409,0.989777429,2.167158035,99.91595489,2.41606513,28.62189591,28.16001242,28.20869567
2794.254,1528.754577,3070.111471,1802.146023,1840.506169,4.915892328,52.10920734,4.624137905,88.5129799,6.318132615,2.560967665,0.990857759,2.14427241,98.88638065,2.416365611,28.61788086,28.20909915,28.2184995
2794.4064,1526.118028,3064.816283,1799.022446,1837.328911,4.904609679,52.09364119,4.611891018,87.60469517,6.334470201,2.556499867,0.988486603,2.115512908,98.87028933,2.416506394,28.61133786,28.16144106,28.22091295
2794.5588,1530.585967,3073.788639,1804.273705,1842.704738,4.916211776,52.33757392,4.620601656,86.4041592,6.381338616,2.563974864,0.990554068,2.100731199,98.79120043,2.4167428,28.60420021,28.24487924,28.23168333
2794.7112,1529.591202,3071.79056,1803.085417,1841.503746,4.910304162,52.39911545,4.612836714,85.7397011,6.406350396,2.56232674,0.989052164,2.080004856,98.21297822,2.417127355,28.5996599,28.22750522,28.23477103
2794.8636,1529.827049,3072.263849,1803.347671,1841.784177,4.908362523,52.5078233,4.608383242,84.89314868,6.437099888,2.562772883,0.988283677,2.062752511,97.73900113,2.417628409,28.59252879,28.23284154,28.23905216
2795.016,1525.829078,3064.234599,1798.619026,1836.9674,4.892815728,52.47667162,4.590282247,84.21478802,6.449395521,2.556140501,0.984679495,2.041469807,97.41817996,2.418042241,28.5893046,28.16004862,28.23726169
2795.1684,1530.577506,3073.770236,1804.200479,1842.680527,4.905309514,52.75988052,4.596513984,83.33249083,6.496596595,2.564183004,0.986476654,2.036413276,96.56224147,2.418343804,28.58241913,28.24867452,28.24596896
2795.3208,1531.064953,3074.748788,1804.75924,1843.263723,4.904160882,52.90072423,4.589426628,82.97287874,6.525126746,2.56509567,0.985451498,2.02742643,96.65447472,2.418393515,28.57686317,28.25865154,28.24854927
2795.4732,1532.726957,3078.086133,1806.702428,1845.260797,4.906778751,53.08072897,4.585193282,82.38594228,6.55837388,2.568002796,0.985132658,2.021590216,96.62991336,2.418803294,28.57384803,28.2903038,28.25231072
2795.6256,1528.861302,3070.322597,1802.129719,1840.602918,4.89168141,53.06386477,4.563486321,81.948571,6.567295997,2.561675077,0.981217386,2.00969384,96.53525748,2.419120347,28.57217761,28.21993231,28.24842637
2795.778,1532.007439,3076.640426,1805.822054,1844.386534,4.898990435,53.28546113,4.560027107,81.41339549,6.603175937,2.567138669,0.981623598,2.010811718,96.71392541,2.419373396,28.56854699,28.27898596,28.25301264
2795.9304,1529.808963,3072.224983,1803.214517,1841.735692,4.889208743,53.31775122,4.539965309,81.65626751,6.615376767,2.563669275,0.978568277,2.006262528,96.666127,2.419484542,28.56263445,28.23938205,28.2501519
2796.0828,1529.100942,3070.802733,1802.363796,1840.879256,4.884161256,53.39936015,4.523223085,82.07168754,6.63266883,2.562716591,0.976402482,2.005044712,96.81280765,2.419673991,28.55717888,28.22729453,28.24896512
2796.2352,1524.562901,3061.688875,1796.9987,1835.412155,4.86682584,53.34829967,4.493577163,83.09353709,6.630811314,2.555346861,0.971681324,2.000154522,96.77997925,2.419756881,28.55220765,28.14451317,28.24229454
2796.3876,1529.198908,3070.998711,1802.447439,1840.990223,4.878700709,53.61576432,4.487037868,84.35894117,6.662103649,2.563357914,0.972550587,2.010870394,96.90679786,2.420183208,28.54898007,28.23109408,28.24724447
2796.54,1530.003967,3072.615089,1803.380976,1841.95652,4.87834527,53.74923168,4.468045618,86.43763338,6.674162078,2.564942272,0.970897474,2.01789504,96.91429918,2.420493451,28.54122452,28.24694464,28.24672919
2796.6924,1532.299351,3077.224393,1806.071233,1844.717099,4.882721416,53.92746833,4.452101443,88.24104368,6.690332267,2.569027869,0.970137855,2.027723742,96.85198181,2.420897712,28.53217917,28.29030674,28.24805799
2796.8448,1529.249277,3071.098735,1802.46097,1841.042382,4.870031905,53.90721745,4.419165035,89.72094626,6.680825755,2.564157572,0.965948255,2.030962801,96.88491533,2.421275489,28.52187734,28.2349798,28.2420511
2796.9972,1533.212609,3079.057668,1807.11734,1845.811324,4.879600945,54.11240806,4.402345487,90.21276361,6.69487901,2.571057526,0.966024267,2.045463664,96.78942826,2.421787079,28.5146744,28.30914416,28.24523038
2797.1496,1531.646131,3075.911417,1805.256029,1843.922964,4.871555494,54.11040335,4.368375234,90.35303537,6.682646862,2.568692813,0.962588438,2.053093452,96.94798092,2.42227336,28.50779729,28.28120227,28.24079819
2797.302,1531.254831,3075.125195,1804.779819,1843.449415,4.86719502,54.13682709,4.336100165,89.50539418,6.672602262,2.568299757,0.95984695,2.062586531,96.79914677,2.422909958,28.49898651,28.27496206,28.23791166
2797.4544,1526.60122,3065.779228,1799.280006,1837.844787,4.84920808,54.00510179,4.28981302,88.33653981,6.640430794,2.560750763,0.954350638,2.06670282,96.82829771,2.423359887,28.49736017,28.19002522,28.22909917
2797.6068,1530.698305,3074.006734,1804.094463,1842.775739,4.858891875,54.16523451,4.263341947,86.87349804,6.637002236,2.567860396,0.954121676,2.083954041,96.70978597,2.423478133,28.50074624,28.26668231,28.23223991
2797.7592,1530.558537,3073.725626,1803.915574,1842.606274,4.855095937,54.16763068,4.223475155,86.20443694,6.611730481,2.567850397,0.951190467,2.095826327,96.70204049,2.42366118,28.50577314,28.26509481,28.22951237
2797.9116,1531.649997,3075.917115,1805.187921,1843.919199,4.855170862,54.19925415,4.185315739,85.73729187,6.588288829,2.569892871,0.948987523,2.109173867,96.6598195,2.423708258,28.51173249,28.28624435,28.2285865
2798.064,1527.275333,3067.131323,1800.017962,1838.651688,4.837878574,54.0242983,4.130561842,85.84905998,6.538317578,2.562756369,0.943361151,2.114617616,96.8028522,2.423854583,28.52044294,28.20645173,28.22019048
2798.2164,1530.010494,3072.623741,1803.227987,1841.944254,4.84301851,54.07574993,4.090755787,86.085626,6.510288672,2.567527269,0.942002995,2.129683072,97.17560057,2.424159588,28.52619629,28.25797231,28.22199732
2798.3688,1527.498083,3067.577796,1800.253561,1838.919632,4.831537332,53.92948423,4.035554523,87.07871816,6.457020712,2.563482088,0.937394011,2.137195358,97.19971994,2.423994106,28.5265019,28.21257445,28.21660407
2798.5212,1526.60914,3065.792159,1799.19277,1837.849932,4.825153724,53.82909145,3.983085739,87.94814282,6.407017764,2.562140004,0.93375168,2.146484082,97.17838686,2.42402769,28.52628045,28.19716799,28.21368732
2798.6736,1522.002222,3056.539951,1793.750531,1832.304947,4.80695823,53.59498347,3.919467503,88.98433664,6.337881983,2.554534774,0.927781176,2.150252484,97.2608008,2.423884564,28.52716029,28.1130998,28.20569606
2798.826,1526.705109,3065.984036,1799.281331,1837.969264,4.81806233,53.67948423,3.876249369,89.80014583,6.298887074,2.562508511,0.927363654,2.166541075,97.38143788,2.423830929,28.52814421,28.20100142,28.21144545
2798.9784,1527.689094,3067.959697,1800.429817,1839.157125,4.817422144,53.63038917,3.822534141,91.18417552,6.241275535,2.564215313,0.92465671,2.177324433,97.29582421,2.42370544,28.52499869,28.22020412,28.21214483
2799.1308,1530.296384,3073.195342,1803.491788,1842.299707,4.821893972,53.62953422,3.771628259,92.39816932,6.187041714,2.568621237,0.922911899,2.18966086,97.41798448,2.423573367,28.52415266,28.26939174,28.21546186
2799.2832,1527.655263,3067.890944,1800.368552,1839.124089,4.809811414,53.4377943,3.706586337,93.84895512,6.10908976,2.564202726,0.917975809,2.193652421,97.65627397,2.423532802,28.52558154,28.22162774,28.21165198
2799.4356,1532.125521,3076.86787,1805.626798,1844.510585,4.820055924,53.4823707,3.655992362,95.15043508,6.053305881,2.571688263,0.917250405,2.206085031,97.73255604,2.423633985,28.52515891,28.30524022,28.21871108
2799.588,1531.127505,3074.863215,1804.440777,1843.31401,4.813092025,53.32603232,3.591253212,97.01131954,5.973630078,2.569984447,0.913242517,2.209845369,97.67871552,2.423849219,28.52492183,28.28782506,28.21831687
2799.7404,1531.361238,3075.3322,1804.706527,1843.600563,4.809961784,53.20348601,3.528257115,98.52102847,5.896301419,2.570331553,0.909957444,2.21439219,97.65994055,2.424095875,28.52096438,28.29316878,28.22003039
2799.8928,1527.356787,3067.289912,1799.977791,1838.785186,4.793451737,52.93347212,3.454744627,99.87791153,5.800831366,2.563551512,0.904135365,2.212028501,97.64085524,2.424301412,28.51962993,28.22021628,28.21604454
2800.0452,1532.107208,3076.829452,1805.567345,1844.510853,4.804319149,52.97256528,3.399851617,100.5640448,5.734708717,2.571433593,0.903472576,2.22046783,97.70494063,2.424174702,28.51547137,28.3090275,28.22540026
2800.1976,1532.592287,3077.803187,1806.130547,1845.101751,4.801787707,52.86428601,3.335129492,101.2870722,5.651193038,2.572144144,0.900296042,2.222051976,97.5343947,2.423783727,28.51335851,28.31902184,28.22898297
2800.35,1534.253025,3081.137915,1808.079327,1847.108114,4.802918095,52.79434955,3.272358831,101.3534878,5.570695912,2.574816427,0.897800935,2.224383683,97.77500914,2.423614424,28.51197283,28.35073773,28.23457043
2800.5024,1530.380551,3073.360659,1803.507312,1842.452984,4.786701908,52.53535047,3.197287596,101.281947,5.469410375,2.56819788,0.892048812,2.217750279,97.8715456,2.423305298,28.51161975,28.28021191,28.23260866
2800.6548,1533.526684,3079.678401,1807.206874,1846.248214,4.792398357,52.53087126,3.136855836,100.8650163,5.392358599,2.573340953,0.89039211,2.219050236,97.81054065,2.422867022,28.50943679,28.33938769,28.24146836
2800.8072,1531.322872,3075.252208,1804.601778,1843.602574,4.781377777,52.34507471,3.065434529,100.9506258,5.296173271,2.569499489,0.885636345,2.211756812,98.02987541,2.42217505,28.49801474,28.2996952,28.24301156
2800.9596,1530.610954,3073.822085,1803.754903,1842.75325,4.774992412,52.21662226,2.997331696,100.7442651,5.205364178,2.568152067,0.881759534,2.205771905,97.97858835,2.421532589,28.48758073,28.28757785,28.24698114
2801.112,1526.065185,3064.692698,1798.390236,1837.28869,4.756603783,51.97173684,2.922845806,100.5093259,5.102676123,2.560362106,0.875712556,2.193621107,98.29244005,2.420766755,28.48442586,28.20461564,28.24576823
2801.2644,1530.702396,3074.004873,1803.847932,1842.880861,4.766801961,52.07702437,2.868967169,99.75547958,5.034072671,2.567965184,0.875039728,2.192884013,98.18735625,2.420153325,28.48168727,28.29137739,28.25839702
2801.4168,1531.504869,3075.616011,1804.786954,1843.85659,4.765071822,52.06704667,2.809422204,99.22374382,4.954476705,2.569128301,0.872232318,2.186133097,97.94265008,2.41950561,28.47714204,28.30725779,28.26577185
2801.5692,1533.799128,3080.223005,1807.484065,1846.628451,4.768000557,52.12290172,2.753606912,98.22804558,4.881345104,2.572796289,0.87029265,2.180904831,97.90040569,2.418864848,28.46873084,28.35070847,28.27545468
2801.7216,1530.742703,3074.08459,1803.875718,1842.958331,4.754302642,52.01168851,2.688884871,97.3412135,4.792786027,2.567496019,0.865314433,2.167439884,97.97730968,2.418200252,28.45978776,28.29525941,28.27776683
2801.874,1534.706534,3082.044477,1808.540481,1847.740645,4.762430639,52.17995733,2.639527981,96.38528468,4.731487636,2.573985357,0.864372958,2.16219288,97.71681018,2.41763612,28.45198497,28.36957809,28.29055112
2802.0264,1533.13518,3078.888437,1806.68241,1845.858661,4.753406347,52.17208802,2.581308346,96.28731203,4.6547666,2.571202822,0.860318305,2.148493484,97.66245353,2.417241251,28.44464707,28.34157257,28.2957058
2802.1788,1532.740161,3078.094749,1806.210505,1845.392926,4.748028968,52.22097411,2.526134052,96.26778274,4.584109513,2.570409473,0.856935345,2.135901327,97.52512814,2.417116717,28.43766238,28.33531504,28.30267236
2802.3312,1528.078701,3068.733067,1800.711,1839.790681,4.729400655,52.14289833,2.465738203,96.63247006,4.503901704,2.562473131,0.851221044,2.11696911,97.39557479,2.416913651,28.43267402,28.25019288,28.30377941
2802.4836,1532.176461,3076.961916,1805.533878,1844.735015,4.737887702,52.41560414,2.425177123,96.81874018,4.458617087,2.569247202,0.850571435,2.109098325,97.51548867,2.416352451,28.42627315,28.32700955,28.31755834
2802.636,1532.033303,3076.674033,1805.35938,1844.573434,4.73328456,52.56248123,2.380064388,97.48620558,4.404545623,2.568923212,0.847637856,2.095082449,97.69471909,2.415665396,28.42139586,28.32541465,28.32544586
2802.7884,1533.122606,3078.861221,1806.637208,1845.895699,4.732529126,52.77486899,2.33849352,97.71796749,4.357483591,2.570687724,0.84540181,2.082484318,97.60137431,2.415218177,28.41661292,28.34660533,28.33509668
2802.9408,1528.74057,3070.060712,1801.467493,1840.630362,4.714906659,52.81954179,2.289837384,97.88215421,4.297790701,2.563295493,0.840148824,2.062176779,97.59473127,2.414895156,28.41462776,28.26663841,28.33716531
2803.0932,1531.475321,3075.552353,1804.684299,1843.933944,4.719308659,53.16416877,2.257286605,97.57027061,4.267633192,2.567865976,0.838944215,2.050792026,97.77159073,2.414794435,28.41327953,28.3182649,28.34929382
2803.2456,1528.957549,3070.495738,1801.711554,1840.913326,4.70759191,53.34835543,2.218815309,97.62074898,4.226250543,2.563644049,0.834890476,2.032150914,97.69479422,2.414135923,28.40663496,28.27276614,28.35411719
2803.398,1528.06489,3068.702734,1800.653856,1839.849505,4.700939539,53.61660086,2.185307021,97.26408974,4.193927393,2.562164018,0.831777863,2.015675556,97.75169213,2.413849397,28.40165205,28.25732277,28.361162
2803.5504,1523.450805,3059.436266,1795.211016,1834.305287,4.682859249,53.77772554,2.149963038,96.95804786,4.156541607,2.554449759,0.826763672,1.994487365,97.73824804,2.413680221,28.39839444,28.17307116,28.36294678
2803.7028,1528.155613,3068.884281,1800.74982,1839.982023,4.693494908,54.31979173,2.136269142,96.36714475,4.157260157,2.562376537,0.827128345,1.985769809,97.70785759,2.413652241,28.39590613,28.2611562,28.37752255
2803.8552,1529.138099,3070.85704,1801.902573,1841.177115,4.692772161,54.75167047,2.121072736,96.36770297,4.153126035,2.564067551,0.825618906,1.972456327,97.61157764,2.413402078,28.39157297,28.28039582,28.38677049
2804.0076,1531.745531,3076.093072,1804.970231,1844.328817,4.697112495,55.26654114,2.110847843,96.21589801,4.157945546,2.56849751,0.825052732,1.961453198,97.66135771,2.413409708,28.38909513,28.32968432,28.39811278
2804.16,1529.099651,3070.779267,1801.847514,1841.155185,4.685376733,55.61009988,2.095178378,96.34040906,4.151763119,2.564127608,0.821691106,1.94385191,97.87653704,2.413559855,28.38976552,28.28181443,28.40213739
2804.3124,1533.572073,3079.760637,1807.112879,1846.552616,4.69550594,56.24969077,2.095155984,96.34753917,4.174585179,2.571712996,0.822356887,1.935709547,97.92980317,2.413788153,28.39007579,28.3656012,28.41565713
2804.4648,1532.571123,3077.75024,1805.928574,1845.359517,4.688916113,56.70353308,2.089148235,96.97712918,4.185528766,2.570134007,0.820114532,1.92068939,97.70315935,2.413941757,28.39221635,28.3481449,28.42159711
2804.6172,1532.803158,3078.215955,1806.197133,1845.651006,4.686107881,57.21767476,2.086631792,97.33318278,4.203373568,2.570640062,0.818576982,1.907416686,97.63903738,2.414233861,28.39413596,28.35349602,28.42909357
2804.7696,1528.79309,3070.162562,1801.466973,1840.834704,4.670288874,57.57939288,2.080734925,97.69733274,4.213335696,2.564038934,0.814888532,1.889268225,97.60880826,2.414588544,28.40064212,28.28038394,28.43063875
2804.922,1533.546349,3079.70791,1807.06332,1846.570629,4.681207127,58.28257489,2.093669178,97.61255467,4.257362581,2.572139584,0.816221769,1.883140042,97.6369272,2.414706278,28.40603005,28.36938048,28.44362086
2805.0744,1534.03034,3080.679598,1807.629035,1847.165847,4.679091107,58.82636798,2.103211805,97.85074155,4.293147037,2.573086063,0.815409838,1.872182892,97.60464696,2.414448687,28.41510012,28.37939214,28.45058729
2805.2268,1535.69114,3084.014578,1809.581409,1849.177996,4.680550803,59.41954362,2.115773158,97.61835116,4.334683057,2.576014235,0.815280726,1.862989166,97.67917506,2.414467332,28.42614608,28.41117166,28.45897978
2805.3792,1531.813562,3076.22724,1805.007539,1844.521132,4.665091783,59.79901232,2.121478484,97.35329564,4.361992916,2.569652531,0.81224545,1.847377637,97.70040338,2.414565833,28.43385432,28.34049151,28.45975753
2805.5316,1534.96132,3082.548349,1808.711908,1848.323726,4.670980374,60.44745894,2.141159917,96.73933192,4.415023917,2.575063089,0.813179363,1.841540722,97.7064219,2.414532771,28.43961588,28.39978942,28.46951662
2805.684,1532.754177,3078.115607,1806.1063,1845.678086,4.660578968,60.88525599,2.154520548,96.65411229,4.45431597,2.571488611,0.811331327,1.829672872,97.63775184,2.414377152,28.44101931,28.36000834,28.47187498
2805.8364,1532.040382,3076.68184,1805.260293,1844.830634,4.654698158,61.37838446,2.171483655,96.33550078,4.499763294,2.57041349,0.810362862,1.820199536,97.57074558,2.414093703,28.44105066,28.34786116,28.47601628
2805.9888,1527.489244,3067.54182,1799.892599,1839.362519,4.637120388,61.70594921,2.185288348,96.18917501,4.536204646,2.562886195,0.807529447,1.807092154,97.66210586,2.413659884,28.44002081,28.26471812,28.47464152
2806.1412,1532.129877,3076.860935,1805.356,1844.963064,4.647379405,62.36884235,2.217598086,95.82718923,4.605119459,2.570740955,0.809971615,1.807114717,97.76430596,2.413401312,28.44213639,28.35166071,28.48491915
2806.2936,1532.932294,3078.472048,1806.296815,1845.941709,4.646004241,62.86064239,2.246637892,96.0372322,4.664517666,2.572137874,0.810560685,1.803516065,97.61509994,2.412788479,28.44190894,28.36757093,28.48967178
2806.446,1535.227921,3083.081856,1808.997146,1848.718438,4.649124247,63.39830023,2.278855399,95.9933403,4.728841018,2.576017509,0.812042228,1.80231899,97.76483788,2.412568925,28.44168427,28.4111102,28.49620231
2806.5984,1532.167882,3076.936275,1805.386745,1845.045901,4.635965794,63.69939258,2.303368106,96.05545397,4.776201332,2.570887303,0.810752865,1.795339538,97.9983172,2.412239393,28.44106428,28.35553901,28.49534664
2806.7508,1536.134716,3084.90221,1810.056285,1849.835188,4.643943842,64.24359179,2.340070619,95.82797672,4.845456596,2.577492535,0.813430466,1.798351281,97.66651568,2.4121049,28.44199648,28.43001202,28.50336067
2806.9032,1534.561211,3081.741895,1808.197534,1847.952639,4.635123748,64.54013439,2.368229021,96.11350269,4.896501396,2.574780435,0.813218203,1.79527116,97.88861499,2.412093883,28.44413008,28.40194286,28.50377161
2807.0556,1534.165128,3080.946095,1807.726127,1847.487972,4.629773669,64.86340343,2.397983169,96.12291992,4.950113563,2.574016938,0.813692602,1.794075805,97.84235966,2.412113131,28.44258764,28.39566802,28.5055916
2807.208,1529.498669,3071.574414,1802.222862,1841.880891,4.611441,64.97824439,2.421367087,96.2587448,4.989317154,2.56606583,0.81201366,1.788663165,97.78970986,2.411992702,28.4426739,28.31036054,28.50136883
2807.3604,1533.599691,3079.80977,1807.050487,1846.832079,4.619400376,65.39023724,2.459967443,96.14588687,5.055699009,2.57276385,0.815317015,1.795800697,97.73238808,2.411526667,28.44078388,28.38733678,28.50827247
2807.5128,1533.455893,3079.520579,1806.87649,1846.671458,4.614529285,65.59112857,2.492062215,96.57860071,5.107263146,2.572316659,0.816483424,1.798727324,97.73693045,2.410890579,28.44005394,28.38573449,28.50917586
2807.6652,1534.545677,3081.708683,1808.156082,1847.996445,4.613295003,65.81438178,2.525536652,96.72288141,5.160691817,2.573904589,0.818377293,1.803617744,97.65739118,2.410552727,28.43933402,28.4069663,28.51159436
2807.8176,1530.159002,3072.898834,1802.982778,1842.726449,4.595510131,65.77647706,2.549123331,96.91718906,5.193353911,2.566278451,0.817392143,1.802501058,97.6063585,2.410399194,28.440573,28.3268251,28.50644405
2807.97,1532.895733,3078.39435,1806.203044,1846.035111,4.598992677,65.96943087,2.583596137,96.73702566,5.245388668,2.570533655,0.820411006,1.811599805,97.78966111,2.410491474,28.44167153,28.37855748,28.51042802
2808.1224,1530.375055,3073.331822,1803.22858,1843.012415,4.586679716,65.91015954,2.608568466,96.96012617,5.277153102,2.565942695,0.82066885,1.815031958,97.72916348,2.410025349,28.43680276,28.33295784,28.50708092
2808.2748,1529.480996,3071.535908,1802.170783,1841.948755,4.579222434,65.88951689,2.635722201,96.79948349,5.311853479,2.564042443,0.821875804,1.821127243,97.62752377,2.410066685,28.42784888,28.31747756,28.50573145
2808.4272,1524.862119,3062.259745,1796.724068,1836.399435,4.560617586,65.67631998,2.656473847,96.66787333,5.331833657,2.555874442,0.821192001,1.82380406,97.61417306,2.409995026,28.42608583,28.23304252,28.49891645
2808.5796,1529.570898,3071.715579,1802.268081,1842.083562,4.569902938,65.78006866,2.692859114,96.23212878,5.379503503,2.563291602,0.825782052,1.840029547,97.75976907,2.410171296,28.43175136,28.32131099,28.50423415
2808.732,1530.553973,3073.689388,1803.422254,1843.280761,4.56810921,65.69051583,2.722672747,96.31749467,5.412174441,2.564442654,0.828472356,1.852740768,97.66573213,2.410145834,28.4355902,28.34058752,28.50412136
2808.8844,1533.163495,3078.929465,1806.492961,1846.436822,4.57116658,65.63885542,2.75458949,96.13858513,5.447672864,2.568287825,0.832111041,1.868068424,97.71793714,2.410405977,28.43400018,28.38997691,28.50608001
2809.0368,1530.514813,3073.609909,1803.36812,1843.260405,4.55850092,65.33671536,2.77604717,96.05579823,5.461820099,2.563304455,0.832926821,1.87742482,98.04146735,2.410809859,28.43524247,28.34200112,28.50064936
2809.1892,1534.991013,3082.598673,1808.638463,1848.664886,4.566973766,65.2686268,2.807766762,95.66607917,5.49487104,2.570220396,0.837706422,1.896898531,97.96341297,2.411538701,28.43527309,28.42596217,28.50468502
2809.3416,1533.988738,3080.585449,1807.45376,1847.471414,4.559096478,64.94305498,2.828075563,95.75157728,5.505400219,2.567943402,0.839502894,1.909897624,97.90795184,2.412217021,28.43496602,28.40846475,28.5010562
2809.494,1534.220555,3081.050546,1807.723198,1847.764316,4.554826372,64.64398818,2.849100033,95.52466902,5.517238751,2.56771247,0.841978888,1.92476767,97.78636519,2.413023346,28.43360886,28.41382325,28.49903698
2809.6464,1530.206371,3072.988741,1802.989658,1842.943511,4.537918265,64.14403423,2.861064372,95.39105721,5.511603195,2.560373216,0.842133652,1.934789127,97.65715359,2.41394,28.43550358,28.3405516,28.49090382
2809.7988,1534.9637,3082.542052,1808.591228,1848.686796,4.547028488,63.95329742,2.886611087,94.9886387,5.532029317,2.567719876,0.847149474,1.957203849,97.64539481,2.414530728,28.43424423,28.42973347,28.49464432
2809.9512,1535.447842,3083.513867,1809.157874,1849.283411,4.54348214,63.56227892,2.902895883,95.11717283,5.534873185,2.567920257,0.849812637,1.974564044,97.49754539,2.414867344,28.43420922,28.43976244,28.49227704
2810.1036,1537.109852,3086.851088,1811.112395,1851.298658,4.543364806,63.19994303,2.919903355,94.95578007,5.539525408,2.570089918,0.853113539,1.993593938,97.51017891,2.415423539,28.43703589,28.47160559,28.49151744
2810.256,1533.22833,3079.055679,1806.53521,1846.637347,4.526788173,62.59571064,2.92506269,94.85851682,5.522301983,2.562998144,0.853311087,2.005478628,97.47333356,2.416276677,28.44051301,28.40077111,28.48291196
2810.4084,1536.378636,3085.381704,1810.243257,1850.445183,4.530959301,62.24291605,2.940572897,94.42521445,5.525719464,2.56769763,0.857362229,2.027046108,97.39383249,2.41699177,28.44201245,28.46019115,28.48408774
2810.5608,1534.169072,3080.943941,1807.636022,1847.797449,4.519309642,61.659803,2.944597435,94.46998454,5.507948136,2.563447559,0.858397124,2.041605624,97.31859765,2.417432785,28.44095931,28.42032149,28.47764033
2810.7132,1533.454238,3079.507921,1806.78987,1846.949952,4.512080534,61.1274999,2.950402394,94.24122798,5.493990734,2.561711072,0.860237848,2.058266242,97.35063773,2.417877129,28.4386945,28.40814448,28.47324377
2810.8656,1528.89859,3070.358729,1801.418083,1841.476278,4.493649578,60.44005051,2.948158094,94.18211844,5.465537148,2.553587567,0.85988976,2.070004454,97.27294018,2.418106101,28.43432223,28.3248206,28.46319483
2811.018,1533.543352,3079.685974,1806.886319,1847.083542,4.502501023,60.10985673,2.961483759,93.95979334,5.467701986,2.560916461,0.864598527,2.094593088,97.4496601,2.418641526,28.43243062,28.41194402,28.46623983
2811.1704,1534.34643,3081.298306,1807.828017,1848.063387,4.500212416,59.62740748,2.966743309,94.38405445,5.455506011,2.561864736,0.867103457,2.114100199,97.19146684,2.418977583,28.4279683,28.42788408,28.46369783
2811.3228,1536.644119,3085.912141,1810.530684,1850.843318,4.502353942,59.20324099,2.974239539,94.63703803,5.448255655,2.565347359,0.870408059,2.13565147,97.22346,2.419321889,28.42177725,28.47151193,28.46330845
2811.4752,1533.581203,3079.760724,1806.91726,1847.166562,4.488786112,58.57584495,2.970792182,95.03802903,5.421909276,2.559918884,0.870625602,2.149641643,97.30399499,2.419846395,28.41728097,28.41581861,28.45517102
2811.6276,1537.551703,3087.733927,1811.59069,1851.96118,4.49591799,58.23141012,2.979040314,95.14106634,5.419781546,2.566336866,0.874656799,2.173123554,97.31383264,2.420480924,28.41321478,28.49044595,28.45734191
2811.78,1535.976739,3084.570642,1809.730313,1850.076336,4.486819835,57.67975494,2.975715484,95.67400049,5.39773081,2.563536742,0.875467967,2.188549784,97.36384628,2.421084695,28.40985027,28.46231316,28.45151359
2811.9324,1535.580293,3083.774071,1809.258434,1849.610973,4.481169515,57.18255129,2.974030506,95.81307208,5.380089962,2.562752843,0.876868331,2.205395711,97.31958636,2.421634276,28.40391808,28.45602101,28.44743738
2812.0848,1530.909594,3074.393895,1803.750327,1843.997106,4.463129844,56.54453611,2.963567014,95.9204504,5.348110175,2.554885597,0.875726871,2.215852256,97.33982028,2.422243187,28.40009179,28.3705282,28.43708795
2812.2372,1535.014639,3082.637328,1808.581574,1848.953138,4.470997337,56.28003976,2.968839165,95.6287966,5.34836622,2.56179533,0.879340729,2.238246713,97.2373556,2.422551274,28.39344269,28.44766402,28.43988751
2812.3896,1534.871011,3082.348533,1808.406857,1848.791313,4.46660958,55.87837951,2.965394033,95.75041663,5.334482501,2.561667006,0.880416851,2.254117668,97.12715811,2.422619881,28.38844155,28.44605434,28.43651273
2812.542,1535.962133,3084.539384,1809.686908,1850.116719,4.4658558,55.54105373,2.96419682,95.53197785,5.326248716,2.563658829,0.882113126,2.271428407,97.05923485,2.422966295,28.38489785,28.46732728,28.43505733
2812.6944,1531.57176,3075.722225,1804.508565,1844.839525,4.449171158,55.02469297,2.952406409,95.38387881,5.30042404,2.556550311,0.880585535,2.28027102,97.05231367,2.423193799,28.38317674,28.38701179,28.42552557
2812.8468,1534.311488,3081.223862,1807.730693,1848.150483,4.453451494,54.82611358,2.954158628,94.94601625,5.302662613,2.561470517,0.882913724,2.298618634,97.20654905,2.423583121,28.38031177,28.43885007,28.42695979
2812.9992,1531.788976,3076.157809,1804.752809,1845.122761,4.442531739,54.45981652,2.94588543,95.00212745,5.288115654,2.557654999,0.882140092,2.308659668,97.14221171,2.423474096,28.37229317,28.39314954,28.42064166
2813.1516,1530.894646,3074.361518,1803.69311,1844.056146,4.436480818,54.18133102,2.941307005,94.74310505,5.281417286,2.556617259,0.882220659,2.320677708,97.12008885,2.423741023,28.36525786,28.37763234,28.41686905
2813.304,1526.272165,3065.078347,1798.240607,1838.498425,4.419882019,53.80891494,2.930202901,94.51791686,5.264107596,2.549401119,0.880051504,2.326542337,97.0041294,2.424083817,28.35917731,28.29301388,28.4075622
2813.4564,1530.986203,3074.544971,1803.78771,1844.186295,4.430904815,53.85998275,2.937851275,93.94115114,5.283996847,2.557895808,0.882975001,2.345172826,96.98549519,2.424277105,28.35504931,28.38146577,28.4129001
2813.6088,1531.971194,3076.522915,1804.941105,1845.381822,4.431416338,53.81673518,2.938875506,93.82535575,5.293104731,2.560207306,0.88364379,2.357513813,96.6276981,2.424231887,28.34990776,28.40077921,28.41277707
2813.7612,1534.584208,3081.7703,1808.012534,1848.538249,4.43680137,53.86404371,2.943799035,93.4546658,5.31041523,2.565291185,0.885171344,2.371840168,96.83899309,2.424287693,28.3457537,28.45026949,28.41528887
2813.9136,1531.934191,3076.448417,1804.883127,1845.354859,4.427049628,53.75491922,2.939255646,93.2889015,5.311739832,2.561612286,0.883598134,2.377615466,96.98686894,2.424486875,28.34240767,28.4021878,28.40993952
2814.066,1536.415805,3085.448403,1810.155719,1850.761703,4.43823062,53.98026899,2.949422553,93.01529368,5.34294641,2.56994052,0.88590322,2.393038859,96.9095995,2.424738178,28.33930509,28.48632315,28.41592002
2814.2184,1535.41388,3083.436288,1808.96781,1849.563049,4.433614775,54.0380809,2.949392863,93.43329972,5.356921873,2.569132512,0.884973583,2.399423042,96.78117167,2.424775333,28.33572149,28.46878459,28.41372839
2814.3708,1535.647237,3083.904889,1809.235191,1849.852332,4.432642664,54.17041942,2.952288658,93.71966048,5.377427616,2.57042953,0.884673814,2.407169263,96.74138513,2.425002462,28.33060664,28.47415049,28.41358323
2814.5232,1531.630715,3075.838857,1804.495289,1845.021917,4.419569883,54.18944237,2.947508919,94.16162842,5.384938977,2.564632528,0.881827452,2.407649125,96.73258106,2.42523866,28.32806276,28.40071926,28.40711977
2814.6756,1536.394055,3085.404716,1810.098819,1850.766953,4.432331127,54.61687583,2.960797678,94.28253343,5.428104658,2.573571293,0.883775259,2.420255909,96.54375938,2.425129446,28.32256355,28.49008645,28.41468433
2814.828,1536.880285,3086.381252,1810.663127,1851.35935,4.432923051,54.92654164,2.966106613,94.78384197,5.457746821,2.575361637,0.883160426,2.425455421,96.67753286,2.424784584,28.31897775,28.50013274,28.41592673
2814.9804,1538.545519,3089.725483,1812.616403,1853.37186,4.43697061,55.30670026,2.974063147,94.86233353,5.493404267,2.579142086,0.883149193,2.431995592,96.8025184,2.424695669,28.31805398,28.53203952,28.41913871
2815.1328,1534.66207,3081.926782,1808.032502,1848.700249,4.425024642,55.51098103,2.971667491,94.90595009,5.510847519,2.573620801,0.879901197,2.429418607,96.63284207,2.425030635,28.31894436,28.46105071,28.4139629
2815.2852,1537.817134,3088.262949,1811.740512,1852.506894,4.433658362,56.04655979,2.984171544,94.57785363,5.557742785,2.579885404,0.88052382,2.436742002,96.78737457,2.425192793,28.3181095,28.52059288,28.42003567
2815.4376,1535.607331,3083.825331,1809.127977,1849.850701,4.426875694,56.40988994,2.986687953,94.69030595,5.586800516,2.577148093,0.878027399,2.435144183,96.75627655,2.425166104,28.31447318,28.48063463,28.41801098
2815.59,1534.893698,3082.392357,1808.277909,1848.996615,4.424516637,56.85460556,2.99274541,94.49195372,5.622898603,2.576910456,0.8763429,2.435453855,96.76208615,2.425135383,28.31130268,28.46842779,28.4184299
2815.7424,1530.335711,3073.239138,1802.898371,1843.511019,4.411315649,57.18752749,2.992107549,94.35826784,5.646187566,2.570190262,0.872417891,2.42914849,96.76953976,2.424644797,28.30576758,28.38492308,28.41306905
2815.8948,1534.986917,3082.580016,1808.367527,1849.118158,4.425219009,57.94200344,3.01115895,93.90013778,5.70635616,2.578850705,0.873613317,2.436137094,96.85726462,2.424540962,28.30411334,28.47222733,28.42246397
2816.0472,1535.792875,3084.19885,1809.30635,1850.092615,4.428280675,58.5791004,3.02325665,93.86451136,5.753157349,2.581016003,0.872574661,2.436472854,96.74218193,2.424078155,28.30655508,28.48819722,28.42610286
2816.1996,1538.094882,3088.822084,1812.007529,1852.869028,4.435757361,59.29319429,3.038711222,93.46385584,5.806364997,2.585652505,0.872362916,2.438876546,96.80280838,2.423824773,28.30130432,28.53191366,28.43216995
2816.352,1535.031244,3082.669965,1808.387429,1849.181609,4.427793679,59.81519483,3.043929553,93.06279924,5.83995533,2.581223174,0.86910025,2.432651919,96.97829037,2.423610176,28.29870701,28.47609821,28.43002712
2816.5044,1539.007726,3090.655944,1813.060826,1853.974598,4.440369843,60.65722896,3.064234332,92.32194945,5.901747542,2.588503715,0.869783814,2.436994591,96.8880876,2.42352044,28.29705392,28.55087988,28.43902702
2816.6568,1537.433496,3087.494904,1811.195109,1852.080842,4.436924859,61.29271495,3.073674763,92.05530039,5.942699409,2.586402762,0.86732046,2.432415905,96.8902552,2.423375297,28.29619973,28.52268346,28.43954001
2816.8092,1537.038905,3086.702836,1810.719005,1851.608075,4.436902017,61.98614565,3.085686113,91.5706313,5.988276428,2.58622454,0.865522107,2.429615042,96.67281859,2.423393615,28.29340671,28.51637399,28.44193685
2816.9616,1532.366016,3077.319048,1805.20258,1845.981187,4.424652434,62.51840555,3.089521269,91.30138561,6.01690524,2.578782616,0.861318248,2.419881253,96.66785464,2.423141589,28.29269757,28.43069586,28.43779078
2817.114,1536.477248,3085.575714,1810.033775,1850.935437,4.438148225,63.43836342,3.11225083,90.93469868,6.079301468,2.585948562,0.862068653,2.423534732,96.70915511,2.422476409,28.29045919,28.50799125,28.44750404
2817.2664,1536.335761,3085.292024,1809.854985,1850.766328,4.439482466,64.19140401,3.126591171,91.23841856,6.124284739,2.585887879,0.860435866,2.420304715,96.32476352,2.421666461,28.28968166,28.50637418,28.45071947
2817.4188,1537.430196,3087.490336,1811.132136,1852.086035,4.444403904,64.99927544,3.143480534,91.39855104,6.173458771,2.587827165,0.859513987,2.419144628,96.13419611,2.421329598,28.29062579,28.52768826,28.45586117
2817.5712,1533.037894,3078.670102,1805.945737,1846.796108,4.433448598,65.57540114,3.149251017,91.68859774,6.199976803,2.580462339,0.85555263,2.409578953,96.16113733,2.420993507,28.29246174,28.44719847,28.45248013
2817.7236,1535.782505,3084.182358,1809.166517,1850.103437,4.443301932,66.45835532,3.17047723,91.64651066,6.253560883,2.584926534,0.85566561,2.411471415,96.29900386,2.420896653,28.29296863,28.49914265,28.46017801
2817.876,1533.259818,3079.116752,1806.182377,1847.065406,4.437930877,67.11211265,3.180983904,91.95300335,6.285032051,2.58045286,0.852880624,2.405305453,96.17585514,2.42045719,28.28755497,28.45334124,28.45968513
2818.0284,1532.366863,3077.32402,1805.117961,1845.990562,4.437348277,67.83245016,3.195138748,91.79959936,6.322055699,2.578632315,0.851059839,2.40198666,96.24684312,2.420268981,28.28359227,28.43778713,28.46168031
2818.1808,1527.742158,3068.03716,1799.657291,1840.419924,4.426142495,68.37986612,3.202080622,91.54834568,6.342293057,2.57045344,0.847238945,2.392955813,96.24203989,2.419950535,28.28056521,28.35298524,28.45782911
2818.3332,1532.462912,3077.51807,1805.204977,1846.106752,4.442395753,69.32219999,3.229764471,90.87876508,6.39764429,2.577809742,0.848776186,2.398802979,96.17036939,2.419806695,28.27796799,28.44162056,28.46853106
2818.4856,1533.450995,3079.502994,1806.355546,1847.296624,4.448003689,70.08517866,3.249971147,90.61933572,6.435818758,2.578809669,0.848317213,2.398904191,96.12831434,2.419451123,28.27346147,28.46097091,28.47339272
2818.638,1536.068654,3084.760479,1809.425683,1850.449474,4.458409404,70.91056367,3.273780512,90.07130663,6.479256468,2.582468002,0.848829436,2.401907995,96.21518961,2.419394972,28.27142026,28.51056208,28.48070996
2818.7904,1533.418179,3079.43841,1806.290156,1847.255979,4.453542324,71.4802088,3.286523997,89.65235395,6.499210857,2.57721075,0.846495054,2.39705172,96.39219424,2.419484446,28.2707032,28.46237449,28.47975347
2818.9428,1537.906177,3088.451972,1811.56329,1852.661753,4.469514271,72.34205455,3.315077373,89.03798934,6.545555558,2.583806937,0.848287189,2.404040477,96.51572843,2.419685888,28.27046833,28.54668412,28.48967204
2819.0952,1536.905295,3086.44266,1810.370938,1851.455306,4.469504336,72.93273431,3.331785971,88.99761904,6.567301674,2.581123836,0.847108966,2.40279559,96.31659661,2.420023659,28.27171601,28.52910443,28.49099632
2819.2476,1537.140869,3086.916419,1810.635048,1851.738393,4.473084675,73.5654325,3.351176873,88.74753145,6.592741126,2.580454263,0.846681553,2.403864711,96.26888643,2.420411872,28.27038332,28.53447772,28.49413957
2819.4,1533.12239,3078.847118,1805.888068,1846.896681,4.464355035,73.97291282,3.361543844,88.61151832,6.598142922,2.572600425,0.843996037,2.39849222,96.48263035,2.420835992,28.27292327,28.46088692,28.49059264
2819.5524,1537.892202,3088.426662,1811.49271,1852.64154,4.481402727,74.7394704,3.391730569,88.21578213,6.636304592,2.579400509,0.846382407,2.407342509,96.66383258,2.42121244,28.273059,28.55043943,28.50048181
2819.7048,1538.380683,3089.408351,1812.054338,1853.228699,4.486024228,75.27405478,3.412505536,88.32079456,6.65403482,2.578983283,0.846490532,2.409630351,96.72945702,2.42140387,28.27419201,28.56050303,28.50365541
2819.8572,1540.049289,3092.759987,1814.006052,1855.237496,4.494071202,75.84493833,3.435757676,88.18726253,6.67513504,2.580513961,0.847310473,2.414049178,96.63032463,2.421931437,28.27799953,28.59247345,28.50855738
2820.0096,1536.163771,3084.957705,1809.415608,1850.555505,4.485878626,76.12208351,3.446574178,88.21137961,6.670760874,2.572727907,0.845131905,2.410050562,96.52570713,2.422694189,28.28478276,28.52133032,28.50472892
2820.162,1539.32355,3091.303942,1813.123597,1854.36061,4.498285012,76.67843306,3.473336394,88.08147569,6.692476671,2.57672256,0.847036089,2.417724965,96.66936703,2.423376238,28.28973426,28.58099461,28.51152399
2820.3144,1537.113175,3086.865711,1810.506267,1851.696507,4.494967913,76.94434043,3.487816173,88.57608771,6.689305325,2.571718426,0.846044774,2.417227631,96.42781173,2.423778043,28.29085865,28.54094777,28.5098657
2820.4668,1536.400398,3085.434991,1809.652816,1850.836431,4.496038337,77.25806643,3.505574131,88.88979308,6.69091951,2.569219845,0.84594721,2.41930884,96.46464017,2.424327556,28.28696854,28.5287111,28.51041096
2820.6192,1531.839428,3076.276252,1804.266557,1845.340435,4.485929286,77.34478002,3.51465712,89.31060966,6.673851656,2.560302234,0.843822645,2.41542193,95.10916114,2.42463425,28.28307972,28.44502555,28.50481809
2820.7716,1536.496524,3085.62947,1809.737523,1850.948742,4.502955581,77.80497362,3.545166072,89.40968186,6.691937826,2.566849887,0.847023838,2.426352079,95.68161983,2.425197437,28.28322045,28.53251065,28.51334771
2820.924,1537.304516,3087.252829,1810.674849,1851.920014,4.50876411,78.0344556,3.566772602,89.90368589,6.691287091,2.56699284,0.848192017,2.431243867,95.38941997,2.425411049,28.28197031,28.54851036,28.51575645
2821.0764,1539.609992,3091.883469,1813.375932,1854.695156,4.518978246,78.31062404,3.591844757,90.00124761,6.695716739,2.569678622,0.850251822,2.438602536,95.6044613,2.425511368,28.27984537,28.59231539,28.5203855
2821.2288,1536.544518,3085.728031,1809.750996,1851.000171,4.513424496,78.28937131,3.60450268,90.072307,6.675786352,2.563449023,0.849401244,2.437579276,95.32820286,2.425757033,28.28091089,28.53637781,28.51649346
2821.3812,1540.525995,3093.724445,1814.426008,1855.794334,4.528561562,78.54904133,3.633946904,89.80395681,6.683154782,2.569105354,0.852632715,2.448038995,95.43140245,2.426091484,28.28247256,28.61131381,28.52328301
2821.5336,1538.95126,3090.562717,1812.557023,1853.895282,4.527319765,78.50158499,3.650328336,90.01530777,6.665521383,2.565545603,0.852840805,2.44982004,95.19360182,2.426553618,28.28588973,28.58305376,28.521252
2821.686,1538.557301,3089.772243,1812.078748,1853.418729,4.529521976,78.48883566,3.669660497,89.97454458,6.652232743,2.564023474,0.853757957,2.453566588,95.09689285,2.426871866,28.2873906,28.57672697,28.52092707
2821.8384,1533.880758,3080.381367,1806.556469,1847.783214,4.519126792,78.22892063,3.6789785,90.06167579,6.619578389,2.55543404,0.85236585,2.450474547,95.19562434,2.427015514,28.29084892,28.49086352,28.51372929
2821.9908,1537.996845,3088.64808,1811.389873,1852.739765,4.534652808,78.33348102,3.709648927,89.92879242,6.622068319,2.561679149,0.856046746,2.461403255,95.34282273,2.426923095,28.29307576,28.56831849,28.5201162
2822.1432,1537.855939,3088.365772,1811.209657,1852.568197,4.537615871,78.19045217,3.730141474,90.35362511,6.605303092,2.560909422,0.85742363,2.465478559,95.14945484,2.426587753,28.29763148,28.56669402,28.51969109
2822.2956,1538.952149,3090.567868,1812.486524,1853.887023,4.544207971,78.08591287,3.753915995,90.55687466,6.593418622,2.562294429,0.859538515,2.471508444,95.12951477,2.426573384,28.30480943,28.58804923,28.52110277
2822.448,1534.556181,3081.740406,1807.295032,1848.589853,4.534569744,77.68432428,3.764601225,90.89343804,6.557803058,2.554618331,0.858622678,2.468699596,95.11697994,2.426607795,28.31349303,28.50738516,28.51369973
2822.6004,1537.304088,3087.259471,1810.517189,1851.89869,4.546011611,77.58144775,3.793109236,90.978063,6.551382673,2.559049425,0.861823341,2.47727925,95.30214225,2.426785367,28.32151641,28.55943523,28.517382
2822.7528,1534.779451,3082.190051,1807.529843,1848.856122,4.541833356,77.19103159,3.808749811,91.57584338,6.52210189,2.554789593,0.862105228,2.477358133,95.40812164,2.42641916,28.32796611,28.51353294,28.51256752
2822.9052,1533.886118,3080.396666,1806.46373,1847.778807,4.542473592,76.85981131,3.828642426,91.89013601,6.499512099,2.553350724,0.863341155,2.479996011,95.59302702,2.426028479,28.3346867,28.49794191,28.5102306
2823.0576,1529.257255,3071.101483,1800.998215,1842.201591,4.532065107,76.31844813,3.83919265,92.29728101,6.46079611,2.545783006,0.862510277,2.476437071,95.37010803,2.425651611,28.34212951,28.4129566,28.50180998
2823.21,1533.98293,3080.592372,1806.549575,1847.89335,4.54936655,76.18583543,3.872961128,92.43267177,6.460877302,2.554008795,0.867038901,2.487603211,95.63139258,2.425154429,28.34972116,28.50177534,28.50834094
2823.3624,1534.972145,3082.579588,1807.700685,1849.084071,4.55557745,75.84348348,3.897114769,93.09839672,6.444847126,2.55610363,0.869486878,2.492523367,95.49947936,2.424197111,28.35438799,28.52116261,28.5088334
2823.5148,1537.592517,3087.842543,1810.772859,1852.239812,4.566632525,75.56445956,3.925562532,93.50899088,6.435740968,2.561015588,0.872880664,2.499909955,95.74067046,2.423626802,28.36157986,28.57085466,28.5119054
2823.6672,1534.939522,3082.515356,1807.634765,1849.043116,4.562041304,75.01727785,3.940739151,94.03845536,6.404889142,2.557220165,0.873289569,2.49855787,95.73682823,2.422968142,28.36897106,28.52256118,28.50645917
2823.8196,1539.43201,3091.537946,1812.911724,1854.454283,4.57866251,74.79351835,3.974179945,94.30308685,6.404670944,2.565515919,0.877775871,2.508361426,95.82843569,2.422289708,28.37617647,28.6070451,28.51250867
2823.972,1538.430172,3089.526641,1811.718393,1853.24687,4.578925337,74.29456522,3.993567648,95.10160198,6.381975558,2.564731455,0.879134153,2.5090796,95.6017313,2.421583986,28.38500185,28.58942427,28.50967162
2824.1244,1538.666002,3090.000857,1811.982634,1853.530496,4.582858774,73.84978322,4.016329228,95.6718139,6.36507643,2.566092857,0.881198468,2.511640103,95.74377541,2.421006599,28.38984574,28.59480496,28.50879713
2824.2768,1534.643515,3081.923374,1807.232127,1848.684497,4.574089907,73.199211,4.027814451,96.41481515,6.331354561,2.560408607,0.880808317,2.507038233,95.50436192,2.420303702,28.3978635,28.52105458,28.5010298
2824.4292,1539.417911,3091.512079,1812.841155,1854.435693,4.591465882,72.96479633,4.061516252,96.95515247,6.335816853,2.569529807,0.885408742,2.516160628,95.77386254,2.41954141,28.40280892,28.61079241,28.50771124
2824.5816,1539.906681,3092.494231,1813.403493,1855.02434,4.596015168,72.52553941,4.083584836,98.03350249,6.32335902,2.571548707,0.887523333,2.518036771,95.93063289,2.41841226,28.40800335,28.62087333,28.50749344
2824.734,1541.576743,3095.848689,1815.356963,1857.03603,4.604083551,72.14525424,4.108786777,98.78726122,6.316646712,2.575588084,0.890297534,2.521582662,95.9479253,2.417729875,28.41436311,28.65290738,28.5092431
2824.8864,1537.68719,3088.038128,1810.763379,1852.350408,4.595564339,71.51357043,4.119221087,99.49178823,6.288130692,2.570362805,0.889833165,2.515793055,95.93687085,2.41743814,28.4237244,28.58160992,28.50199973
2825.0388,1540.84989,3094.390145,1814.474463,1856.160203,4.60809029,71.23372499,4.147775911,99.69411463,6.291046473,2.576977229,0.893340807,2.52085189,96.00956274,2.417132875,28.4302852,28.64139634,28.50651933
2825.1912,1538.637117,3089.946939,1811.855512,1853.494503,4.604530997,70.71318612,4.161704288,100.1620833,6.272865475,2.574625229,0.893697146,2.516866908,95.85787168,2.416398922,28.43171734,28.60126092,28.50233613
2825.3436,1537.923413,3088.51422,1811.001771,1852.634607,4.605444831,70.2738867,4.179350061,100.1564896,6.261796608,2.574793168,0.894874703,2.515047696,96.09632312,2.415856174,28.43277228,28.58899442,28.50070349
2825.496,1533.357644,3079.34565,1805.611924,1847.134403,4.594779943,69.67567294,4.185773182,100.152479,6.236183654,2.568500079,0.893739508,2.506660601,95.92493371,2.414912825,28.43299535,28.50512803,28.49286851
2825.6484,1538.018968,3088.707271,1811.087558,1852.749522,4.611643868,69.54521174,4.215337854,99.8389555,6.251300288,2.57761907,0.897784815,2.512640399,96.11070858,2.414213118,28.43620849,28.59279396,28.50073944
2825.8008,1538.82732,3090.331209,1812.026248,1853.723211,4.616892185,69.25749937,4.233389193,100.0384257,6.251787215,2.580260195,0.899503086,2.5120329,96.2598948,2.413122722,28.43684602,28.60882351,28.50245328
2825.9532,1541.134639,3094.965428,1814.730012,1856.502506,4.626637814,69.05773875,4.254955128,99.91213714,6.259393443,2.585377647,0.902028499,2.513558165,96.18120296,2.412226666,28.43514381,28.65271712,28.50683267
2826.1056,1538.065712,3088.802868,1811.103,1852.80529,4.620274549,68.63953262,4.261291378,99.77900821,6.246225374,2.581430142,0.901344145,2.506048369,96.13428321,2.411456199,28.43141533,28.59665741,28.5025314
2826.258,1542.050721,3096.806297,1815.782113,1857.605395,4.63507724,68.60194596,4.285615286,99.18835929,6.265056661,2.589198692,0.904589653,2.509398183,96.10136642,2.410763454,28.42812897,28.67174774,28.51038088
2826.4104,1540.474058,3093.640556,1813.912283,1855.705636,4.633183452,68.33962405,4.294084176,98.93941742,6.262370859,2.587583971,0.904507941,2.50343899,96.10920898,2.41016247,28.42576373,28.64342406,28.5092358
2826.5628,1540.07937,3092.848501,1813.434154,1855.229647,4.634858094,68.15839666,4.305266701,98.30730824,6.26571235,2.587885181,0.905040749,2.49915872,96.02079032,2.409541063,28.42114323,28.63707995,28.51024766
2826.7152,1535.397849,3083.447463,1807.908255,1849.589628,4.623591391,67.81944204,4.30358234,97.81334411,6.252989757,2.580907185,0.902957005,2.487766204,95.99119512,2.40900132,28.41747724,28.55103118,28.50436491
2826.8676,1539.517606,3091.721505,1812.745837,1854.552011,4.638679725,67.95434203,4.324121933,97.20891695,6.279868178,2.588522445,0.905782896,2.490244456,96.12033528,2.408253816,28.41228081,28.62864572,28.51369204
2827.02,1539.376151,3091.438003,1812.566054,1854.381236,4.640866973,67.93256981,4.331714525,97.40372472,6.290705646,2.58889172,0.906002463,2.48568933,95.97676856,2.407272041,28.40874189,28.62701386,28.51617374
2827.1724,1540.473065,3093.641445,1813.844398,1855.702196,4.646796661,67.99793852,4.342156258,97.62954111,6.30785745,2.591240941,0.906868337,2.482990767,96.14470946,2.4068869,28.40686531,28.64841021,28.52093412
2827.3248,1536.072405,3084.804435,1808.649485,1850.400561,4.636173678,67.85030366,4.336748404,98.24069098,6.303662889,2.584250761,0.904431159,2.471343569,96.08625174,2.406577106,28.4053784,28.56757185,28.51675559
2827.4772,1538.82269,3090.32826,1811.874484,1853.713201,4.647069578,68.10289675,4.349823369,98.72533066,6.332119927,2.589051559,0.905978231,2.471014553,96.2988757,2.406527822,28.40202194,28.61972782,28.52498735
2827.6296,1536.295248,3085.253133,1808.885285,1850.668116,4.642026714,68.15106593,4.347515668,99.73759746,6.339969126,2.584877653,0.904347078,2.462145356,96.09800082,2.406091952,28.39295838,28.57372464,28.52463703
2827.782,1535.400727,3083.457317,1807.81874,1849.590138,4.641889866,68.3053622,4.349119207,100.2981862,6.35567774,2.583329056,0.90359179,2.455890547,96.11024152,2.405921215,28.38482798,28.55809669,28.52722437
2827.9344,1530.766941,3074.152159,1802.349542,1844.007888,4.630339208,68.32646491,4.339125414,100.6707637,6.356973599,2.575378967,0.900537507,2.443768733,96.07051374,2.40571678,28.37829418,28.47292796,28.52376161
2828.0868,1535.496839,3083.651569,1807.905573,1849.7057,4.646849157,68.85249757,4.353149024,100.3813943,6.400022453,2.582916907,0.902732089,2.446793002,96.00583513,2.405476778,28.37177465,28.56193013,28.53643964
2828.2392,1536.48655,3085.639775,1809.058097,1850.898099,4.65191621,69.24269961,4.355476589,100.2545114,6.42845938,2.584055003,0.902627533,2.443952818,95.94023597,2.40506445,28.36809836,28.58135431,28.5430445
2828.3916,1539.109025,3090.906974,1812.13312,1854.057396,4.661892669,69.73757349,4.361734011,99.56569962,6.464625266,2.587819483,0.903403438,2.443767595,96.06613223,2.405055175,28.367789,28.63114725,28.55253105
2828.544,1536.452939,3085.57354,1808.993191,1850.857963,4.655885851,70.01874231,4.352680653,98.86449439,6.479373147,2.582617262,0.901025053,2.435264345,96.19790154,2.405203926,28.3687628,28.58274786,28.55338531
2828.6964,1540.949364,3094.604108,1814.274627,1856.274738,4.671442891,70.69635216,4.362492659,97.904841,6.52632307,2.589210586,0.902661504,2.438350399,96.24618121,2.40553411,28.37039225,28.66740608,28.56639421
2828.8488,1539.946076,3092.589906,1813.080859,1855.066321,4.670345637,71.14728443,4.356400207,97.61609107,6.55070976,2.58647498,0.9010189,2.432726332,96.12533241,2.40584673,28.37440081,28.64974412,28.57042481
2829.0012,1540.181696,3093.063739,1813.34572,1855.350301,4.673001641,71.68248291,4.353348667,97.22040174,6.580998384,2.585721194,0.90003766,2.429107645,96.05462102,2.406358899,28.37586676,28.65513219,28.57663472
2829.1536,1536.154781,3084.977363,1808.592072,1850.499599,4.662638198,72.04207005,4.337567091,97.08980645,6.593463238,2.577736882,0.896498645,2.41893511,95.78641279,2.40700825,28.38214315,28.58122225,28.57589302
2829.306,1540.933327,3094.574524,1814.205828,1856.256536,4.678713413,72.86936878,4.344938519,96.77477063,6.644677037,2.584353391,0.897933404,2.423231759,95.82812952,2.407493449,28.38706879,28.67114539,28.5898276
2829.4584,1541.422007,3095.556575,1814.769108,1856.845844,4.681659978,73.51444137,4.339523903,97.02562323,6.677725257,2.583708886,0.896803634,2.420959746,95.91598592,2.40779958,28.39369483,28.68124363,28.59672719
2829.6108,1543.093137,3098.913278,1816.724562,1858.859562,4.688169825,74.23386005,4.337170315,96.99271381,6.716236713,2.584983927,0.896320916,2.420714245,95.95803206,2.408505257,28.4031935,28.71334131,28.60559434
2829.7632,1539.19917,3091.09389,1812.128036,1854.169391,4.677765071,74.69706811,4.319186065,97.06017963,6.730736091,2.576899351,0.89258788,2.411952239,95.74768484,2.409276573,28.41672919,28.64188952,28.60532416
2829.9156,1542.364307,3097.450937,1815.842513,1857.98308,4.688621777,75.52915385,4.320517766,96.86454839,6.776191443,2.58054294,0.892886672,2.415028163,95.94413134,2.41007487,28.42902015,28.70179807,28.61653268
2830.068,1540.148666,3093.002045,1813.222201,1855.314943,4.683080794,76.10675009,4.306787116,97.25358019,6.798107272,2.575147415,0.890057062,2.409950257,95.94454658,2.41054704,28.43940975,28.66157406,28.61889265
2830.2204,1539.43352,3091.566523,1812.368481,1854.454472,4.682011189,76.76311219,4.297216643,97.42811638,6.826467492,2.572233347,0.888087261,2.407596977,96.02476442,2.411163864,28.45040095,28.64927773,28.62364728
2830.3728,1534.862445,3082.38734,1806.975327,1848.949295,4.669025651,77.22424547,4.276610381,97.777724,6.837080274,2.562870236,0.883889844,2.39972503,95.83863838,2.411612539,28.46100598,28.56523051,28.62195847
2830.5252,1539.527345,3091.756304,1812.456056,1854.570687,4.683704271,78.14212459,4.281090189,97.8764757,6.887151236,2.568933753,0.885004339,2.407487462,96.12815438,2.412399329,28.47171382,28.65307727,28.6350897
2830.6776,1540.335419,3093.379792,1813.396504,1855.546245,4.686455753,78.85873772,4.274575252,98.48795703,6.919253711,2.568568357,0.883901543,2.409702479,95.92818905,2.412978094,28.48009477,28.66913665,28.64173274
2830.83,1542.643864,3098.016399,1816.103439,1858.329332,4.693670763,79.64489975,4.272367227,98.71938361,6.957561976,2.570732296,0.88367821,2.414671946,95.97179275,2.413593496,28.4847085,28.71311886,28.65064227
2830.9824,1539.570746,3091.845476,1812.47487,1854.629655,4.684462679,80.14433711,4.255550522,98.89294468,6.971086361,2.563966658,0.8804005,2.41155473,96.17750182,2.41429763,28.49143419,28.65693701,28.65060925
2831.1348,1543.558341,3099.854239,1817.158864,1859.435936,4.696511529,80.98220427,4.258649519,98.57723834,7.014554844,2.569061964,0.881232658,2.420467314,96.13822438,2.415256859,28.49848196,28.73218167,28.6615903
2831.2872,1541.9788,3096.682789,1815.288976,1857.535805,4.691607878,81.51997064,4.246722345,98.59619851,7.032241851,2.564932998,0.878913914,2.42087569,96.15194614,2.416252084,28.50662818,28.70379435,28.66334317
2831.4396,1541.58235,3095.887284,1814.811891,1857.06093,4.69026193,82.1052467,4.238424213,98.19177268,7.054519184,2.562839185,0.877310124,2.423408369,96.16971066,2.417358831,28.51143037,28.69743293,28.66679973
2831.592,1536.89484,3086.47425,1809.283248,1851.417009,4.675745607,82.4405705,4.218432236,97.84385164,7.055821201,2.553683859,0.873307411,2.419500024,96.05744974,2.418475576,28.51791878,28.61119884,28.66302631
2831.7444,1541.017059,3094.753378,1814.126125,1856.386253,4.687670412,83.18559272,4.222893923,97.24737616,7.093786755,2.559356669,0.874439339,2.430490103,96.04661806,2.41946556,28.52206184,28.68897296,28.67298939
2831.8968,1540.873878,3094.466496,1813.94786,1856.217341,4.686500319,83.67667072,4.215771491,97.27206357,7.110734608,2.558026434,0.873197324,2.435064231,96.10685948,2.420046717,28.52737728,28.68733371,28.67574294
2832.0492,1541.970224,3096.668896,1815.228893,1857.541763,4.689043216,84.20978969,4.212472808,97.10343486,7.132296551,2.558859048,0.872718707,2.441917623,96.01923073,2.421126938,28.53414661,28.70877119,28.68023204
2832.2016,1537.563609,3087.819945,1810.031784,1852.237142,4.674820031,84.41900702,4.194573241,97.09567622,7.127406376,2.550652601,0.869184811,2.44034956,96.03075077,2.422191787,28.54182199,28.62775853,28.67549675
2832.354,1540.314758,3093.345603,1813.261185,1855.55568,4.682119512,84.94529609,4.197098962,96.81565825,7.15200945,2.554559182,0.869875761,2.451119545,96.21556555,2.423518772,28.54784306,28.6800204,28.68176401
2832.5064,1537.78301,3088.261848,1810.271702,1852.510328,4.673294374,85.15231685,4.18576748,97.04605623,7.150985258,2.549800312,0.867657044,2.453906045,96.17484497,2.424235759,28.54848053,28.63391634,28.67910399
2832.6588,1536.885694,3086.460447,1809.206442,1851.43425,4.669315365,85.41103035,4.179513906,96.98124693,7.156057786,2.547875743,0.866458795,2.459843516,96.05862091,2.425029857,28.54958704,28.61825148,28.67874436
2832.8112,1532.245433,3077.14225,1803.735238,1845.849597,4.653766802,85.41692804,4.163446306,97.04253252,7.141635351,2.539856901,0.863251874,2.460339228,95.89452849,2.425861705,28.55093833,28.53289932,28.67185425
2832.9636,1536.977786,3086.646661,1809.297898,1851.556618,4.666270809,85.83712635,4.173563979,96.90148676,7.165567679,2.547647086,0.865561692,2.476931616,95.90909952,2.42662297,28.55185819,28.62208491,28.67966911
2833.116,1537.966294,3088.632456,1810.453735,1852.753884,4.667220272,86.00322536,4.173836129,97.4113822,7.169965413,2.549344097,0.865862116,2.487977969,95.8936556,2.426989998,28.54931903,28.64154601,28.68098094
2833.2684,1540.589082,3093.900301,1813.533634,1855.9202,4.673021026,86.22028996,4.178995887,97.7654607,7.180340601,2.553875665,0.867176093,2.502067562,95.94535877,2.427736528,28.54828464,28.69143983,28.68466901
2833.4208,1537.928195,3088.557159,1810.393836,1852.721519,4.662745982,86.11069903,4.170103611,98.31630333,7.164742666,2.549744562,0.865584295,2.507782921,96.13018306,2.428366386,28.5461335,28.64293455,28.67942962
2833.5732,1542.426636,3097.59179,1815.682005,1858.147912,4.674009425,86.31308453,4.181259382,98.60638888,7.178222403,2.557726826,0.868214677,2.525578562,96.42478979,2.429090811,28.54122587,28.72776705,28.68547673
2833.7256,1541.420077,3095.570954,1814.489971,1856.942487,4.668591609,86.17994718,4.177824363,99.35247443,7.164888334,2.556675956,0.867809738,2.534431546,96.25392873,2.429722591,28.53678584,28.71006396,28.68223996
2833.878,1541.653601,3096.040525,1814.75772,1857.231015,4.666913488,86.08352671,4.178144881,99.62759881,7.155929778,2.557790406,0.868180121,2.545386329,96.1087602,2.430272206,28.53245006,28.71545943,28.68080346
2834.0304,1537.620534,3087.941681,1810.003035,1852.37963,4.652261622,85.71376908,4.167095881,99.72094177,7.125402026,2.551910421,0.866223604,2.549256152,96.00467957,2.430864906,28.53156029,28.64138991,28.67206851
2834.1828,1542.401375,3097.543451,1815.623803,1858.146619,4.664085095,85.74086323,4.180271295,99.19812787,7.130867501,2.560860791,0.869428895,2.567707365,96.04144556,2.431213794,28.5290851,28.73149838,28.67761285
2834.3352,1542.888294,3098.521907,1816.190114,1858.740664,4.662876565,85.49616812,4.181943232,98.90006972,7.114771642,2.562760836,0.870282921,2.578915592,96.06516002,2.431374461,28.52834746,28.74161393,28.67586716
2834.4876,1544.558804,3101.877319,1818.149674,1860.760547,4.665242264,85.29203248,4.186893773,98.1211352,7.102868142,2.566699672,0.871855337,2.59198525,96.19077204,2.431633687,28.52915419,28.77377524,28.67599097
2834.64,1540.658946,3094.045982,1813.552098,1856.069651,4.650797513,84.76278422,4.17664168,97.40349845,7.064337237,2.561426454,0.870312408,2.595527059,96.14558351,2.431969611,28.53257005,28.70216912,28.66676961
2834.7924,1543.824954,3100.404749,1817.271992,1859.891231,4.657615539,84.55745604,4.185432782,96.51743273,7.054724084,2.568015885,0.872882027,2.610620127,96.30538082,2.432310921,28.53328091,28.7621998,28.66930709
2834.9448,1541.605096,3095.947286,1814.652104,1857.224336,4.648168665,84.03715314,4.179668222,96.37907648,7.01953935,2.565690841,0.872447723,2.616575891,96.10483423,2.432166335,28.5295044,28.72188721,28.66275128
2835.0972,1540.887165,3094.506083,1813.800195,1856.36697,4.643194788,83.57594654,4.178075014,96.19333773,6.99016801,2.565900346,0.872915652,2.625115332,96.13584566,2.43199836,28.5256445,28.70956104,28.65864455
2835.2496,1536.309699,3085.313922,1808.40523,1850.86007,4.62648264,82.87810482,4.166154008,96.29309788,6.942062618,2.559698202,0.871261911,2.627114717,96.05938718,2.431700715,28.52190329,28.62533299,28.64790196
2835.402,1540.977064,3094.68781,1813.892591,1856.49099,4.63745862,82.61472142,4.179161937,96.19194114,6.932386494,2.568925205,0.874978011,2.644443293,96.17300019,2.431579235,28.52099129,28.71336059,28.65298484
2835.5544,1541.784023,3096.30898,1814.836016,1857.471191,4.636733205,82.11968355,4.181689673,96.62510695,6.904132424,2.571721388,0.876554238,2.655064014,95.99206572,2.431055722,28.51782638,28.7294498,28.65153859
2835.7068,1544.09281,3100.946216,1817.547279,1860.260707,4.640503871,81.69284842,4.187885009,96.72812509,6.881711215,2.577002416,0.878993706,2.668006654,95.95478499,2.430659253,28.51234016,28.77352059,28.65281699
2835.8592,1541.015027,3094.765799,1813.917945,1856.560611,4.628105307,80.97656498,4.178900297,96.90466026,6.834615849,2.573260458,0.878353221,2.671244651,96.0509527,2.430395117,28.50941917,28.71721662,28.64511932
2836.0116,1545.004765,3102.778838,1818.607575,1861.374923,4.637000176,80.61073234,4.187947333,96.78733546,6.816932594,2.581243196,0.881736836,2.685519851,96.01987921,2.43021631,28.50733189,28.7926156,28.65004956
2836.164,1543.422215,3099.601249,1816.738022,1859.475676,4.629248006,79.9531008,4.181255641,97.21973546,6.774072117,2.579881715,0.881914756,2.689545553,95.93345564,2.430028154,28.50646073,28.76416465,28.64571818
2836.3164,1543.023945,3098.802015,1816.262281,1859.002972,4.625127715,79.35917015,4.177083021,97.36046974,6.735923435,2.580438536,0.88273632,2.694992952,96.03280734,2.429712616,28.50320678,28.75778592,28.64372587
2836.4688,1538.330704,3089.37735,1810.73082,1853.355583,4.608183219,78.54307465,4.160956117,97.57549086,6.678674106,2.573749294,0.881091768,2.692354308,95.89872155,2.429425468,28.50271489,28.6713665,28.63455684
2836.6212,1542.455697,3097.662054,1815.578842,1858.331868,4.617753354,78.17094497,4.167873089,97.45239332,6.658848527,2.581654247,0.884481817,2.703677784,95.89355514,2.428855376,28.50049909,28.74930019,28.64129832
2836.7736,1542.311429,3097.372945,1815.401554,1858.16434,4.61461672,77.5835374,4.16280625,97.83400694,6.62027112,2.582344708,0.885403493,2.706819543,95.68628202,2.428042765,28.50054904,28.74765355,28.64097828
2836.926,1543.407956,3099.575692,1816.684592,1859.491426,4.615296366,77.07041551,4.160107682,97.95536474,6.586783976,2.585014922,0.886972907,2.711288075,95.65821789,2.427657905,28.501512,28.76913216,28.64326099
2837.0784,1538.996483,3090.716909,1811.484176,1854.182266,4.599594874,76.29559485,4.14167436,98.26897957,6.529737832,2.578372737,0.885314108,2.705327251,95.66607863,2.427027859,28.50404302,28.68794522,28.63639398
2837.2308,1541.749698,3096.246747,1814.716716,1857.504723,4.605461498,75.89984258,4.141145786,98.42466253,6.503414367,2.583518515,0.887676635,2.710371321,95.86261278,2.426474022,28.50590285,28.74031299,28.64284086
2837.3832,1539.215181,3091.157401,1811.725274,1854.456398,4.59559683,75.2564355,4.125627255,99.21629219,6.454877845,2.579714902,0.886936563,2.705509762,95.83577754,2.425555659,28.5029565,28.69410804,28.6404935
2837.5356,1538.316712,3089.353677,1810.659484,1853.379207,4.59065267,74.70886554,4.113786805,99.75617207,6.413575408,2.578534869,0.887078958,2.703003783,95.80042306,2.425074931,28.50121378,28.67840626,28.64141878
2837.688,1533.671898,3080.026287,1805.184107,1847.788547,4.574506382,73.9900778,4.09200568,100.3157605,6.357512409,2.570971809,0.885047198,2.693736293,95.66797541,2.424440967,28.50182202,28.59287068,28.63602341
2837.8404,1538.40868,3089.539668,1810.751144,1853.500903,4.586400932,73.75549804,4.095315462,100.4040649,6.342558213,2.578887701,0.888379475,2.700029908,95.89451487,2.423897151,28.50184589,28.6822397,28.64770687
2837.9928,1539.398231,3091.527589,1811.907697,1854.698583,4.58713011,73.35362936,4.088652657,100.7677595,6.313051013,2.58042006,0.889526623,2.699462529,95.76663069,2.423192974,28.49965928,28.70173771,28.65308607
2838.1452,1542.023682,3096.800836,1814.989738,1857.867154,4.592781592,73.04966133,4.085699687,100.5837448,6.290918,2.584575824,0.891554639,2.701202096,95.75059721,2.422807599,28.50043355,28.75173241,28.66170816
2838.2976,1539.360613,3091.453311,1811.846989,1854.66385,4.58273638,72.51404783,4.06820534,100.284165,6.247865398,2.579775704,0.890469097,2.693147717,95.95366377,2.422421109,28.50155735,28.70312124,28.66143551
2838.45,1543.863754,3100.497491,1817.1387,1860.094148,4.594190765,72.3655312,4.069211784,99.54237413,6.236470763,2.586757711,0.893422291,2.696431871,95.9491429,2.422210658,28.50292599,28.78812803,28.67426075
2838.6024,1542.856849,3098.476007,1815.944906,1858.88546,4.589355011,71.97993142,4.055032908,99.26717816,6.203432148,2.58441654,0.893117925,2.689407561,95.65733531,2.421960532,28.50827086,28.7703838,28.6778605
2838.7548,1543.09126,3098.947432,1816.211963,1859.172086,4.588309245,71.67636725,4.04363532,98.71935329,6.176304886,2.584048521,0.893463489,2.683957897,95.92815765,2.421852117,28.51113846,28.77578666,28.68395551
2838.9072,1539.055159,3090.842515,1811.452489,1854.313312,4.574622266,71.19448272,4.021481427,98.37470879,6.133630961,2.576445872,0.891316822,2.670920612,95.71875252,2.421786483,28.52285448,28.70155757,28.68276899
2839.0596,1543.841345,3100.455166,1817.076577,1860.083686,4.587279621,71.17379749,4.023870032,97.87071163,6.130597662,2.583421056,0.894247068,2.672893225,95.91769972,2.421590074,28.53160064,28.79185136,28.69705572
2839.212,1544.329669,3101.436539,1817.642078,1860.675579,4.587246778,70.97606376,4.015467338,98.02793758,6.112063419,2.583130627,0.894664333,2.667165021,95.90573661,2.421128204,28.54128232,28.80198422,28.70398342
2839.3644,1546.002752,3104.797244,1819.601857,1862.694618,4.590814948,70.85523639,4.010099403,97.9762821,6.099381596,2.584753943,0.895722828,2.663021954,95.99373652,2.420896718,28.55178924,28.83420917,28.71309439
2839.5168,1542.100302,3096.960764,1814.999204,1857.995762,4.577882751,70.49761793,3.990357823,98.0520562,6.0657727,2.577014295,0.893522031,2.648937788,95.68328872,2.420712213,28.56431136,28.76244872,28.71265514
2839.6692,1545.270414,3103.327941,1818.720541,1861.818008,4.586024589,70.51458581,3.990437877,97.81826288,6.064274862,2.580986803,0.895396387,2.64690906,95.97418418,2.420537897,28.57432042,28.82260154,28.72429622
2839.8216,1543.049653,3098.868767,1816.096996,1859.144954,4.578194141,70.30503351,3.976782728,98.11893674,6.042872977,2.575916233,0.89411998,2.635466057,95.55500352,2.420075887,28.57424008,28.78220035,28.72668014
2839.974,1542.332228,3097.428709,1815.24283,1858.283299,4.574792695,70.18261612,3.967724566,98.22199387,6.029078251,2.573323612,0.893711499,2.626814044,95.79431825,2.419786215,28.57446078,28.76984436,28.73155105
2840.1264,1537.751612,3088.230293,1809.842039,1852.767464,4.559839557,69.8998636,3.950385787,98.63466575,6.002642694,2.564269091,0.891107528,2.612442588,95.83634938,2.41940756,28.57564466,28.68543546,28.72945649
2840.2788,1542.424449,3097.615355,1815.332287,1858.401189,4.572225602,70.08169414,3.960882178,99.0238873,6.018658624,2.570617271,0.893964737,2.61550733,95.72843458,2.419359051,28.57975329,28.7736439,28.7425502
2840.4312,1543.233229,3099.240308,1816.275025,1859.379536,4.573096682,70.10367379,3.963096388,100.1687016,6.022064793,2.570523006,0.894624998,2.612772646,95.49099166,2.419087417,28.58098489,28.78976294,28.74864117
2840.5836,1545.54523,3103.884146,1818.987024,1862.169108,4.578382934,70.20590634,3.970440569,101.1074098,6.033186489,2.572956044,0.896194748,2.613017731,95.47370523,2.41896557,28.581675,28.83392232,28.75696658
2840.736,1542.465572,3097.700042,1815.353426,1858.462447,4.567673506,70.07201507,3.965014579,102.0129571,6.024722305,2.566446913,0.8946761,2.604469841,95.60318691,2.418893875,28.5822399,28.77749622,28.75572685
2840.8884,1546.460005,3105.722682,1820.045473,1863.279142,4.577883453,70.29009505,3.981298184,102.2922873,6.048803559,2.571778338,0.897370566,2.609178096,95.82490992,2.419116297,28.58841754,28.85304952,28.76568924
2841.0408,1544.876888,3102.544055,1818.173162,1861.375411,4.571613154,70.26480153,3.984123683,102.6474669,6.052409233,2.567867864,0.896857135,2.604619518,95.7410481,2.419406574,28.59455874,28.82453495,28.76582373
2841.1932,1544.479118,3101.745943,1817.695823,1860.899792,4.568847047,70.29984934,3.99148023,102.303785,6.062321772,2.565983024,0.897093108,2.602605081,95.63672317,2.419835005,28.59681473,28.8181389,28.76754914
2841.3456,1539.78223,3092.313998,1812.158894,1855.244495,4.553316555,70.14469828,3.989793029,101.7858124,6.057540147,2.557005271,0.894915581,2.594480537,95.71376925,2.420202943,28.60118455,28.73153416,28.76135286
2841.498,1543.911668,3100.607766,1817.009922,1860.224397,4.563773275,70.41115035,4.016180763,100.8671094,6.093341929,2.562816871,0.898063596,2.604058469,95.79444171,2.420333358,28.60336811,28.80962743,28.76899848
2841.6504,1543.767736,3100.319402,1816.831776,1860.055483,4.561593666,70.48903902,4.033369964,100.4741648,6.114381164,2.561593925,0.898800794,2.607367977,95.57581058,2.420433214,28.60648132,28.80797339,28.76878083
2841.8028,1544.865716,3102.525146,1818.115177,1861.382839,4.563090592,70.62369136,4.055456064,99.82949414,6.141826099,2.562524193,0.900342085,2.613377289,95.44051847,2.420808157,28.61026287,28.82949314,28.77013569
2841.9552,1540.450441,3093.658729,1812.91008,1856.067312,4.548299573,70.50484432,4.064350202,99.28200022,6.148400307,2.554391711,0.898735461,2.610527857,95.42258166,2.42123396,28.61389081,28.74813191,28.76146809
2842.1076,1543.206411,3099.194175,1816.144845,1859.392768,4.554576665,70.71782633,4.096323273,98.36445658,6.187562725,2.558345633,0.901494249,2.622098065,95.43796436,2.421949776,28.61500554,28.80060557,28.76383732
2842.26,1540.669604,3094.100226,1813.15079,1856.341083,4.545214014,70.68789952,4.115497797,97.84064921,6.206635549,2.553612483,0.901222937,2.625204605,95.10854727,2.422199525,28.60953272,28.75429973,28.75650169
2842.4124,1539.770297,3092.294826,1812.084021,1855.262798,4.540598889,70.72755079,4.140907678,96.92593579,6.233751616,2.551706142,0.902008871,2.632195687,95.26820802,2.422816541,28.60255953,28.73856105,28.75127454
2842.5648,1535.120951,3082.95826,1806.604395,1849.666938,4.524766925,70.58968309,4.158433789,96.09424541,6.247496069,2.543674202,0.900701812,2.63456135,95.0481806,2.423457431,28.59634172,28.65284204,28.73869865
2842.7172,1539.861689,3092.479587,1812.17635,1855.386733,4.536320988,70.87634003,4.206475887,95.07375726,6.303767133,2.551410638,0.905129043,2.657066651,95.33297442,2.424240514,28.58904965,28.74239448,28.74104914
2842.8696,1540.851521,3094.467997,1813.334527,1856.587688,4.536710582,70.98691053,4.246233142,94.78988889,6.346360194,2.553023188,0.907440215,2.674652389,94.93862598,2.424925247,28.57871939,28.76192941,28.73614511
2843.022,1543.478699,3099.744645,1816.419834,1859.761824,4.541849273,71.16436426,4.292138486,94.52783461,6.396737666,2.557460789,0.910806237,2.696123085,95.01390207,2.425988152,28.57027112,28.812025,28.73346279
2843.1744,1540.812283,3094.390246,1813.275555,1856.557817,4.531356592,71.08930412,4.324415206,94.7200802,6.425674072,2.553211398,0.911110825,2.709079445,95.22379744,2.426994997,28.56260761,28.76330792,28.72087166
2843.3268,1545.318538,3103.440584,1818.572765,1861.997081,4.541789457,71.32815658,4.379976739,94.93651202,6.486330519,2.561040826,0.915814071,2.737276146,95.14097791,2.428180456,28.55144512,28.848489,28.71979747
2843.4792,1544.309482,3101.414602,1817.379444,1860.790748,4.536003482,71.305725,4.42086172,95.88622195,6.52422395,2.559812085,0.917305829,2.756236751,95.04194814,2.429460803,28.54196851,28.83070364,28.70841952
2843.6316,1544.5428,3101.883659,1817.648268,1861.081558,4.533816836,71.32996073,4.466641323,96.60516327,6.56786558,2.560733424,0.919619471,2.778381034,95.05619434,2.430731106,28.52862924,28.8361139,28.69862327
2843.784,1540.501417,3093.767879,1812.886805,1856.222191,4.518966852,71.1462394,4.501500625,97.31194328,6.593957446,2.554624987,0.919466938,2.794423032,94.89971443,2.432069595,28.51932911,28.76172523,28.68050768
2843.9364,1545.290191,3103.385529,1818.517665,1862.004181,4.529746711,71.34707805,4.565066405,97.46099301,6.659051273,2.563293508,0.92472724,2.83021756,95.26555872,2.43341417,28.50584154,28.85220434,28.67736369
2844.0888,1545.776924,3104.36343,1819.086112,1862.602777,4.52785097,71.34163464,4.617001886,97.77130667,6.706062233,2.564877924,0.927467941,2.859400083,94.65176031,2.434453659,28.49377621,28.86235452,28.66600197
2844.2412,1547.449429,3107.722701,1821.050071,1864.63027,4.529402398,71.38148873,4.673138629,97.46112088,6.758176235,2.568482839,0.930961094,2.891476895,95.22449883,2.435666999,28.48574211,28.8946431,28.65641724
2844.3936,1543.541108,3099.874072,1816.446472,1859.933106,4.514593805,71.15464946,4.712603361,97.01139807,6.785495978,2.562853077,0.931110369,2.913569643,94.9479143,2.437145982,28.47988254,28.82272832,28.63626821
2844.546,1546.711666,3106.241835,1820.173876,1863.766805,4.520311144,71.22906439,4.774208202,96.18113868,6.842923874,2.569044631,0.935556542,2.951117589,94.81565657,2.438479163,28.47475163,28.88300327,28.62875358
2844.6984,1544.486263,3101.772951,1817.551406,1861.098581,4.51023097,71.04696113,4.819103103,95.8786578,6.87596373,2.566306674,0.936738435,2.978696494,94.62135726,2.439402767,28.467351,28.8425135,28.61097313
2844.8508,1543.765508,3100.32582,1816.699848,1860.243939,4.504453729,70.92401214,4.868698093,95.38623828,6.91513905,2.566091846,0.938837253,3.00988326,94.66414629,2.440582061,28.45949934,28.83012767,28.59570107
2845.0032,1539.177829,3091.112759,1811.298203,1854.730677,4.487218095,70.6118318,4.906164552,95.07485357,6.936479103,2.559449982,0.938589633,3.034887757,94.66358279,2.441471325,28.45257612,28.74553794,28.57282917
2845.1556,1543.851821,3100.499726,1816.796831,1860.379962,4.496642011,70.69631483,4.972663859,94.54082516,6.997584094,2.568190778,0.94396127,3.08113004,94.61445699,2.442361933,28.44413981,28.83392721,28.56767984
2845.308,1544.65806,3102.119096,1817.744439,1861.369311,4.494678681,70.59524529,5.026320627,94.50687831,7.040379195,2.570488247,0.946942811,3.120650224,94.61466778,2.442784614,28.43256524,28.85007609,28.55522431
2845.4604,1546.968834,3106.75999,1820.462837,1864.172081,4.497027626,70.55610073,5.084021998,94.16785482,7.088849131,2.575256843,0.950793287,3.163595993,94.56909522,2.443590221,28.42313601,28.89432405,28.54585948
2845.6128,1543.88292,3100.56277,1816.830574,1860.471844,4.48363992,70.26366136,5.123049544,93.87312138,7.111309668,2.570997179,0.951270843,3.195717673,94.7810531,2.444147336,28.41455781,28.83777582,28.52628451
2845.7652,1547.877365,3108.584917,1821.531031,1865.304933,4.490645399,70.26991859,5.183184259,93.27871621,7.162819027,2.578419605,0.955980208,3.243680024,94.67958907,2.444826275,28.40904539,28.91348345,28.52130179
2845.9176,1546.289093,3105.395353,1819.661845,1863.410461,4.481444065,70.01665031,5.223552713,93.16688502,7.187030097,2.576497527,0.957178749,3.279934234,94.74136375,2.445498442,28.4066083,28.88490525,28.50577815
2846.07,1545.887172,3104.58832,1819.188874,1862.945914,4.475625891,69.81052457,5.2667161,92.76126158,7.215091435,2.576481419,0.959040793,3.318924396,94.66430439,2.446061696,28.40256775,28.87849188,28.49295496
2846.2224,1541.18209,3095.139277,1813.652314,1857.296383,4.457215293,69.40055476,5.294351237,92.40957119,7.221592859,2.56922279,0.958191834,3.349535754,94.62523942,2.446356074,28.40105575,28.79170182,28.47191498
2846.3748,1545.311095,3103.431564,1818.512611,1862.294685,4.464089728,69.36345478,5.349273025,91.7280232,7.26523716,2.576514014,0.962686398,3.401044382,94.45647904,2.446458797,28.3997554,28.86995467,28.46981054
2846.5272,1545.162763,3103.133702,1818.339695,1862.138742,4.458543358,69.12741575,5.388062924,91.5025256,7.287065918,2.57659684,0.964446203,3.443594504,94.40659142,2.446266021,28.4015794,28.86829323,28.45980885
2846.6796,1546.257415,3105.332098,1819.629606,1863.480931,4.456580816,68.94294832,5.429341945,90.97369081,7.312804702,2.578643913,0.966872188,3.488810713,94.27038169,2.44614677,28.39886842,28.88985411,28.45309174
2846.832,1541.833811,3096.448236,1814.42566,1858.172885,4.438716086,68.50756992,5.449679851,90.55072826,7.310803342,2.571391166,0.965759109,3.521456378,94.23854333,2.446119263,28.39832855,28.80831859,28.43592721
2846.9844,1544.58779,3101.978991,1817.668766,1861.516024,4.44142772,68.37319358,5.491135347,89.88870985,7.338226197,2.575885287,0.968925276,3.570613336,94.38240094,2.446218264,28.39867465,28.86089816,28.43514663
2847.1368,1542.04426,3096.870801,1814.677823,1858.474771,4.428940853,68.00043273,5.511680883,89.774702,7.338565679,2.571452539,0.968651019,3.607030747,94.23152484,2.445677688,28.39353555,28.81449143,28.42446807
2847.2892,1541.139696,3095.054105,1813.61579,1857.409233,4.421151668,67.69621929,5.535628731,89.41149579,7.344527343,2.56963867,0.969267961,3.646855212,94.18945504,2.445325717,28.3912432,28.79871583,28.41809424
2847.4416,1536.481747,3085.699487,1808.137185,1851.820988,4.40249541,67.22058122,5.544169452,89.14154427,7.330786087,2.561479394,0.967434579,3.677928821,94.3316566,2.444983377,28.38800083,28.7128134,28.40479479
2847.594,1541.222168,3095.219427,1813.719597,1857.561813,4.410571434,67.13878188,5.582116871,88.58240729,7.35730225,2.568773503,0.971323031,3.731807858,94.05299313,2.444635979,28.39155917,28.80254926,28.4128799
2847.7464,1542.208383,3097.1998,1814.884457,1858.77851,4.407865853,66.88919872,5.604273684,88.54006768,7.363948122,2.569724373,0.97273956,3.776381581,93.91152035,2.444044457,28.39470912,28.82212111,28.41419134
2847.8988,1544.83341,3102.471355,1817.978068,1861.970707,4.409857013,66.70866053,5.630127591,88.30875912,7.376530015,2.5732925,0.975067323,3.824503847,93.79392689,2.443647531,28.40138328,28.87231758,28.41989253
2848.0512,1542.160211,3097.10253,1814.836734,1858.777192,4.396726482,66.29637313,5.635264204,88.33847312,7.362562562,2.567944137,0.973982078,3.85930565,94.15581767,2.443338268,28.41259659,28.82349461,28.41546396
2848.2036,1546.66598,3106.15111,1820.144131,1864.237284,4.403997797,66.18183999,5.663253331,88.31677106,7.379497229,2.574345225,0.977295673,3.911839438,94.31498178,2.443107574,28.42389642,28.90884998,28.42751358
2848.356,1545.651637,3104.113711,1818.955377,1863.043781,4.395571603,65.8288951,5.669630535,88.99480554,7.368728687,2.571468423,0.97705053,3.9500745,93.94657171,2.442809889,28.43702351,28.89102349,28.42898369
2848.5084,1545.880746,3104.573518,1819.230038,1863.349258,4.39064837,65.52653128,5.67919278,89.52571066,7.362512684,2.570564517,0.97752413,3.991313121,94.00013333,2.442667265,28.44934953,28.89644114,28.43373649
2848.6608,1541.831444,3096.44103,1814.470039,1858.498304,4.37345119,65.03885995,5.672341509,90.13744752,7.334977787,2.562490817,0.975282879,4.021770767,94.17611654,2.442757747,28.46007014,28.82189289,28.43015346
2848.8132,1546.61999,3106.057441,1820.111349,1864.301571,4.381127349,64.91518448,5.69597723,90.36925774,7.347228351,2.568984341,0.978611634,4.075438556,94.15535742,2.44263748,28.46657751,28.91255732,28.44579576
2848.9656,1547.102809,3107.026702,1820.685787,1864.914994,4.376547347,64.60834938,5.702963225,90.92851267,7.338094848,2.568277132,0.979202243,4.117757788,94.23397069,2.442321715,28.47345998,28.92272482,28.45302891
2849.118,1548.772422,3110.379391,1822.656954,1866.959072,4.375304322,64.34864243,5.713867741,91.09391396,7.334091088,2.569480347,0.980541148,4.163304038,94.59854739,2.441921094,28.48248373,28.95507702,28.46303927
2849.2704,1544.856442,3102.514611,1818.054761,1862.27008,4.358262317,63.85388047,5.704339473,91.29211688,7.303702518,2.561378336,0.978380183,4.194101411,94.56645795,2.441664623,28.49288941,28.88300792,28.46180985
2849.4228,1548.025505,3108.878618,1821.790774,1866.122278,4.361155581,63.6476354,5.720669127,91.23902744,7.306607409,2.564964054,0.9807833,4.244124866,94.57626846,2.441363529,28.50172729,28.943405,28.47540696
2849.5752,1545.794082,3104.396903,1819.171199,1863.464174,4.348874598,63.21847959,5.716703237,91.69838116,7.283941788,2.559569171,0.979771409,4.279111025,94.48710915,2.440795026,28.50785617,28.90282664,28.47822272
2849.7276,1545.06866,3102.939668,1818.324013,1862.621726,4.340830056,62.85058761,5.718092625,91.85216837,7.268555406,2.556656764,0.979733599,4.318059019,94.53976226,2.440508559,28.51337695,28.89041098,28.4841924
2849.88,1540.473167,3093.710209,1812.922521,1857.114346,4.321851826,62.32650305,5.705070815,91.94103147,7.235297535,2.54737102,0.977280165,4.345928372,94.37905096,2.439948265,28.51714175,28.80564042,28.48217489
2850.0324,1545.147434,3103.097043,1818.430701,1862.782943,4.328773051,62.1815603,5.726867592,91.50348329,7.246641547,2.553498043,0.980857994,4.399360572,94.64255909,2.439694217,28.52126371,28.89421053,28.49865894
2850.1848,1545.950846,3104.710083,1819.383584,1863.785145,4.324854292,61.88371874,5.734229648,91.24346573,7.240216308,2.553269283,0.982019797,4.441247684,94.22768946,2.4392077,28.52380758,28.91038923,28.5071005
2850.3372,1548.26014,3109.347365,1822.108741,1866.602843,4.325154794,61.64614635,5.748128869,90.44803423,7.24197738,2.555570938,0.984237918,4.487531067,94.52870581,2.439095412,28.52600858,28.95472578,28.51820339
2850.4896,1545.168291,3103.137616,1818.477429,1862.90889,4.310345209,61.19226309,5.743496517,89.58521356,7.219881017,2.549002613,0.983151191,4.518599306,94.75462737,2.43904446,28.5277366,28.89805542,28.51789148
2850.642,1549.162906,3111.159506,1823.186115,1867.758735,4.315238534,61.02262463,5.768503229,88.46096702,7.234020336,2.55426382,0.986875948,4.570741565,94.97088516,2.439248969,28.53031159,28.97391738,28.53067832
2850.7944,1547.570211,3107.960502,1821.319129,1865.872008,4.304563141,60.63280832,5.774298087,87.98873204,7.223438754,2.550354486,0.987171836,4.606769314,95.09321643,2.439568014,28.53138487,28.94527554,28.53170919
2850.9468,1547.164905,3107.146122,1820.849555,1865.416887,4.297135675,60.290388,5.786593988,87.54623081,7.220209398,2.548477711,0.988388402,4.646828498,95.05907394,2.439958501,28.52859774,28.93884486,28.53441135
2851.0992,1542.452973,3097.682817,1815.311648,1859.769574,4.277632472,59.78482486,5.784455192,87.5582046,7.198411963,2.539606678,0.986989719,4.674097681,94.87124006,2.440596101,28.52999285,28.85186948,28.52763614
2851.2516,1546.582727,3105.976126,1820.179695,1864.78318,4.282513809,59.63760603,5.819164782,87.66413535,7.22158182,2.545553636,0.991566166,4.72770954,95.00338665,2.441029801,28.52992527,28.9302819,28.53694996
2851.404,1546.431739,3105.672492,1820.009768,1864.635253,4.275502389,59.33136462,5.839357949,88.53054409,7.226222031,2.544558895,0.993530781,4.768101135,94.86463385,2.441553833,28.53180283,28.92861308,28.53685705
2851.5564,1547.524807,3107.867283,1821.303937,1865.987246,4.271899071,59.07421208,5.866955962,89.2626592,7.238872545,2.545722708,0.996498036,4.812922522,94.67378509,2.442038829,28.53331284,28.95021509,28.53828157
2851.7088,1543.095114,3098.970816,1816.098245,1860.679952,4.253001325,58.60601262,5.876250323,90.04211604,7.227710267,2.537896277,0.996098191,4.84133563,94.76829482,2.442570878,28.53887046,28.86850528,28.52752081
2851.8612,1545.849111,3104.501237,1819.347082,1864.034671,4.253868439,58.42322722,5.917829902,90.37420269,7.254741143,2.542159832,1.000703911,4.892394723,94.85490962,2.443566778,28.54533666,28.92119074,28.52915559
2852.0136,1543.301355,3099.384244,1816.356007,1860.996072,4.240203598,58.04316679,5.941160206,90.94146881,7.258770371,2.537802323,1.002031146,4.926803195,94.73877974,2.444179885,28.54379651,28.87468313,28.51909896
2852.166,1542.394038,3097.561711,1815.29545,1859.935416,4.23111157,57.7313998,5.972839237,91.02562151,7.272687552,2.53627821,1.004577461,4.966255927,94.70722421,2.444926457,28.54207579,28.85887062,28.51131016
2852.3184,1537.730488,3088.195595,1809.813968,1854.34524,4.211763523,57.2923886,5.990689903,91.07535165,7.270342774,2.528721373,1.004734866,4.992496686,94.80828466,2.445875485,28.53804457,28.77278476,28.49482337
2852.4708,1542.473394,3097.720283,1815.403186,1860.098088,4.218238498,57.23622475,6.047616652,90.8313687,7.316101129,2.536981158,1.011212448,5.046866982,94.71937493,2.446883829,28.53186194,28.86270405,28.49565153
2852.6232,1543.459265,3099.699781,1816.570474,1861.319932,4.214547251,57.05502423,6.090404479,91.08963088,7.345363564,2.539202717,1.01527588,5.087590611,94.76609649,2.447642988,28.52339596,28.88231281,28.48789317
2852.7756,1546.08539,3104.973366,1819.66816,1864.519587,4.21538745,56.94139369,6.141629436,91.06980558,7.384377094,2.544259999,1.02055654,5.133512831,94.76885222,2.448749971,28.5150389,28.93261017,28.48246276
2852.928,1543.409024,3099.598064,1816.525063,1861.324647,4.201739444,56.63547086,6.173770836,91.03455981,7.399684043,2.540695148,1.022464496,5.162132459,94.92760225,2.450329935,28.51185775,28.8836813,28.46492252
2853.0804,1547.917621,3108.652196,1821.838316,1866.794485,4.207580526,56.61284504,6.238369453,90.52784871,7.452952257,2.549238315,1.029351738,5.214205832,94.90923227,2.452030199,28.51035094,28.96921096,28.46015179
2853.2328,1546.901649,3106.611457,1820.649353,1865.601515,4.198365232,56.39086174,6.282942245,90.25194924,7.481351908,2.548778578,1.032708091,5.248134361,94.66368464,2.453516825,28.50822167,28.95134333,28.4427056
2853.3852,1547.130173,3107.070021,1820.925116,1865.909416,4.192463613,56.22004703,6.334669341,89.51522561,7.517556254,2.550483265,1.037024498,5.286540417,94.33176345,2.455248054,28.5051334,28.95676837,28.42665391
2853.5376,1543.076933,3098.929615,1816.161392,1861.053433,4.174886992,55.90713372,6.369309823,88.79757042,7.533848896,2.545236908,1.038475692,5.309502892,94.23329291,2.457141406,28.5048405,28.88206055,28.40047288
2853.69,1547.868977,3108.553027,1821.808292,1866.865298,4.181183657,55.95196616,6.440644113,87.88961125,7.594799082,2.554842863,1.045816024,5.360015646,94.57489079,2.458824511,28.50068975,28.9729103,28.39157449
2853.8424,1548.351913,3109.522562,1822.383469,1867.479831,4.175812028,55.85471129,6.494369779,87.65065688,7.635240516,2.557433236,1.050239331,5.394660775,94.65012909,2.460516316,28.49765587,28.98309512,28.37263717
2853.9948,1550.022585,3112.877414,1824.356694,1869.526978,4.173538571,55.80543969,6.554465687,87.37884933,7.682371745,2.562064711,1.055533369,5.43364461,94.93872085,2.46234512,28.49728398,29.01551095,28.35527065
2854.1472,1546.103087,3105.005657,1819.750508,1864.831946,4.156070675,55.5568888,6.592038338,87.41867473,7.702202574,2.557506771,1.057061617,5.45347922,94.92650085,2.46440503,28.49803897,28.94328753,28.32469807
2854.2996,1549.274405,3111.374255,1823.490226,1868.689573,4.157546979,55.58597476,6.659687685,87.34897416,7.757366582,2.564827802,1.06332462,5.496689714,94.98535389,2.466441383,28.4970877,29.00380673,28.30840667
2854.452,1547.040855,3106.888383,1820.868455,1866.027969,4.144491921,55.42497647,6.704677739,87.8578122,7.785639245,2.563247735,1.065884928,5.520634687,95.32504495,2.468265893,28.49653974,28.96313978,28.2793032
2854.6044,1546.314552,3105.429489,1820.020687,1865.184403,4.135487471,55.32609041,6.755698565,88.14274383,7.821171286,2.564208735,1.069412719,5.549154732,95.29775041,2.469874389,28.49505832,28.9506943,28.25284583
2854.7568,1541.715217,3096.192469,1814.614168,1859.669016,4.116238455,55.10681912,6.787113208,88.5406283,7.835899428,2.558784798,1.070036197,5.56138258,94.94441313,2.471368372,28.49162743,28.86574289,28.2173222
2854.9092,1546.393424,3105.58734,1820.127116,1865.344028,4.121952454,55.26374191,6.85300975,88.68122819,7.894626584,2.568838084,1.076535793,5.601463719,95.52643889,2.472965768,28.48953291,28.95449384,28.20345414
2855.0616,1547.197801,3107.202491,1821.080337,1866.345787,4.117494421,55.30036908,6.898863344,89.31533479,7.932090525,2.572478846,1.080096386,5.624986257,95.12702423,2.474227562,28.48297295,28.97070237,28.18093457
2855.214,1549.509266,3111.844294,1823.807497,1869.165549,4.117031835,55.39878528,6.949708066,89.69679446,7.975823592,2.578618261,1.084539799,5.652908627,95.20759887,2.47578273,28.47819659,29.01512751,28.16195204
2855.3664,1546.415156,3105.63021,1820.172351,1865.464918,4.102100303,55.3078343,6.975033053,90.18516609,7.99038961,2.575741321,1.085061162,5.660683081,95.21398213,2.477198598,28.4732978,28.95833502,28.13026152
2855.5188,1550.413204,3113.659155,1824.885005,1870.319854,4.105881704,55.49418348,7.027039113,90.41897439,8.037675382,2.584635,1.090052822,5.691396743,95.48925477,2.478748342,28.47097352,29.03435131,28.11616664
2855.6712,1548.819327,3110.457972,1823.01599,1868.429274,4.094719479,55.48183847,7.052836874,91.11417631,8.054842508,2.584180202,1.091001343,5.701488819,95.40979114,2.480162702,28.46831027,29.00564584,28.08880939
2855.8236,1548.413723,3109.643177,1822.545781,1867.972481,4.086574384,55.51597138,7.081995764,91.47504814,8.07644595,2.58566115,1.092589505,5.715285403,95.37981065,2.481378192,28.460779,28.99919784,28.06449538
2855.976,1543.698086,3100.172646,1817.002436,1862.316208,4.067061804,55.40879364,7.087680572,91.77563999,8.073494905,2.579900527,1.09082713,5.711092016,95.39777546,2.482587536,28.45233761,28.91203714,28.03042158
2856.1284,1547.831484,3108.473428,1821.874488,1867.334909,4.071053146,55.6583898,7.123651697,91.60653875,8.110824165,2.588806406,1.094468813,5.733524113,95.10283907,2.483481908,28.4424304,28.99060914,28.02077923
2856.2808,1547.680739,3108.170469,1821.703807,1867.184872,4.063825869,55.76746445,7.136105318,91.68211531,8.123400428,2.590490781,1.094766201,5.737923639,95.0427476,2.484063862,28.43489292,28.98893292,28.00183443
2856.4332,1548.774973,3110.367772,1822.998688,1868.537055,4.059758669,55.92701623,7.151317102,91.31462174,8.139935163,2.594174957,1.095678238,5.745937294,94.8544001,2.48454185,28.42698148,29.01057607,27.98695385
2856.5856,1544.341886,3101.464687,1817.787781,1863.22115,4.041062015,55.89104248,7.138675577,90.934637,8.125227707,2.588524606,1.092466477,5.732902593,94.79019685,2.48505516,28.4254164,28.92869197,27.9591953
2856.738,1547.098299,3107.000092,1821.03927,1866.579156,4.041248319,56.13993692,7.1501796,90.29361399,8.141914589,2.594727568,1.093589305,5.742359423,95.10068101,2.485448792,28.42551633,28.98148333,27.95273007
2856.8904,1544.548603,3101.87936,1818.045132,1863.53534,4.027566516,56.20062953,7.134362588,90.17348031,8.12812944,2.591946269,1.090719834,5.731125529,94.84765318,2.485542235,28.42174723,28.93487483,27.93419047
2857.0428,1543.640675,3100.055737,1816.983307,1862.472202,4.018279438,56.32825646,7.12160543,89.82615559,8.119586696,2.591808546,1.088653692,5.723958772,94.7553945,2.485843972,28.41786597,28.9190254,27.92153292
2857.1952,1538.97367,3090.682835,1811.49622,1856.872895,3.999563817,56.33438989,7.08542725,89.53827982,8.087908827,2.585258047,1.083495273,5.699293778,94.90915213,2.485672999,28.41462437,28.83275612,27.90162828
2857.3476,1543.721122,3100.216731,1817.089658,1862.631129,4.006048041,56.72395818,7.078655238,88.89008042,8.098053285,2.594272754,1.083935849,5.701538631,94.8601259,2.485559536,28.41031627,28.92285883,27.9113034
2857.5,1544.708671,3102.199696,1818.256858,1863.851768,4.003154267,56.99076701,7.048837181,88.61368734,8.08513682,2.596862204,1.081312313,5.686444446,94.93214233,2.484998161,28.40474304,28.9425045,27.91387868
2857.6524,1547.337823,3107.479438,1821.356225,1867.052898,4.00464518,57.32689278,7.022023358,88.01382908,8.077594514,2.602095322,1.079493163,5.675364636,94.93521606,2.484737343,28.40136783,28.99290275,27.92267165
2857.8048,1544.660179,3102.101666,1818.209037,1863.850822,3.992411802,57.47322082,6.968087133,87.56067982,8.040113785,2.598314837,1.07373385,5.64370857,95.04535596,2.484418094,28.40251905,28.94386798,27.91955534
2857.9572,1549.173458,3111.165225,1823.525891,1869.325068,3.999047761,57.90956883,6.93731446,86.98203097,8.034561562,2.606394207,1.072281807,5.634124405,95.2454529,2.484210819,28.40354249,29.02957193,27.93896836
2858.1096,1548.157617,3109.124788,1822.334598,1868.127714,3.991339013,58.14177434,6.879466554,87.06493872,7.998448312,2.60508241,1.066811683,5.603936792,95.08915388,2.483778338,28.40404756,29.01166317,27.94564289
2858.262,1548.387267,3109.585635,1822.609412,1868.433369,3.986837445,58.42324262,6.823901457,87.0043671,7.966687169,2.605765754,1.061955175,5.577229676,94.9926163,2.48334114,28.40478216,29.01709561,27.9569923
2858.4144,1544.331837,3101.440862,1817.83989,1863.567793,3.971543049,58.54976585,6.745229995,87.07023804,7.911269398,2.599151632,1.053879828,5.532905912,94.95538402,2.482831401,28.40840718,28.94222821,27.9593678
2858.5668,1549.129345,3111.075199,1823.490082,1869.383414,3.979800162,59.03571826,6.694627321,86.82639238,7.897150922,2.607212149,1.051150516,5.514393069,95.10024883,2.48201389,28.41148258,29.03326328,27.9886419
2858.7192,1549.614375,3112.048903,1824.063712,1869.99439,3.977215822,59.36420934,6.621752865,87.03025533,7.859687651,2.607930038,1.045253672,5.478617481,95.04300919,2.481098607,28.41684904,29.04346541,28.00855418
2858.8716,1551.28814,3115.409911,1826.036648,1872.039882,3.977687918,59.74357652,6.551743945,87.03269073,7.827264978,2.610576657,1.04000312,5.446309886,95.20771169,2.480243842,28.42475656,29.07594488,28.03239054
2859.024,1547.367206,3107.535234,1821.424078,1867.334088,3.963777598,59.91352487,6.456849224,87.33708593,7.766265942,2.603761399,1.030918855,5.394063932,95.10240386,2.479432764,28.43412866,29.00356713,28.04306778
2859.1764,1550.543217,3113.91315,1825.164707,1871.191687,3.968554101,60.37682932,6.385891303,87.70337472,7.739388992,2.608733679,1.026229635,5.363529061,95.29723443,2.478422396,28.44227355,29.06420846,28.07404914
2859.3288,1548.309971,3109.427803,1822.537964,1868.521268,3.959554675,60.63485032,6.291391648,88.87620173,7.68494951,2.604549719,1.017881297,5.313841241,95.70253262,2.477647377,28.44997984,29.02345293,28.09237969
2859.4812,1547.58534,3107.97216,1821.686696,1867.67101,3.954656034,60.95741328,6.201129237,89.98008255,7.637512578,2.602849971,1.010426052,5.268233975,95.65241872,2.476790246,28.4569191,29.01097761,28.11525337
2859.6336,1542.984799,3098.732627,1816.272142,1862.141937,3.940442475,61.13257334,6.092300373,91.13612093,7.57062503,2.594580457,1.000302846,5.207062224,95.56195181,2.475600549,28.46018949,28.92584537,28.12990177
2859.786,1547.670158,3108.141692,1821.786187,1867.816363,3.951288131,61.68947891,6.01381032,91.76161417,7.54939339,2.601804065,0.995941559,5.172176441,96.38102996,2.474535726,28.46549201,29.01477715,28.16974164
2859.9384,1548.478769,3109.765193,1822.736018,1868.810637,3.952820774,62.09752593,5.917955035,92.42941788,7.509246194,2.602464656,0.988997114,5.12229645,96.15582086,2.473315997,28.47023972,29.03101552,28.20083473
2860.0908,1550.795908,3114.418227,1825.461171,1871.624829,3.958490926,62.57442806,5.827337973,92.35032104,7.477259329,2.605651555,0.983032556,5.076606485,96.24569667,2.472159125,28.47328599,29.07552924,28.23551261
2860.2432,1547.703146,3108.206713,1821.818061,1867.909644,3.9505019,62.84083056,5.716586656,91.93180568,7.420452522,2.599759353,0.973699495,5.012944555,96.38758601,2.471064213,28.47875536,29.01861462,28.25721899
2860.3956,1551.708969,3116.251076,1826.529688,1872.75995,3.961377151,63.40642971,5.631465015,90.96932036,7.400902287,2.605782748,0.968958143,4.970755986,96.28889534,2.470153573,28.48540658,29.09478524,28.29599178
2860.548,1550.11829,3113.056157,1824.653603,1870.855708,3.958013191,63.74874573,5.526951039,90.35842199,7.356143336,2.602419923,0.960824883,4.910990949,96.41528025,2.469447813,28.49258532,29.06601614,28.32123193
2860.7004,1549.717055,3112.249964,1824.17738,1870.386686,3.957857509,64.14391727,5.427706862,89.49161447,7.31904773,2.601083015,0.953563181,4.855105922,96.35435736,2.468215268,28.49605583,29.05955082,28.34876096
2860.8528,1545.002432,3102.781326,1818.62316,1864.710779,3.94713965,64.35693616,5.313337166,88.80686686,7.263455664,2.592524723,0.943743693,4.784944378,96.33765724,2.467014343,28.50227024,28.97220481,28.3662356
2861.0052,1549.145034,3111.100382,1823.492788,1869.721762,3.960356882,64.93023859,5.22961273,88.00635403,7.254386071,2.59885953,0.939608665,4.740153438,96.25321258,2.465872698,28.50834537,29.05093637,28.40393937
2861.1576,1549.000099,3110.808914,1823.31492,1869.556786,3.963050805,65.32060455,5.132058286,87.848063,7.227391143,2.598021554,0.933011077,4.681805578,95.93291821,2.464848748,28.51658056,29.04925276,28.43136673
2861.31,1550.101422,3113.02027,1824.603654,1870.895373,3.969149242,65.76813173,5.040576068,87.56217931,7.209178262,2.599333935,0.927374908,4.627478079,95.71756049,2.46380423,28.52537895,29.07093704,28.46074437
2861.4624,1545.670878,3104.122151,1819.380648,1865.55696,3.961212897,65.98473614,4.932887682,87.46227554,7.167985725,2.591431451,0.918618794,4.556966033,95.66810058,2.462840847,28.53710385,28.98887865,28.47700618
2861.6148,1548.436588,3109.676037,1822.626779,1868.901845,3.972602525,66.50293307,4.851743522,87.14403431,7.166535481,2.595703677,0.914615135,4.507546955,96.18522254,2.46204609,28.55073966,29.04177591,28.50817369
2861.7672,1545.891772,3104.564962,1819.621627,1865.83647,3.970584168,66.79679461,4.756069753,87.34221678,7.143076081,2.591126061,0.907687982,4.443027258,95.82749656,2.461027871,28.56100884,28.99506653,28.52683036
2861.9196,1544.990404,3102.754364,1818.550157,1864.753531,3.973220946,67.16335454,4.667711386,87.30622854,7.130055636,2.589367886,0.901975492,4.383200471,95.70618995,2.460074642,28.57183373,28.97918018,28.54839933
2862.072,1540.32696,3093.388499,1813.049261,1859.128088,3.966913568,67.35505857,4.569124595,87.44416667,7.101744163,2.581341574,0.894266672,4.311928052,95.63026311,2.459177182,28.5840613,28.89272748,28.56130217
2862.2244,1545.08687,3102.947241,1818.637644,1864.872316,3.986443155,67.92380379,4.502126733,87.42079085,7.122726924,2.589204853,0.892577427,4.266171276,95.67955617,2.458405341,28.59284106,28.98301362,28.593607
2862.3768,1546.083788,3104.948884,1819.795731,1866.072842,3.996937498,68.31536621,4.425890141,88.02118106,7.128593017,2.590798128,0.888946926,4.209665718,95.59179705,2.457546619,28.60144002,29.0026962,28.61699
2862.5292,1548.723996,3110.250688,1822.887346,1869.255591,4.012081658,68.77736382,4.356770068,88.46232063,7.144982557,2.595217764,0.886519089,4.157744604,95.6043108,2.456813633,28.61139966,29.05319534,28.64297207
2862.6816,1546.052826,3104.885827,1819.726945,1866.0271,4.013684846,69.00005998,4.274531914,89.06661117,7.139410238,2.590805634,0.881247798,4.091777705,95.78678631,2.456403868,28.62500388,29.00405467,28.65679189
2862.834,1550.579433,3113.976021,1825.037206,1871.484037,4.034734694,69.51252951,4.217132767,89.40553699,7.173218095,2.598601932,0.880634315,4.045811691,96.04907642,2.456271759,28.63864742,29.08993291,28.68411727
2862.9864,1549.572011,3111.952417,1823.833794,1870.261364,4.04145811,69.77344185,4.147096073,90.21555013,7.184109603,2.597195217,0.87710342,3.986212531,95.49311734,2.456015626,28.65196142,29.07198301,28.69879491
2863.1388,1549.811348,3112.432641,1824.097542,1870.543058,4.051611922,70.0826626,4.082893485,90.77380594,7.203422681,2.597955088,0.874522504,3.930520107,95.47704638,2.455982096,28.66750791,29.07742284,28.71520069
2863.2912,1545.76176,3104.299565,1819.312725,1865.647425,4.050940387,70.1750495,4.009067449,91.49500088,7.204351279,2.591569429,0.86972167,3.864302869,95.32998572,2.455988194,28.68416982,29.00239587,28.72191559
2863.4436,1550.573472,3113.962337,1824.955865,1871.444431,4.074484771,70.60236191,3.962840731,92.03492,7.250531882,2.600138669,0.870441048,3.821489422,95.4566571,2.45587819,28.69890191,29.09361627,28.74544279
2863.596,1551.06872,3114.956515,1825.518324,1872.030953,4.086981741,70.80856698,3.907667358,93.09697308,7.278164561,2.601509546,0.868955945,3.768821832,95.4991109,2.455765397,28.71447443,29.10383571,28.75911877
2863.7484,1552.753872,3118.340341,1827.481145,1874.053403,4.102693891,71.05276027,3.857245138,93.82981682,7.313356427,2.604935753,0.868315452,3.71978664,95.57535839,2.456038206,28.73533854,29.13637881,28.7744584
2863.9008,1548.839072,3110.477987,1822.853208,1869.3172,4.103614106,71.02468301,3.793825871,94.45381031,7.323629245,2.599017081,0.864648234,3.657820469,95.41848803,2.456573052,28.75694571,29.06384673,28.77760037
2864.0532,1552.027943,3116.881687,1826.585047,1873.153487,4.123752188,71.26020761,3.751154329,94.49224653,7.37021205,2.60510922,0.865304966,3.614197173,95.69350459,2.457212828,28.77613713,29.12461019,28.79382855
2864.2056,1549.802371,3112.411757,1823.944562,1870.454902,4.129521893,71.23104183,3.696809895,94.63736799,7.392411649,2.602156292,0.863076129,3.558684345,95.81732972,2.457614995,28.79341455,29.08376607,28.79823995
2864.358,1549.086836,3110.974381,1823.080954,1869.578408,4.139459711,71.24891539,3.647225325,94.19431931,7.4224099,2.60176676,0.861806185,3.507166442,95.90142126,2.457928015,28.80650945,29.07126092,28.80520706
2864.5104,1544.491528,3101.745393,1817.65068,1864.018548,4.139411766,71.05411877,3.589454798,93.6411094,7.433057467,2.594853351,0.858482298,3.447224208,96.45877243,2.457937302,28.81642929,28.98594785,28.80374
2864.6628,1549.190833,3111.182434,1823.157708,1869.674324,4.164987529,71.19461057,3.556130702,92.78400689,7.487008425,2.603544934,0.860604116,3.409729526,96.42610854,2.458090864,28.82562695,29.07506047,28.82015718
2864.8152,1550.009415,3112.825961,1824.097277,1870.645692,4.180408696,71.12133454,3.515164201,92.49788289,7.521485926,2.605700766,0.860683741,3.364459697,96.44253317,2.457871399,28.83163196,29.09132866,28.82805837
2864.9676,1552.337887,3117.501747,1826.813641,1873.43907,4.199956166,71.08787254,3.477623964,92.12185657,7.562779395,2.610389319,0.861614949,3.322872662,96.42573383,2.458062818,28.8349488,29.13593097,28.83869281
2865.12,1549.250975,3111.302021,1823.157143,1869.696996,4.204825026,70.78121167,3.427256261,92.01735478,7.577077304,2.605967794,0.859496221,3.269814925,96.53544151,2.458228849,28.83904679,29.07889422,28.8380018
2865.2724,1553.269299,3119.371475,1827.862049,1874.529729,4.229010393,70.72098102,3.392723829,91.79910456,7.623764385,2.613474197,0.861324912,3.233163878,96.60923342,2.458478079,28.84538639,29.15521917,28.85096789
2865.4248,1551.685357,3116.190117,1825.974602,1872.601884,4.237780539,70.38271258,3.34563112,92.12792415,7.642647257,2.611557201,0.860018091,3.185376149,96.76629916,2.458635981,28.85227816,29.12638644,28.85214805
2865.5772,1551.291865,3115.399497,1825.488262,1872.111103,4.24968453,70.07017582,3.30028233,92.17481791,7.666107614,2.611623328,0.859297123,3.140449793,96.36459408,2.458654981,28.85291832,29.11990381,28.85555936
2865.7296,1546.580327,3105.937114,1819.920603,1866.409349,4.249816352,69.5300445,3.245519923,92.20534998,7.665800591,2.604376413,0.856142227,3.087367794,96.36394684,2.458389374,28.8526862,29.03237247,28.84993698
2865.882,1550.734259,3114.278912,1824.785177,1871.406275,4.274414217,69.30030053,3.209773881,91.83394586,7.703123971,2.61194464,0.857839966,3.054051567,96.01058679,2.457841244,28.85349275,29.11126361,28.86190634
2866.0344,1550.595926,3114.000726,1824.599072,1871.223438,4.287138323,68.84531389,3.165303705,91.80129359,7.716814781,2.612236829,0.857136575,3.013269796,96.00511333,2.457174135,28.855152,29.10957261,28.86482752
2866.1868,1551.70487,3116.227395,1825.880919,1872.546203,4.30315028,68.41420796,3.121822545,91.38769839,7.734466488,2.614582175,0.85697585,2.975213131,95.62331531,2.456839467,28.85653195,29.13129802,28.87030472
2866.3392,1547.276027,3107.332747,1820.646705,1867.186601,4.30366599,67.71354276,3.065356239,91.00111872,7.722398745,2.607557063,0.853594139,2.926477312,95.67917918,2.456495238,28.86192855,29.04906534,28.86451403
2866.4916,1550.050166,3112.903555,1823.888403,1870.519807,4.323994632,67.25886579,3.021136262,90.33585467,7.739467218,2.612544177,0.853916275,2.892450348,95.67293681,2.456237527,28.86748961,29.1020685,28.87346511
2866.644,1547.507998,3107.797831,1820.874784,1867.437845,4.329324062,66.54967863,2.965292771,90.17278872,7.727878454,2.608526824,0.851173515,2.84874328,95.32808481,2.455382193,28.87002485,29.05525823,28.87153247
2866.7964,1546.610668,3105.995355,1819.796561,1866.340858,4.339160147,65.88512577,2.911099123,89.70764699,7.721217148,2.607206391,0.849161746,2.808228961,95.64568055,2.454542133,28.87234061,29.03933497,28.87317747
2866.9488,1541.946907,3096.628896,1814.286351,1860.698539,4.338497801,65.03832893,2.849744712,89.24086327,7.691498639,2.599444687,0.844989709,2.761448758,95.32627991,2.453249337,28.8750045,28.95269884,28.86720364
2867.1012,1546.715353,3106.204735,1819.874236,1866.438218,4.364313608,64.53525915,2.806192727,88.35887102,7.698644903,2.607378013,0.845785635,2.733616182,95.15182144,2.451634053,28.87045262,29.0431684,28.88093254
2867.2536,1547.716391,3108.214636,1821.029338,1867.631526,4.379456219,63.85399068,2.756227423,87.81431606,7.683081328,2.608872237,0.844454494,2.70011604,94.94853342,2.449551108,28.87081122,29.0628879,28.88693736
2867.406,1550.362119,3113.527492,1824.119675,1870.809582,4.399142159,63.21904602,2.707749743,86.87952929,7.672105854,2.613057667,0.843841606,2.669646154,94.96969364,2.44762931,28.87546488,29.11348792,28.89660249
2867.5584,1547.690634,3108.162007,1820.954029,1867.571644,4.403660055,62.35231011,2.648298367,86.01350034,7.631810759,2.608222261,0.840159654,2.629789599,94.99217263,2.445510568,28.88170319,29.06424136,28.89566051
2867.7108,1552.223792,3117.265305,1826.265666,1873.028318,4.428376932,61.74601852,2.599363698,85.01330019,7.618492351,2.615368072,0.840061765,2.602965211,95.01742547,2.443167655,28.88838951,29.15029389,28.91005828
2867.8632,1551.216837,3115.242629,1825.05951,1871.800452,4.437081394,60.90642323,2.539568873,84.79463695,7.575522535,2.61313268,0.83679525,2.566850307,94.805549,2.440660345,28.896212,29.13230286,28.91331159
2868.0156,1551.457706,3115.725907,1825.321808,1872.07888,4.449184251,60.1060898,2.480253678,84.67614441,7.535555605,2.612935528,0.834015358,2.5327958,94.38276422,2.437823084,28.90238342,29.13775008,28.91944483
2868.168,1547.404775,3107.586127,1820.532535,1867.176566,4.44890337,59.14097487,2.414235998,85.04453416,7.471115871,2.605435702,0.828840172,2.492266081,94.25728255,2.434833444,28.91155502,29.06256353,28.91704925
2868.3204,1552.221677,3117.259255,1826.179267,1872.977974,4.473854952,58.52382211,2.363792501,85.48256556,7.440093064,2.612691818,0.828264959,2.468031893,94.30880756,2.431381452,28.91948637,29.15396925,28.9333862
2868.4728,1552.717186,3118.253922,1826.742324,1873.56553,4.486174274,57.74670858,2.307475354,86.67610404,7.38516845,2.612612354,0.825329977,2.437865646,94.30970165,2.427995834,28.93171626,29.16420601,28.94100136
2868.6252,1554.403662,3121.640362,1828.706932,1875.590751,4.501794909,57.01384374,2.25216701,87.68044938,7.333197647,2.614488834,0.822903918,2.409673465,94.18767094,2.424999554,28.94605875,29.19681274,28.95132018
2868.7776,1550.484135,3113.76852,1824.076496,1870.852073,4.501129639,56.07922566,2.187859391,88.73051476,7.252468942,2.606902534,0.817401047,2.37251882,94.34664563,2.421939286,28.96103404,29.12412633,28.9505684
2868.93,1553.67532,3120.176813,1827.812064,1874.694287,4.520895058,55.43115042,2.134442102,89.31944228,7.197914868,2.611153901,0.815503653,2.347019041,94.94780033,2.418641482,28.97542446,29.18501192,28.96502231
2869.0824,1551.446179,3115.699709,1825.171199,1871.996632,4.524770638,54.59645321,2.073233592,90.16912082,7.116157697,2.606261467,0.810676424,2.313369576,95.52551953,2.415290713,28.99125141,29.14407922,28.96873538
2869.2348,1550.728519,3114.258042,1824.308597,1871.122997,4.53299708,53.83059829,2.014471515,90.43919215,7.03899993,2.603864972,0.806591478,2.282170678,95.57449377,2.411991507,29.00756137,29.13154424,28.97584655
2869.3872,1546.126741,3105.016064,1818.876525,1865.562719,4.529865721,52.96114244,1.952992524,90.55142264,6.941621174,2.594891067,0.800540678,2.246108588,95.36025373,2.408090083,29.01680167,29.04605033,28.97535167
2869.5396,1550.828839,3114.458633,1824.389815,1871.228861,4.553835238,52.49282537,1.909350639,90.2352619,6.879645506,2.601411836,0.799463115,2.225956165,95.68882405,2.404296994,29.02701284,29.13534378,28.99436136
2869.692,1551.645866,3116.098989,1825.332847,1872.207327,4.566292419,51.9256997,1.863825224,90.48338888,6.7983134,2.601372953,0.796476658,2.2014536,95.64750779,2.400298477,29.03626907,29.15164181,29.00557785
2869.8444,1553.974304,3120.774649,1828.053975,1875.009534,4.583203514,51.43538187,1.82175794,90.70703053,6.721996556,2.603851561,0.794323152,2.179462156,95.82213298,2.396381072,29.04663257,29.1963327,29.01999319
2869.9968,1550.88167,3114.563427,1824.397901,1871.270784,4.58421275,50.78953579,1.774296145,91.47140906,6.620936711,2.597241359,0.789437102,2.149750923,95.88510995,2.392618662,29.05598252,29.13917383,29.02373264
2870.1492,1554.901644,3122.636141,1829.109072,1876.114379,4.606251522,50.46106749,1.739430387,92.48459696,6.546757775,2.602510068,0.78834306,2.130751221,95.86180556,2.389095302,29.06446355,29.2156531,29.04226619
2870.3016,1553.313503,3119.446355,1827.223361,1874.191612,4.611677926,49.97287149,1.699039888,94.48432368,6.448024328,2.598398349,0.784437201,2.103986785,95.24060597,2.385732995,29.07513392,29.18675673,29.04971302
2870.454,1552.917126,3118.649943,1826.739651,1873.706985,4.620699463,49.55534907,1.661575255,96.49052259,6.353528566,2.596291569,0.781224006,2.078900231,95.36415243,2.382178386,29.08091623,29.18025679,29.05968181
2870.6064,1548.198172,3109.172706,1821.171143,1868.00695,4.616884459,49.0461665,1.622413266,98.60150598,6.240837972,2.586955634,0.775986795,2.048681243,95.88030771,2.378606397,29.09106311,29.09254013,29.06115622
2870.7588,1552.353882,3117.518038,1826.042126,1873.014938,4.639461203,48.94729703,1.600967004,100.1921837,6.16289565,2.592437705,0.775618232,2.032424995,95.86308702,2.375057409,29.10057195,29.17159084,29.08060105
2870.9112,1552.212824,3117.234383,1825.858977,1872.838758,4.64912168,48.76069077,1.578452848,101.8957798,6.067818292,2.59075185,0.773281542,2.011523733,96.09736385,2.371441457,29.10838691,29.16989245,29.09145006
2871.0636,1553.320461,3119.458439,1827.144664,1874.169189,4.66261958,48.65418413,1.559789547,102.9120218,5.97771943,2.591179193,0.771738095,1.992498138,95.52288719,2.368110287,29.11626055,29.19165899,29.10476827
2871.216,1548.884699,3110.549964,1821.909613,1868.811085,4.659642135,48.40960066,1.537343007,103.7160189,5.866451604,2.582384378,0.767568854,1.966232541,95.82394623,2.365016584,29.13178455,29.10925203,29.10722633
2871.3684,1551.65964,3116.122401,1825.156083,1872.15275,4.678497471,48.50903846,1.528984252,104.0601976,5.783689837,2.585652676,0.767392055,1.950146366,95.86966521,2.36235229,29.14490322,29.16236108,29.12411789
2871.5208,1549.112884,3111.00754,1822.142743,1869.073319,4.681389074,48.48001422,1.51759742,104.8345588,5.681593128,2.580079127,0.764733987,1.927530876,95.89676805,2.359306813,29.15257356,29.11544993,29.13055002
2871.6732,1548.212817,3109.199641,1821.065973,1867.980214,4.689372163,48.55127219,1.511236105,105.252719,5.586559464,2.577278535,0.763120284,1.907437453,95.84209528,2.356488265,29.16612934,29.09948975,29.14022241
2871.8256,1543.542476,3099.820067,1815.554034,1862.337576,4.685936046,48.56390168,1.505578297,105.6338159,5.479612156,2.568214319,0.759911033,1.883816433,95.66866456,2.353597846,29.17161826,29.0126702,29.1424602
2871.978,1548.314276,3109.402649,1821.147689,1868.086397,4.711041172,49.02299907,1.519372058,105.4921118,5.41087298,2.574904715,0.761962752,1.874418032,95.75914223,2.350735785,29.17668779,29.10332319,29.16315128
2872.1304,1549.314819,3111.41159,1822.305388,1869.284667,4.724563271,49.42129156,1.533992785,105.5608137,5.331053873,2.575344858,0.762430857,1.861823066,95.63834327,2.347733966,29.1775407,29.1230796,29.17624522
2872.2828,1551.961905,3116.727203,1825.399492,1872.469025,4.743198702,49.91990743,1.553735292,105.0597722,5.258626632,2.578557995,0.763954115,1.851800371,95.78368336,2.345392157,29.17915233,29.17378051,29.19238914
2872.4352,1549.286462,3111.353849,1822.23302,1869.231245,4.74572624,50.28413498,1.570303991,104.4598437,5.169618258,2.572955963,0.76302035,1.835494826,96.10210299,2.342965232,29.18411554,29.12442804,29.19817634
2872.5876,1553.823481,3120.464914,1827.549298,1874.694729,4.77044726,50.99210031,1.600557729,103.4929214,5.109982692,2.579405435,0.766084912,1.828725933,96.00033561,2.340817825,29.18646232,29.21065486,29.21775925
2872.74,1552.814874,3118.438991,1826.342971,1873.467218,4.778256838,51.549091,1.626709616,103.0778358,5.03358054,2.576686574,0.766555751,1.815370395,95.55829605,2.338799863,29.18972046,29.1926227,29.22657367
2872.8924,1553.055594,3118.922032,1826.605872,1873.746766,4.790032759,52.1815135,1.656219936,102.5050039,4.963145546,2.576082287,0.767822184,1.803567561,95.43717,2.337007701,29.19533213,29.19807731,29.23769279
2873.0448,1548.998238,3110.773451,1821.813444,1868.840518,4.788517527,52.70701966,1.683567153,102.2200523,4.881772408,2.568377289,0.767142869,1.787370278,95.87669063,2.335185893,29.20276759,29.12273119,29.24046295
2873.1972,1553.820173,3120.456661,1827.463904,1874.64653,4.814167956,53.63895508,1.72711206,101.8080982,4.836826024,2.575468392,0.771313219,1.783412107,96.44784891,2.333245714,29.20852053,29.21432223,29.25983719
2873.3496,1554.316393,3121.452752,1828.026939,1875.23367,4.826272623,54.45749101,1.768173575,102.041025,4.781530201,2.575424142,0.773505059,1.775272178,96.5277033,2.33145895,29.21860037,29.22457631,29.27070325
2873.502,1556.004972,3124.843404,1829.992303,1877.259298,4.842122509,55.34505477,1.811937418,102.0379356,4.732228261,2.577387947,0.776410969,1.768648146,96.25011565,2.330245825,29.23473033,29.25724667,29.28366454
2873.6544,1552.08192,3116.964509,1825.357804,1872.514611,4.84060724,56.05319988,1.849725817,102.1468524,4.667845958,2.570076268,0.776577861,1.755496515,96.38443277,2.329214592,29.25118928,29.18440593,29.28592893
2873.8068,1555.277226,3123.381014,1829.094745,1876.35749,4.861153108,57.08339618,1.899039771,101.8898444,4.632803171,2.574610234,0.780544711,1.751224772,96.75166261,2.328294557,29.26710089,29.24541365,29.30130304
2873.9592,1553.046747,3118.901201,1826.450614,1873.65434,4.864746132,57.93463513,1.942486676,102.0505582,4.584014779,2.570186485,0.781858854,1.740934542,96.89834868,2.327183055,29.28562774,29.20439236,29.30628841
2874.1116,1552.329414,3117.460142,1825.585844,1872.776504,4.87302046,58.86124877,1.988773044,101.798875,4.542684726,2.56828645,0.784015163,1.732700207,96.47713811,2.326273003,29.30316543,29.19182755,29.31395226
2874.264,1547.723995,3108.21081,1820.148305,1867.207678,4.868832464,59.65816818,2.031513313,101.5809522,4.494097017,2.559967827,0.78430553,1.721089381,96.81069878,2.324912757,29.316769,29.1061528,29.31403572
2874.4164,1552.432206,3117.665462,1825.663493,1872.87457,4.893231185,60.8552528,2.089289619,101.012766,4.483648831,2.567100017,0.789514557,1.722011559,97.98576638,2.323647196,29.32423622,29.1956271,29.33104408
2874.5688,1553.251349,3119.30988,1826.605164,1873.849524,4.905009132,61.91504639,2.143054027,100.9586985,4.466393097,2.567819153,0.792823805,1.719710869,98.01063224,2.322121889,29.32521821,29.21195495,29.34038937
2874.7212,1555.583488,3123.992749,1829.326115,1876.64971,4.921397976,63.04320117,2.198893222,100.5981442,4.456669372,2.571041112,0.796899897,1.719469727,98.14461201,2.321198597,29.32817208,29.25673443,29.35236681
2874.8736,1552.48896,3117.777529,1825.665375,1872.903115,4.920563575,63.95348662,2.246434681,100.3409179,4.433795493,2.565287044,0.798151158,1.713222498,99.15803923,2.320232746,29.33966067,29.19945343,29.35412017
2875.026,1556.514504,3125.861105,1830.37749,1877.745943,4.94185777,65.15654802,2.303059155,99.73966773,4.439693514,2.571309511,0.80299727,1.715397031,97.83608114,2.319675826,29.35144841,29.27608703,29.36874019
2875.1784,1554.926165,3122.670629,1828.488071,1875.816366,4.945277213,66.12242232,2.350262289,99.5929556,4.4318628,2.568057692,0.804880345,1.711147056,98.69918843,2.319140019,29.36649462,29.24712703,29.37283206
2875.3308,1554.530843,3121.876006,1828.001569,1875.326074,4.952375323,67.12938147,2.397728512,99.07013082,4.429983023,2.566767852,0.80728261,1.708021618,98.0207556,2.318488599,29.38356734,29.24060977,29.37907524
2875.4832,1549.808455,3112.391545,1822.426706,1869.615776,4.945412084,67.93187183,2.437333665,98.60317433,4.419063512,2.558332972,0.807373287,1.700404559,97.02318957,2.317974568,29.39642405,29.15270779,29.37711658
2875.6356,1553.969935,3120.747961,1827.298433,1874.622556,4.965898239,69.07863977,2.488331909,97.84263016,4.4431769,2.564576858,0.811950323,1.703746736,96.75325349,2.317464724,29.41324178,29.23191808,29.39110512
2875.788,1553.830158,3120.466385,1827.112525,1874.440681,4.972269273,70.01497487,2.531128162,97.67369265,4.458549838,2.563727364,0.81420213,1.702753453,96.43579982,2.316966168,29.43146371,29.23021229,29.39687296
2875.9404,1554.94032,3122.69497,1828.396495,1875.766793,4.98242342,70.98864223,2.57389167,97.34358,4.479970551,2.564920926,0.816957079,1.703047252,96.02034578,2.316479329,29.44986567,29.25201997,29.40486281
2876.0928,1550.501243,3113.779333,1823.155294,1870.398762,4.974682535,71.68973648,2.605549978,97.30580257,4.487080989,2.556938499,0.816657605,1.697070889,96.13516964,2.316320059,29.4713455,29.16943871,29.40251522
2876.2452,1553.280248,3119.35928,1826.401488,1873.738087,4.989418193,72.65977491,2.645084513,97.18610474,4.521780067,2.560838985,0.819877487,1.699475686,96.09162907,2.316488081,29.49870715,29.22265366,29.41310117
2876.3976,1550.731922,3114.240653,1823.383663,1870.651025,4.986833939,73.36124654,2.673801283,97.77300317,4.543103503,2.555940788,0.820150124,1.696066417,96.4870957,2.316096787,29.52505928,29.17564163,29.41368149
2876.55,1549.831875,3112.432132,1822.303844,1869.552233,4.989220873,74.11310288,2.703401182,98.15198973,4.571764864,2.553737286,0.821132897,1.694683832,97.03507544,2.315920318,29.55471222,29.15964454,29.41715647
2876.7024,1545.157481,3103.043774,1816.785945,1863.900322,4.978967176,74.64541031,2.725003498,98.59268179,4.592250835,2.545311337,0.820015908,1.689906302,96.85975967,2.315544198,29.58010478,29.07264156,29.41331918
2876.8548,1549.934847,3112.636696,1822.381377,1869.6499,4.997986319,75.52478387,2.758975673,98.58194111,4.647977859,2.552461476,0.82365524,1.697031872,97.43284619,2.315007928,29.59960178,29.16347797,29.42633626
2877.0072,1550.936875,3114.647809,1823.537966,1870.845389,5.004276119,76.17921318,2.784715847,98.8599815,4.69546279,2.553398722,0.825184026,1.700843245,97.47728949,2.314132738,29.61241799,29.1832713,29.43198475
2877.1596,1553.587009,3119.968683,1826.632427,1874.028977,5.015521683,76.87934162,2.81144636,98.59400815,4.749865329,2.557028834,0.827433106,1.7068233,97.69373688,2.313775336,29.63299743,29.23407309,29.44049168
2877.312,1550.908916,3114.589205,1823.462205,1870.78535,5.009378211,77.28310913,2.826797933,98.21579883,4.788785736,2.551867449,0.826720468,1.707088491,99.86781346,2.313358203,29.65129138,29.18461473,29.439029
2877.4644,1555.450585,3123.708651,1828.78069,1876.250761,5.02587776,77.93623436,2.850300197,97.43852052,4.852729283,2.558566283,0.829558281,1.715800183,99.76724756,2.313102232,29.66587439,29.27101584,29.45047324
2877.6168,1554.44073,3121.679329,1827.572265,1875.019832,5.024306853,78.277963,2.861480975,97.16708021,4.89995449,2.556114963,0.829291196,1.718229852,99.89217325,2.312820502,29.6740511,29.25294254,29.45160277
2877.7692,1554.681401,3122.161339,1827.834161,1875.297452,5.026604674,78.64227836,2.872583679,96.67508342,4.951629079,2.555700422,0.82952989,1.721860299,99.53643637,2.312434262,29.68763992,29.25840455,29.45499631
2877.9216,1550.619422,3114.00259,1823.037396,1870.385142,5.014720692,78.73628895,2.873700904,96.37151605,4.990023963,2.548215561,0.827369122,1.720800659,99.42058015,2.311959174,29.7045553,29.18289885,29.45031537
2878.074,1555.44582,3123.69369,1828.69074,1876.194417,5.030742315,79.1362722,2.886389778,95.89208826,5.058098458,2.55536376,0.82972727,1.73031839,99.60526061,2.311285504,29.72340375,29.27467521,29.46157283
2878.2264,1555.941913,3124.68852,1829.253306,1876.780657,5.03245091,79.26224654,2.888984551,96.02931382,5.112525905,2.555409674,0.829676802,1.735149543,100.0466988,2.310606976,29.74976505,29.28494661,29.464669
2878.3788,1557.631534,3128.080219,1831.219225,1878.806762,5.037881331,79.40594525,2.891968852,95.96804425,5.170480786,2.557409135,0.830162834,1.741270393,100.4087263,2.31020566,29.77417381,29.3176806,29.46989893
2878.5312,1553.703595,3120.190567,1826.580923,1874.057125,5.025107528,79.22572432,2.883247836,96.05592764,5.208696243,2.550177116,0.827600126,1.741091405,99.13449209,2.309661439,29.79689138,29.24468553,29.46471624
2878.6836,1556.901266,3126.610736,1830.31989,1877.902605,5.034945072,79.2849974,2.884342172,95.85913514,5.268398072,2.554656968,0.828712456,1.749420673,99.37496023,2.309100322,29.81632356,29.30581538,29.47232521
2878.836,1554.667408,3122.123165,1827.673604,1875.196874,5.027110781,79.03130624,2.874223944,96.09844288,5.308806629,2.550222177,0.82687744,1.751772272,99.31902706,2.308360266,29.8365195,29.26470551,29.46979383
2878.9884,1553.948191,3120.677324,1826.807976,1874.318184,5.024014027,78.81497287,2.86605019,95.86687154,5.353267119,2.548277935,0.825811483,1.756091245,99.40716558,2.307797189,29.84542138,29.25211086,29.46992381
2879.1408,1549.336764,3111.415027,1821.366612,1868.744843,5.008046861,78.35302729,2.850165371,95.46841434,5.383121362,2.5399783,0.822679185,1.756492003,99.26279659,2.306834181,29.84610482,29.16625528,29.46260518
2879.2932,1554.048534,3120.875755,1826.885517,1874.416911,5.021566255,78.22566536,2.84948759,94.50144158,5.441318997,2.547040376,0.824514309,1.768511269,99.79603786,2.30616437,29.8404298,29.25591041,29.472135
2879.4456,1554.867129,3122.518114,1827.827936,1875.393368,5.022193046,77.85278378,2.841179997,93.84614261,5.48460366,2.547758915,0.824300916,1.776668545,99.63703038,2.305252509,29.82004132,29.2722681,29.47417685
2879.598,1557.200258,3127.201993,1830.55089,1878.196691,5.027602679,77.516428,2.835663422,92.85277217,5.531201692,2.550983871,0.824950124,1.787044438,99.66210164,2.30471817,29.80298676,29.31713617,29.47884655
2879.7504,1554.10106,3120.976567,1826.887921,1874.447914,5.015484927,76.8769037,2.820496044,92.09990762,5.556100503,2.545325891,0.82279999,1.791546594,99.72482183,2.304282382,29.78555032,29.25973303,29.47330492
2879.9028,1558.129293,3129.064588,1831.603521,1879.295853,5.02627006,76.48552286,2.817874117,91.38435184,5.599687803,2.551404023,0.824576949,1.804900311,99.03637757,2.304206866,29.77304739,29.33652096,29.48072412
2880.0552,1556.537817,3125.86702,1829.713186,1877.365837,5.019002102,75.78594497,2.804970076,91.60734302,5.620410587,2.548295211,0.823442047,1.811878931,99.54712219,2.303924054,29.76428451,29.30749733,29.47761444
2880.2076,1556.140627,3125.06784,1829.226702,1876.87627,5.015686515,75.11244812,2.79441063,91.96683597,5.642256864,2.54716685,0.823034162,1.820344729,99.08976191,2.303781193,29.75224419,29.30096275,29.47664293
2880.36,1551.41193,3115.570047,1823.648434,1871.162341,4.998430747,74.19698869,2.77614872,92.73655777,5.645255158,2.538985169,0.820414024,1.823702219,98.7941251,2.303555468,29.74210394,29.21287545,29.46751275
2880.5124,1555.576368,3123.931582,1828.523786,1876.174375,5.009740263,73.61469106,2.774153425,93.37801043,5.672369936,2.54546188,0.822709927,1.83772799,98.8099801,2.303317553,29.73535119,29.29224531,29.47488994
2880.6648,1555.435155,3123.646452,1828.338095,1875.993407,5.007179311,72.79373288,2.764530475,94.506771,5.680602844,2.544936969,0.822816964,1.846677757,98.20240442,2.302799689,29.72856704,29.29053213,29.4741416
2880.8172,1556.545245,3125.874219,1829.623219,1877.321555,5.008773718,72.00226327,2.757979346,95.17444736,5.689839155,2.546496687,0.823748481,1.85731244,97.96138283,2.302541121,29.7204137,29.31238095,29.47566615
2880.9696,1552.10043,3116.946565,1824.37875,1871.949902,4.992649567,70.93226596,2.742590351,95.65501119,5.675564934,2.538994228,0.821894843,1.86148879,98.27984187,2.302494151,29.72088633,29.2296254,29.46671929
2881.122,1554.881262,3122.529562,1827.627344,1875.29272,4.999945742,70.13697314,2.742184243,95.54257508,5.679199723,2.543398019,0.82419585,1.874674774,98.13691979,2.302848679,29.72519003,29.28294625,29.4713283
2881.2744,1552.329316,3117.403238,1824.6077,1872.203771,4.990185875,69.08181811,2.733492064,95.66049911,5.660188209,2.539108093,0.823823412,1.881739392,98.21878239,2.302742733,29.72562832,29.23583333,29.46580248
2881.4268,1551.42741,3115.590558,1823.527339,1871.10466,4.985801421,68.08675993,2.729331869,95.29398994,5.64369892,2.537557904,0.824513191,1.891175447,98.53936927,2.302879969,29.72794008,29.21979932,29.4632833
2881.5792,1546.747325,3106.190506,1818.005919,1865.448623,4.969242037,66.923322,2.719909721,94.92031689,5.610505027,2.52987327,0.823316421,1.896111535,98.36898916,2.303095202,29.72602742,29.13261292,29.45353383
2881.7316,1551.528872,3115.791402,1823.605277,1871.203452,4.983103846,66.15862208,2.730004364,94.27852713,5.603707308,2.53777427,0.827429069,1.912543705,98.75928713,2.303090265,29.71104337,29.22363275,29.4619387
2881.884,1552.531254,3117.802968,1824.762817,1872.40039,4.984774237,65.22952693,2.734734034,94.23620905,5.580357849,2.539543355,0.829644563,1.924450452,98.19568756,2.302823595,29.6928494,29.243463,29.46312425
2882.0364,1555.183511,3123.127844,1827.859494,1875.586975,4.991807953,64.36527911,2.744184579,94.03931488,5.559881842,2.544052947,0.832927658,1.938726481,98.05518423,2.303153582,29.68030392,29.29436568,29.4674175
2882.1888,1552.502129,3117.741683,1824.687239,1872.340901,4.981835687,63.28095417,2.745848107,94.03448832,5.517936658,2.539862895,0.83350636,1.946518895,98.94882203,2.303564609,29.67251841,29.24480142,29.46161565
2882.3412,1557.048101,3126.86955,1830.0093,1877.810865,4.995365636,62.50792182,2.76357179,93.81171152,5.495148952,2.547566207,0.838245441,1.963027524,98.96401798,2.304258662,29.67037121,29.33137681,29.46991019
2882.4936,1556.036918,3124.837534,1828.800015,1876.578798,4.991250008,61.51211699,2.772719568,94.10131625,5.450094149,2.546198822,0.840130137,1.972547307,98.95418418,2.304715065,29.66834665,29.31326239,29.4677051
2882.646,1556.27764,3125.319602,1829.061968,1876.856367,4.991359504,60.57533231,2.785452649,94.08008583,5.406665148,2.546904109,0.842823278,1.983517969,97.3968701,2.305482304,29.67148756,29.31873178,29.46798239
2882.7984,1552.211373,3117.152366,1824.261811,1871.939571,4.977809527,59.49898203,2.791332958,94.09808171,5.34626337,2.540581681,0.843217856,1.988398322,96.8657168,2.305867038,29.67863725,29.24306651,29.46023912
2882.9508,1557.042803,3126.853498,1829.918687,1877.753027,4.993095006,58.84087749,2.81551352,93.78325709,5.312021183,2.548878826,0.848510535,2.003119974,98.18366954,2.306136147,29.69054698,29.33502819,29.47017995
2883.1032,1557.539567,3127.849761,1830.481317,1878.338991,4.994624119,58.0448183,2.832464682,93.93531505,5.261135524,2.550102398,0.851462478,2.01162453,98.34698211,2.306384019,29.70586756,29.3453169,29.47206708
2883.2556,1559.231172,3131.245507,1832.448165,1880.365848,5.000170424,57.31078814,2.852493888,93.76396539,5.21270666,2.553296687,0.855137044,2.021264622,98.40356576,2.306927296,29.72976585,29.37811453,29.47646215
2883.408,1555.299515,3123.348616,1827.806292,1875.611198,4.987847477,56.38938762,2.863093414,93.65301346,5.14470251,2.547286538,0.855775137,2.023205352,97.93232348,2.307451488,29.75140699,29.30496513,29.47037711
2883.5604,1558.500941,3129.776365,1831.547198,1879.458551,4.998702814,55.81482174,2.889068004,93.22771248,5.098904791,2.552975957,0.860359256,2.03295938,97.77448675,2.308064729,29.77568026,29.36621711,29.47871403
2883.7128,1556.265319,3125.285455,1828.898519,1876.749152,4.992238701,55.06741828,2.905895874,93.3202952,5.034750527,2.54976483,0.861988054,2.035313447,97.26505593,2.308885241,29.80691039,29.32501865,29.47687418
2883.8652,1555.545949,3123.839478,1828.031647,1875.868214,4.990720924,54.41046094,2.926413637,93.18905271,4.975530006,2.54904066,0.864459132,2.039189013,98.07321798,2.309841852,29.83549799,29.31239418,29.47819322
2884.0176,1550.930404,3114.569223,1822.585968,1870.288717,4.976709743,53.67923398,2.940117136,93.28305385,4.904765655,2.541931636,0.864671313,2.037146203,97.89537704,2.310339733,29.84771161,29.22635776,29.47231952
2884.17,1555.647741,3124.041209,1828.107873,1875.963858,4.992739706,53.433489,2.9726478,93.26164142,4.865952187,2.550112093,0.869820992,2.045003701,99.37624031,2.310765045,29.85390826,29.31619372,29.48534936
2884.3224,1556.467927,3125.686974,1829.050234,1876.939516,4.996245787,53.11491757,2.998061751,93.91733567,4.816124801,2.551903598,0.872680814,2.046913364,98.71201557,2.310774888,29.84703988,29.33258124,29.49118681
2884.4748,1558.804221,3130.377371,1831.774313,1879.743535,5.004622476,52.89464665,3.026725511,94.40175528,4.772564856,2.556169638,0.876300376,2.050124546,98.6814105,2.311079732,29.84595992,29.3775379,29.50028416
2884.6272,1555.7026,3124.147375,1828.108186,1875.990048,4.995558605,52.53106213,3.045108924,95.00512201,4.714106844,2.551501347,0.876775928,2.0455358,99.49689838,2.311334807,29.84850241,29.32001263,29.49935057
2884.7796,1559.735786,3132.245403,1832.826201,1880.840324,5.00951479,52.55371687,3.077898612,95.25194282,4.682046534,2.558488784,0.880958275,2.048082475,97.97631479,2.311819072,29.85700206,29.39695489,29.51306809
2884.932,1558.143479,3129.04636,1830.933854,1878.907053,5.005473,52.42654703,3.099806804,95.87781052,4.634678375,2.556228358,0.881876808,2.042554274,99.26970082,2.312075513,29.86495959,29.36786763,29.51641327
2885.0844,1557.74668,3128.2481,1830.446293,1878.41543,5.005323507,52.3943791,3.124008431,96.09057269,4.59327406,2.555898939,0.883315656,2.037660719,99.03491453,2.312296814,29.87332371,29.36131573,29.52247084
2885.2368,1553.013893,3118.742343,1824.863569,1872.695204,4.991278416,52.29373844,3.139099342,96.31125016,4.54186516,2.548423128,0.882070882,2.02592374,97.74802169,2.312315425,29.88187874,29.27304311,29.52063804
2885.3892,1557.183396,3127.114036,1829.74148,1877.709845,5.005873334,52.69524945,3.171092701,96.21730576,4.524173669,2.555480483,0.885309774,2.022843936,97.41560716,2.312169329,29.89325584,29.35257255,29.53676009
2885.5416,1557.042784,3126.830214,1829.555001,1877.527296,5.006635426,53.02475652,3.193704321,96.6261791,4.496857917,2.555433765,0.885867385,2.012989579,97.80291166,2.311760577,29.90353056,29.35085198,29.54500122
2885.694,1558.15473,3129.061735,1830.840341,1878.855173,5.011410333,53.45320215,3.218215914,96.75526214,4.476543028,2.55740543,0.886919695,2.003693769,97.47794524,2.311355298,29.91694887,29.37274192,29.55603952
2885.8464,1553.705994,3120.12635,1825.59176,1873.477834,4.998281435,53.73595619,3.230619787,96.94702296,4.443281561,2.550217026,0.884627032,1.986386758,97.48032869,2.31083808,29.93658471,29.28981209,29.5568982
2885.9988,1556.490298,3125.716205,1828.841949,1876.822244,5.008328863,54.42694928,3.256412005,96.80035439,4.43951542,2.554816245,0.885918911,1.975973102,97.0460439,2.310516756,29.94642279,29.34323883,29.57226505
2886.1512,1553.936267,3120.5857,1825.819758,1873.729711,5.001135521,54.97554647,3.270515142,97.08730285,4.423892133,2.550622408,0.884002765,1.958048308,96.70423553,2.309774818,29.95427987,29.29602502,29.57782098
2886.3036,1553.033922,3118.772067,1824.738191,1872.62877,4.999126225,55.64108402,3.287348912,97.04824203,4.417458203,2.549100725,0.882791633,1.941363013,97.36913323,2.309292608,29.96788169,29.27995411,29.58680411
2886.456,1548.349425,3109.363204,1819.212683,1866.967327,4.984797122,56.2469271,3.295252545,97.09054645,4.404782256,2.541334962,0.879165662,1.91914163,98.08374058,2.308538596,29.97681521,29.19258428,29.58876553
2886.6084,1553.136236,3118.974453,1824.815474,1872.726331,5.000707451,57.38795287,3.320667111,96.85410007,4.429787534,2.549022584,0.88025096,1.906504202,99.32955601,2.307643285,29.97606455,29.28378754,29.60892601
2886.7608,1554.139908,3120.98851,1825.973566,1873.923877,5.004288635,58.46004685,3.336942959,97.09986742,4.448432313,2.550468115,0.878933638,1.888467359,98.40120216,2.306396939,29.96963012,29.3036547,29.62195738
2886.9132,1556.795094,3126.319096,1829.072144,1877.112837,5.013027781,59.64655952,3.355656226,96.97465269,4.476186013,2.554588385,0.87830977,1.871710837,98.24900193,2.305443344,29.97007487,29.35465826,29.638191
2887.0656,1554.111057,3120.927563,1825.897672,1873.864004,5.004459743,60.66618338,3.361838523,96.77912076,4.491883605,2.549918563,0.87448882,1.848005799,99.541137,2.304284141,29.97219406,29.3049881,29.64455855
2887.218,1558.661738,3130.064603,1831.223252,1879.338532,5.018987465,62.09243379,3.380761436,96.07947412,4.537138962,2.557037589,0.874212423,1.831439804,99.41425378,2.303171692,29.97901186,29.39173779,29.66445777
2887.3704,1557.649456,3128.030226,1830.013181,1878.105654,5.015542018,63.33157343,3.386681164,95.68058732,4.569258125,2.554999757,0.870642996,1.807785953,99.70790473,2.301742708,29.98060236,29.37358223,29.67413815
2887.5228,1557.890314,3128.512355,1830.275364,1878.383741,5.016061066,64.6645107,3.394285625,94.88348244,4.608581475,2.554980984,0.867564947,1.784982043,97.77377308,2.300184001,29.98463981,29.37905902,29.68620909
2887.6752,1553.819669,3120.336247,1825.47213,1873.463332,5.002649381,65.87105082,3.391452902,94.21207546,4.638282811,2.547857247,0.861877819,1.756826106,97.407359,2.298489691,29.98897529,29.30323417,29.69023429
2887.8276,1558.655813,3130.04655,1831.132988,1879.28214,5.017758388,67.57836877,3.404835076,93.42817426,4.702170989,2.555261887,0.860624889,1.737932205,98.99533027,2.296590372,29.99715435,29.39538118,29.71014187
2887.98,1559.152755,3131.043014,1831.696262,1879.869282,5.018871123,69.14331174,3.407530796,93.42252787,4.755699176,2.555523224,0.856782667,1.713816277,99.13582892,2.29442075,30.00365544,29.4056872,29.72189125
2888.1324,1560.845736,3134.441317,1833.664714,1881.898553,5.023805072,70.78989793,3.411529403,93.43778686,4.81501426,2.557720811,0.853433286,1.69061248,99.30087274,2.292441142,30.01458898,29.43854846,29.73570891
2888.2848,1556.909599,3126.535388,1829.020076,1877.140828,5.010598174,72.19678438,3.402003515,93.81523863,4.858171759,2.550678523,0.846892352,1.661113101,98.48111125,2.290258556,30.02506025,29.36524474,29.73918295
2888.4372,1560.113839,3132.968563,1832.763861,1880.992262,5.020236601,73.98227879,3.404792755,94.07704022,4.927569308,2.555293355,0.843940698,1.639258605,98.41232768,2.287967104,30.0328943,29.42661885,29.75491406
2888.5896,1557.875372,3128.471878,1830.113835,1878.281634,5.012311574,75.51684219,3.394453256,94.88969486,4.981017077,2.550981847,0.837953304,1.611619347,97.83599784,2.285584204,30.03978437,29.38533179,29.76062501
2888.742,1557.154699,3127.023191,1829.246825,1877.400999,5.009203843,77.13021873,3.386203571,95.34377474,5.040483573,2.549146584,0.832703856,1.585669208,98.72183458,2.283216874,30.04042954,29.37267749,29.76879033
2888.8944,1552.533791,3117.742244,1823.798006,1871.818019,4.993465108,78.55712992,3.368510056,95.72435396,5.0883589,2.540919834,0.82531573,1.556256619,98.47564063,2.280314255,30.03256893,29.28646023,29.76940814
2889.0468,1557.255338,3127.222613,1829.324165,1877.499003,5.00760927,80.46800681,3.368357388,95.59697818,5.168784693,2.547968073,0.822772891,1.537679006,100.1773007,2.277586052,30.02185626,29.37647704,29.78548697
2889.1992,1558.075687,3128.868804,1830.267768,1878.476696,5.009136668,82.17554193,3.358692219,95.74505981,5.236832229,2.548632752,0.818141827,1.515874739,99.86679198,2.274662446,30.00340048,29.39289438,29.7939425
2889.3516,1560.413708,3133.56276,1832.994282,1881.284239,5.015508936,83.95080663,3.351125093,95.42621197,5.309430456,2.551788617,0.814312204,1.496095971,99.92010826,2.271669881,29.98459126,29.43793963,29.80459798
2889.504,1557.3082,3127.325247,1829.326337,1877.52888,5.004366503,85.41834626,3.330884146,95.09743077,5.362479867,2.54605333,0.807662821,1.471646394,100.1096114,2.268953406,29.97392034,29.38029223,29.80506378
2889.6564,1561.34484,3135.430397,1834.048158,1882.384343,5.01612332,87.23608459,3.323648558,94.46993271,5.437959448,2.552012739,0.804786558,1.455873381,98.88116344,2.266467528,29.96287165,29.45738882,29.81688407
2889.8088,1559.750188,3132.227021,1832.155202,1880.450657,5.009800779,88.72011232,3.303483192,94.39188911,5.492616322,2.548777474,0.799041399,1.435420511,99.98158476,2.263882517,29.94122285,29.42823793,29.81822417
2889.9612,1559.35229,3131.426939,1831.667959,1879.959751,5.007352544,90.24599397,3.285166026,94.10436846,5.54962732,2.547512053,0.793989442,1.416938926,99.53291566,2.261389924,29.92186642,29.42166872,29.8211246
2890.1136,1554.613937,3121.910587,1826.082163,1874.235918,4.990984989,91.49405044,3.257593288,93.96397387,5.589629996,2.539165992,0.786831291,1.395691865,98.1191881,2.259087811,29.91295218,29.33321077,29.8155716
2890.266,1558.787038,3130.290003,1830.964035,1879.255766,5.003218648,93.1836696,3.248071936,93.56892977,5.657402114,2.545408703,0.784464389,1.385695847,97.67245989,2.256765841,29.90495791,29.41289978,29.82412575
2890.4184,1558.64559,3130.005187,1830.778144,1879.074122,5.001630717,94.58237703,3.229351998,93.6675802,5.707562882,2.544620398,0.780046387,1.373118147,97.10736702,2.254134651,29.89658965,29.41117182,29.82425413
2890.5708,1559.75801,3132.238368,1832.06505,1880.404096,5.004114493,96.02121588,3.212824022,93.4652488,5.759212998,2.545903969,0.776393057,1.362804033,96.91530746,2.252188028,29.89026853,29.4331029,29.82594154
2890.7232,1555.304038,3123.293383,1826.813663,1875.023289,4.988775686,97.08761906,3.184581623,93.33731856,5.787481105,2.53812437,0.770083488,1.348575315,96.64314958,2.250214967,29.87808419,29.34999877,29.81706343
2890.8756,1558.090561,3128.888565,1830.06676,1878.371378,4.99667805,98.49852894,3.170990168,92.9278744,5.835906192,2.542219219,0.767733748,1.343804613,96.37383889,2.248521816,29.85959279,29.40353142,29.8195125
2891.028,1555.533271,3123.752572,1827.043283,1875.27719,4.987448189,99.52796863,3.146172201,93.0297539,5.861263705,2.537622211,0.762895496,1.335536226,95.81200427,2.246658437,29.84262523,29.35621672,29.81171236
2891.1804,1554.629376,3121.936915,1825.961742,1874.176217,4.983513431,100.6031865,3.124703323,92.84875278,5.889046928,2.535757351,0.759086714,1.330233502,96.51751154,2.245060232,29.82601916,29.34010889,29.80607958
2891.3328,1549.939446,3112.518405,1820.43331,1868.510982,4.967404292,101.366138,3.09640386,92.74252587,5.899462521,2.527745987,0.753680148,1.323474984,96.52850003,2.243567595,29.8046393,29.25255564,29.79269145
2891.4852,1554.730563,3122.139522,1826.040693,1874.275618,4.981646592,102.5866316,3.089013475,92.32523204,5.938539823,2.535266384,0.753481456,1.329085102,96.60475825,2.242045821,29.77416542,29.34394232,29.79474944
2891.6376,1555.734664,3124.155823,1827.200416,1875.475023,4.983725497,103.485747,3.074761099,92.3979596,5.959974277,2.536643238,0.751702554,1.333227481,96.47612297,2.240379333,29.73726411,29.3638464,29.78911769
2891.79,1558.391992,3129.492123,1830.301938,1878.667465,4.991103324,104.4368406,3.06415857,92.2153444,5.983936009,2.540752227,0.750945742,1.340266964,96.12837379,2.239074372,29.70842361,29.41495084,29.78578855
2891.9424,1555.704636,3124.095504,1827.126197,1875.416761,4.981373759,104.9919445,3.043563938,92.20399474,5.984468162,2.536175048,0.747770493,1.34372833,97.10679352,2.2381764,29.68361233,29.36517479,29.77208068
2892.0948,1560.259454,3133.242412,1832.456234,1880.896575,4.994882591,105.9113053,3.039404883,92.03028691,6.005727603,2.543469654,0.748566336,1.35651035,96.92332588,2.237714036,29.66662738,29.45209877,29.77040788
2892.2472,1559.245631,3131.206648,1831.246209,1879.663372,4.990606734,106.4142019,3.024768685,92.48971714,6.002572038,2.541713084,0.746842833,1.365385589,96.33895665,2.237326187,29.64649735,29.43390207,29.75793018
2892.3996,1559.48626,3131.690053,1831.509418,1879.942329,4.990398251,106.9546112,3.013363339,92.77332061,6.000977923,2.542029093,0.745921977,1.376525472,96.19607176,2.237265433,29.62634397,29.43938625,29.74713832
2892.552,1555.410988,3123.506512,1826.703789,1875.018431,4.97641042,107.1412045,2.995283579,93.19672244,5.980493839,2.535328762,0.743176145,1.385161714,95.88276554,2.237303908,29.60527147,29.36340183,29.72766463
2892.7044,1560.251667,3133.227737,1832.369308,1880.842591,4.991008256,107.7897785,2.998923196,93.30662949,5.98867126,2.543211672,0.745298447,1.404962343,95.50338584,2.237528629,29.58482087,29.45573416,29.72394314
2892.8568,1560.748723,3134.226347,1832.933791,1881.430691,4.99176039,108.0822878,2.995792605,93.81732945,5.977978187,2.544032906,0.745569834,1.422029622,95.86008178,2.237757922,29.56561604,29.4660575,29.71161599
2893.0092,1562.443065,3137.629313,1834.904387,1883.46207,4.996408045,108.4293142,2.996242945,93.90496328,5.969813018,2.546822167,0.746554567,1.440900733,95.85405603,2.238428936,29.55334504,29.49898239,29.70119397
2893.1616,1558.502543,3129.716598,1830.257415,1878.700789,4.983085101,108.3751707,2.987243575,93.93705352,5.938953258,2.540435578,0.744928165,1.454919198,95.81396189,2.2392897,29.54608771,29.42552434,29.67976708
2893.314,1561.709731,3136.157677,1834.004535,1882.555782,4.992681522,108.7336248,2.996500836,93.566512,5.932034034,2.545731218,0.747100605,1.477177409,96.18531792,2.240315476,29.53882785,29.48702058,29.67176518
2893.4664,1559.468658,3131.657806,1831.353511,1879.843241,4.984898426,108.6932011,2.9965345,93.61708343,5.903017041,2.542158494,0.746763898,1.494630195,96.29502461,2.241542249,29.53071175,29.44564494,29.65308148
2893.6188,1558.746937,3130.20906,1830.48671,1878.962209,4.981996968,108.7297911,3.001149631,93.3735352,5.878612717,2.54107281,0.747284491,1.513942426,96.73722236,2.243050312,29.51512091,29.4329608,29.63715684
2893.7712,1554.120994,3120.920077,1825.035,1873.374935,4.966603605,108.4405291,3.000615165,93.26019177,5.838925568,2.533628769,0.74614044,1.530115951,96.32460596,2.244529128,29.50245173,29.34656271,29.61345024
2893.9236,1558.847068,3130.411535,1830.565711,1879.06101,4.981083705,108.677683,3.024439852,92.95858553,5.833412492,2.541445069,0.749981597,1.556943607,96.00454495,2.246419842,29.48550304,29.43676035,29.60866334
2894.076,1559.667955,3132.060815,1831.51076,1880.039897,4.983075985,108.5915237,3.042943081,93.26968411,5.812942013,2.542900667,0.752128676,1.580365384,95.87542358,2.248091841,29.45928715,29.45320753,29.59636992
2894.2284,1562.00806,3136.760939,1834.239936,1882.850184,4.989923032,108.6025054,3.066416148,93.43418248,5.798764106,2.54682992,0.755059918,1.605207058,96.26808082,2.250020951,29.43437835,29.49834136,29.58744729
2894.3808,1558.899069,3130.518407,1830.570316,1879.092136,4.979360067,108.2434826,3.081062702,93.79440504,5.765529146,2.541866217,0.755357302,1.624111774,96.53823418,2.252485995,29.41174965,29.44057183,29.56799713
2894.5332,1562.939518,3138.633114,1835.296164,1883.95212,4.991627185,108.3515487,3.11547908,93.93438516,5.761140668,2.548544751,0.759290926,1.650138891,96.33485093,2.255385637,29.39208592,29.51782275,29.56418217
2894.6856,1561.342922,3135.427716,1833.402733,1882.017315,4.985905441,108.0808165,3.140338907,94.53991149,5.737084708,2.546023562,0.760470704,1.669765932,96.16344581,2.258486768,29.365224,29.48860822,29.54950956
2894.838,1560.944293,3134.628013,1832.915971,1881.526517,4.984007407,107.9028568,3.169636564,94.75355419,5.71931342,2.545440612,0.76222277,1.690108469,95.15114331,2.261834333,29.3403144,29.4820217,29.53787444
2894.9904,1556.200776,3125.10308,1827.327174,1875.798441,4.968219529,107.4010725,3.192397373,94.85910826,5.687362265,2.537758116,0.761945763,1.705526118,94.96646204,2.265398811,29.32003705,29.39337843,29.51797552
2895.1428,1560.377805,3133.492077,1832.213157,1880.823042,4.980855836,107.4460862,3.239580913,94.44681901,5.692311551,2.54459098,0.766302431,1.73021164,94.6446415,2.2690862,29.30743854,29.47322702,29.51837511
2895.2952,1560.23588,3133.207918,1832.027907,1880.641824,4.979689763,107.1726471,3.280006416,94.30480328,5.683391378,2.544366582,0.768614795,1.749805707,94.79261004,2.272926642,29.29594152,29.47149166,29.51075569
2895.4476,1561.349082,3135.444237,1833.316466,1881.973537,4.982496252,107.0072918,3.325261927,93.73703145,5.682246679,2.546163749,0.771490974,1.77001693,94.72022598,2.277205018,29.29115197,29.49346387,29.50667466
2895.6,1556.890199,3126.490875,1828.062272,1876.58891,4.967489119,106.4883087,3.360550682,93.22352274,5.6638752,2.538849737,0.771546082,1.783175417,94.94498424,2.281425291,29.28234207,29.41018546,29.49185152
2895.7524,1559.679174,3132.092375,1831.318369,1879.940553,4.975519816,106.4723612,3.416524869,92.48575333,5.678418855,2.543304798,0.77520665,1.803118771,94.67128938,2.285976509,29.272791,29.463824,29.49438234
2895.9048,1557.118867,3126.951618,1828.293611,1876.844599,4.966439838,106.1154155,3.462556406,92.34933085,5.67633879,2.539015622,0.776145001,1.816088141,95.28034931,2.290294865,29.25719488,29.41640842,29.48671193
2896.0572,1556.213608,3125.134458,1827.212137,1875.743617,4.962555544,105.8880903,3.514207388,92.03997633,5.683804146,2.53739842,0.777857707,1.83008136,95.35783674,2.295107079,29.24293261,29.40026368,29.48361893
2896.2096,1551.518437,3115.706538,1821.680728,1870.074617,4.946500651,105.3757477,3.558891423,91.88643022,5.679916327,2.52958283,0.777751178,1.839112924,95.30722805,2.29990762,29.23231839,29.312527,29.47361493
2896.362,1556.313958,3125.337508,1827.292735,1875.845128,4.960565847,105.4448688,3.629140971,91.4693739,5.716814492,2.537194986,0.782575807,1.858021706,95.04640911,2.304788206,29.22479282,29.40409711,29.48620347
2896.5144,1557.318593,3127.355757,1828.454028,1877.046637,4.962478127,105.2318977,3.691929752,91.52870734,5.742187113,2.538610296,0.785553966,1.871823512,95.02259689,2.309552781,29.21506178,29.42403809,29.49191955
2896.6668,1559.978116,3132.697286,1831.558461,1880.242925,4.969588265,105.145953,3.760146935,91.31239203,5.777244857,2.542696664,0.789312044,1.886736658,94.13984619,2.314727184,29.20949373,29.47524343,29.5021637
2896.8192,1557.287505,3127.294833,1828.381324,1876.990699,4.959604522,104.7188162,3.816577311,91.2291271,5.795529314,2.538039073,0.790303992,1.894492184,94.57538544,2.319880368,29.2061995,29.42536148,29.50200872
2896.9716,1561.846439,3136.450644,1833.715768,1882.476341,4.972628272,104.7824132,3.892949565,90.96315517,5.847265237,2.545145313,0.794943573,1.909381208,94.62744673,2.325259928,29.20417193,29.51245974,29.51902367
2897.124,1560.831065,3134.412278,1832.505647,1881.243348,4.967882261,104.5002064,3.956387383,91.31405498,5.881091203,2.543144845,0.796657846,1.916605695,95.02493354,2.330639425,29.20263054,29.49422191,29.52520879
2897.2764,1561.071417,3134.895593,1832.769766,1881.523807,4.967099661,104.3223732,4.023809782,91.51860941,5.922758143,2.543165245,0.798940936,1.924452294,95.05601999,2.336232564,29.20046595,29.49971349,29.5348843
2897.4288,1556.991489,3126.703042,1827.96153,1876.597022,4.952545961,103.8337018,4.080081308,91.90847747,5.949665666,2.536132849,0.79905301,1.926397528,95.22774658,2.341606826,29.20023351,29.42356949,29.53634911
2897.5812,1561.836611,3136.433476,1833.631562,1882.427269,4.966339061,103.8712752,4.159118146,92.04883296,6.014224949,2.543606811,0.803873862,1.938084788,95.02624526,2.346934134,29.20893086,29.51608714,29.55795942
2897.7336,1562.333719,3137.432341,1834.197003,1883.017007,4.966307633,103.5982708,4.226326764,92.61710482,6.063414651,2.543987666,0.806489134,1.94379441,95.22225158,2.351990285,29.21943103,29.5264278,29.57115948
2897.886,1564.029351,3140.838024,1836.169494,1885.051199,4.970092341,103.4091881,4.296802723,92.76376751,6.11927794,2.546302362,0.809696772,1.950456151,95.00700988,2.356923002,29.22707944,29.55941632,29.58721168
2898.0384,1560.08442,3132.916479,1831.519823,1880.286945,4.955961629,102.8496561,4.351553785,92.79046344,6.154545271,2.53941998,0.809970653,1.949831788,94.91578561,2.361666329,29.23858847,29.48580394,29.59186751
2898.1908,1563.294512,3139.363408,1835.269937,1884.146105,4.964564713,102.721719,4.424166007,92.31771978,6.220285111,2.544161346,0.814013257,1.957444206,95.0483628,2.366255655,29.24915896,29.54742231,29.61167621
2898.3432,1561.050835,3134.858218,1832.617462,1881.432138,4.955856244,102.2395004,4.480873335,92.14040074,6.265595777,2.540014995,0.815189526,1.957895671,95.23562754,2.370293579,29.25615121,29.50595808,29.62049332
2898.4956,1560.328077,3133.407283,1831.750406,1880.551179,4.951979527,101.8442333,4.540910352,91.56881516,6.317593632,2.538335715,0.817174017,1.960016606,96.10015701,2.37422584,29.26560393,29.49324412,29.63248728
2898.648,1555.697156,3124.108087,1826.29524,1874.959952,4.935688112,101.1449684,4.587443694,91.06294809,6.352807715,2.530302737,0.817205769,1.957153308,95.89965415,2.377572389,29.27573391,29.40666519,29.63659885
2898.8004,1560.427802,3133.608523,1831.829962,1880.651446,4.949108492,100.9337656,4.655664233,90.34848102,6.423652465,2.537510233,0.822373839,1.965927166,95.30231498,2.380722544,29.28050964,29.49704366,29.65961433
2898.9528,1561.24933,3135.258778,1832.775806,1881.631699,4.950143668,100.4214619,4.70981384,90.23540191,6.477095815,2.538369228,0.825568577,1.969736042,95.3032111,2.383479613,29.28205583,29.51352067,29.67455795
2899.1052,1563.59166,3139.963066,1835.506957,1884.444798,4.956038597,99.97206775,4.766594228,89.94683076,6.535745358,2.541707394,0.829645443,1.975767042,95.42888299,2.386082703,29.28303657,29.55874309,29.69207054
2899.2576,1560.479406,3133.713612,1831.834844,1880.683893,4.944680573,99.14378186,4.804976999,89.79471619,6.570495078,2.536185338,0.830902033,1.975359701,95.30334271,2.388561177,29.28409954,29.50085143,29.69813889
2899.41,1564.523924,3141.836197,1836.563879,1885.548075,4.956077116,98.6752167,4.859173137,89.38461641,6.631521456,2.542320097,0.836152738,1.984770932,94.48415356,2.390948764,29.28754632,29.57825668,29.71735431
2899.5624,1562.925722,3138.627217,1834.669012,1883.611599,4.949650877,97.83179266,4.894097272,89.45680836,6.667685058,2.539291877,0.838429361,1.98738267,94.27532389,2.393101801,29.28851579,29.54897852,29.72481183
2899.7148,1562.526743,3137.826485,1834.181736,1883.120231,4.947077348,97.02779029,4.930344678,89.26892687,6.706929195,2.538226448,0.841432958,1.992075546,94.2247008,2.395032443,29.28747378,29.54237468,29.7339704
2899.8672,1557.778493,3128.291663,1828.58886,1877.387068,4.930765415,95.90156235,4.949536481,89.21920925,6.724459045,2.530117703,0.842194916,1.991581559,94.59535893,2.396682859,29.28852446,29.45354609,29.73400484
2900.0196,1561.959892,3136.689139,1833.477894,1882.415482,4.942788113,95.18780487,4.987721208,89.02437481,6.772402545,2.536571363,0.848021678,2.003389198,94.17938604,2.397966537,29.28986485,29.53355426,29.75035118
2900.172,1561.817986,3136.404661,1833.292149,1882.233574,4.941173898,94.1595051,5.008543301,89.49539447,6.798343449,2.536028942,0.851590872,2.010034623,94.17322035,2.398780792,29.29029498,29.5318115,29.7575407
2900.3244,1562.932521,3138.64335,1834.581175,1883.565739,4.943589665,93.15261212,5.030310474,89.86299582,6.826413774,2.537552209,0.855973806,2.01924161,94.09871695,2.399627059,29.29369417,29.55382485,29.76624799
2900.4768,1558.469353,3129.681045,1829.322894,1878.175768,4.928401799,91.76587323,5.031543192,90.43484984,6.827257466,2.530040646,0.857417601,2.022142279,94.1790645,2.399854538,29.29425096,29.47037215,29.76309771
2900.6292,1561.261449,3135.288609,1832.580688,1881.529242,4.936226231,90.68352023,5.047592627,90.76013643,6.85132292,2.534370589,0.863084074,2.036115262,93.91048074,2.399976459,29.2928189,29.52411659,29.77228208
2900.7816,1558.698861,3130.143037,1829.55326,1878.429571,4.927146682,89.24707838,5.043500104,91.49046556,6.848937133,2.53003095,0.865882836,2.043992074,94.44294513,2.399490277,29.28782023,29.47660012,29.76998846
2900.934,1557.793014,3128.324513,1828.47043,1877.326477,4.923311092,87.84711094,5.041152472,91.71387043,6.849633329,2.528412961,0.869725263,2.055135927,94.56472125,2.398900054,29.28064578,29.46041846,29.7698595
2901.0864,1553.093391,3118.887426,1822.934603,1871.651514,4.907458852,86.17800325,5.022290654,91.68871129,6.828950121,2.520673024,0.871530132,2.061834963,94.45383427,2.398038496,29.275805,29.37249836,29.76140811
2901.2388,1557.894074,3128.528657,1828.549852,1877.425678,4.921624741,84.91557631,5.023449402,91.02404273,6.838641621,2.528438398,0.878812978,2.082181871,94.43534482,2.396884312,29.27060833,29.46425189,29.77004971
2901.3912,1558.900013,3130.549372,1829.711321,1878.626982,4.923796709,83.39807694,5.008074241,90.56980906,6.827026296,2.530081335,0.88401083,2.097938781,94.39053748,2.395406867,29.26286422,29.48422979,29.77038449
2901.5436,1561.562527,3135.89681,1832.81725,1881.824684,4.9312142,81.9130627,4.994464208,89.70494723,6.818235093,2.534447507,0.890259822,2.116919489,94.23473532,2.393726873,29.25633656,29.53553601,29.77297561
2901.696,1558.86948,3130.489343,1829.637281,1878.568402,4.921733088,80.10339731,4.961118762,89.00571346,6.782646328,2.530147023,0.893548194,2.129415117,94.39153712,2.392193619,29.25232157,29.48554816,29.76411266
2901.8484,1563.433335,3139.655067,1834.97474,1884.057289,4.935204784,78.58233703,4.943097593,88.30026731,6.769363261,2.537694631,0.901110131,2.152945796,94.49436373,2.390291449,29.24739842,29.57282072,29.76798471
2902.0008,1562.417232,3137.615247,1833.763127,1882.821836,4.931101277,76.74895335,4.90508025,88.49032088,6.728923426,2.536208121,0.90552298,2.169512059,94.34352038,2.388574869,29.24285564,29.55454176,29.75991983
2902.1532,1562.658127,3138.099721,1834.026763,1883.101074,4.930990703,74.94397422,4.868393137,88.79112433,6.690339751,2.53678977,0.910729577,2.188544413,94.43890569,2.3866936,29.23693375,29.56004073,29.75346114
2902.3056,1558.574312,3129.8994,1829.214601,1878.168771,4.917225705,72.91874596,4.815497945,89.47557047,6.6297615,2.530377735,0.913398589,2.201553987,94.41401987,2.38470095,29.23176921,29.48373715,29.73779232
2902.458,1563.424528,3139.640223,1834.887986,1884.002698,4.931635381,71.29130137,4.782894195,90.02385825,6.598245766,2.53853908,0.921196786,2.226831834,94.14784796,2.382396782,29.23004212,29.57644012,29.73924515
2902.6104,1563.92228,3140.640504,1835.453309,1884.591783,4.932332724,69.46137897,4.734312867,91.09733513,6.545135386,2.539658926,0.926383981,2.245774601,94.25301975,2.380054839,29.22990997,29.58679809,29.7315563
2902.7628,1565.619764,3144.050074,1837.426658,1886.626536,4.936844715,67.66805366,4.687451098,91.83619236,6.494277687,2.542747882,0.932295532,2.266602256,93.98089783,2.377736306,29.22802003,29.61985025,29.72584631
2902.9152,1561.670941,3136.120839,1832.773329,1881.857185,4.92356943,65.61892599,4.622514874,92.62116934,6.418012582,2.536680392,0.934854906,2.279256877,94.03529108,2.375262164,29.22803406,29.54608354,29.70838286
2903.0676,1564.884339,3142.574655,1836.525638,1885.71865,4.932865002,63.87888574,4.5748156,93.11275995,6.365350159,2.542289626,0.941568116,2.301640856,94.12906266,2.372333757,29.22678843,29.60782404,29.70526127
2903.22,1562.638412,3138.065153,1833.870995,1883.001526,4.924967091,61.91122707,4.509968761,94.14558522,6.288575844,2.539043345,0.944980857,2.315959485,94.26667852,2.368977992,29.22084146,29.56627123,29.69068249
2903.3724,1561.914917,3136.612971,1833.003037,1882.119026,4.921853135,60.01017588,4.448446067,94.91646775,6.216068952,2.538283932,0.949257611,2.332246386,94.32578091,2.365823027,29.21319621,29.55352743,29.67906764
2903.5248,1557.279208,3127.304327,1827.543917,1876.522531,4.906346103,57.993485,4.374805682,95.77499888,6.126355084,2.53117942,0.951001579,2.341855297,94.24585778,2.362518611,29.20384461,29.46676767,29.65945576
2903.6772,1562.014405,3136.814145,1833.082421,1882.218657,4.920237042,56.43106591,4.325280803,96.28614927,6.069769581,2.539335882,0.95802867,2.363116803,94.0738085,2.359553782,29.19872358,29.55732698,29.6603436
2903.8296,1562.836444,3138.465594,1834.02899,1883.199806,4.921757741,54.77259424,4.264083407,97.22389792,5.996725329,2.54114101,0.962466472,2.377428148,94.10281128,2.356115648,29.19320728,29.57383382,29.65348021
2903.982,1565.180786,3143.1741,1836.762151,1886.015474,4.928048142,53.19881769,4.206945025,97.79441166,5.929017468,2.545423407,0.967711341,2.393075081,94.00229609,2.352984484,29.18715341,29.61914482,29.6503884
2904.1344,1562.064963,3136.917577,1833.087731,1882.251795,4.917122012,51.46600258,4.135540851,98.40430546,5.840596156,2.540824012,0.969480326,2.399467631,94.22751009,2.350067123,29.18148254,29.56113104,29.63646309
2904.2868,1566.113044,3145.047474,1837.820406,1887.120848,4.928652592,50.08614155,4.084243323,98.70506978,5.778872424,2.547876294,0.975291924,2.414123509,94.23697461,2.347393084,29.17837483,29.6386906,29.63944489
2904.4392,1564.512647,3141.834169,1835.924702,1885.183684,4.922401458,48.55700607,4.018826343,99.4875736,5.69655694,2.545734993,0.977481464,2.419198961,94.20956398,2.344677686,29.17497229,29.60934882,29.63116266
2904.5916,1564.112642,3141.031462,1835.43763,1884.693015,4.919890811,47.11636136,3.957673237,99.94637342,5.61953954,2.545537215,0.980259808,2.424885485,94.1072355,2.342194485,29.16829242,29.60272766,29.62633952
2904.744,1559.358866,3131.485539,1829.841576,1878.956435,4.903608602,45.62368256,3.886986771,100.4169621,5.528094759,2.538244424,0.980070404,2.422395242,94.25393149,2.339404393,29.16363213,29.51371375,29.61322041
2904.8964,1563.543576,3139.889693,1834.7349,1883.991096,4.915247266,44.60929846,3.842437883,100.5074528,5.471458692,2.545480835,0.984835176,2.429961289,94.14280811,2.336979887,29.16062185,29.59388149,29.62188675
2905.0488,1563.400523,3139.602851,1834.55007,1883.811318,4.913223825,43.55877289,3.788814268,101.0149228,5.401180353,2.545661264,0.986608393,2.429238611,94.18202166,2.334269961,29.15855221,29.59213135,29.62244937
2905.2012,1564.515129,3141.841604,1835.841113,1885.147096,4.915103695,42.6134965,3.740166814,101.1823346,5.337268286,2.547873229,0.988962226,2.428790346,93.98660773,2.331956015,29.15792987,29.61418583,29.62712478
2905.3536,1560.046336,3132.867823,1830.580427,1879.755272,4.899396984,41.57093778,3.6800817,101.4341862,5.256187075,2.540977819,0.987627678,2.418296174,94.07298803,2.329656425,29.15943135,29.53055883,29.62117074
2905.506,1562.839975,3138.478312,1833.841908,1883.114808,4.906334577,40.91658204,3.642719064,101.3996856,5.2048146,2.545875261,0.990330841,2.415386729,93.8810972,2.327888407,29.16204977,29.58440917,29.63387449
2905.6584,1560.273475,3133.32461,1830.813912,1880.01593,4.896396583,40.18185413,3.594862214,101.8563313,5.137588147,2.542026298,0.98946014,2.402817812,93.82286948,2.325692695,29.16232944,29.53679182,29.63638603
2905.8108,1559.365328,3131.50116,1829.731948,1878.91555,4.891569172,39.572358,3.553515785,101.922858,5.078644705,2.540858336,0.989399955,2.391112218,93.78966902,2.324033656,29.16606218,29.52057324,29.64396755
2905.9632,1554.659483,3122.051168,1824.194029,1873.239708,4.874700332,38.97246036,3.506546158,101.9135574,5.010396643,2.533482659,0.986633611,2.37209217,93.8426285,2.322311514,29.17064383,29.43246972,29.64468385
2906.1156,1559.463298,3131.698264,1829.815163,1879.02337,4.887393214,38.88330035,3.488982469,101.3713377,4.980750929,2.5415543,0.989162208,2.363922533,93.97431373,2.320866735,29.17537986,29.52440668,29.6686746
2906.268,1560.468465,3133.716907,1830.979536,1880.230526,4.888082153,38.80948471,3.465974723,101.1111381,4.942204891,2.543415298,0.988973807,2.348481909,93.9110453,2.319494027,29.17840824,29.54442149,29.68562829
2906.4204,1563.131812,3139.065458,1834.0898,1883.435999,4.89388485,38.86270116,3.449615136,100.3779887,4.912164382,2.547957136,0.989597786,2.333936149,93.83628181,2.318784504,29.18360347,29.5958286,29.7073768
2906.5728,1560.434163,3133.648091,1830.909867,1880.182125,4.882844672,38.84354251,3.423960937,99.69060616,4.867963685,2.543742989,0.986669875,2.310234314,93.94025932,2.318435828,29.18955014,29.54573485,29.71888397
2906.7252,1565.000539,3142.818198,1836.253472,1885.681386,4.894376879,39.20641647,3.421970649,98.78759158,4.854349635,2.55132008,0.9878391,2.294572696,93.89046025,2.31855784,29.1925137,29.63318169,29.74791509
2906.8776,1563.981321,3140.771358,1835.043496,1884.450648,4.888406213,39.48674299,3.410360936,98.62214225,4.826110769,2.549772581,0.985343646,2.269650486,93.720446,2.319008162,29.19646178,29.6148616,29.76613596
2907.03,1564.220303,3141.251201,1835.30987,1884.736087,4.886304184,39.8690552,3.404633674,98.46182277,4.805008704,2.550252703,0.983477604,2.24546347,93.84906501,2.319746131,29.19801285,29.62036796,29.78784464
2907.1824,1560.130182,3133.037351,1830.496971,1879.805638,4.870588864,40.22647863,3.392927497,98.74100899,4.774086363,2.543651196,0.978702536,2.214445148,93.79030316,2.320775905,29.20144313,29.54390481,29.80110362
2907.3348,1564.982843,3142.782216,1836.177129,1885.651198,4.882609743,41.04229202,3.409642981,99.00574958,4.779784063,2.551572847,0.979036964,2.19470677,93.82505736,2.321985175,29.20772031,29.6367931,29.83370906
2907.4872,1565.478645,3143.777652,1836.745695,1886.247465,4.880986201,41.82998585,3.420214932,99.97513858,4.775648932,2.552368687,0.976459032,2.168292616,93.96331238,2.323197734,29.21747914,29.64716839,29.85756499
2907.6396,1567.175328,3147.184666,1838.723324,1888.290781,4.883081237,42.70866304,3.436179153,100.6693774,4.778053827,2.555104363,0.974514054,2.142968476,94.04971475,2.324710931,29.22714362,29.68028418,29.88412593
2907.792,1563.220056,3139.241477,1834.069624,1883.524056,4.867550664,43.47065674,3.441887956,101.3484446,4.765442255,2.548612901,0.968995885,2.109674187,93.98706065,2.326449329,29.23747235,29.60636314,29.89953328
2907.9444,1566.434014,3145.695408,1837.827564,1887.39594,4.874270771,44.56985811,3.470260207,101.483532,4.781985971,2.553769983,0.967679065,2.085866431,94.15844313,2.328276585,29.24584238,29.66822577,29.92943886
2908.0968,1564.18322,3141.175073,1835.174022,1884.683416,4.863986613,45.5512716,3.488660552,101.8542217,4.784143453,2.550005422,0.962924062,2.05458588,94.11468449,2.329758493,29.25131445,29.62658437,29.94855902
2908.2492,1563.456337,3139.715019,1834.308444,1883.807178,4.85842166,46.61803078,3.512795768,101.6430656,4.793413787,2.54871164,0.95904757,2.025416504,94.02840424,2.331765283,29.25703944,29.61381074,29.97055682
2908.4016,1558.813357,3130.390671,1828.848434,1878.212721,4.840632683,47.61977255,3.530745648,101.3479595,4.793463105,2.541018086,0.952692336,1.991814538,94.21524005,2.333645068,29.26071435,29.52687014,29.98436342
2908.554,1563.550467,3139.903239,1834.393874,1883.921014,4.851881725,49.03753198,3.576756031,100.6738638,4.829804276,2.548575896,0.951896945,1.972019522,94.17747193,2.335818073,29.26093983,29.61761029,30.01509216
2908.7064,1564.370563,3141.549677,1835.344073,1884.91002,4.850960829,50.38176493,3.616252239,100.5691295,4.856761316,2.549735726,0.948648275,1.948027927,94.1385013,2.337862546,29.26165069,29.63414696,30.03740947
2908.8588,1566.714446,3146.256155,1838.082116,1887.735145,4.854782794,51.7954143,3.660817071,100.2684451,4.890102149,2.553375326,0.946329509,1.926753938,94.12390899,2.340179898,29.26111042,29.67954655,30.06189544
2909.0112,1563.592805,3139.986836,1834.407941,1883.974853,4.841685085,53.03206625,3.693614977,100.2079567,4.907445815,2.54810751,0.940754349,1.899641767,94.18518516,2.342754104,29.26154288,29.62141064,30.07529189
2909.1636,1567.642073,3148.118026,1839.146816,1888.854973,4.850807247,54.54313221,3.747106296,99.97366686,4.951572828,2.554512424,0.939579201,1.884010231,93.96700841,2.345589575,29.26334674,29.69912453,30.10043118
2909.316,1566.037344,3144.894942,1837.252489,1886.922534,4.842469071,55.85602138,3.788051053,100.3599912,4.978902035,2.551704046,0.935077301,1.862466996,94.03391173,2.348675695,29.26148639,29.66971912,30.11424735
2909.4684,1565.634173,3144.084818,1836.767763,1886.437806,4.837869066,57.20244748,3.832700299,100.4870699,5.010892177,2.550854817,0.931387558,1.843732162,94.04636316,2.351359505,29.25584428,29.66308064,30.12938893
2909.6208,1560.873008,3134.523025,1831.170295,1880.702176,4.819783369,58.3858389,3.867757374,100.7109678,5.030132181,2.542900023,0.925193308,1.821611212,93.95627121,2.354254802,29.25267424,29.57388141,30.135218
2909.7732,1565.059079,3142.928923,1836.069641,1885.747377,4.829319234,59.89828103,3.927733681,100.6101983,5.081719912,2.549507372,0.924512237,1.814503064,93.07565325,2.356888905,29.25057269,29.65420873,30.15476017
2909.9256,1564.913219,3142.635497,1835.887063,1885.573103,4.825504496,61.24006428,3.977736892,101.0149513,5.120416767,2.549054419,0.921360657,1.804159491,92.96491262,2.359289041,29.24853906,29.65245119,30.16498795
2910.078,1566.026253,3144.870176,1837.181355,1886.915618,4.825613944,62.60630165,4.030886502,101.1037773,5.163341222,2.550659792,0.919081135,1.797105602,92.94180871,2.361748687,29.24948364,29.6745468,30.17631349
2910.2304,1561.550512,3135.881572,1831.91907,1881.524071,4.808530744,63.71964724,4.069303404,101.2968357,5.187589882,2.54317069,0.913651363,1.785237843,93.19718899,2.364330632,29.25542831,29.59074552,30.17626183
2910.3828,1564.344313,3141.491561,1835.184966,1884.891617,4.813896246,65.0589479,4.126393409,101.198636,5.23649477,2.547529168,0.912808972,1.786343441,93.36813202,2.366598007,29.26012478,29.64470176,30.18666229
2910.5352,1561.772856,3136.32713,1832.156691,1881.794453,4.802804623,66.1432517,4.168756031,101.6400572,5.267243099,2.543159224,0.908962118,1.782928243,93.56971884,2.368306487,29.25836392,29.59698352,30.18608998
2910.6876,1560.861403,3134.496298,1831.075759,1880.697412,4.79686173,67.25435781,4.21448787,101.7588246,5.303056075,2.541503507,0.906237391,1.783511161,93.94367654,2.370211179,29.255336,29.58072803,30.18717756
2910.84,1556.148696,3125.03184,1825.535478,1875.020287,4.779240644,68.15963329,4.249073669,101.9265302,5.325705146,2.533660202,0.901455567,1.781997337,94.16267732,2.372146026,29.25290238,29.49244108,30.17965545
2910.9924,1560.954981,3134.683257,1831.162154,1880.812856,4.790893316,69.37165753,4.307823367,101.7133641,5.380432892,2.541317684,0.902601219,1.797002003,93.91003642,2.374069998,29.24898053,29.58456146,30.18609435
2911.1448,1561.959087,3136.699198,1832.328654,1882.02425,4.79091564,70.37205495,4.355124505,101.9426954,5.421811742,2.542788015,0.90169916,1.809820194,93.64892694,2.375581472,29.24188627,29.60461319,30.1839474
2911.2972,1564.623034,3142.048408,1835.442365,1885.2356,4.796077032,71.39701111,4.405577601,101.7858428,5.467944743,2.546972895,0.901920623,1.82663526,93.20172498,2.377248172,29.23688079,29.65612118,30.18343471
2911.4496,1561.920922,3136.621604,1832.261163,1881.981255,4.784812115,72.13081593,4.439596344,101.6691605,5.49415085,2.542432927,0.899197831,1.838805515,93.38829542,2.378647327,29.23250891,29.60592154,30.17173308
2911.602,1566.489946,3145.79659,1837.609558,1887.48788,4.795873285,73.06663881,4.49108365,101.2202942,5.54330044,2.549743644,0.901099294,1.864070885,93.56411081,2.38007696,29.2279623,29.69354267,30.17047048
2911.7544,1565.468111,3143.744134,1836.399456,1886.257886,4.78985527,73.69286753,4.525306734,101.3049923,5.571547628,2.547965699,0.899946889,1.884206758,93.399708,2.381383588,29.22269744,29.67518144,30.15759688
2911.9068,1565.705736,3144.220921,1836.666708,1886.545318,4.787709071,74.31967201,4.561599879,101.0991127,5.602907113,2.548249616,0.899704158,1.90760775,93.59835282,2.382502228,29.2151573,29.6806952,30.14569338
2912.0592,1561.610236,3135.996015,1831.850842,1881.611644,4.772293688,74.67925239,4.583792175,101.0051959,5.617543452,2.541483616,0.897156988,1.927416939,93.49789417,2.383340102,29.20806654,29.60407248,30.12410402
2912.2116,1566.466265,3145.747421,1837.535548,1887.463745,4.784234969,75.30525655,4.628148048,100.6126555,5.660990656,2.549287887,0.900225121,1.962471633,93.48977238,2.383867578,29.19935626,29.69714608,30.11636869
2912.364,1566.961404,3146.741384,1838.104789,1888.061289,4.782869479,75.66214032,4.658193199,100.7362053,5.687519878,2.549996839,0.900966934,1.993605878,94.06948665,2.383918147,29.19178938,29.70753869,30.09896669
2912.5164,1568.658625,3150.149361,1840.08408,1890.107142,4.785176884,76.02536041,4.69037083,100.5364038,5.716944173,2.552667503,0.902554597,2.027522562,94.03266444,2.384458287,29.18555145,29.7407181,30.08266113
2912.6688,1564.698584,3142.196548,1835.427113,1885.336348,4.770209318,76.07173803,4.704365778,100.409584,5.724230699,2.546134681,0.901007619,2.05497301,94.05204528,2.384756622,29.17891275,29.66664274,30.05427406
2912.8212,1567.914759,3148.654894,1839.187878,1889.212148,4.777110692,76.32699832,4.735587579,100.0015287,5.753403108,2.551280686,0.903954131,2.094281659,94.0328201,2.384658573,29.17043458,29.7286275,30.03760274
2912.9736,1565.661077,3144.128794,1836.532375,1886.497105,4.767363365,76.27103,4.748725696,100.1923889,5.760890343,2.547529801,0.903861479,2.127031218,94.19451616,2.384266884,29.16145488,29.68689752,30.00906164
2913.126,1564.932829,3142.666046,1835.666109,1885.62,4.762262117,76.23966094,4.764610248,100.2138476,5.772223649,2.546262295,0.904759621,2.162491571,94.32625922,2.383898956,29.15188216,29.67409406,29.98238676
2913.2784,1560.284903,3133.331874,1830.201943,1880.019964,4.745220302,75.95964976,4.766348629,100.4961825,5.767297803,2.538612664,0.903499719,2.193026728,94.17098572,2.382984875,29.13962692,29.58697262,29.94657599
2913.4308,1565.026213,3142.852976,1835.751211,1885.73316,4.756714648,75.9834215,4.791271408,100.6237626,5.792200729,2.54622706,0.907983402,2.237907945,93.94911415,2.382436069,29.12729917,29.6778936,29.92828502
2913.5832,1565.846938,3144.500839,1836.701769,1886.722359,4.756310646,75.76195496,4.802063688,101.3480558,5.800853237,2.547457525,0.910292829,2.277480188,94.05854224,2.381387206,29.10980327,29.69446011,29.9011805
2913.7356,1568.192967,3149.211783,1839.441484,1889.549416,4.760522492,75.57873833,4.816073824,101.6753675,5.813560766,2.55116246,0.91354786,2.319200486,94.42627311,2.380566432,29.0918954,29.73994828,29.87671823
2913.888,1565.068356,3142.936706,1835.764264,1885.784777,4.748083132,75.10630867,4.812210969,101.8404337,5.804523903,2.545959943,0.913653043,2.352579242,94.29440419,2.37971577,29.0750205,29.68169024,29.84028753
2914.0404,1569.121589,3151.076025,1840.506317,1890.66883,4.757339835,74.87721906,4.826513797,101.3022575,5.817618883,2.552416372,0.918113288,2.396177709,93.93817908,2.379061648,29.05922851,29.75955846,29.81880255
2914.1928,1567.515527,3147.850478,1838.610292,1888.733844,4.749404531,74.35152007,4.822471958,100.8578092,5.808261784,2.549661689,0.919311597,2.430838945,93.61671107,2.37832008,29.042338,29.73008941,29.78492815
2914.3452,1567.112205,3147.04025,1838.124943,1888.248033,4.745054784,73.85669023,4.821201672,99.73417338,5.801907413,2.548854447,0.92125036,2.466748091,93.56213512,2.377552642,29.02301899,29.72343362,29.75346304
2914.4976,1562.346846,3137.470272,1832.523079,1882.50628,4.727441634,73.11896057,4.805114373,98.50484352,5.777904671,2.54094425,0.920668156,2.495073702,93.50594375,2.376528701,29.00875675,29.63404907,29.71225053
2914.65,1566.537366,3145.885291,1837.425772,1887.555644,4.7368492,72.69803148,4.812241903,97.00623463,5.782679465,2.547577487,0.925462595,2.535661099,93.09926324,2.375108869,28.99520382,29.71453596,29.69200013
2914.8024,1566.391936,3145.592952,1837.242787,1887.380521,4.733120614,72.04057532,4.804699997,96.31920033,5.769989106,2.547150237,0.927732215,2.568368189,93.11046574,2.373486141,28.98271335,29.71277103,29.66248258
2914.9548,1567.506613,3147.831129,1838.537818,1888.72377,4.733133022,71.42858186,4.800486824,95.80186887,5.760801902,2.548756282,0.930733321,2.601987012,92.97418783,2.37193695,28.97081501,29.73490778,29.63639895
2915.1072,1563.027225,3138.835428,1833.271499,1883.326658,4.716176933,70.55699284,4.778792749,95.95495097,5.730119062,2.54125168,0.930380764,2.625232847,92.91134164,2.370521093,28.95974621,29.65093221,29.59801216
2915.2596,1565.824323,3144.452184,1836.539753,1886.69723,4.721074894,69.97147149,4.77662492,96.36233735,5.722816491,2.545548521,0.934295923,2.657566338,93.39380641,2.369141709,28.94615846,29.70499434,29.57878403
2915.412,1563.251089,3139.28436,1833.509243,1883.597022,4.709746981,69.14069968,4.757402173,97.72701649,5.694768073,2.541101015,0.934960624,2.679552135,93.88360987,2.367501674,28.93012983,29.65717522,29.54795025
2915.5644,1562.339446,3137.453288,1832.427567,1882.498966,4.703391995,68.3809471,4.742416692,98.98439241,5.671663183,2.539337831,0.936539663,2.702713749,93.98280526,2.366073218,28.91464381,29.64088281,29.52218716
2915.7168,1557.622995,3127.981476,1826.883247,1876.816427,4.685588608,67.44095638,4.714344844,100.2752031,5.633621657,2.531380943,0.935761232,2.717529297,94.07141301,2.36438543,28.90101056,29.55241244,29.48871929
2915.8692,1562.434664,3137.643782,1832.514153,1882.614591,4.696461297,66.87616523,4.711428988,100.9667282,5.627196163,2.538889841,0.940544287,2.744531529,93.99184157,2.362933952,28.88638477,29.64471625,29.48223763
2916.0216,1563.440599,3139.663495,1833.681588,1883.827177,4.695932517,66.13674248,4.695549936,101.7625616,5.605988458,2.540206154,0.942957991,2.763004644,93.81280273,2.361204402,28.87017087,29.66480489,29.46853196
2916.174,1566.107949,3145.019606,1836.797731,1887.041762,4.700371543,65.47562688,4.684154051,101.803435,5.59007861,2.544206344,0.946268362,2.782580794,93.9250266,2.359943004,28.85714603,29.71641377,29.46067001
2916.3264,1563.404123,3139.589444,1833.614374,1883.784596,4.688641373,64.60295642,4.656539829,101.5901746,5.554684528,2.539468672,0.946237139,2.791128004,94.00632873,2.358890634,28.84911929,29.66610822,29.44135708
2916.4788,1567.978318,3148.774806,1838.967035,1889.297045,4.698680761,64.0453141,4.649303153,100.883828,5.544002996,2.546535499,0.95038881,2.808495167,94.01427241,2.357989142,28.84156012,29.75390365,29.44401097
2916.6312,1566.956318,3146.722025,1837.756436,1888.066594,4.691901095,63.27198694,4.625531692,100.6991629,5.513180223,2.544503862,0.951069028,2.81442223,93.91305013,2.357101511,28.83532881,29.73550128,29.43472367
2916.7836,1567.194954,3147.200816,1838.024373,1888.355207,4.688845854,62.56433842,4.605576767,100.3334941,5.486535158,2.544510641,0.952421521,2.820996045,94.00718334,2.356348028,28.82871955,29.74102243,29.43031595
2916.936,1563.096353,3138.969675,1833.205465,1883.417753,4.672811759,61.68873536,4.572392641,100.2493751,5.44454977,2.537478185,0.951054008,2.818130322,93.89799444,2.355475426,28.82459132,29.66424014,29.41723715
2917.0884,1567.957806,3148.731876,1838.894936,1889.276479,4.683628238,61.18415317,4.56385738,100.0582354,5.433593652,2.545000444,0.954892931,2.826974606,93.87856773,2.35453528,28.82445629,29.75749907,29.43096318
2917.2408,1568.45422,3149.728322,1839.46519,1889.875647,4.681430989,60.51499373,4.54221449,100.54566,5.407433185,2.545441597,0.955996436,2.826345712,94.02198255,2.353363162,28.82859358,29.76790899,29.43594075
2917.3932,1570.153817,3153.140966,1841.446614,1891.924661,4.682793604,59.90996011,4.524376136,100.8278068,5.385711765,2.547832135,0.957750176,2.826577281,93.85450822,2.352574879,28.83654572,29.80115203,29.44533452
2917.5456,1566.190697,3145.181895,1836.786923,1887.150588,4.667223904,59.10926973,4.490680408,101.2249919,5.345157056,2.5410321,0.955971136,2.815631575,93.68833967,2.351967325,28.84574369,29.72692234,29.44210119
2917.698,1569.41053,3151.64743,1840.551252,1891.031522,4.673099635,58.63027955,4.477619006,101.285862,5.330573313,2.545895937,0.958315567,2.814220297,93.7085076,2.351340833,28.85489906,29.78902923,29.45990257
2917.8504,1567.155223,3147.117936,1837.89461,1888.315369,4.662671699,57.96980204,4.449273921,101.7766519,5.297952717,2.541875643,0.95722232,2.801904173,93.74128232,2.3506269,28.86159663,29.74721066,29.4655951
2918.0028,1566.426745,3145.654576,1837.028571,1887.438978,4.656820913,57.38961544,4.425416692,101.819977,5.271185559,2.540333679,0.956953186,2.791189127,93.73762071,2.350004085,28.86562716,29.73437737,29.47620069
2918.1552,1561.774827,3136.312267,1831.561188,1881.835006,4.639420457,56.68453596,4.390042853,101.7879227,5.231992533,2.532442689,0.954169245,2.77223694,93.81350433,2.34925109,28.86834567,29.6470751,29.47872724
2918.3076,1566.521057,3145.843054,1837.115313,1887.554926,4.650216062,56.37482118,4.380348809,101.2926365,5.226677345,2.539833685,0.956831872,2.766712527,93.89769999,2.348821858,28.87375025,29.73817692,29.50734755
2918.46,1567.342937,3147.493071,1838.067266,1888.546168,4.649504277,55.94390235,4.35927944,101.2173519,5.209136933,2.540878333,0.956984107,2.75304375,93.76728592,2.348105237,28.87946348,29.75477325,29.52758978
2918.6124,1569.691519,3152.208972,1840.809681,1891.37698,4.653387521,55.59039845,4.342561054,100.7957323,5.197838119,2.544410019,0.957979092,2.741380891,93.74950921,2.347656266,28.88460848,29.80035001,29.55186757
2918.7648,1566.564176,3145.928279,1837.130356,1887.609659,4.641061344,55.0656605,4.311026495,100.5052367,5.169695573,2.53907733,0.955561093,2.719787141,93.75662682,2.34732619,28.89126724,29.74196984,29.56328778
2918.9172,1570.621429,3154.07549,1841.876437,1892.499141,4.650184669,54.85766049,4.299932642,100.0092192,5.168770827,2.545435235,0.95730776,2.709106031,93.7394743,2.347402293,28.90018105,29.81999239,29.59291371
2919.0696,1569.013922,3150.846904,1839.979473,1890.562944,4.642547011,54.47573931,4.273842325,100.1790127,5.150489583,2.542625377,0.95553867,2.688312891,93.81183251,2.347474412,28.90884869,29.79045971,29.60921781
2919.222,1568.610265,3150.035861,1839.494174,1890.077212,4.638509206,54.15719415,4.25136886,100.1863261,5.137590041,2.541786537,0.954444676,2.669412726,94.04611319,2.347557841,28.9157017,29.78378661,29.628247
2919.3744,1563.840408,3140.456751,1833.888454,1884.330252,4.621667639,53.70677427,4.217097881,100.3996111,5.111730212,2.533902091,0.950631266,2.642804589,93.91578913,2.347692494,28.92308413,29.69421673,29.63730871
2919.5268,1568.034981,3148.879751,1838.794853,1889.384328,4.631666528,53.62447949,4.20734076,100.3611376,5.119100612,2.540619059,0.952076905,2.630408755,93.78301594,2.347465125,28.92989091,29.7748632,29.66798936
2919.6792,1567.889462,3148.58712,1838.611677,1889.208643,4.628974764,53.41376898,4.1860512,100.8361129,5.11374379,2.540334818,0.950830347,2.610469377,93.77404424,2.347055961,28.9371067,29.77309087,29.6885699
2919.8316,1569.005227,3150.827371,1839.907495,1890.552575,4.630071677,53.26333279,4.168415038,100.9245122,5.114207278,2.54212154,0.950319358,2.592869644,93.62629749,2.34693057,28.94433046,29.79526875,29.71143038
2919.984,1564.52155,3141.823002,1834.63697,1885.149431,4.614677852,52.93867694,4.136341197,100.9808439,5.098020275,2.534858634,0.946400211,2.566410661,93.63854604,2.347134911,28.95250123,29.71111889,29.72086198
2920.1364,1567.321266,3147.444921,1837.907089,1888.521907,4.621033008,52.91643594,4.124587589,100.5737925,5.109884039,2.539463928,0.946779747,2.552385642,93.72875327,2.347594722,28.96140588,29.76528692,29.74618268
2920.2888,1564.745474,3142.271922,1834.873638,1885.417136,4.611614446,52.73293146,4.099132249,100.5550901,5.105935811,2.535380097,0.943879059,2.529914525,93.7175295,2.347735662,28.96734406,29.71736692,29.75866983
2920.4412,1563.832838,3140.438818,1833.790302,1884.316138,4.607232319,52.6237461,4.078183229,100.1391819,5.109254824,2.534017531,0.94194571,2.510605324,93.7550463,2.34792009,28.97242128,29.7010376,29.77421369
2920.5936,1559.111778,3130.957757,1828.24084,1878.625899,4.591849873,52.40420438,4.047254873,99.81247767,5.101617381,2.526513424,0.937671172,2.485523539,93.86730087,2.348303113,28.97913752,29.6123838,29.78079399
2920.746,1563.927993,3140.629149,1833.874556,1884.426713,4.605066028,52.55746249,4.041728159,99.24464538,5.12907799,2.534543485,0.939035499,2.476612777,93.83260371,2.34853394,28.98378321,29.70487103,29.80806648
2920.8984,1564.934851,3142.650717,1835.041332,1885.637219,4.607298049,52.60293445,4.026478941,99.33228492,5.145582488,2.536429954,0.938070463,2.462014659,93.75700656,2.348633149,28.98628347,29.72499659,29.82624045
2921.0508,1567.604707,3148.011867,1838.158093,1888.851331,4.614569806,52.71874155,4.015739492,99.26911531,5.169246067,2.541039904,0.9380943,2.450762056,93.7105348,2.349164436,28.99070587,29.77670635,29.84718356
2921.2032,1564.898254,3142.576494,1834.970576,1885.587266,4.606092397,52.66420838,3.991623169,99.45668268,5.176510521,2.536957015,0.934912544,2.431913689,93.83430519,2.349771593,28.99624813,29.72629491,29.85535191
2921.3556,1569.47682,3151.770663,1840.325135,1891.100689,4.619347579,52.89002189,3.987432465,99.46267505,5.211091032,2.54474785,0.93610165,2.426384022,94.17278533,2.350510922,29.00116165,29.81426462,29.87795594
2921.508,1568.453835,3149.715991,1839.111493,1889.864599,4.61616319,52.93934569,3.969616155,100.0662708,5.228427226,2.543478242,0.933966678,2.413010412,93.81935045,2.351354381,29.00654973,29.79582113,29.8873429
2921.6604,1568.692708,3150.195348,1839.377358,1890.1488,4.616766798,53.0399425,3.95541447,100.3778662,5.251231811,2.544280508,0.932606245,2.402526865,93.96085216,2.352345306,29.00988409,29.80134967,29.89860161
2921.8128,1564.59026,3141.956616,1834.552545,1885.201783,4.60473098,53.0006105,3.930516043,100.7365508,5.260139116,2.538065352,0.928680053,2.38623041,93.81740271,2.35311224,29.01433,29.7244078,29.89975232
2921.9652,1569.456585,3151.728678,1840.24365,1891.060759,4.619491105,53.28776479,3.929288574,100.7014848,5.300786012,2.546457207,0.930133115,2.385884054,93.87765396,2.35377829,29.01817689,29.81785205,29.91912858
2922.1176,1569.953759,3152.726769,1840.811716,1891.655066,4.621528512,53.43516756,3.91761878,101.0869443,5.327302381,2.547783794,0.929022931,2.379719825,93.92831681,2.354191643,29.02208513,29.82827929,29.92834512
2922.27,1571.655316,3156.143471,1842.791924,1893.700455,4.627167671,53.62611448,3.909554463,101.0841235,5.358588845,2.551086999,0.928682128,2.376380634,93.89975485,2.355048494,29.02732142,29.86158596,29.93944366
2922.4224,1567.688799,3148.177747,1838.126142,1888.916286,4.616137737,53.62194712,3.887963849,101.1254693,5.370871471,2.545205284,0.925057806,2.36544223,93.76951643,2.356125118,29.03327763,29.78720195,29.93759392
2922.5748,1570.912266,3154.650697,1841.890471,1892.795049,4.626499619,53.86621333,3.885651857,100.845703,5.408190576,2.551030385,0.925820299,2.367943177,93.89240207,2.357140207,29.03721658,29.84943096,29.94985511
2922.7272,1568.655393,3150.118226,1839.229136,1890.070513,4.620766347,53.9230267,3.870451717,101.0788992,5.427006555,2.547967759,0.92341693,2.363149689,94.07111077,2.358048676,29.03971692,29.8075238,29.94956041
2922.8796,1567.926867,3148.654925,1838.359692,1889.187394,4.619619868,54.02929427,3.859512535,100.9888299,5.451126495,2.547396183,0.921978073,2.361644073,94.0041633,2.359072753,29.0421956,29.79466068,29.95200049
2923.032,1563.271223,3139.305321,1832.885573,1883.572282,4.607069068,53.99495942,3.839038684,100.9357312,5.460919224,2.540445246,0.918275538,2.355076334,93.90407041,2.359774528,29.04373575,29.70717758,29.94547296
2923.1844,1568.02295,3148.847253,1838.440994,1889.291528,4.622613967,54.27483275,3.842484072,100.4967429,5.501687623,2.548784859,0.920239179,2.365080267,93.95560195,2.360627657,29.04532363,29.79846023,29.95840132
2923.3368,1568.846635,3150.501032,1839.390955,1890.277768,4.626740977,54.41630578,3.836702981,100.4837697,5.527967931,2.55073864,0.919949802,2.369992985,93.901306,2.361133001,29.04608693,29.81508639,29.96240424
2923.4892,1571.19856,3155.223766,1842.132738,1893.105345,4.635439661,54.60419368,3.835250325,100.1024776,5.558895454,2.555175995,0.920633046,2.378061912,93.85088911,2.361968007,29.04597687,29.86075174,29.96945354
2923.6416,1568.069383,3148.939542,1838.448244,1889.328862,4.62798323,54.59175957,3.820889981,99.79047575,5.569550295,2.550696668,0.918181395,2.378606936,93.98903658,2.362905843,29.04311269,29.80224944,29.96436611
2923.794,1572.131918,3157.097446,1843.195409,1894.217351,4.641870522,54.80392807,3.825030469,99.19486589,5.602833991,2.55790021,0.920129052,2.392233001,93.95528672,2.364006742,29.04390703,29.88042632,29.97415899
2923.9464,1570.524302,3153.868759,1841.294868,1892.2741,4.638997337,54.81039401,3.81600209,99.15356045,5.615078439,2.555874471,0.918837772,2.398050535,93.74070156,2.365079476,29.04479774,29.85083001,29.97135187
2924.0988,1570.121751,3153.060034,1840.807131,1891.782824,4.639672582,54.84725358,3.810329751,98.83468597,5.630235975,2.555798432,0.918326033,2.406446262,93.63247207,2.366027077,29.04413219,29.84413959,29.97103523
2924.2512,1565.34885,3143.474931,1835.195439,1886.025763,4.627484486,54.71698856,3.793960722,98.60121628,5.62780407,2.548588968,0.915305156,2.408724063,93.71777716,2.366811581,29.044717,29.75438439,29.96106496
2924.4036,1569.549231,3151.909623,1840.103661,1891.07994,4.641991842,54.86214421,3.799262335,98.03556929,5.652548725,2.55593728,0.917675183,2.426389815,93.70312022,2.367361545,29.0449769,29.83519043,29.97039345
2924.556,1569.405392,3151.620415,1839.918819,1890.899885,4.64369526,54.84355796,3.794171412,97.9545475,5.65972016,2.556191154,0.9175581,2.437883852,93.97005449,2.367664147,29.04708036,29.83341072,29.97016031
2924.7084,1570.524152,3153.866703,1841.214189,1892.241074,4.649109959,54.85480469,3.79241469,97.57707574,5.66944321,2.558483012,0.918247905,2.451780322,93.86394418,2.3682084,29.04880223,29.85562973,29.9728489
2924.8608,1566.038163,3144.857737,1835.938688,1886.829376,4.637894497,54.65417309,3.777204119,97.34778847,5.657111085,2.551629061,0.915722434,2.457244997,93.9339091,2.368824639,29.05638632,29.77130558,29.96339654
2925.0132,1568.842874,3150.489654,1839.210225,1890.201673,4.648290153,54.66171841,3.779319462,96.93516111,5.665759178,2.556596024,0.917609583,2.475068084,93.90115369,2.369691477,29.0635404,29.82557951,29.97006177
2925.1656,1566.26696,3145.316395,1836.173858,1887.091186,4.642720919,54.4663423,3.768609123,97.18347999,5.653126614,2.552774825,0.916415766,2.484726523,93.95710929,2.370257553,29.06731541,29.77755862,29.96499866
2925.318,1565.355899,3143.486412,1835.089151,1885.986523,4.642089911,54.3097253,3.761709961,97.26925171,5.644017385,2.55163432,0.916248511,2.49717515,93.92355888,2.37094194,29.06990536,29.76119238,29.96386044
2925.4704,1560.632749,3134.001122,1829.535282,1880.288785,4.630224928,53.999637,3.744834984,97.53227294,5.618452395,2.544237205,0.913865762,2.5034794,93.97053879,2.371383946,29.07422504,29.67235516,29.95445446
2925.6228,1565.456308,3143.687133,1835.172836,1886.092883,4.646805862,53.96563154,3.74913818,97.50701213,5.620617563,2.552304351,0.917136621,2.525099105,94.02955546,2.371725097,29.07755982,29.76502581,29.9665555
2925.7752,1566.46683,3145.715942,1836.340418,1887.302865,4.652129782,53.78149176,3.743747426,97.91751727,5.606509389,2.554113441,0.918197834,2.540505291,94.03101825,2.371757963,29.07862856,29.78518829,29.97037774
2925.9276,1569.142068,3151.087756,1839.459509,1890.518478,4.662397799,53.63505926,3.741971351,97.86658588,5.595868313,2.558603839,0.920272043,2.558484275,94.00404303,2.372236221,29.08159248,29.83699894,29.97826755
2926.08,1566.435829,3145.652695,1836.269955,1887.25037,4.65665339,53.2860335,3.726899437,97.68537466,5.564069449,2.554296664,0.919217016,2.567487975,93.97589623,2.372670111,29.08599556,29.7864816,29.97463103
2926.2324,1571.021933,3154.861806,1841.628789,1892.768007,4.672547629,53.13377197,3.727549243,96.9781636,5.552741261,2.56180528,0.922489285,2.587915797,94.00392358,2.373208492,29.08545778,29.8746256,29.98770953
2926.3848,1570.001047,3152.81119,1840.414881,1891.530385,4.671708697,52.77418289,3.714659314,96.60101634,5.51976574,2.560150112,0.922507681,2.599040944,93.82295801,2.373858467,29.0870924,29.85614097,29.98870503
2926.5372,1570.243297,3153.297146,1840.681659,1891.81463,4.674579903,52.43690195,3.704185076,95.83916562,5.489034952,2.560524196,0.923287926,2.61205203,93.64335971,2.374429456,29.08751774,29.8616769,29.99284756
2926.6896,1566.139875,3145.056304,1835.85424,1886.863247,4.664507861,51.93490302,3.682311633,95.1933009,5.440992839,2.553771461,0.921488367,2.617414021,93.5536617,2.374759627,29.08973435,29.78457546,29.98763534
2926.842,1571.014026,3154.843846,1841.550405,1892.727863,4.681166722,51.68223429,3.678636931,94.38939092,5.418993966,2.561556972,0.924905896,2.636443018,93.59285924,2.375031035,29.09120583,29.87820503,30.00275668
2926.9944,1571.514642,3155.848647,1842.119986,1893.323378,4.684775603,51.26896216,3.66381776,94.30858592,5.380021219,2.562174801,0.92573113,2.647720535,93.55263846,2.375069216,29.09437776,29.88864958,30.0083959
2927.1468,1573.220884,3159.27454,1844.102791,1895.37142,4.691936147,50.87826062,3.651031515,94.16697558,5.343549828,2.56473585,0.927258013,2.660569597,93.30506463,2.375248866,29.10024261,29.92201989,30.01699257
2927.2992,1569.253475,3151.306852,1839.434902,1890.583949,4.682136266,50.28986993,3.624212392,94.30470974,5.286691446,2.558034202,0.925418228,2.663260547,93.16440907,2.375590316,29.1114328,29.84748155,30.01343668
2927.4516,1572.483248,3157.792241,1843.203183,1894.467289,4.693750218,49.8957768,3.611238492,94.24511483,5.250990143,2.563002647,0.927723774,2.676301714,93.75497402,2.375837033,29.11967961,29.90983269,30.02631249
2927.604,1570.227272,3153.261388,1840.541258,1891.741592,4.688953249,49.31537469,3.584951917,94.69986654,5.195980978,2.559015293,0.92677605,2.679406044,93.69320133,2.376040327,29.12611627,29.86783695,30.02741045
2927.7564,1569.501188,3151.8028,1839.672529,1890.85903,4.68871429,48.77076207,3.561087982,94.80651138,5.145063089,2.557499146,0.926688669,2.684325352,93.17997782,2.376191197,29.13250783,29.854944,30.03212439
2927.9088,1564.843916,3142.44977,1834.195836,1885.240354,4.676758535,48.09522184,3.526791577,94.9446307,5.080475772,2.549540115,0.924192868,2.681495855,92.80080818,2.3758137,29.13703166,29.76728005,30.02833326
2928.0612,1569.603161,3152.006578,1839.756506,1890.966177,4.692956106,47.68820665,3.510003708,94.74953698,5.044836414,2.556838173,0.927035597,2.692099505,92.95651793,2.375452522,29.14127767,29.85874354,30.04557942
2928.2136,1570.430293,3153.667098,1840.708401,1891.954846,4.697411127,47.15584447,3.483157561,95.05313788,4.996094374,2.557699652,0.927476623,2.69493281,93.37515731,2.374848777,29.14463966,29.87539954,30.0542099
2928.366,1572.787213,3158.39968,1843.453328,1894.786426,4.70644507,46.66292005,3.458498328,95.04743063,4.952164411,2.56104249,0.928749682,2.699395496,93.42649345,2.374225032,29.14683531,29.92115348,30.06626082
2928.5184,1569.657505,3152.114273,1839.767262,1891.007951,4.69905886,46.00182369,3.420590874,95.11021721,4.891150901,2.555448974,0.926709309,2.693510765,93.45621069,2.373822731,29.15134727,29.86252904,30.06645394
2928.6708,1573.726598,3160.285195,1844.51865,1895.901906,4.71318399,45.5432103,3.395144423,94.83977383,4.853129245,2.561544321,0.928689174,2.697318297,93.52811067,2.373586009,29.15718813,29.94086025,30.08258273
2928.8232,1572.119811,3157.05809,1842.617453,1893.957921,4.710276742,44.91557547,3.356512174,95.06674037,4.797939936,2.558403907,0.927259536,2.690551067,93.61537278,2.373225113,29.16245981,29.91120031,30.08643306
2928.9756,1571.719268,3156.253322,1842.12994,1893.467036,4.710961804,44.32039765,3.319281414,95.04165154,4.747147527,2.557227292,0.926454187,2.684871636,93.07701889,2.372805298,29.16505991,29.90449257,30.09291207
2929.128,1566.943692,3146.662829,1836.51467,1887.705554,4.698524504,43.6045109,3.271513855,95.21182769,4.683965274,2.548915391,0.922955502,2.670711743,93.01793473,2.372221041,29.16852653,29.81455205,30.08980839
2929.2804,1571.149914,3155.109186,1841.426558,1892.764623,4.712986962,43.15319822,3.239291904,95.25905251,4.650069765,2.555167222,0.924433898,2.66901339,92.84439254,2.371196341,29.17047919,29.89551767,30.10613985
2929.4328,1571.007261,3154.822352,1841.241597,1892.584669,4.714378331,42.58897371,3.19704491,95.93240122,4.604405402,2.55433382,0.923242528,2.658924157,93.10255637,2.369879613,29.17289801,29.89373056,30.11286964
2929.5852,1572.128401,3157.073423,1842.537715,1893.927058,4.719549538,42.06584118,3.156204352,96.36416067,4.563922322,2.555561903,0.922677499,2.6499459,93.04140584,2.368788883,29.17465557,29.91599071,30.1222107
2929.7376,1567.638973,3148.057633,1837.258056,1888.51029,4.707876117,41.39917109,3.102986922,96.76283707,4.508473944,2.5476769,0.918709678,2.630634774,92.84652306,2.367779198,29.17562181,29.83149227,30.11934713
2929.89,1570.447211,3153.696689,1840.531153,1891.884808,4.718101309,40.95353349,3.061629066,96.71614133,4.477837414,2.551643853,0.918710946,2.621030505,93.34070998,2.367062959,29.17727919,29.88587209,30.13215756
2930.0424,1567.869248,3148.519444,1837.491628,1888.770515,4.712135559,40.3792697,3.008925411,97.01592199,4.433458558,2.546868374,0.915452596,2.601465514,93.91836495,2.365798717,29.17438698,29.83775031,30.13324611
2930.1948,1566.957699,3146.688613,1836.404936,1887.663528,4.711185241,39.86718898,2.958557238,97.02013127,4.396029036,2.544807002,0.913031689,2.58354087,93.66061252,2.36484405,29.17040197,29.82134717,30.13780838
2930.3472,1562.22982,3137.194003,1830.845726,1881.959197,4.69877426,39.28327325,2.900391937,97.2281058,4.350161328,2.536535104,0.908249476,2.558336506,93.29596745,2.363627024,29.16785897,29.73232652,30.13390221
2930.4996,1567.057514,3146.888435,1836.485592,1887.766483,4.71509876,38.9980673,2.85859971,97.32397119,4.336407187,2.543748791,0.908699539,2.546522982,93.12285292,2.362178061,29.16538716,29.8251806,30.15033586
2930.652,1568.067947,3148.917231,1837.65214,1888.975404,4.719934003,38.64482084,2.809529137,97.97819115,4.314489296,2.544757675,0.906812465,2.527582424,93.0552805,2.360311879,29.16058066,29.84537999,30.15824596
2930.8044,1570.744595,3154.292044,1840.771378,1892.191441,4.729799534,38.3549759,2.762839602,98.0942442,4.299522148,2.548477569,0.905763263,2.510448722,92.98511252,2.358948806,29.15651621,29.89729152,30.1695422
2930.9568,1568.03408,3148.848626,1837.577321,1888.917796,4.723467539,37.94925639,2.706036506,97.70079621,4.271536918,2.543461768,0.901504757,2.484129817,92.63787815,2.357543491,29.15365827,29.84666828,30.16910562
2931.1092,1572.622617,3158.062824,1842.937405,1894.437191,4.739131689,37.7686287,2.660945011,96.1532994,4.26833272,2.550284053,0.901198149,2.468104016,92.71249799,2.356232868,29.15079211,29.93498657,30.18401519
2931.2616,1571.598305,3156.005591,1841.719907,1893.195118,4.737882351,37.46627911,2.605890582,94.22941718,4.251602994,2.548015725,0.897591513,2.44276015,92.58037717,2.355034707,29.14786722,29.91646081,30.18674725
2931.414,1571.838201,3156.487086,1841.983939,1893.475954,4.740447365,37.21153503,2.552657962,91.37385571,4.240375928,2.547807651,0.894620718,2.418913662,92.79427601,2.353878903,29.14843774,29.92200414,30.1920327
2931.5664,1567.727646,3148.232222,1837.150073,1888.516426,4.729885109,36.87608749,2.492657816,88.44545851,4.219455078,2.540542968,0.889111861,2.388201889,92.21079243,2.352777007,29.1495254,29.84474312,30.18777189
2931.7188,1572.602733,3158.021873,1842.847058,1894.382146,4.746403382,36.81607125,2.448133537,85.63239124,4.228053449,2.547821692,0.888550594,2.371005076,92.40174677,2.351567253,29.14947895,29.93855801,30.20229371
2931.8712,1573.099496,3159.0192,1843.413759,1894.974038,4.749681128,36.67588338,2.397338559,84.25611052,4.226894479,2.548004513,0.885471115,2.347174945,92.44887476,2.35021125,29.15045854,29.94901988,30.20718957
2932.0236,1574.802789,3162.439433,1845.394548,1897.019531,4.756604417,36.57901607,2.348468225,83.84268299,4.230517561,2.55014353,0.883020821,2.325207931,92.40439949,2.349308639,29.15421235,29.98245382,30.21450014
2932.176,1570.82643,3154.454081,1840.719936,1892.223475,4.74639179,36.36060133,2.291103263,84.85819346,4.219820272,2.543082185,0.877348278,2.295122122,92.42318657,2.348599312,29.1590091,29.90776115,30.20954167
2932.3284,1574.053572,3160.934435,1844.487378,1896.105691,4.757955734,36.35833236,2.245673765,86.72887498,4.232060341,2.5476688,0.875632363,2.276448808,93.07986346,2.348042906,29.16227254,29.97023443,30.21959541
2932.4808,1571.789217,3156.387047,1841.820063,1893.373039,4.752928242,36.24406999,2.19272284,89.85794321,4.230709573,2.543368,0.870833751,2.250120115,93.25474751,2.347494442,29.16575309,29.92815009,30.21776428
2932.6332,1571.055956,3154.914316,1840.947122,1892.485006,4.752539003,36.18556241,2.142715984,92.90531393,4.234827836,2.541541058,0.866872202,2.226448691,93.03993831,2.347128098,29.16432795,29.91522731,30.21905756
2932.7856,1566.387239,3145.538579,1835.463056,1886.856827,4.740234351,36.06572002,2.089070909,95.72020947,4.229960864,2.533337125,0.860764615,2.197900175,93.03468266,2.346289185,29.16192404,29.82738253,30.2116634
2932.938,1571.143369,3155.089292,1841.024247,1892.583212,4.756411802,36.23264306,2.052419248,97.50460358,4.254318363,2.540350375,0.85992156,2.184652273,93.05453937,2.34545391,29.15970483,29.91902686,30.22404282
2933.0904,1571.96317,3156.735257,1841.973576,1893.568511,4.760647371,36.3377561,2.012568489,98.88681691,4.269513856,2.540990134,0.856966868,2.166761297,93.21482014,2.344474107,29.15298939,29.93571268,30.22774514
2933.2428,1574.313901,3161.455548,1844.717303,1896.398462,4.769529859,36.49450883,1.975836837,99.13722363,4.28933169,2.544088981,0.854879411,2.151939334,93.22576683,2.34404916,29.143667,29.98155521,30.23462896
2933.3952,1571.172369,3155.146556,1841.02582,1892.612973,4.76180051,36.53261166,1.932972949,98.93203459,4.294106815,2.538295114,0.849841236,2.130571678,93.17797262,2.343900078,29.13550524,29.92280864,30.22967419
2933.5476,1575.235836,3163.306245,1845.778122,1897.507966,4.775918428,36.77481577,1.902474026,98.23534271,4.319453274,2.544109358,0.848843804,2.121740668,93.03728792,2.344196514,29.13146037,30.00129418,30.23988766
2933.7,1573.617731,3160.056505,1843.87352,1895.559499,4.772831389,36.88985411,1.865808873,98.13946152,4.329014814,2.540734407,0.844822714,2.106231118,93.19500989,2.34456478,29.12761963,29.97157061,30.23787616
2933.8524,1573.206773,3159.230886,1843.38386,1895.065729,4.773422823,37.03967599,1.831716082,97.95905458,4.341479543,2.539289708,0.841517479,2.093558789,93.10669541,2.345118391,29.11968992,29.96484555,30.23841086
2934.0048,1568.416478,3149.610889,1837.763256,1889.297298,4.76071342,37.10047022,1.794637659,98.01626581,4.341985883,2.530764436,0.835980309,2.076335053,93.17557906,2.34559558,29.11943839,29.87471971,30.22939072
2934.1572,1572.615966,3158.04364,1842.677747,1894.359542,4.775226204,37.41689564,1.773948695,97.80373715,4.368105295,2.536723324,0.835547677,2.074547834,92.97980028,2.346011045,29.1231498,29.9558449,30.23941438
2934.3096,1572.462364,3157.734734,1842.49226,1894.178782,4.776489014,37.64321239,1.750614713,97.97062267,4.382183093,2.535651283,0.83292679,2.068391839,93.23513406,2.346447587,29.12984418,29.9540504,30.23994191
2934.462,1573.573489,3159.965576,1843.789277,1895.522187,4.781596341,37.90190981,1.73008342,97.71078607,4.398744677,2.536594907,0.831080107,2.065385575,93.09185706,2.347121142,29.13754546,29.97635168,30.24317234
2934.6144,1569.068681,3150.918797,1838.506401,1890.101194,4.769651929,38.02361349,1.704399444,97.44422663,4.398488992,2.528464909,0.826357009,2.056291097,92.88247005,2.348144613,29.14988043,29.89167896,30.23425528
2934.7668,1571.867874,3156.539468,1841.782945,1893.47999,4.779877078,38.33931494,1.691506513,96.944355,4.417342941,2.532078816,0.825799659,2.060344792,92.54536056,2.349657734,29.16793935,29.94616468,30.2409389
2934.9192,1569.275827,3151.333736,1838.742919,1890.364952,4.773705187,38.52531652,1.674095929,97.10011217,4.420083715,2.526991802,0.822508891,2.058675291,92.50930462,2.350960018,29.1869711,29.89794201,30.23589417
2935.0716,1568.351592,3149.477181,1837.657488,1889.25948,4.772591373,38.75742448,1.660346812,97.1624683,4.426430589,2.524571312,0.820226158,2.060751018,92.59966621,2.352699061,29.1984556,29.88150195,30.23437658
2935.224,1563.607738,3139.950231,1832.096793,1883.553189,4.759799078,38.91010624,1.645534237,97.4775902,4.421836212,2.516002432,0.816122367,2.059206446,92.47504981,2.354424074,29.21208299,29.79229788,30.22435144
2935.3764,1568.428192,3149.629698,1837.743603,1889.369286,4.775983716,39.33148936,1.648342488,97.58275358,4.443824634,2.52283725,0.817478746,2.073844582,92.53492626,2.355921662,29.22440258,29.88533538,30.23491777
2935.5288,1569.428178,3151.637075,1838.914352,1890.583545,4.780466584,39.67108251,1.650211087,98.21192102,4.454816881,2.523532384,0.817030533,2.084866956,92.58751674,2.357126123,29.23414995,29.90557169,30.23700451
2935.6812,1572.095814,3156.993313,1842.039559,1893.807196,4.7900035,40.05469826,1.655820176,98.4884044,4.469359671,2.526897535,0.817601726,2.099544955,92.58929069,2.358944882,29.24540346,29.95758411,30.24268129
2935.8336,1569.371644,3151.522014,1838.847418,1890.536016,4.783106718,40.2980306,1.657124724,98.77198146,4.467455285,2.52158833,0.815487592,2.108090014,92.55615097,2.360862504,29.25688828,29.90685497,30.23661368
2935.986,1573.95311,3160.72142,1844.216008,1896.066293,4.798405656,40.72819749,1.671180097,98.64492508,4.484384358,2.528030419,0.817557321,2.129222972,92.55238221,2.36293219,29.26790954,29.99534755,30.24641782
2936.1384,1572.916998,3158.639926,1843.002817,1894.829761,4.79658375,41.00600737,1.680366951,98.91680642,4.483997261,2.525443156,0.816822114,2.14383469,92.47089552,2.365113599,29.27511535,29.97678065,30.24401746
2936.2908,1573.146305,3159.099556,1843.272634,1895.118028,4.798619544,41.30976964,1.692266826,98.79125859,4.485824348,2.524882884,0.816877772,2.161262114,92.55972023,2.36736095,29.28147847,29.98233137,30.24438361
2936.4432,1569.02198,3150.816446,1838.441253,1890.16173,4.787338563,41.50008505,1.701659133,98.68903863,4.474781724,2.517353192,0.814834211,2.173453482,92.31749402,2.369527863,29.28868962,29.90491078,30.23518505
2936.5956,1573.891905,3160.594971,1844.148512,1896.040621,4.80335028,41.93137557,1.727032971,98.24947843,4.488715961,2.524322478,0.817913706,2.199910904,93.12266527,2.371509408,29.29407849,29.99891099,30.24559492
2936.748,1574.380368,3161.574886,1844.722091,1896.641359,4.805937284,42.24448418,1.749793454,98.32332798,4.489751402,2.524289442,0.818884729,2.220956591,93.13702979,2.373102227,29.29994372,30.00939018,30.24640636
2936.9004,1576.076602,3164.980165,1846.710989,1898.697271,4.812187586,42.57957605,1.775172169,98.13877424,4.493295564,2.526204836,0.820614433,2.244303909,93.51793317,2.374996073,29.30356848,30.04288775,30.24989913
2937.0528,1572.088805,3156.971113,1842.03978,1893.905638,4.801066215,42.75015099,1.795019119,98.10832902,4.47993995,2.519022744,0.819482995,2.259804384,93.52732289,2.377020357,29.30822492,29.96804075,30.24101668
2937.2052,1575.311359,3163.441396,1845.81657,1897.799863,4.811837705,43.10158498,1.827037334,97.8280124,4.48636309,2.52346718,0.822443862,2.286201355,93.2626814,2.378979064,29.31102492,30.03063616,30.24800735
2937.3576,1573.038269,3158.875663,1843.153955,1895.073302,4.805783346,43.29186568,1.853626233,98.07969456,4.476498713,2.519126202,0.822639118,2.304875585,93.54555314,2.380668825,29.31622047,29.98846324,30.24299225
2937.51,1572.297908,3157.387838,1842.286947,1894.192938,4.804351073,43.51588022,1.883209662,98.03468385,4.470698079,2.517268409,0.823748832,2.325835423,93.42484336,2.382409886,29.32077601,29.97551063,30.24132997
2937.6624,1567.619731,3147.992303,1836.805225,1888.567858,4.790786465,43.63170465,1.909902381,98.07838991,4.454230584,2.50915505,0.822922288,2.340641565,93.47686846,2.38375159,29.32090286,29.88748501,30.23089101
2937.8148,1572.375764,3157.541854,1842.376151,1894.30677,4.805819456,44.00844112,1.952714713,97.82031847,4.465905376,2.516278699,0.827378422,2.368565917,93.46186111,2.385279188,29.32274557,29.97931017,30.24129374
2937.9672,1573.193134,3159.182011,1843.33153,1895.299901,4.808705358,44.27478144,1.992479836,98.07307142,4.467058797,2.517156448,0.829891581,2.390172572,93.399286,2.386196754,29.32231481,29.99602583,30.24295676
2938.1196,1575.543138,3163.899893,1846.082256,1898.138895,4.816205571,44.57838141,2.035280051,98.02352347,4.473125447,2.520534923,0.833302509,2.413531675,93.21493082,2.387169169,29.32098795,30.04195694,30.24802704
2938.272,1572.396994,3157.58077,1842.3926,1894.35585,4.806863344,44.7203366,2.071624118,98.06538577,4.464122286,2.515160519,0.833862321,2.427754399,93.41267814,2.388163737,29.32051804,29.98308825,30.2410241
2938.4244,1576.463004,3165.744576,1847.151946,1899.25993,4.819428749,45.05497357,2.119602564,97.81243685,4.477128368,2.521447386,0.838418517,2.451041098,94.09942879,2.389397692,29.32428119,30.06172811,30.25012041
2938.5768,1574.843376,3162.490879,1845.249073,1897.313766,4.814592557,45.21858785,2.1603246,98.07823809,4.474349134,2.518679755,0.839997783,2.464823581,94.01878833,2.390417422,29.32895093,30.0319409,30.24676067
2938.7292,1574.43235,3161.664207,1844.761735,1896.823044,4.813426168,45.41153014,2.203052433,98.04567364,4.475862193,2.51789608,0.842254035,2.47947149,92.98358348,2.39135499,29.33089232,30.02519853,30.24614564
2938.8816,1569.639383,3152.038005,1839.139182,1891.052199,4.798821285,45.47897517,2.240126776,98.09356914,4.466067852,2.510162647,0.842191175,2.485989191,92.71609876,2.392157843,29.33337118,29.93488738,30.23581383
2939.034,1573.845407,3160.482886,1844.058305,1896.120401,4.81156205,45.80661039,2.29141331,97.82893665,4.48478268,2.516977009,0.847034878,2.503363857,92.59485009,2.39277553,29.33640057,30.01617214,30.24562458
2939.1864,1573.695746,3160.180984,1843.873137,1895.940084,4.810933212,46.00713272,2.3368198,98.06875511,4.492279912,2.51688833,0.849559978,2.512517772,92.91631856,2.392995009,29.34087586,30.01437024,30.24581812
2939.3388,1574.812386,3162.42198,1845.170908,1897.284471,4.814138327,46.24321783,2.384266956,98.01212777,4.504850844,2.518883201,0.852767528,2.522154574,92.73325404,2.392932917,29.34481486,30.03671266,30.24893728
2939.4912,1570.309147,3153.377548,1839.883255,1891.857394,4.800139311,46.31256098,2.423113252,98.06136584,4.502541486,2.511931672,0.852913339,2.521341245,92.67760406,2.392646914,29.35097771,29.95186564,30.23963774
2939.6436,1573.117363,3159.015418,1843.159859,1895.236258,4.808358335,46.5944878,2.472948308,97.82268038,4.524236035,2.516802117,0.856982705,2.528271302,92.76920721,2.392556928,29.3583516,30.00645726,30.24685933
2939.796,1570.53051,3153.819322,1840.114455,1892.114345,4.800030745,46.71424266,2.514134852,98.08882782,4.531608672,2.513086062,0.858090558,2.525014129,92.75691355,2.391827361,29.36390213,29.95813371,30.24214673
2939.9484,1569.61338,3151.97623,1839.02419,1891.002687,4.796725368,46.88665011,2.557702556,97.99957697,4.545577155,2.512097294,0.860060734,2.522510802,93.45005235,2.39112751,29.37102179,29.94165674,30.24124726
2940.1008,1564.87435,3142.458268,1833.454601,1885.285025,4.781643289,46.95167764,2.594498809,97.90366953,4.550110073,2.505043163,0.859865646,2.511958336,93.44395776,2.39012171,29.37812967,29.85226923,30.23174623
2940.2532,1569.709404,3152.166192,1839.099258,1891.098339,4.795631949,47.31269818,2.64545207,97.38516847,4.585972318,2.513439603,0.864755946,2.512131973,92.91501984,2.388825048,29.38360649,29.94549017,30.24388672
2940.4056,1570.721631,3154.197407,1840.263837,1892.304688,4.797844009,47.56284708,2.689373715,97.27893299,4.61218361,2.515767978,0.867472875,2.504334204,93.10268632,2.386899552,29.3864077,29.96576338,30.24745695
2940.558,1573.403442,3159.58135,1843.383499,1895.52122,4.805090415,47.86829134,2.735629192,96.83266458,4.64504298,2.520817881,0.871039468,2.497277354,92.9893887,2.385422171,29.39032076,30.01787669,30.25484623
2940.7104,1570.689394,3154.129764,1840.180689,1892.236385,4.795835126,48.01263976,2.771859945,96.5298849,4.663209009,2.517250616,0.871546659,2.480115693,93.57794966,2.383820055,29.39395535,29.96704166,30.25019062
2940.8628,1575.288446,3163.363742,1845.543732,1897.759525,4.808862036,48.38496173,2.818352767,96.07068955,4.705700463,2.525472912,0.875881035,2.470538278,93.78275452,2.382156654,29.39919652,30.05570853,30.2620445
2941.0152,1574.26549,3161.30808,1844.319777,1896.509195,4.804731871,48.58465021,2.854016648,96.33063567,4.732436881,2.524708976,0.877019282,2.450742129,93.74786214,2.380205371,29.40619222,30.0371005,30.26139623
2941.1676,1574.509388,3161.796412,1844.57933,1896.784293,4.804475683,48.82770468,2.890940419,96.50874674,4.764260177,2.526004065,0.878763226,2.43137788,93.63013392,2.378371921,29.4146057,30.04265861,30.26366149
2941.32,1570.396307,3153.535413,1839.733818,1891.809886,4.790938905,48.94183307,2.91827191,96.95801428,4.783743466,2.520325009,0.8779435,2.40400857,93.97552268,2.376191109,29.42400798,29.96507844,30.25613879
2941.4724,1575.286525,3163.354048,1845.433908,1897.679533,4.804871613,49.34614143,2.957768883,97.21425012,4.83222738,2.529122659,0.881803315,2.38714324,94.16986167,2.373691048,29.43362781,30.05926398,30.26882031
2941.6248,1575.791797,3164.367217,1845.996554,1898.266218,4.805444051,49.61590869,2.987376425,97.99858348,4.867835515,2.530893123,0.883082601,2.362478445,94.53665868,2.370869791,29.44868762,30.06976048,30.27167267
2941.7772,1577.506224,3167.808508,1847.975297,1900.309061,4.809732322,49.92713425,3.018000509,98.41270408,4.907788257,2.534608732,0.884931212,2.338537955,94.03850336,2.368480426,29.46799418,30.10332168,30.27726281
2941.9296,1573.531698,3159.825746,1843.289422,1895.498608,4.796716172,50.06141355,3.036543592,98.77863146,4.930299914,2.52917237,0.883488984,2.305389368,93.79430111,2.365993544,29.48601602,30.02832035,30.27008836
2942.082,1576.774765,3166.336705,1847.05751,1899.38161,4.805758994,50.43129545,3.064489138,98.67369377,4.975671948,2.535301084,0.885759698,2.280724254,93.71835726,2.363537216,29.50270509,30.09103789,30.2790097
2942.2344,1574.517251,3161.801902,1844.381807,1896.638235,4.79804267,50.62589088,3.080394235,98.91402595,5.003821258,2.532571638,0.884836225,2.247315301,94.00971967,2.361252121,29.51971942,30.04877638,30.2755864
2942.3868,1573.794011,3160.348081,1843.502849,1895.742508,4.794990517,50.8726922,3.09758645,98.73005011,5.036841026,2.532286281,0.884642973,2.215410548,93.84210126,2.358697216,29.53563015,30.03579394,30.27556749
2942.5392,1569.12923,3150.979206,1838.006251,1890.09834,4.779903465,50.99699621,3.104628744,98.57135688,5.056899078,2.525625547,0.882061502,2.177560884,93.46858136,2.355731312,29.54662635,29.94758749,30.26653382
2942.6916,1573.907813,3160.573602,1843.570404,1895.828504,4.793615075,51.4355634,3.123930892,98.10762073,5.105997256,2.534073089,0.884345374,2.152070423,93.6401774,2.352895843,29.55408406,30.03959348,30.27856848
2942.844,1574.743888,3162.251026,1844.516289,1896.809429,4.795304178,51.74605346,3.132965926,98.18528461,5.14161963,2.536136236,0.884251178,2.120964405,94.17735982,2.349668878,29.55931657,30.05633897,30.28160505
2942.9964,1577.114138,3167.009233,1847.259201,1899.638365,4.801692545,52.10713776,3.143225612,98.00466192,5.181346776,2.540622538,0.88489656,2.091937147,94.40625799,2.346639523,29.56244984,30.10235867,30.28798675
2943.1488,1573.982773,3160.719621,1843.558324,1895.840932,4.791388413,52.2879323,3.141044586,97.93202463,5.202085108,2.536197117,0.882355091,2.055822375,94.59446639,2.343660473,29.56372292,30.04336785,30.28184531
2943.3012,1578.070588,3168.926866,1848.313702,1900.739886,4.803233057,52.71185216,3.148070419,97.55467058,5.24407746,2.543273472,0.883520675,2.029867103,94.63801444,2.341077613,29.56843392,30.12216204,30.29162266
2943.4536,1576.466931,3165.705059,1846.403451,1898.784261,4.797847997,52.94378472,3.142283225,97.65627,5.266129465,2.541129983,0.8814105,1.996882287,94.78268222,2.338596929,29.57142686,30.0923112,30.28847277
2943.606,1576.07296,3164.912424,1845.910583,1898.286443,4.796251636,53.21454693,3.137141507,97.43766869,5.290796878,2.540876107,0.87987363,1.966082481,94.45253524,2.335996028,29.56366887,30.08555152,30.28788911
2943.7584,1571.292081,3155.31043,1840.280175,1892.505552,4.781396179,53.33784946,3.120974195,97.3057519,5.299301442,2.533490273,0.875750964,1.930709321,94.44838834,2.333417478,29.55808349,29.99505504,30.27718315
2943.9108,1575.518569,3163.796122,1845.200339,1897.575064,4.794147126,53.76945946,3.116409109,96.90922472,5.334309525,2.540465833,0.876268652,1.908796147,94.03884795,2.330761927,29.55723044,30.07649938,30.28646405
2944.0632,1575.384329,3163.52505,1845.014073,1897.393342,4.793729549,54.05029707,3.100892904,97.07596793,5.352873481,2.540348544,0.874231032,1.882634484,94.00199563,2.328008409,29.55786555,30.07469009,30.28570337
2944.2156,1576.517516,3165.799099,1846.313063,1898.739292,4.797297633,54.37353881,3.086169206,97.00319008,5.373800663,2.54220331,0.872806562,1.859226161,93.75630538,2.325416087,29.55817227,30.09707363,30.28760354
2944.368,1572.024534,3156.775251,1841.023809,1893.310198,4.783858925,54.50561843,3.059188354,97.06116797,5.373995612,2.534922567,0.868195237,1.830342271,93.957119,2.322893061,29.57081164,30.01205233,30.2764953
2944.5204,1574.849876,3162.447299,1844.306938,1896.697424,4.792898319,54.89701641,3.041988409,96.83568498,5.395057406,2.539272943,0.867364299,1.813195187,94.09038517,2.321083056,29.5827561,30.06674985,30.28154434
2944.6728,1572.273944,3157.273083,1841.265364,1893.580454,4.785576573,55.10078928,3.013009255,97.10665549,5.395933972,2.534848379,0.863483411,1.790991638,94.30170242,2.319051013,29.59419906,30.01832541,30.27407251
2944.8252,1571.369144,3155.45466,1840.181523,1892.47706,4.783396347,55.36280502,2.985615847,97.04749671,5.40044855,2.533040072,0.860435802,1.77223974,94.7366153,2.317608204,29.60778889,30.00181152,30.27014939
2944.9776,1566.637343,3145.951263,1834.61638,1886.765155,4.769557897,55.49102606,2.949013877,97.03448967,5.39001144,2.524994432,0.855185978,1.75081608,94.6534224,2.316034225,29.62273408,29.91224059,30.25718873
2945.13,1571.488218,3155.690775,1840.274723,1892.596026,4.784958815,55.96118666,2.925699524,96.68289993,5.408113344,2.532226817,0.854910304,1.744430982,94.42923313,2.314732776,29.63233468,30.00564495,30.26587584
2945.2824,1572.511088,3157.743322,1841.451004,1893.817415,4.788706524,56.29338198,2.893388894,96.80457741,5.411127725,2.53322441,0.852457576,1.735512614,94.25867485,2.31329624,29.63817916,30.02595508,30.26558846
2945.4348,1575.204906,3163.151287,1844.584905,1897.052235,4.797598979,56.68625504,2.862937765,96.60725481,5.417923037,2.536844964,0.850854336,1.730215851,94.30498385,2.312343212,29.64753835,30.07816927,30.26892153
2945.5872,1572.496236,3157.710574,1841.39316,1893.781651,4.790099633,56.88989972,2.822037489,96.48734728,5.404815572,2.531713287,0.846300525,1.720490761,94.29062354,2.311473974,29.65754022,30.02722835,30.25961589
2945.7396,1577.107257,3166.968451,1846.774852,1899.328727,4.805037475,57.3666593,2.792076443,96.07362341,5.413478168,2.538238941,0.845580672,1.722991476,94.56706824,2.310881186,29.67008192,30.1160695,30.26679649
2945.892,1576.089357,3164.922971,1845.566154,1898.098015,4.802926297,57.64052808,2.75162884,96.1748341,5.401460555,2.535656015,0.841824664,1.720818746,94.29104221,2.310690329,29.6843352,30.09742034,30.26083361
2946.0444,1576.339207,3165.423241,1845.842963,1898.395288,4.804769214,57.96074042,2.712831136,95.98573325,5.392307106,2.535063567,0.838732867,1.721720864,94.53411107,2.310894939,29.69897447,30.10298585,30.25758994
2946.1968,1572.226031,3157.162186,1841.011461,1893.438921,4.793338621,58.11881717,2.665897068,95.88106721,5.367193594,2.527422564,0.833305314,1.719500807,94.30950582,2.310913593,29.71257288,30.0252461,30.24411151
2946.3492,1577.123914,3166.996118,1846.733292,1899.336466,4.809391703,58.60991364,2.632816123,95.47204771,5.370418101,2.534192319,0.83262007,1.7315091,94.33289879,2.311119041,29.72455319,30.11961696,30.25143171
2946.5016,1577.63076,3168.012499,1847.314344,1899.946798,4.812089326,58.93502039,2.591864177,95.56119397,5.357679109,2.533879862,0.829611149,1.74034293,94.45945518,2.311346373,29.73819438,30.13013077,30.24852121
2946.654,1579.347551,3171.458549,1849.313076,1902.015305,4.81854367,59.30936939,2.552856136,95.35359838,5.348312882,2.535489581,0.827249,1.752024458,94.49297345,2.311909944,29.75668993,30.16375561,30.24831258
2946.8064,1575.368233,3163.466341,1844.642629,1897.224692,4.807665008,59.47856923,2.504991741,95.2493604,5.319482441,2.52794756,0.821924113,1.758588968,94.18299043,2.312431191,29.77439631,30.08859995,30.23474103
2946.9588,1578.612807,3169.980297,1848.432114,1901.135138,4.818803592,59.9337769,2.469393296,94.88510431,5.314457453,2.531981922,0.820435099,1.776658386,94.37070261,2.313044573,29.79242944,30.15143962,30.23799289
2947.1112,1576.349872,3165.434736,1845.77329,1898.413438,4.813135318,60.1870765,2.425561933,95.07454222,5.290630786,2.527174968,0.816108094,1.789694991,95.04202378,2.313915783,29.81240947,30.10908953,30.2283136
2947.2636,1575.622318,3163.972347,1844.912491,1897.54101,4.812092935,60.50461961,2.384588231,95.00615988,5.271905289,2.524831735,0.812609365,1.805578729,95.1848491,2.315257647,29.83201705,30.09607725,30.22218576
2947.416,1570.947589,3154.583732,1839.429665,1891.914537,4.798832642,60.66941214,2.338174246,95.04626202,5.240177329,2.516180347,0.807122177,1.817889287,95.43651375,2.316357424,29.84707325,30.00768996,30.20681438
2947.5684,1575.724306,3164.174386,1845.013611,1897.670054,4.814122454,61.19703279,2.307762269,94.79864531,5.240789001,2.52272035,0.806652082,1.843783654,96.22209191,2.317769938,29.85878784,30.0998768,30.21420106
2947.7208,1576.552896,3165.836928,1845.974705,1898.670472,4.817199476,61.56945911,2.272280769,95.06343158,5.228579906,2.522962354,0.804221307,1.865985435,95.97758992,2.319178625,29.86317315,30.11665212,30.21244582
2947.8732,1578.916677,3170.582253,1848.733312,1901.519508,4.824872889,62.01055191,2.240121748,95.04392158,5.222385168,2.52569478,0.802634632,1.890690494,96.17564937,2.320862328,29.86258193,30.1627604,30.21445316
2948.0256,1575.771966,3164.266107,1845.041983,1897.734317,4.815648911,62.24653418,2.201425263,95.13653829,5.199162102,2.519654231,0.798312008,1.90927247,97.47979032,2.322644006,29.86189337,30.10364745,30.20353104
2948.178,1579.852583,3172.458961,1849.810446,1902.649999,4.828282757,62.77973838,2.17642294,94.97422444,5.20252794,2.525272928,0.797874525,1.938013751,96.82484668,2.324794862,29.86127462,30.18259597,30.21021153
2948.3304,1578.234749,3169.208906,1847.906817,1900.702842,4.823478786,63.09639179,2.144991715,95.36461618,5.188275474,2.521819247,0.794636056,1.960234952,98.48646097,2.326874465,29.85818226,30.1526815,30.20350613
2948.4828,1577.82729,3168.389364,1847.420035,1900.212792,4.822297942,63.46912132,2.116875833,95.49259952,5.179569536,2.520350204,0.792099924,1.984138946,97.00048847,2.329153313,29.85456864,30.1459045,30.19985532
2948.6352,1573.027167,3158.749045,1841.789352,1894.431539,4.807536869,63.65964458,2.084512102,95.71574292,5.157844629,2.511920582,0.787474492,2.00246971,96.81626018,2.331338831,29.85314765,30.0552227,30.18598809
2948.7876,1577.242062,3167.211555,1846.712633,1899.50499,4.8199082,64.19900279,2.068674224,95.6242784,5.169276635,2.518045686,0.787689781,2.032304247,96.19497521,2.333538445,29.84820215,30.13682661,30.19457695
2948.94,1577.090592,3166.906119,1846.523186,1899.31916,4.818805587,64.55446302,2.048891027,95.99916824,5.167847229,2.517261718,0.78585152,2.056473067,95.48810233,2.335351713,29.84222218,30.13500993,30.19308019
2949.0924,1578.207271,3169.147213,1847.818115,1900.659866,4.821492632,64.96875992,2.032726779,96.02798516,5.172735201,2.518576854,0.784754515,2.082063568,94.25722608,2.337389456,29.83061959,30.15743461,30.19493278
2949.2448,1573.691298,3160.077551,1842.517751,1895.216521,4.806907087,65.1586363,2.01107606,96.09454797,5.161183747,2.510974228,0.780951573,2.09992023,94.21174977,2.339497622,29.81919965,30.07223902,30.18352157
2949.3972,1576.500014,3165.716373,1845.791933,1898.592233,4.814351863,65.6481553,2.003746459,95.83100597,5.178273647,2.515247649,0.781098331,2.126558644,94.12658302,2.341899891,29.80473967,30.12704243,30.19056929
2949.5496,1573.901395,3160.496912,1842.734723,1895.455206,4.805188795,65.91941813,1.991410721,96.05906901,5.179539474,2.510965358,0.778667083,2.145548966,93.89926283,2.343792511,29.78549556,30.07851711,30.18490093
2949.702,1572.975186,3158.635766,1841.634576,1894.330892,4.800945175,66.26376774,1.983268131,96.00256497,5.188565054,2.509434958,0.777178659,2.166016994,93.77939491,2.345863302,29.7683866,30.0619663,30.18365031
2949.8544,1568.217628,3149.081053,1836.047291,1888.590615,4.784721209,66.43183277,1.972164605,96.06273007,5.18656357,2.501869193,0.773931655,2.180066873,94.47981763,2.347846103,29.75193156,29.97221195,30.17357921
2950.0068,1573.051374,3158.786362,1841.686667,1894.397146,4.79715069,66.96331303,1.978191581,95.87054186,5.220282149,2.509805914,0.775798087,2.204784431,94.46425114,2.349607866,29.73520507,30.06579974,30.18794985
2950.1592,1574.052919,3160.796408,1842.838396,1895.587067,4.797641255,67.31546126,1.981371743,96.22890944,5.24283224,2.51170767,0.775920469,2.223050212,94.58587454,2.351054328,29.71416047,30.08614678,30.1935127
2950.3116,1576.726753,3166.16453,1845.947142,1898.789642,4.803060524,67.73594858,1.988622997,96.332113,5.273096658,2.516365477,0.776987308,2.242644774,94.40028784,2.352788203,29.69420166,30.13846186,30.20351901
2950.464,1573.992764,3160.673412,1842.724106,1895.478981,4.791900239,67.92104826,1.990604163,96.5455331,5.287062718,2.512467519,0.775485207,2.253646847,94.47869414,2.354430781,29.67463771,30.08741503,30.20079047
2950.6164,1578.585232,3169.8943,1848.076565,1900.988587,4.802690583,68.38999073,2.006136376,96.46278729,5.329514374,2.520449563,0.777903468,2.272340586,94.52162102,2.355957086,29.65786752,30.17643048,30.21658138
2950.7688,1577.543417,3167.801203,1846.832467,1899.712535,4.796279172,68.61314948,2.016157218,96.86153305,5.354702728,2.519505042,0.777647069,2.282127026,94.54266968,2.357398139,29.64057178,30.15774018,30.21907751
2950.9212,1577.770452,3168.25603,1847.072894,1899.963208,4.793610512,68.8843411,2.029446822,96.92928776,5.385946679,2.520654429,0.778123625,2.292576421,94.22943494,2.358912964,29.62595205,30.16331308,30.22494455
2951.0736,1573.630605,3159.941914,1842.199702,1894.953466,4.777476872,68.93968971,2.038410523,97.04647159,5.40311754,2.514873855,0.776562288,2.295122385,93.45094817,2.36013685,29.61154177,30.08541376,30.22065928
2951.226,1578.51042,3169.739871,1847.882789,1900.801387,4.788249924,69.31665155,2.062366957,96.83347151,5.453041369,2.523639757,0.779767568,2.306730456,93.25998659,2.360989506,29.60014482,30.17996994,30.23894016
2951.3784,1578.995495,3170.71296,1848.4203,1901.355975,4.785544831,69.47373654,2.081882473,97.0988255,5.48846773,2.525426311,0.780924756,2.31047611,93.4266738,2.361647115,29.60074439,30.19050107,30.24695859
2951.5308,1580.69171,3174.11809,1850.375146,1903.368298,4.786451049,69.66707099,2.104043589,97.0537036,5.529095664,2.529202173,0.782772198,2.314824358,93.35851401,2.362384848,29.60602377,30.22418954,30.25809137
2951.6832,1576.687234,3166.07591,1845.656442,1898.515934,4.770072132,69.5929138,2.119217257,97.08973283,5.55043324,2.523898382,0.781859278,2.309810774,93.62682308,2.362950014,29.61737661,30.14887955,30.25575728
2951.8356,1579.91391,3172.554333,1849.401115,1902.369029,4.775339349,69.7729054,2.145734241,96.82741179,5.597965314,2.530267063,0.784731139,2.311806535,93.79072595,2.363254734,29.62659636,30.21184135,30.27118331
2951.988,1577.628916,3167.965029,1846.693884,1899.585407,4.763920374,69.69410518,2.165343584,97.06784383,5.626517928,2.527850367,0.784923858,2.30468795,93.63393241,2.363344899,29.63925155,30.16940267,30.27359355
2952.1404,1576.881104,3166.462486,1845.785478,1898.652084,4.757052726,69.66052141,2.187296333,97.01935718,5.66061094,2.52792403,0.785927253,2.298434887,93.7967111,2.36351305,29.64595435,30.15636057,30.27982388
2952.2928,1572.183802,3157.029193,1840.252875,1892.96197,4.738072162,69.41609266,2.203593439,97.0675582,5.679621626,2.521664409,0.785000493,2.284554214,93.06452576,2.363138553,29.65181767,30.06779244,30.27679266
2952.4452,1576.947722,3166.594641,1845.792418,1898.660714,4.747212087,69.49034655,2.232926885,96.83300683,5.730388003,2.530582006,0.788928596,2.279758172,93.39934088,2.362873945,29.65826083,30.16016011,30.29671758
2952.5976,1577.761384,3168.227812,1846.707618,1899.602479,4.744317139,69.3523551,2.256505414,97.10149023,5.765699662,2.533159258,0.790927382,2.26754437,93.66438299,2.362016476,29.66236295,30.17696526,30.30729618
2952.75,1580.11224,3172.947776,1849.422085,1902.395112,4.746010928,69.24941745,2.281823116,97.06384533,5.805632894,2.538208399,0.7937226,2.256357953,93.60694923,2.36121407,29.6642758,30.22316213,30.32150205
2952.9024,1576.951182,3166.599546,1845.685317,1898.551884,4.73115188,68.8765699,2.298547481,97.07872896,5.824325004,2.534401904,0.793758453,2.23636815,93.5553987,2.360381459,29.66537402,30.16392705,30.32261847
2953.0548,1581.023304,3174.775975,1850.413804,1903.416516,4.737908737,68.73445256,2.324196587,96.75223558,5.866481256,2.542187096,0.797470683,2.223370956,93.66439901,2.359480776,29.67069771,30.2430299,30.3407549
2953.2072,1579.393529,3171.502715,1848.469225,1901.417085,4.727624899,68.3190922,2.340953415,96.87903224,5.886604953,2.540804656,0.798321116,2.201575108,93.85483326,2.358578249,29.68301685,30.2130518,30.34534587
2953.3596,1578.976008,3170.663732,1847.943507,1900.877336,4.72098108,67.92506356,2.358513218,96.67965647,5.90968362,2.541349343,0.799776102,2.180549752,93.71846379,2.357439286,29.68697323,30.20625748,30.35266584
2953.512,1574.163818,3161.000049,1842.273652,1895.0461,4.70110021,67.30701041,2.368231149,96.55979131,5.914116184,2.534763372,0.798976625,2.152100406,93.47477543,2.35610216,29.69350024,30.11539036,30.34951949
2953.6644,1578.376416,3169.458682,1847.164003,1900.077545,4.707985074,66.98041214,2.388226641,96.15360346,5.946546761,2.542560305,0.802690864,2.132339126,93.58300837,2.354408118,29.71035759,30.19715385,30.36737127
2953.8168,1578.220742,3169.145638,1846.941867,1899.850036,4.701806443,66.43237546,2.400422405,96.25483361,5.960216397,2.543264226,0.80416641,2.105482187,93.72477887,2.352377866,29.7281022,30.19532977,30.37476652
2953.9692,1579.335192,3171.383089,1848.206524,1901.152156,4.699476362,65.90201337,2.413115844,96.03917626,5.976355879,2.54596678,0.806265017,2.079643904,94.02431157,2.350663114,29.74466739,30.21779559,30.38491229
2954.1216,1574.813789,3162.303485,1842.876101,1895.670528,4.680442622,65.10697731,2.415815577,95.85864745,5.969145191,2.539536422,0.805453983,2.045869029,94.4488883,2.348654702,29.76744854,30.1324257,30.38163682
2954.274,1577.625092,3167.948383,1846.126298,1899.015735,4.683251922,64.53896862,2.42571385,95.31407421,5.983660742,2.544765198,0.808260827,2.019430454,94.72530585,2.346661477,29.7934044,30.18733502,30.39506553
2954.4264,1575.026144,3162.729262,1843.046076,1895.849477,4.670099082,63.72286585,2.425850725,95.21787259,5.975584881,2.541221533,0.808253537,1.985580466,94.69836738,2.344204703,29.81321837,30.13870881,30.39558001
2954.5788,1574.102008,3160.873287,1841.926089,1894.7,4.661974026,62.94609286,2.426529655,94.80838377,5.971040313,2.54030783,0.809024225,1.953265406,94.70997963,2.341918591,29.84098377,30.12212109,30.39974446
2954.7312,1569.345121,3151.321009,1836.320586,1888.936663,4.642436984,61.99487929,2.419041997,94.52897133,5.948831709,2.533102112,0.807703762,1.915264892,94.67816093,2.339647097,29.86560168,30.03218331,30.39463357
2954.8836,1574.189729,3161.049096,1841.948468,1894.72874,4.65120876,61.36894497,2.420940887,94.05326858,5.955311305,2.541121973,0.811044261,1.886740629,94.88007226,2.337346679,29.88429833,30.12595452,30.41146907
2955.036,1575.200698,3163.079106,1843.090495,1895.906521,4.648650517,60.57291485,2.414845438,94.21421326,5.944199495,2.542850885,0.812301629,1.852864202,94.7650521,2.334710092,29.89669226,30.14633848,30.41899387
2955.1884,1577.886223,3168.471745,1846.192247,1899.10043,4.651104134,59.81685654,2.40926044,94.20139618,5.936475363,2.547195917,0.814334377,1.820632726,94.77157557,2.332228518,29.90845156,30.19875444,30.43012342
2955.3408,1575.1606,3162.998555,1842.96272,1895.781769,4.637654793,58.8374402,2.393725255,94.36154714,5.906102061,2.542727872,0.81349982,1.78198885,95.02942801,2.329891921,29.91893796,30.14760172,30.4283699
2955.4932,1579.768943,3172.252363,1848.313167,1901.289108,4.645846664,58.09922003,2.384633278,94.27594021,5.896984388,2.549854443,0.816199372,1.75089262,94.82208539,2.327630081,29.92201184,30.23679145,30.44307079
2955.6456,1578.739425,3170.185083,1847.067668,1900.011579,4.637540586,57.13763152,2.365487119,94.70827438,5.864774141,2.547813788,0.815919875,1.713507182,94.88430226,2.325298161,29.92757967,30.21806002,30.44437228
2955.798,1578.980504,3170.669226,1847.308696,1900.263332,4.633004787,56.21062068,2.346345016,94.83552561,5.834922818,2.547737736,0.816195311,1.677449874,94.76946051,2.322937372,29.93193666,30.22364032,30.4483389
2955.9504,1574.852183,3162.379404,1842.436791,1895.25554,4.615571707,55.13265977,2.318746806,95.02630973,5.786666784,2.54050027,0.81406522,1.636547846,94.57781323,2.320320386,29.93457031,30.14558142,30.4418337
2956.1028,1579.752453,3172.219445,1848.125135,1901.11047,4.624481832,54.38791166,2.299581651,94.9127485,5.765790294,2.547525355,0.816228261,1.604709579,94.62852486,2.317576082,29.93519162,30.24032292,30.45570404
2956.2552,1580.255273,3173.229197,1848.668323,1901.672596,4.620497636,53.49736696,2.272306754,95.31032814,5.726766466,2.547352648,0.815990491,1.568343961,94.90606359,2.314494785,29.9390316,30.25087137,30.45904586
2956.4076,1581.970552,3176.673621,1850.629352,1903.693097,4.620071116,52.64649808,2.245341697,95.42482105,5.690319376,2.549043267,0.816287635,1.533294108,94.64151604,2.311925704,29.94003545,30.28462347,30.46498124
2956.56,1577.980535,3168.661519,1845.915273,1898.846919,4.602970302,51.60773938,2.209215166,95.63513297,5.632046643,2.541459508,0.813567596,1.492903391,94.50424919,2.309232517,29.94241334,30.20915916,30.4574792
2956.7124,1581.227992,3175.182598,1849.665208,1902.70701,4.606937331,50.83979756,2.179913481,95.54277452,5.595925919,2.545280345,0.814287601,1.460054294,94.83145742,2.306549879,29.93819199,30.27224308,30.4663254
2956.8648,1578.959197,3170.626775,1846.962015,1899.92882,4.594880429,49.90047369,2.141983697,95.91584996,5.539065884,2.54014541,0.812089985,1.422447994,94.41708436,2.303714699,29.93530445,30.22971581,30.46214897
2957.0172,1578.228874,3169.160279,1846.057701,1899.001007,4.587303502,49.02820139,2.104992808,95.89364537,5.486494589,2.537398622,0.810569175,1.386603203,94.81384853,2.301202403,29.93190028,30.21664388,30.4613779
2957.1696,1573.545792,3159.756454,1840.528726,1893.315801,4.568167222,48.07380471,2.061496355,95.80986659,5.419338694,2.528198318,0.806846805,1.347738819,96.11871925,2.298368267,29.92731489,30.12789492,30.45113658
2957.322,1578.332143,3169.367692,1846.072988,1899.020838,4.576367934,47.51336119,2.027636599,95.26846996,5.382864019,2.533956143,0.807573079,1.318481223,96.78859187,2.295579041,29.9215992,30.22044342,30.46265642
2957.4744,1579.16475,3171.039628,1846.992054,1899.9678,4.573085816,46.87571687,1.987780885,95.11945979,5.332295754,2.533274642,0.806127267,1.28654273,95.82958997,2.292671718,29.91168397,30.2372784,30.46473843
2957.6268,1581.53543,3175.800073,1849.70879,1902.763587,4.574213162,46.31412423,1.949447658,94.65492956,5.286704974,2.534981444,0.805375944,1.256391983,95.74109993,2.290022609,29.89381878,30.28356386,30.47035808
2957.7792,1578.388576,3169.481015,1845.970879,1898.919141,4.559300421,45.61706535,1.904144188,94.38827701,5.222725381,2.527778188,0.801749626,1.222347027,95.85269481,2.287429732,29.87660274,30.22420665,30.46304391
2957.9316,1582.480104,3177.696903,1850.695044,1903.778473,4.565104796,45.22834697,1.866843833,94.04729948,5.183032854,2.531986083,0.801550042,1.195791277,95.10470289,2.285138825,29.8632606,30.30346383,30.47251114
2958.084,1580.863779,3174.451109,1848.742655,1901.769264,4.554386429,44.7010969,1.822805581,94.49790106,5.124866967,2.52700414,0.798411338,1.16552649,95.49110837,2.28298931,29.84977235,30.27342209,30.46859288
2958.2364,1580.460017,3173.64015,1848.206643,1901.21655,4.547045225,44.2472265,1.780348894,94.90916149,5.071374736,2.523905993,0.795816533,1.136836189,95.08224931,2.280875222,29.83510179,30.26661046,30.46751192
2958.3888,1575.656908,3163.995045,1842.524623,1895.369925,4.526898333,43.7303496,1.73295678,95.58227268,5.00483995,2.513737276,0.790881626,1.105855408,93.43811252,2.278639039,29.82016771,30.17555802,30.4560083
2958.5412,1579.885592,3172.486119,1847.40132,1900.384037,4.532442885,43.62551419,1.695784857,96.01160424,4.969798402,2.517861801,0.790169657,1.083982736,93.20839065,2.276336325,29.80372858,30.25748108,30.46567902
2958.6936,1579.741187,3172.195778,1847.163441,1900.136491,4.525351445,43.4597446,1.654249167,96.91195478,4.922240354,2.514978906,0.7871714,1.060164816,93.1819922,2.273914787,29.79077925,30.25564961,30.46501353
2958.846,1580.867057,3174.456155,1848.409006,1901.414276,4.521761016,43.37543441,1.614891434,97.42672079,4.880098874,2.514082037,0.784767656,1.038016198,93.23943754,2.271661997,29.7792646,30.27815656,30.46742739
2958.9984,1576.350613,3165.386447,1843.055519,1895.903204,4.501884005,43.17412702,1.570548588,97.94610547,4.821856086,2.504185723,0.779537662,1.012821848,93.25224935,2.269576635,29.76880916,30.19261239,30.45660065
2959.1508,1579.171694,3171.050738,1846.278151,1899.213179,4.502724459,43.31111388,1.535365922,98.10120609,4.790074666,2.505901039,0.777785283,0.994999532,93.54068565,2.267901645,29.75638394,30.2476276,30.46326021
2959.3032,1576.576119,3165.838094,1843.166716,1896.007007,4.488064025,43.33970562,1.495933004,98.72563247,4.743333631,2.499003713,0.773354926,0.974693623,93.50118411,2.265961496,29.74608783,30.19890051,30.457181
2959.4556,1575.655764,3163.989336,1842.01264,1894.813941,4.47810739,43.47097894,1.459469131,99.02546119,4.703795629,2.494759823,0.769724706,0.95656048,93.74070662,2.264366723,29.73553461,30.18227587,30.45518616
2959.608,1570.898054,3154.434979,1836.372594,1889.006416,4.45722422,43.57203892,1.420588731,99.3841743,4.655316353,2.484469028,0.764143446,0.937511771,93.60116975,2.26281202,29.73038323,30.09215467,30.44406507
2959.7604,1575.749319,3164.175826,1841.965763,1894.754062,4.463534618,44.12669622,1.393136889,99.3933367,4.641622278,2.489453736,0.763048089,0.927850671,93.9327865,2.261378354,29.72681636,30.18610931,30.45603694
2959.9128,1576.762285,3166.209184,1843.072695,1895.886906,4.459009366,44.64667152,1.363621574,99.84353401,4.619194363,2.48841073,0.760040797,0.91748169,93.92549578,2.25991256,29.72253872,30.20653018,30.4589051
2960.0652,1579.450346,3171.606182,1846.13693,1899.032775,4.459156848,45.26877644,1.33709366,99.94073762,4.604057247,2.490033752,0.757835222,0.909187198,93.65936085,2.258810656,29.72089528,30.25904703,30.46591868
2960.2176,1576.721061,3166.124881,1842.868243,1895.66394,4.443897011,45.77536546,1.307101727,100.0833577,4.575002423,2.483139607,0.753025358,0.898478619,93.64835121,2.257773673,29.71903324,30.20778841,30.46018794
2960.37,1581.331126,3175.381243,1848.177532,1901.118503,4.449142216,46.62505781,1.286088341,99.89461815,4.573006127,2.487917983,0.751658278,0.894481622,94.0059572,2.25691492,29.71376283,30.29715243,30.47221434
2960.5224,1580.296851,3173.303489,1846.889171,1899.785986,4.438396569,47.34280873,1.261650608,100.1704737,4.556529249,2.483838816,0.74761833,0.88798916,93.94164501,2.256275009,29.71440345,30.27837987,30.47097184
2960.6748,1580.533524,3173.777809,1847.085582,1899.980488,4.431099429,48.14237699,1.239581909,100.1114278,4.546051045,2.481799475,0.744181216,0.882992749,93.84394312,2.255783349,29.71935356,30.28396755,30.47291257
2960.8272,1576.396079,3165.468692,1842.171187,1894.91814,4.411494018,48.86505095,1.215203992,100.0953889,4.525672897,2.472976576,0.738645618,0.876551534,93.70453297,2.255422116,29.72996401,30.20574908,30.46451006
2960.9796,1581.295156,3175.305251,1847.820671,1900.723102,4.417201773,50.01146245,1.200801324,99.72728921,4.538257948,2.478580856,0.737266146,0.87802296,93.87741857,2.254878253,29.73837374,30.3006759,30.47786324
2961.132,1581.792101,3176.302127,1848.327436,1901.238348,4.410618319,51.07000838,1.184224777,99.79828639,4.540815227,2.477375383,0.733813392,0.878127684,93.99199803,2.254362553,29.76447331,30.31124167,30.4808007
2961.2844,1583.502298,3179.735229,1850.252036,1903.211926,4.40731797,52.20099105,1.16950705,99.51125978,4.54884185,2.478135016,0.73092164,0.879465252,93.71671693,2.254242465,29.7950791,30.3450574,30.48674249
2961.4368,1579.50158,3171.700563,1845.503733,1898.321604,4.388002605,53.16492898,1.151126594,99.2616884,4.541913911,2.470018704,0.725388646,0.877863991,94.91522029,2.254196676,29.81988973,30.26943876,30.47920402
2961.5892,1582.745175,3178.21275,1849.223343,1902.142464,4.388814482,54.45182331,1.140231772,98.68207016,4.56100316,2.473486518,0.723182807,0.881867192,94.13055127,2.25422609,29.84065495,30.33264481,30.48912681
2961.7416,1580.467038,3173.637077,1846.492185,1899.328036,4.374296988,55.56730974,1.126156293,98.59636423,4.565711536,2.46839715,0.718475337,0.883205813,94.26489195,2.253959363,29.86664216,30.29002896,30.48600898
2961.894,1579.728832,3172.153647,1845.561731,1898.366298,4.364095802,56.75905444,1.11403029,98.24135284,4.57664881,2.465813839,0.7144859,0.88590355,94.55985188,2.254170528,29.89239887,30.27692719,30.48663933
2962.0464,1575.034411,3162.726031,1840.012909,1892.655221,4.343181672,57.83942245,1.100088122,98.03084392,4.578404372,2.457207558,0.708717914,0.887194673,94.21666953,2.254324263,29.91658513,30.18799739,30.47782123
2962.1988,1579.819354,3172.333412,1845.547615,1898.347519,4.348901546,59.33848267,1.09515539,97.59397873,4.613494094,2.463794374,0.707255498,0.895789251,94.44312292,2.254430967,29.94220208,30.28072674,30.49178105
2962.3512,1580.647198,3173.994842,1846.463671,1899.290112,4.343993885,60.71316853,1.088464387,97.71852389,4.639155627,2.464367858,0.704051203,0.903009594,94.47067747,2.254408528,29.95991939,30.29759155,30.49627819
2962.5036,1583.015201,3178.748998,1849.181497,1902.086743,4.343418013,62.15463974,1.083096706,97.57445634,4.670459707,2.467462252,0.701543258,0.911351092,94.32851488,2.254860857,29.97070052,30.34396559,30.50445387
2962.656,1579.861284,3172.414974,1845.450833,1898.250991,4.327701143,63.37904514,1.073847934,97.49896693,4.686108945,2.462047537,0.696585497,0.916409186,94.90178899,2.255358342,29.9833843,30.28448625,30.49947648
2962.8084,1583.954438,3180.633406,1850.192995,1903.13269,4.332087388,64.90159631,1.070174075,97.0578831,4.726213807,2.468262516,0.694866707,0.925955213,95.46432784,2.255931957,29.9990684,30.36389776,30.5117947
2962.9608,1582.335145,3177.381072,1848.264173,1901.152947,4.32083392,66.18461728,1.062530214,97.01067528,4.749791615,2.465667241,0.6906492,0.93195796,95.54703434,2.256656532,30.0150324,30.33379239,30.51052558
2963.1132,1581.930571,3176.567975,1847.756747,1900.636087,4.312941594,67.51000395,1.055406358,96.54108061,4.777457422,2.465078438,0.686961816,0.93839126,95.33581174,2.257461556,30.03138404,30.32696344,30.51212514
2963.2656,1577.123567,3166.914717,1842.111196,1894.835418,4.293251863,68.643628,1.045455458,96.04417818,4.792826012,2.457779258,0.681380583,0.942194468,94.86700641,2.258110246,30.05702691,30.23572568,30.50315485
2963.418,1581.359361,3175.41985,1847.039495,1899.914825,4.29885223,70.15251651,1.042298812,95.16865217,4.838541306,2.464992015,0.679815005,0.951670361,95.21501457,2.258439091,30.09177742,30.31780832,30.51572074
2963.5704,1581.21903,3175.137648,1846.860858,1899.74236,4.292800932,71.45726621,1.036424411,94.76759824,4.871756595,2.465537136,0.676407333,0.958578762,95.12479831,2.258759721,30.12565341,30.31596946,30.51776865
2963.7228,1582.351619,3177.411562,1848.172241,1901.103598,4.290297807,72.79933038,1.030716864,94.09492023,4.908816962,2.46818709,0.673545468,0.965861302,95.57775661,2.259622475,30.16186807,30.33851754,30.52276451
2963.8752,1577.837932,3168.347614,1842.891235,1895.684497,4.272513658,73.86086211,1.020584197,93.59010258,4.928085493,2.462122848,0.668273828,0.969188098,95.60802142,2.260344997,30.2024423,30.25279908,30.51417958
2964.0276,1580.671781,3174.037893,1846.201464,1899.105728,4.275128192,75.20630272,1.014699863,92.90470729,4.970758284,2.467847027,0.666216867,0.976315473,95.79767333,2.261200261,30.23573147,30.30792019,30.52300713
2964.18,1578.085101,3168.843633,1843.183461,1896.018281,4.263215274,76.26607298,1.004855604,92.84795105,4.996094186,2.465209869,0.661907186,0.979711375,96.20773667,2.261460587,30.25723052,30.25909221,30.51877181
2964.3324,1577.176766,3167.019622,1842.129794,1894.952852,4.256116413,77.3718462,0.99557588,92.59543318,5.026308629,2.465318728,0.658348722,0.983758104,96.35916754,2.262002877,30.27819956,30.24243066,30.51842422
2964.4848,1572.428488,3157.484991,1836.596424,1889.281063,4.239157958,78.25455225,0.984136609,92.49159452,5.044409554,2.45956975,0.653286175,0.985343045,96.61373699,2.262442299,30.30757618,30.15212603,30.50869649
2964.6372,1577.301237,3167.269907,1842.313304,1895.186291,4.249268662,79.52393502,0.979379104,92.12832435,5.093729295,2.469224428,0.652474702,0.992578929,97.53496845,2.262962548,30.33531062,30.24626409,30.52195169
2964.7896,1578.332963,3169.342027,1843.549218,1896.483539,4.24955009,80.55970377,0.972595525,92.29860671,5.13069131,2.473008215,0.650193877,0.997388549,98.2719139,2.263089967,30.35244038,30.26672188,30.52583846
2964.942,1581.042897,3174.784122,1846.749347,1899.802644,4.254639549,81.64153538,0.966320149,92.21994417,5.17244278,2.479527365,0.648658221,1.00284998,97.70682426,2.263426196,30.36552773,30.31933961,30.53361498
2965.0944,1578.331186,3169.339425,1843.619287,1896.610595,4.24527917,82.41172479,0.95610878,92.30759086,5.195751456,2.477610969,0.644922226,1.004368526,98.01930717,2.263887521,30.3755558,30.26797509,30.52827134
2965.2468,1582.968774,3178.652499,1849.081896,1902.260753,4.256300608,83.46958822,0.94970566,92.2158161,5.24191395,2.48742895,0.644345746,1.009347673,97.27214792,2.264404811,30.3746755,30.35751341,30.54035811
2965.3992,1581.957308,3176.622129,1847.947853,1901.125154,4.252199724,84.19581824,0.939175131,92.75156934,5.268553573,2.488425956,0.641488472,1.010044312,97.74954314,2.264658505,30.36816173,30.33869971,30.53881237
2965.5516,1582.219288,3177.14894,1848.303854,1901.523325,4.251668623,84.95166966,0.928655487,93.07478516,5.298501483,2.491483038,0.639173042,1.010774505,97.70623899,2.265024971,30.3581153,30.34429479,30.54020935
2965.704,1578.103014,3168.884148,1843.548323,1896.663847,4.239716049,85.43264353,0.915618113,93.496382,5.313236029,2.487700119,0.635170367,1.008160841,97.74467057,2.265191323,30.34650758,30.26591674,30.53100223
2965.8564,1583.03405,3178.786827,1849.370005,1902.688873,4.253057456,86.289488,0.908507586,93.56524907,5.356995323,2.498311624,0.635086416,1.010255079,96.66959316,2.264818903,30.34121648,30.36102888,30.54341693
2966.0088,1583.558517,3179.841026,1850.046622,1903.421301,4.254889886,86.86356639,0.899026495,94.029477,5.385282728,2.502015633,0.633331385,1.009061456,96.94116172,2.264214134,30.33615125,30.37161196,30.54518221
2966.1612,1585.298224,3183.335495,1852.144659,1905.616673,4.260096201,87.47205432,0.889785361,94.07898086,5.416916414,2.507658778,0.632092129,1.008029017,96.92628406,2.264108022,30.32902728,30.40549133,30.54978781
2966.3136,1581.32091,3175.349983,1847.564128,1900.940988,4.249966265,87.74213983,0.876933108,94.11031785,5.42830185,2.504252316,0.628584106,1.002855518,99.24304333,2.263886098,30.32381693,30.32971836,30.54060158
2966.466,1584.596457,3181.928532,1851.461258,1904.989069,4.259891436,88.3227376,0.868353873,93.80380637,5.462577552,2.512322389,0.628153098,1.001303686,98.92078779,2.263660919,30.31296137,30.39304654,30.54874316
2966.6184,1582.344089,3177.40682,1848.900349,1902.39265,4.255052674,88.56504061,0.856509816,94.00574968,5.476951853,2.51161768,0.625573713,0.995870839,98.85478127,2.263226577,30.3018546,30.3503421,30.54352367
2966.7708,1581.633438,3175.980946,1848.141817,1901.651115,4.254586823,88.85986134,0.845598002,93.97448321,5.495819298,2.513337161,0.62367783,0.991116984,98.85699611,2.262805205,30.28554825,30.33721051,30.5419424
2966.9232,1576.961085,3166.599861,1842.755375,1896.148213,4.243954117,88.89004666,0.833491937,94.1012629,5.500157821,2.508726991,0.620370052,0.983834098,98.34059559,2.262003694,30.26638067,30.24809987,30.53071551
2967.0756,1581.777662,3176.273004,1848.459924,1902.058488,4.259960547,89.34495281,0.828724609,94.0215105,5.535465957,2.519102723,0.62117542,0.98218632,99.91956316,2.26124951,30.23976409,30.34101005,30.54248839
2967.228,1582.631341,3177.988515,1849.534572,1903.204831,4.265761808,89.53158052,0.82296016,94.51472191,5.556147064,2.523124415,0.620592347,0.978118616,97.64833838,2.260080024,30.20973839,30.35790469,30.54465828
2967.3804,1585.026305,3182.798967,1852.410388,1906.204522,4.275911694,89.78138422,0.818662778,94.77854284,5.581727012,2.529542486,0.620702938,0.975013581,97.60064592,2.259131566,30.17691224,30.40436732,30.55056638
2967.5328,1581.891549,3176.505476,1848.822976,1902.553098,4.271212319,89.70594753,0.811978383,95.15801051,5.587429245,2.527066598,0.618694132,0.968477895,98.943088,2.258140077,30.14334952,30.34476585,30.54313102
2967.6852,1586.010559,3184.777819,1853.711664,1907.623533,4.28655212,89.98178081,0.810773329,95.23771865,5.616987062,2.535970295,0.619742575,0.966175231,98.85300806,2.257035781,30.10551312,30.42433169,30.55333982
2967.8376,1584.408946,3181.562862,1851.913019,1905.81171,4.286411028,89.92087427,0.806930627,95.75738396,5.625781801,2.535651442,0.618588156,0.960234268,97.50749362,2.256035435,30.05721237,30.39416269,30.5497588
2967.99,1584.022384,3180.787741,1851.532933,1905.459234,4.289603216,89.91835924,0.804359685,95.88152934,5.638481891,2.537178854,0.617961153,0.9549885,96.35266206,2.254929347,30.0130904,30.38731643,30.54917825
2968.1424,1579.22589,3171.157287,1845.996612,1899.799949,4.281119353,89.64482913,0.800639099,95.95819441,5.634864884,2.531531371,0.615721599,0.947066745,97.33723163,2.253746874,29.97614742,30.29589334,30.5379466
2968.2948,1583.479746,3179.700353,1851.035512,1905.022834,4.297931756,89.81893248,0.804602247,95.61092949,5.661503923,2.540082917,0.617341065,0.944727889,95.76390725,2.25215938,29.94710118,30.37813555,30.54895446
2968.4472,1583.349824,3179.440586,1850.948195,1904.969326,4.303081024,89.72121689,0.807547152,95.66622045,5.67180814,2.541484523,0.617374299,0.939834026,95.23978199,2.250433147,29.91962875,30.3762893,30.54940674
2968.5996,1584.492751,3181.736707,1852.346546,1906.444062,4.311717603,89.69382655,0.81227108,95.40019729,5.68650499,2.544808485,0.617969976,0.935931926,94.16954541,2.249244342,29.89925207,30.39887851,30.55307997
2968.752,1579.980278,3172.67647,1847.131263,1901.111365,4.304938904,89.35223819,0.814970771,95.26351622,5.680805322,2.538940579,0.61639149,0.928872351,94.56299264,2.248130288,29.87690654,30.31298576,30.54308623
2968.9044,1582.820845,3178.381422,1850.506353,1904.618189,4.318520599,89.4065581,0.824239826,94.9408677,5.700196401,2.544556899,0.617889289,0.926709428,94.35252025,2.247065846,29.84949418,30.36821277,30.55127413
2969.0568,1580.231937,3173.183665,1847.531435,1901.588534,4.317302508,89.15367639,0.831673897,95.25179115,5.699731162,2.541327078,0.617327352,0.921753172,94.3151426,2.245484878,29.81866413,30.3192839,30.54631188
2969.2092,1579.321494,3171.356293,1846.51609,1900.574916,4.320804243,88.99405377,0.841474411,95.41330224,5.705029326,2.540654498,0.617521372,0.918475135,94.93685972,2.244332469,29.7888686,30.30258544,30.54556032
2969.3616,1574.563562,3161.80297,1840.999554,1894.927554,4.314149364,88.60203483,0.850868376,95.76679848,5.695694224,2.533641259,0.616362343,0.913634222,94.52253881,2.242976753,29.76450548,30.21209739,30.53544392
2969.514,1579.434115,3171.584133,1846.733207,1900.857521,4.334625184,88.71540914,0.869077894,95.88723727,5.719126451,2.541725606,0.619301315,0.915496685,94.44135951,2.241830365,29.73928444,30.30641887,30.54927518
2969.6664,1580.456155,3173.637275,1847.964159,1902.151773,4.344860191,88.59491058,0.886783145,94.66948698,5.727817199,2.543462443,0.620886152,0.915783302,93.35476865,2.240190865,29.70949539,30.32691358,30.55375778
2969.8188,1583.156537,3179.06057,1851.154647,1905.46201,4.359824567,88.57282498,0.906909343,94.86762702,5.742400463,2.547761698,0.623219123,0.917716964,92.66422345,2.238872449,29.6821801,30.3796322,30.56247928
2969.9712,1580.426493,3173.579268,1847.993026,1902.23304,4.35986211,88.25974875,0.92491033,94.73809605,5.737246864,2.543213106,0.623447104,0.91687197,93.19760922,2.238202425,29.65990918,30.32816178,30.5580329
2970.1236,1585.051274,3182.866823,1853.423914,1907.84639,4.380388647,88.37111765,0.949528859,95.04541533,5.757790776,2.550173919,0.626695535,0.920940615,93.02930809,2.237797869,29.63629866,30.41787438,30.57183669
2970.276,1584.018161,3180.792993,1852.236275,1906.645945,4.385201868,88.18210292,0.971450715,95.01096888,5.757721238,2.547922505,0.627712064,0.921935965,93.04067366,2.237022927,29.62080594,30.39901955,30.57194095
2970.4284,1584.258463,3181.276221,1852.534596,1906.974141,4.393523487,88.07994031,0.994965972,95.05002478,5.762208936,2.547599669,0.629248299,0.924005785,92.99378807,2.236313258,29.6079513,30.40462202,30.57528078
2970.5808,1580.113253,3172.953127,1847.701578,1902.01931,4.38983733,87.73684654,1.016383196,94.82443372,5.750207009,2.540105133,0.629087006,0.923747072,93.71462338,2.235577873,29.59722057,30.3260844,30.56799104
2970.7332,1585.02295,3182.812853,1853.448527,1907.95289,4.411692829,87.89822893,1.045272067,95.1390624,5.769451797,2.546850912,0.632658257,0.929265712,93.6256825,2.234836008,29.59047543,30.42138187,30.5830631
2970.8856,1585.519082,3183.809916,1854.031259,1908.569289,4.421354773,87.81606097,1.071772992,95.18745634,5.772019744,2.54638724,0.634505716,0.932299486,93.61725887,2.233992752,29.58627096,30.43198226,30.58743882
2971.038,1587.230849,3187.248057,1856.032952,1910.645567,4.43437198,87.81856452,1.099503671,95.3063387,5.778927428,2.547787058,0.636824286,0.936038667,94.06507188,2.233647663,29.58788582,30.46592526,30.59487622
2971.1904,1583.218012,3179.190908,1851.338713,1905.828408,4.43134652,87.52498802,1.12344028,95.07914951,5.765044896,2.539940184,0.636806248,0.936239715,94.04358939,2.233695219,29.58448363,30.38999796,30.58844558
2971.3428,1586.464783,3185.711564,1855.127363,1909.741999,4.448715068,87.66326466,1.153065125,95.28330073,5.776791378,2.543547091,0.639690049,0.940713022,93.9484619,2.233874618,29.58283486,30.45344827,30.59984671
2971.4952,1584.176537,3181.117609,1852.441711,1906.990066,4.450500419,87.51284364,1.178861541,95.15290719,5.768332029,2.538219265,0.640316054,0.941891047,93.98771741,2.233618526,29.58029803,30.41065525,30.59782367
2971.6476,1583.431239,3179.622012,1851.558303,1906.092905,4.456648125,87.46058467,1.205950839,95.11338366,5.765283016,2.535307581,0.641554975,0.944109054,94.45859203,2.233503605,29.57616317,30.39749382,30.59959969
2971.8,1578.719225,3170.161071,1846.034272,1900.417903,4.451819996,87.18721086,1.230049146,94.83496004,5.747127934,2.525991699,0.641219683,0.944279065,94.65160375,2.233157259,29.5701745,30.30820235,30.59165292
2971.9524,1583.505785,3179.773986,1851.611253,1906.169242,4.474097446,87.44062921,1.261185338,95.12492819,5.761834931,2.531740557,0.644774059,0.950432091,94.27439338,2.233252383,29.57433,30.40129336,30.60694053
2972.1048,1584.324839,3181.419966,1852.546854,1907.141712,4.485288684,87.47124535,1.289018031,95.17617842,5.761343034,2.531097292,0.646737402,0.954373745,93.700362,2.233036411,29.57539296,30.41821784,30.61248956
2972.2572,1586.687099,3186.164876,1855.285894,1909.970467,4.500886074,87.5959878,1.317723185,95.31935204,5.766107466,2.532906358,0.649296643,0.958993244,93.70059675,2.232868993,29.56513919,30.46476906,30.62176813
2972.4096,1583.514367,3179.795279,1851.552529,1906.136028,4.500798588,87.4287381,1.341331109,95.12909015,5.750631376,2.525889052,0.649533803,0.959871349,93.64959276,2.232752952,29.55082065,30.40504546,30.61753823
2972.562,1587.603996,3188.009174,1856.30814,1911.04018,4.521387557,87.68819006,1.369529153,95.37248929,5.760744608,2.530459525,0.65262703,0.964443942,93.51273506,2.232605088,29.53594078,30.48476561,30.63088367
2972.7144,1585.967896,3184.725528,1854.368417,1909.051452,4.525592875,87.64857704,1.392105307,95.27055529,5.749994809,2.525913418,0.653285563,0.964995717,93.38015631,2.232562269,29.52002899,30.45453299,30.63027211
2972.8668,1585.549002,3183.886212,1853.851601,1908.527637,4.533246622,87.68853926,1.414779835,95.2408692,5.743405997,2.523334561,0.654363999,0.965719241,93.25104436,2.232656785,29.50296928,30.44766941,30.63254925
2973.0192,1580.716771,3174.184711,1848.173919,1902.690707,4.528346214,87.48504428,1.432440862,94.94565596,5.720310916,2.513762651,0.653576628,0.963579993,93.38439558,2.232852202,29.49151483,30.356061,30.62395023
2973.1716,1584.945718,3182.678862,1853.08848,1907.75803,4.549504741,87.78282132,1.455619724,95.19387651,5.728690461,2.51868627,0.656435495,0.966643877,93.10077531,2.232916632,29.48837865,30.43846279,30.63721703
2973.324,1584.787849,3182.364071,1852.873353,1907.544099,4.558065352,87.83682508,1.473587923,95.17847885,5.720644578,2.516673345,0.65742738,0.966727221,92.99682391,2.232748661,29.48686062,30.43660914,30.63967344
2973.4764,1585.905502,3184.610751,1854.149974,1908.866186,4.570283108,87.96666939,1.491479748,95.24007222,5.716883045,2.516753,0.658866029,0.966823442,92.87749486,2.232991964,29.49097455,30.45923949,30.64512721
2973.6288,1581.364087,3175.493747,1848.811111,1903.377994,4.566201843,87.78976081,1.502977735,94.96214993,5.692640588,2.507925379,0.657875823,0.962805784,92.85447477,2.23358086,29.48719733,30.37317245,30.63668168
2973.7812,1584.1856,3181.162272,1852.081307,1906.753481,4.583383475,88.02729567,1.518590042,95.12687045,5.694393313,2.51096265,0.659801927,0.962480623,93.10263848,2.234348223,29.47779959,30.42850536,30.6459234
2973.9336,1581.574444,3175.921702,1849.00089,1903.591201,4.584808339,87.96743077,1.528004963,94.96590644,5.676539016,2.50546733,0.659401904,0.95832028,93.50297941,2.234592135,29.4647324,30.3794756,30.64179189
2974.086,1580.645047,3174.05834,1847.88771,1902.454749,4.591122647,87.99589244,1.537883486,94.90731494,5.664465957,2.50274034,0.65966188,0.954803854,94.06283712,2.235142994,29.45140153,30.36274023,30.64160942
2974.2384,1575.866512,3164.465643,1842.27521,1896.686455,4.586314511,87.79316473,1.542901881,94.61904082,5.638202396,2.49402093,0.658323442,0.949310518,94.29963659,2.235408796,29.43887857,30.27206875,30.63177303
2974.3908,1580.728381,3174.231725,1847.934261,1902.523137,4.60957813,88.09838531,1.554123798,94.91174139,5.64564687,2.500813786,0.660966372,0.950227246,94.45023238,2.23565973,29.42127495,30.36657366,30.64523735
2974.5432,1581.740241,3176.266699,1849.093095,1903.726768,4.621595182,88.17310523,1.560354406,94.9746503,5.638944736,2.501617379,0.6619963,0.949074915,94.21888182,2.235618964,29.40179441,30.38710528,30.64906555
2974.6956,1584.433689,3181.678533,1852.219257,1906.95635,4.638543785,88.33243151,1.567024538,95.14027798,5.638029646,2.505197069,0.663694851,0.948633739,94.11488404,2.236084746,29.38766148,30.43992478,30.65685158
2974.848,1581.693779,3176.179801,1848.995327,1903.648758,4.639634667,88.1852193,1.567320633,94.98088023,5.617793357,2.500289137,0.663076666,0.944691782,94.23905424,2.23620889,29.37772944,30.38834847,30.65121338
2975.0004,1586.318343,3185.469668,1854.383719,1909.209138,4.662305447,88.43581948,1.571906594,95.2655485,5.623739269,2.50729486,0.665440031,0.945159339,94.29889438,2.236654781,29.36678911,30.47823536,30.66326485
2975.1528,1585.281995,3183.391996,1853.156134,1907.958417,4.668312016,88.37360766,1.569758484,95.21076257,5.60970233,2.505451252,0.665359238,0.941802302,94.33927533,2.237220684,29.3585417,30.45933939,30.66135836
2975.3052,1585.521757,3183.876927,1853.42204,1908.245973,4.678069219,88.37918642,1.567640057,95.23332539,5.60019873,2.505736233,0.665759004,0.938919686,94.36454111,2.237966817,29.35103808,30.46494926,30.66241557
2975.4576,1581.373828,3175.55092,1848.560108,1903.254455,4.674860762,88.12773638,1.560045708,94.99264897,5.575148891,2.49919015,0.664304029,0.933913918,94.43581548,2.238887586,29.34649938,30.38625206,30.65253397
2975.61,1586.291313,3185.428981,1854.298319,1909.177541,4.698303574,88.34741411,1.558482884,95.29770148,5.582161766,2.507247247,0.66663145,0.93575526,94.52936722,2.239508485,29.3508088,30.48173485,30.6645283
2975.7624,1586.792983,3186.439597,1854.875736,1909.787294,4.708569604,88.31099207,1.55137818,95.33757476,5.573654274,2.508422775,0.667076857,0.935371,94.8890136,2.2400893,29.35696232,30.49235256,30.66554817
2975.9148,1588.512382,3189.89554,1856.878092,1911.864604,4.722436806,88.33728218,1.544420812,95.45108501,5.569620413,2.511618533,0.66799372,0.935708808,95.37211007,2.241071497,29.36889042,30.52635918,30.66943371
2976.0672,1584.503217,3181.847937,1852.185465,1907.049158,4.719316118,88.04097575,1.531163993,95.22086798,5.54580911,2.505836286,0.666474865,0.932809611,95.05758144,2.242327715,29.37307419,30.45027756,30.65918461
2976.2196,1587.761563,3188.394081,1855.99158,1910.985148,4.737760592,88.12172992,1.523014814,95.42895552,5.548195079,2.511782565,0.668001854,0.935601414,95.01408208,2.243599139,29.37797187,30.51385,30.66653437
2976.372,1585.481124,3183.817735,1853.324575,1908.256594,4.739649163,87.88945689,1.5089013,95.30494737,5.531603147,2.5090499,0.667178798,0.935307355,95.01053691,2.244450053,29.37610886,30.47096839,30.66019875
2976.5244,1584.745555,3182.343575,1852.464729,1907.389158,4.746119943,87.72938185,1.495779437,95.27480973,5.520787107,2.508846713,0.667022364,0.936525173,94.76887027,2.245403078,29.37564435,30.45777713,30.657552
2976.6768,1580.040448,3172.89795,1846.965697,1901.745238,4.740601244,87.3244387,1.4786704,95.00697369,5.496429991,2.502437831,0.665267502,0.936769913,95.211552,2.24615962,29.37360314,30.36830483,30.64494475
2976.8292,1584.842927,3182.544118,1852.583124,1907.547913,4.763297325,87.39066215,1.469573085,95.3123049,5.505991349,2.5112879,0.667653288,0.946005593,95.07438867,2.246783371,29.36872963,30.46157668,30.65568454
2976.9816,1585.674923,3184.216895,1853.560148,1908.572493,4.773887757,87.21613729,1.456536519,95.37953624,5.502115703,2.513918497,0.668425219,0.954179078,94.70303837,2.247174995,29.35938463,30.47853098,30.65652562
2977.134,1588.051266,3188.99075,1856.343254,1911.456834,4.789090946,87.11315609,1.444839354,95.54013421,5.504102086,2.5190498,0.669888484,0.964312065,94.79709588,2.248323755,29.35437976,30.52517079,30.66117003
2977.2864,1584.887404,3182.639108,1852.65096,1907.673686,4.787629012,86.69636501,1.428161938,95.36767225,5.487368597,2.515429604,0.669051914,0.972009094,94.60633285,2.249272305,29.34372041,30.46532506,30.6521121
2977.4388,1588.991507,3190.881943,1857.45687,1912.64145,4.808002843,86.64350027,1.418036267,95.63287145,5.496945582,2.5234569,0.671396057,0.98705381,94.42586004,2.250845395,29.33862601,30.54519954,30.66102678
2977.5912,1587.36446,3187.615845,1855.564231,1910.711766,4.811045508,86.27468685,1.402748068,95.55299899,5.487186313,2.522415613,0.671327413,0.999234983,95.05357561,2.2527541,29.33290939,30.51490329,30.65578113
2977.7436,1586.954944,3186.794519,1855.095472,1910.248355,4.817774633,85.96508502,1.388750538,95.54605439,5.48211235,2.523326509,0.67181049,1.013283087,94.8065602,2.254154711,29.319013,30.50802239,30.65357139
2977.896,1582.127571,3177.101352,1849.462868,1904.467609,4.81098391,85.40045518,1.371283124,95.27262153,5.462078304,2.517223101,0.670499374,1.02603293,94.74414939,2.255155167,29.30716362,30.41622866,30.64033323
2978.0484,1586.368004,3185.616724,1854.431632,1909.603374,4.831369805,85.27910637,1.362725606,95.54452292,5.474277772,2.525584661,0.673239917,1.048649729,94.31540067,2.256259061,29.30097033,30.49879002,30.64974174
2978.2008,1586.217028,3185.313357,1854.267308,1909.453136,4.838206534,84.90893914,1.350747282,95.55122335,5.471678432,2.526960244,0.674178725,1.069788631,94.65956129,2.257275935,29.29607016,30.49692899,30.64823745
2978.3532,1587.341393,3187.570811,1855.593908,1910.837998,4.848913803,84.59929531,1.340401965,95.63393527,5.473941198,2.530352309,0.675718713,1.093162417,94.43736348,2.25821359,29.29118806,30.51960047,30.64999967
2978.5056,1582.800266,3178.451105,1850.29762,1905.402715,4.842361593,83.97982944,1.325862739,95.37459688,5.457064152,2.52469325,0.674908837,1.113823175,94.28017447,2.259851312,29.29669732,30.43335914,30.63765718
2978.658,1585.62605,3184.124444,1853.613693,1908.835925,4.858142336,83.7155243,1.319297259,95.55829551,5.466563077,2.530746099,0.677451831,1.14311909,93.77153881,2.262201111,29.30884646,30.48879794,30.64391405
2978.8104,1583.012998,3178.875771,1850.571703,1905.721458,4.857228909,83.1546376,1.308878996,95.41413627,5.457746378,2.528099837,0.67773657,1.169628512,93.55811536,2.264021308,29.32113215,30.4396673,30.63662559
2978.9628,1582.081702,3177.004013,1849.4953,1904.630863,4.86138799,82.66675467,1.300936237,95.37160297,5.455100646,2.528100519,0.678846927,1.198919561,93.31751909,2.266002442,29.33373793,30.42289501,30.6336619
2979.1152,1577.29672,3167.393293,1843.913345,1898.900115,4.853456669,81.95385211,1.291127901,95.09732338,5.43932868,2.521898547,0.678443356,1.22693124,93.54732059,2.26776917,29.34712147,30.33204011,30.62100662
2979.2676,1582.158359,3177.153345,1849.607974,1904.781413,4.874577861,81.69166563,1.292189592,95.4045469,5.457342479,2.531008517,0.682495083,1.266170043,93.59560807,2.269337136,29.35811924,30.42672844,30.63295587
2979.42,1583.165492,3179.172813,1850.796082,1906.021266,4.883517488,81.21060696,1.291309118,95.47963074,5.462284123,2.533905934,0.68500368,1.303762121,93.29020775,2.271002458,29.37353586,30.44729698,30.63526044
2979.5724,1585.85414,3184.568705,1853.949329,1909.284421,4.897536641,80.80149285,1.292983815,95.65588157,5.473305413,2.539435924,0.688347687,1.34413877,93.36342139,2.273097016,29.39045663,30.50021737,30.64193933
2979.7248,1583.103188,3179.041112,1850.742932,1905.997834,4.8947523,80.10387889,1.291231065,95.50339343,5.465750877,2.536200823,0.689423086,1.380977634,93.3324633,2.275174699,29.40652934,30.44853515,30.63498558
2979.8772,1587.720361,3188.308993,1856.149427,1911.580537,4.914465135,79.75013125,1.298227419,95.79358297,5.484002531,2.544617545,0.693939693,1.426740624,93.41168774,2.27729373,29.42223565,30.53859633,30.64682321
2980.0296,1586.670274,3186.196276,1854.930285,1910.339448,4.916644167,79.10672126,1.301424023,95.74090971,5.482907516,2.543898105,0.696040433,1.468226977,93.38008537,2.279860953,29.44153615,30.51965924,30.64448269
2980.182,1586.895985,3186.645316,1855.202152,1910.633611,4.922744606,78.52049487,1.306725137,95.76444627,5.486304438,2.545152993,0.69877642,1.511804753,93.3837275,2.2825938,29.46169702,30.52527649,30.64547514
2980.3344,1582.729428,3178.274052,1850.338618,1905.638721,4.915023108,77.70750021,1.309622686,95.52255483,5.474346969,2.539285614,0.69966502,1.551886479,93.3779348,2.285616085,29.48335995,30.44641972,30.63543306
2980.4868,1587.634341,3188.118699,1856.07898,1911.563838,4.93482841,77.31564938,1.323164874,95.82672637,5.493423762,2.547767098,0.704783139,1.602284871,93.30048273,2.28866565,29.50313703,30.54208783,30.64852497
2980.6392,1588.119043,3189.086976,1856.651321,1912.166078,4.940650443,76.70366455,1.33405076,95.86324663,5.497087152,2.549078861,0.707999451,1.648643283,93.29213549,2.291572574,29.52125108,30.55272286,30.65052955
2980.7916,1589.821539,3192.500571,1858.646875,1914.23379,4.950201364,76.14719347,1.346794702,95.97173942,5.504873946,2.552271053,0.711813037,1.696702165,93.39141684,2.294734082,29.54279835,30.58679311,30.65568017
2980.944,1585.790033,3184.399718,1853.938404,1909.396832,4.941906069,75.31259557,1.355388835,95.7324683,5.492650019,2.546192484,0.713111454,1.738906942,93.47750542,2.297970224,29.56509328,30.51055716,30.64637209
2981.0964,1589.030711,3190.901793,1857.730211,1913.313787,4.955898803,74.81131491,1.372667328,95.92960633,5.505087479,2.551591798,0.717835932,1.789321063,94.06805464,2.301132416,29.58433413,30.57425174,30.65553122
2981.2488,1586.727526,3186.271286,1855.040103,1910.554615,4.952537515,74.04679086,1.385867426,95.79078603,5.498230642,2.548023232,0.720099006,1.833570609,93.28068109,2.304096196,29.5991658,30.53128154,30.65071675
2981.4012,1585.970051,3184.744626,1854.156201,1909.655454,4.953847302,73.35034676,1.401279754,95.74464613,5.496486419,2.546861245,0.723114223,1.879509665,93.71089664,2.307230829,29.61290958,30.51806045,30.64984962
2981.5536,1581.24024,3175.241169,1848.62714,1903.971869,4.942391654,72.46517053,1.414283942,95.45933775,5.480493499,2.539235978,0.724372644,1.920276803,93.84856371,2.309995053,29.62697847,30.4284073,30.63889701
2981.706,1586.025994,3184.845539,1854.220395,1909.742892,4.95981413,72.0105868,1.438500342,95.74868488,5.496286848,2.546668595,0.730104438,1.971062619,93.67507901,2.312949607,29.63757548,30.52185999,30.65224198
2981.8584,1586.838729,3186.471797,1855.167864,1910.728638,4.964419302,71.37448522,1.460044519,95.79839585,5.497901534,2.547640969,0.734038686,2.016158587,93.83222347,2.31556775,29.64289611,30.53884413,30.65550462
2982.0108,1589.197325,3191.20226,1857.921967,1913.574926,4.973680723,70.80581556,1.483601715,95.94049013,5.504485629,2.551030469,0.738717971,2.062549392,93.93320671,2.318514827,29.64805939,30.58557252,30.66264768
2982.1632,1586.012109,3184.800464,1854.194392,1909.74533,4.965525093,69.98784953,1.502429708,95.74676742,5.4914396,2.545466835,0.740849823,2.101144551,93.58952585,2.321686533,29.64925116,30.52560466,30.65564176
2982.3156,1590.10138,3193.006377,1858.969904,1914.673288,4.979720947,69.49540874,1.529728797,95.99050411,5.502313408,2.551405824,0.746427014,2.147128329,93.01655505,2.325016906,29.64881407,30.60563347,30.6669808
2982.468,1588.455831,3189.696541,1857.040691,1912.695555,4.975937224,68.75408234,1.55186308,95.88651486,5.493043235,2.548092075,0.749325501,2.184666383,93.44084161,2.328124873,29.6475992,30.57527358,30.6636808
2982.6204,1588.029454,3188.834964,1856.536555,1912.185681,4.975899767,68.06821425,1.575562738,95.85516784,5.487582494,2.546684791,0.752806358,2.222860788,93.16831555,2.331452848,29.64935238,30.56837537,30.66335116
2982.7728,1583.183419,3179.098629,1850.86496,1906.353551,4.961776662,67.19922632,1.595434692,95.55781407,5.466272405,2.538133378,0.754183516,2.253486827,93.22931703,2.334578215,29.6510242,30.47639632,30.65166383
2982.9252,1587.414371,3187.589591,1855.803393,1911.44943,4.975364794,66.73832937,1.62583928,95.81004708,5.474627842,2.54397285,0.75983434,2.293023024,93.1880063,2.33733398,29.654494,30.55911726,30.66304354
2983.0776,1587.252304,3187.259338,1855.605697,1911.255131,4.97491971,66.10358307,1.652143264,95.7974202,5.467279114,2.542718395,0.763350747,2.324592796,93.57746385,2.339695276,29.6551094,30.55724883,30.6631469
2983.23,1588.367798,3189.494631,1856.901531,1912.599285,4.978376381,65.52854444,1.679884759,95.86095616,5.46372258,2.543476127,0.767462901,2.356604266,93.06895176,2.342316063,29.65410999,30.57996144,30.66635052
2983.3824,1583.815313,3180.348576,1851.571094,1907.118605,4.964034381,64.72425923,1.70165262,95.5816213,5.439983051,2.535129995,0.768822906,2.379043679,93.16563478,2.344752214,29.65557619,30.49354582,30.6549117
2983.5348,1586.637861,3186.01224,1854.861367,1910.517386,4.972374168,64.24649613,1.731692664,95.74796812,5.439758475,2.538488436,0.773672324,2.408543221,93.94402061,2.346706652,29.65406048,30.54909052,30.66213986
2983.6872,1584.019313,3180.750198,1851.79046,1907.364163,4.963567456,63.55652829,1.755773707,95.58525017,5.420278781,2.533114934,0.775839741,2.428421528,93.86758263,2.347982256,29.64835034,30.499859,30.65529038
2983.8396,1583.085344,3178.871047,1850.688443,1906.239051,4.95984403,62.94458809,1.781705842,95.52451561,5.405937732,2.530417018,0.7787902,2.44912368,94.1565418,2.34948199,29.64285347,30.48304979,30.65259761
2983.992,1578.297141,3169.252738,1845.079713,1900.472029,4.943678938,62.19597328,1.80340501,95.23392508,5.377798297,2.521537711,0.779771336,2.461761677,94.10077724,2.350739729,29.63616168,30.39201147,30.63988475
2984.1444,1583.1662,3179.027011,1850.758632,1906.331564,4.956946259,61.87510244,1.836152534,95.53201134,5.380828843,2.528021685,0.785307427,2.483973812,93.65718003,2.351793501,29.62631193,30.48688323,30.65211999
2984.2968,1584.18017,3181.060438,1851.930053,1907.548151,4.957769498,61.42398184,1.864360233,95.59967585,5.370169246,2.528329907,0.788835764,2.497858681,93.44516106,2.352256041,29.61292481,30.50748867,30.65437738
2984.4492,1586.878572,3186.476458,1855.070309,1910.792773,4.96366723,61.05097996,1.8942836,95.76971616,5.364520155,2.531319805,0.793136765,2.512544168,93.46863336,2.352977418,29.59885616,30.56050995,30.66086743
2984.6016,1584.135255,3180.965593,1851.849017,1907.484904,4.952462324,60.47679205,1.917410998,95.61200415,5.339734086,2.52562572,0.794668722,2.517266356,93.50812682,2.354192184,29.587678,30.50872184,30.65324561
2984.754,1588.768566,3190.267632,1857.250211,1913.058833,4.963978929,60.2219106,1.948648433,95.90353168,5.338104596,2.531677828,0.799697738,2.529436935,93.41922312,2.355281055,29.57730871,30.59895731,30.66458201
2984.9064,1587.732109,3188.184881,1856.023616,1911.805931,4.957772437,59.76137008,1.972557759,95.85277647,5.316853196,2.528692229,0.801820405,2.531290842,93.2567354,2.35584593,29.55867879,30.57997908,30.66120513
2985.0588,1587.973795,3188.668864,1856.29118,1912.092326,4.955510627,59.36045059,1.997668109,95.88013085,5.299431268,2.527750648,0.804524647,2.533740019,93.34819649,2.35627537,29.54509525,30.58560373,30.66099992
2985.2112,1583.821639,3180.330194,1851.4221,1907.087881,4.939382118,58.81348493,2.016944274,95.64550592,5.267143156,2.519830381,0.804906031,2.527555113,93.22868059,2.356259249,29.52979421,30.50658738,30.64941346
2985.3636,1588.750742,3190.22739,1857.167487,1913.017308,4.951109642,58.6603682,2.046606293,95.96824744,5.264166067,2.526396188,0.80959237,2.531263505,93.18059281,2.355571367,29.51713081,30.60244081,30.66151094
2985.516,1589.257812,3191.245329,1857.743535,1913.622005,4.9489092,58.36599654,2.070087222,96.02673381,5.24630461,2.525944219,0.811906503,2.526206023,93.48258582,2.354652745,29.51088564,30.61309316,30.66220022
2985.6684,1590.984658,3194.712757,1859.745579,1915.695761,4.950480046,58.12998342,2.094585268,96.16065833,5.231906728,2.527445264,0.81475868,2.521889858,93.7672833,2.354302515,29.50874087,30.64722704,30.66602925
2985.8208,1586.974073,3186.659476,1855.041127,1910.861467,4.934221142,57.69321725,2.111000136,95.9496787,5.19798216,2.519847036,0.814606228,2.507711391,93.24811915,2.353769162,29.50634486,30.57083676,30.65502853
2985.9732,1590.243322,3193.224589,1858.84574,1914.792574,4.940430418,57.56448274,2.13544184,96.18658013,5.186733296,2.523873497,0.817915475,2.502059612,93.51097724,2.353135343,29.50604243,30.63465347,30.66314389
2986.1256,1587.965208,3188.650668,1856.16605,1912.044309,4.929394974,57.24787779,2.151742509,96.08966891,5.156766232,2.519115788,0.818283739,2.486776762,93.7943481,2.352753439,29.51456008,30.59159468,30.65691854
2986.278,1587.234724,3187.184542,1855.295151,1911.159407,4.923089415,57.00358187,2.169402482,96.08941403,5.131407044,2.516847525,0.819342574,2.472993904,93.66261308,2.352209678,29.51757377,30.57834376,30.65478832
2986.4304,1582.529361,3177.736992,1849.777355,1905.487764,4.904264995,56.64064364,2.180931746,95.85367751,5.093345419,2.508331302,0.818208354,2.451931239,93.48093633,2.350848927,29.51309138,30.48850978,30.64244605
2986.5828,1587.348677,3187.415548,1855.391342,1911.283207,4.914603589,56.68105357,2.203605231,96.20731129,5.086268417,2.515049047,0.821622064,2.442809658,93.6973289,2.349913757,29.50709899,30.5821433,30.65557793
2986.7352,1588.192096,3189.110627,1856.357479,1912.290672,4.912459429,56.60655278,2.219898335,96.32453573,5.066586312,2.515519289,0.822817663,2.426417526,93.52008212,2.348735061,29.48458525,30.59915727,30.6585628
2986.8876,1590.582776,3193.912695,1859.13188,1915.16083,4.915048803,56.60350646,2.237576245,96.53918161,5.051488765,2.51847561,0.824699996,2.411856374,93.63835288,2.347670836,29.46599044,30.64597425,30.6658252
2987.04,1587.424703,3187.572809,1855.420576,1911.349845,4.900505111,56.41192325,2.246851202,96.42024019,5.018387212,2.51267621,0.823627508,2.38875009,93.85755684,2.346993516,29.45421854,30.58588426,30.65885812
2987.1924,1591.547394,3195.852975,1860.218784,1916.304916,4.908449731,56.51543132,2.264640906,96.75328132,5.008368638,2.518523471,0.826068657,2.375794878,93.45685396,2.346268498,29.44316526,30.6660674,30.67149841
2987.3448,1589.929822,3192.606615,1858.307832,1914.348534,4.898779566,56.42257808,2.273616236,96.73964379,4.979972512,2.515315262,0.825457894,2.354205338,93.38945629,2.345689057,29.43614044,30.63564388,30.66940551
2987.4972,1589.532036,3191.809607,1857.822504,1913.860793,4.892950807,56.38110604,2.283738356,96.80344623,4.955426065,2.514077477,0.825404754,2.334577455,92.99421347,2.345182977,29.43154344,30.62872835,30.67077192
2987.6496,1584.709857,3182.128383,1852.165648,1908.04559,4.87352129,56.19582568,2.286982061,96.60214701,4.918009403,2.505910504,0.822963827,2.308567288,93.07225918,2.344834277,29.43035114,30.53656398,30.66084238
2987.802,1588.972022,3190.688852,1857.125542,1913.167388,4.882042692,56.3749922,2.30164861,96.96611586,4.911103732,2.512299901,0.824961394,2.29582405,93.17539871,2.344306301,29.43077285,30.6194445,30.67544034
2987.9544,1588.836169,3190.418058,1856.945037,1912.993571,4.877092851,56.41379431,2.309305859,97.06555015,4.891490265,2.511801517,0.824570988,2.276773436,93.20342204,2.343475051,29.43156213,30.61756867,30.67882997
2988.1068,1589.978173,3192.713177,1858.257978,1914.358204,4.876163079,56.50486409,2.318364119,97.24671826,4.87603592,2.51336467,0.824776871,2.26005519,93.13981823,2.342730189,29.43588056,30.64032242,30.68590117
2988.2592,1585.445579,3183.613499,1852.938832,1908.890539,4.857925345,56.39622391,2.318883408,97.08417528,4.843345287,2.50599249,0.822003218,2.23594289,93.24917658,2.341849381,29.44548162,30.55373251,30.67841689
2988.4116,1588.293347,3189.333699,1856.244988,1912.308516,4.862455285,56.57129521,2.329002374,97.3828588,4.834959695,2.510442048,0.822887193,2.223644336,93.31126182,2.341140199,29.45809966,30.60938311,30.6909253
2988.564,1585.693413,3184.114713,1853.184424,1909.167396,4.850390188,56.55775855,2.330699481,97.35052868,4.810113213,2.506322736,0.820894385,2.204292166,93.26625725,2.340013706,29.46925398,30.5600507,30.68947255
2988.7164,1584.778572,3182.279359,1852.092988,1908.054796,4.843531256,56.61146155,2.334472759,97.42535347,4.790916964,2.504926414,0.81971367,2.18806961,94.07386416,2.339381288,29.48084768,30.54320458,30.69279137
2988.8688,1580.004153,3172.693847,1846.49047,1902.294753,4.824858752,56.53932386,2.332176213,97.26663689,4.761659985,2.497522753,0.816468087,2.167281235,94.14751319,2.338826106,29.49579651,30.45198283,30.68625312
2989.0212,1584.89434,3182.515098,1852.181937,1908.169759,4.835765178,56.84082361,2.343030612,97.71107843,4.765825115,2.505627253,0.818050044,2.161815093,93.6044731,2.338463886,29.50897959,30.54703801,30.70569393
2989.1736,1585.92394,3184.58416,1853.361486,1909.396234,4.834899127,57.01782833,2.347644295,97.92042657,4.759949333,2.50771698,0.817558364,2.151767228,93.27104501,2.33779438,29.5253928,30.56768037,30.71523065
2989.326,1588.638455,3190.036486,1856.509948,1912.650949,4.839214993,57.26049117,2.354482262,98.23683875,4.759995514,2.512526687,0.81789274,2.14496901,93.241969,2.337628985,29.54140979,30.62080254,30.72942366
2989.4784,1585.904141,3184.547286,1853.290745,1909.345353,4.82698069,57.30569063,2.353207649,98.21878443,4.744490046,2.508758634,0.815416873,2.131849051,93.27737139,2.337633793,29.56202592,30.56890853,30.72959054
2989.6308,1590.551668,3193.88086,1858.69797,1914.92688,4.837405959,57.61910949,2.362554283,98.66272655,4.754563694,2.516821105,0.816712779,2.131513278,93.25899942,2.337691232,29.58631286,30.65931829,30.74925982
2989.7832,1589.521958,3191.814239,1857.471039,1913.673436,4.830677747,57.72356167,2.363352622,98.75608762,4.748318888,2.515933467,0.815093141,2.124625576,93.07748114,2.337722691,29.61027132,30.64029892,30.75433831
2989.9356,1589.770514,3192.314299,1857.737933,1913.958946,4.827949814,57.86973716,2.366042181,98.93029786,4.746991634,2.517114781,0.814140262,2.120703843,93.04374921,2.33777535,29.63910102,30.64593097,30.76290805
2990.088,1585.618993,3183.978785,1852.863002,1908.94703,4.811947321,57.85289471,2.362208497,98.83098873,4.734656906,2.511403221,0.810953898,2.112202297,93.02478032,2.337920895,29.6738802,30.56675505,30.76015172
2990.2404,1590.555782,3193.892764,1858.608167,1914.876506,4.823737838,58.16462136,2.371896518,99.2981078,4.755271243,2.520281082,0.812459892,2.119138094,93.20716842,2.33792629,29.7105222,30.66279379,30.78091478
2990.3928,1591.064262,3194.914483,1859.178891,1915.474772,4.822213407,58.31295785,2.374919323,99.48830973,4.764759818,2.522210034,0.811717216,2.121368299,93.3851684,2.337796236,29.74419275,30.67346345,30.7902087
2990.5452,1592.792868,3198.386163,1861.175524,1917.542064,4.82448253,58.49916979,2.380000669,99.75516585,4.779422475,2.526111276,0.811637749,2.126442599,93.86670017,2.337894473,29.78277863,30.70766097,30.80261547
2990.6976,1588.776803,3190.322246,1856.459606,1912.693537,4.809408345,58.46501537,2.376932216,99.66255281,4.778233862,2.520926744,0.808693494,2.124991256,93.56429266,2.338021883,29.81849459,30.63111637,30.80016846
2990.85,1592.046498,3196.888214,1860.257238,1916.616362,4.816542306,58.68173687,2.385539652,100.0249543,4.803778098,2.527416955,0.809603056,2.136487236,93.89990442,2.338097988,29.85407241,30.6950552,30.81607939
2991.0024,1589.761771,3192.300613,1857.564891,1913.852532,4.806928988,58.68705676,2.386151489,100.0381373,4.813792385,2.525113756,0.807739389,2.141591015,93.89525324,2.337741552,29.88867239,30.65190782,30.81762465
2991.1548,1589.02564,3190.822579,1856.682093,1912.953094,4.802027776,58.74326134,2.389493301,100.1477615,4.830108154,2.525306321,0.806724016,2.149879884,93.54622957,2.337733261,29.92024259,30.63862707,30.82299248
2991.3072,1584.309305,3181.352124,1851.148603,1907.262055,4.785108006,58.64852117,2.387191429,100.0035999,4.836650377,2.519233527,0.803752743,2.153861992,93.22912462,2.337786917,29.95109867,30.54861226,30.81790239
2991.4596,1589.126213,3191.024687,1856.754235,1913.047726,4.797080877,58.89135802,2.400086058,100.4522686,4.878506583,2.528459912,0.805807036,2.173819354,93.6898584,2.338156901,29.97951406,30.64242662,30.83660642
2991.612,1589.961998,3192.702987,1857.708468,1914.040875,4.797066185,58.98401509,2.407183395,100.6454959,4.910406828,2.53140446,0.80590048,2.189312877,94.01377555,2.338280291,30.0030695,30.65947041,30.8447647
2991.7644,1592.346471,3197.491086,1860.472361,1916.89854,4.801712436,59.12687552,2.417126103,100.934289,4.948971858,2.536840803,0.806860186,2.207832548,94.11067094,2.338670432,30.02427265,30.70637598,30.85649259
2991.9168,1589.175982,3191.124591,1856.745998,1913.069153,4.789576243,59.05340024,2.419253938,100.8689817,4.97192129,2.533440508,0.805097906,2.2194664,94.32839804,2.339228094,30.04234625,30.64616386,30.85366047
2992.0692,1593.293532,3199.392667,1861.535144,1918.013614,4.799439916,59.22247973,2.433856218,101.2570669,5.022588029,2.541711731,0.807284926,2.243747683,94.54705997,2.339984845,30.06052789,30.72650133,30.8684271
2992.2216,1591.664462,3196.121278,1859.610443,1916.040531,4.792004618,59.16590329,2.440207857,101.2775845,5.056539923,2.540818464,0.806654771,2.260796804,94.64176175,2.340797546,30.07649632,30.69601418,30.86815849
2992.374,1591.256598,3195.302101,1859.112709,1915.537807,4.788244661,59.14158815,2.449012721,101.3722946,5.095971114,2.541880517,0.806753449,2.280402935,94.29477921,2.341599228,30.08465539,30.68908133,30.87052874
2992.5264,1586.419431,3185.58872,1853.440183,1909.703353,4.771179553,58.94076359,2.451413646,101.1791505,5.122980465,2.535886887,0.804712756,2.294416401,94.33424248,2.342495389,30.09408101,30.59673164,30.86114207
2992.6788,1590.675942,3194.135778,1858.39239,1914.816235,4.781541689,59.04856805,2.46900056,101.5496322,5.184150718,2.544473164,0.807564998,2.323482233,94.04038144,2.343196933,30.10347515,30.67977173,30.87388396
2992.8312,1590.52963,3193.841813,1858.201065,1914.629402,4.778719808,58.98168902,2.480095048,101.6325631,5.232719586,2.546028592,0.808284701,2.346788284,94.46031279,2.344019273,30.11219236,30.67788851,30.87490197
2992.9836,1591.662971,3196.117462,1859.504886,1915.98318,4.779722728,58.94910147,2.493837769,101.7924332,5.28725004,2.549629327,0.809774527,2.372505668,93.96266674,2.345264847,30.12206462,30.7006834,30.87861563
2993.136,1587.116192,3186.987249,1854.172731,1910.499533,4.763623748,58.69322525,2.499399469,101.5852011,5.324438777,2.544124424,0.808487631,2.390141531,94.05755269,2.346177272,30.12844855,30.6139192,30.86729898
2993.2884,1589.958215,3192.694067,1857.472876,1913.910525,4.769664361,58.68077645,2.51810868,101.8363473,5.390021091,2.550447208,0.811247826,2.419849101,94.18500881,2.347372554,30.13243563,30.66967569,30.87372697
2993.4408,1587.347271,3187.45115,1854.402641,1910.757587,4.759310481,58.45653522,2.528857666,101.7338686,5.438373717,2.548006302,0.811332115,2.441535055,94.1087095,2.348106569,30.13290262,30.6202424,30.86564565
2993.5932,1586.423774,3185.596747,1853.303694,1909.635913,4.753959056,58.28569694,2.542952925,101.733834,5.493629872,2.548254266,0.812388823,2.465889163,94.08979019,2.349170894,30.1364621,30.60335936,30.8612835
2993.7456,1581.636971,3175.984743,1847.691456,1903.863836,4.737013523,57.96792814,2.551195091,101.4783254,5.53608354,2.542281659,0.811551518,2.484074456,94.24043998,2.350331434,30.13202839,30.51195419,30.84644794
2993.898,1586.525403,3185.801071,1853.382254,1909.738451,4.749063198,57.98606158,2.57581171,101.8230808,5.613934148,2.551814812,0.815901148,2.517187159,94.31125606,2.351879896,30.12091154,30.6071928,30.85569739
2994.0504,1587.549547,3187.857819,1854.558975,1910.961645,4.749556008,57.85862185,2.594382871,101.9115205,5.678583869,2.555109688,0.818339375,2.54393184,94.3650894,2.353083848,30.10634905,30.62787207,30.85451602
2994.2028,1590.261034,3193.302888,1857.70686,1914.215935,4.75503972,57.78591602,2.61620967,102.1020674,5.750122005,2.561095537,0.821736909,2.573132822,94.47040977,2.354868244,30.0926673,30.68109512,30.85720305
2994.3552,1587.518794,3187.796727,1854.483745,1910.905473,4.744145662,57.5076838,2.629561975,101.937874,5.802675528,2.558279125,0.822392575,2.593245191,94.14780209,2.356546728,30.07604327,30.62909521,30.84539949
2994.5076,1592.167245,3197.131455,1859.894359,1916.491472,4.755282201,57.4773963,2.655949344,102.2329076,5.882913179,2.567303926,0.827058289,2.624604998,94.10430913,2.358373126,30.07523594,30.71967926,30.85204571
2994.66,1591.133374,3195.055905,1858.667251,1915.237759,4.749401316,57.23260931,2.673293499,102.1588752,5.94269696,2.56713874,0.828849925,2.646441976,93.59556726,2.360212811,30.07196752,30.70061877,30.84358399
2994.8124,1591.37982,3195.551333,1858.93575,1915.525236,4.747299265,57.02575626,2.693082671,102.1623133,6.007337097,2.569005596,0.831378508,2.67009069,93.79737872,2.362016202,30.07295082,30.7062582,30.83804659
2994.9648,1587.22216,3187.203189,1854.05974,1910.511687,4.732074238,56.65714301,2.705279236,101.8770305,6.054302743,2.563725164,0.831637721,2.685760024,93.6407884,2.363842429,30.07528414,30.62692271,30.8208005
2995.1172,1592.162972,3197.125223,1859.812195,1916.450257,4.74405801,56.60517456,2.732546223,102.1585317,6.133104221,2.573034738,0.836727121,2.714917201,93.63022295,2.36545801,30.07790469,30.72314678,30.82720104
2995.2696,1592.671372,3198.14683,1860.387423,1917.053898,4.742886258,56.39159199,2.751961763,102.1492503,6.193748808,2.575138725,0.839510299,2.735887248,93.74596628,2.366678228,30.08414409,30.73383375,30.82190814
2995.422,1594.401698,3201.622157,1862.390056,1919.128441,4.74534847,56.2154162,2.77350092,102.2138972,6.258845876,2.579189643,0.842969565,2.758394362,94.18899294,2.368004316,30.09141783,30.7680949,30.81970995
2995.5744,1590.382038,3193.551318,1857.676172,1914.281922,4.730674412,55.83184429,2.785072076,101.9067444,6.301137045,2.57392136,0.84340612,2.770355121,94.12105887,2.369162893,30.10054095,30.69139597,30.80240341
2995.7268,1593.656539,3200.127537,1861.482502,1918.215281,4.737728652,55.70137173,2.808949143,102.0554537,6.369370263,2.580368314,0.847702847,2.792676849,94.554993,2.370304715,30.11025447,30.75545693,30.80462501
2995.8792,1591.371478,3195.539968,1858.794969,1915.456858,4.728249693,55.37407789,2.823034429,101.8448395,6.414879374,2.577785176,0.849050846,2.804506807,94.53573665,2.371288765,30.12130909,30.71222097,30.79220392
2996.0316,1590.636965,3194.066009,1857.91849,1914.564728,4.723391165,55.10260371,2.839654389,101.7301872,6.465279317,2.577677178,0.851206543,2.81803595,94.33969941,2.372490224,30.12839596,30.69891039,30.78399084
2996.184,1585.918343,3184.591829,1852.388415,1908.877157,4.706770572,54.70240968,2.848470188,101.3568458,6.496467363,2.571059091,0.851160309,2.823082077,93.883629,2.373482295,30.13450454,30.60871474,30.76543358
2996.3364,1590.743015,3194.281057,1858.005442,1914.67655,4.718660829,54.65158923,2.872555747,101.5827056,6.559024644,2.579772002,0.856052014,2.841433497,93.71709466,2.374679355,30.14118366,30.70270993,30.77347507
2996.4888,1591.582567,3195.968019,1858.968042,1915.679435,4.718825316,54.47326232,2.888672177,101.5498554,6.60210435,2.58196412,0.858719727,2.85119358,94.15392273,2.37537033,30.148782,30.71978356,30.77132032
2996.6412,1593.972432,3200.768094,1861.741459,1918.548313,4.723629934,54.35358896,2.907094222,101.6132969,6.649778733,2.586642969,0.86215758,2.862509264,94.19274563,2.376293021,30.15725323,30.76677771,30.77384435
2996.7936,1590.801699,3194.402249,1858.020089,1914.724233,4.711967987,54.04885664,2.914950759,101.3207682,6.672837129,2.582285145,0.86252405,2.862802787,94.4734467,2.377120985,30.17037592,30.70644346,30.76204974
2996.946,1594.926608,3202.686408,1862.82001,1919.681433,4.722027337,54.01019439,2.934459203,101.4882127,6.720183054,2.589685322,0.866629809,2.872994352,94.28306188,2.377929247,30.18182155,30.78693526,30.77133309
2997.0984,1593.299093,3199.419433,1860.901351,1917.714928,4.715065029,53.77896301,2.943028204,101.2885319,6.741979983,2.587730687,0.867555064,2.871898441,94.42471031,2.378635036,30.19516983,30.75638448,30.76576697
2997.2508,1592.893949,3198.607025,1860.410357,1917.219676,4.711750394,53.59482991,2.953279066,101.1663215,6.766737515,2.587742943,0.869060733,2.87192181,94.54021709,2.379414659,30.2099829,30.74943432,30.76418463
2997.4032,1588.054763,3188.890835,1854.740696,1911.387656,4.695394931,53.27432799,2.954312141,100.7628425,6.768686965,2.580508092,0.8680214,2.862642739,94.17646899,2.380041653,30.22461044,30.6568993,30.75138658
2997.5556,1592.318229,3197.453183,1859.702696,1916.511903,4.706194656,53.29643144,2.969374722,100.9365328,6.798711861,2.58793309,0.871596226,2.865990701,94.29860446,2.380224135,30.23968255,30.74009897,30.76513499
2997.708,1592.174107,3197.164851,1859.517248,1916.331358,4.70406848,53.18341844,2.975124035,100.8306871,6.805983158,2.588146711,0.872625093,2.860078213,94.65904554,2.380165459,30.25441203,30.73820836,30.76779251
2997.8604,1593.310597,3199.448014,1860.827513,1917.692166,4.705788639,53.1220718,2.982369092,100.806205,6.816140666,2.590429345,0.874232682,2.855365685,94.61247483,2.380299634,30.27107016,30.76104437,30.77482655
2998.0128,1588.760785,3190.312768,1855.49668,1912.208942,4.690750558,52.87941502,2.978154259,100.4227333,6.799916773,2.583464543,0.87260779,2.839572126,94.77877886,2.380157003,30.2884872,30.67410588,30.76736623
2998.1652,1591.606768,3196.028603,1858.803462,1915.627229,4.69773516,52.91854066,2.985095034,100.5097473,6.80692029,2.588453522,0.87467845,2.833902632,94.76459932,2.380215428,30.30839714,30.72996828,30.7819265
2998.3176,1588.993848,3190.782651,1855.734928,1912.475234,4.688665305,52.78637794,2.98098578,100.2526414,6.788448717,2.584554524,0.873628412,2.81747513,95.05222065,2.379900366,30.32495487,30.6804341,30.78259242
2998.47,1588.069645,3188.927699,1854.638557,1911.355652,4.684667925,52.72641976,2.979043962,100.1037678,6.774080529,2.583385458,0.87335036,2.80279568,95.13739459,2.379783322,30.33990214,30.66351415,30.78878618
2998.6224,1583.277686,3179.306066,1849.025205,1905.580934,4.669390904,52.56199081,2.968562214,99.71439634,6.738388132,2.575873598,0.870759078,2.779908829,94.74180409,2.379270456,30.3538622,30.57192555,30.7853506
2998.7748,1588.170049,3189.131006,1854.72203,1911.462146,4.682988613,52.77662557,2.972798211,99.94382201,6.73169082,2.583982898,0.873020522,2.770688859,94.60739696,2.378741965,30.36660572,30.66734758,30.80999352
2998.9272,1589.193688,3191.187306,1855.901081,1912.687206,4.685324916,52.88576621,2.968452379,99.93275115,6.703923554,2.585742683,0.872967159,2.753357154,94.84899629,2.377852193,30.37817537,30.68806377,30.82488836
2999.0796,1591.905863,3196.634239,1859.052168,1915.944519,4.692738123,53.06865096,2.966099988,100.0302849,6.680110785,2.590233141,0.873674264,2.737899149,94.55995198,2.377339383,30.39082398,30.7413877,30.84508391
2999.232,1589.158238,3191.117566,1855.827204,1912.630618,4.684107856,53.08327994,2.952573688,99.7874801,6.631006385,2.585834274,0.871249334,2.712365306,94.66206708,2.376891431,30.40225588,30.6892819,30.85132261
2999.3844,1593.80801,3200.455205,1861.241204,1918.219973,4.697463644,53.38822488,2.949961651,100.0195829,6.604382054,2.593409276,0.872496253,2.697555898,94.8140454,2.376506967,30.41594438,30.78004024,30.87863861
2999.5368,1592.769248,3198.369916,1860.012268,1916.962954,4.694088462,53.51320995,2.935985684,99.89755209,6.552239891,2.591728358,0.870510942,2.672554913,94.61276209,2.375928731,30.4285585,30.76093861,30.89138345
2999.6892,1593.011676,3198.857294,1860.279563,1917.247962,4.694535738,53.69507598,2.923549515,99.86004365,6.502860589,2.592130157,0.869097549,2.64916947,94.6652054,2.375421189,30.44334439,30.76658544,30.90807838
2999.8416,1588.84516,3190.49124,1855.398278,1912.226757,4.682054633,53.74719745,2.902200371,99.55272752,6.431740377,2.5853247,0.865148665,2.617996053,94.43909748,2.374971637,30.45673369,30.68709037,30.91347809
2999.994,1593.785665,3200.412532,1861.15229,1918.166511,4.696626232,54.15896769,2.894932083,99.83310627,6.387511375,2.593229199,0.86579451,2.600684807,94.3395019,2.374369826,30.47032395,30.78349976,30.94342644
3000.1464,1594.288968,3201.42364,1861.725041,1918.7662,4.698202362,54.43737728,2.878717702,99.8416222,6.321969618,2.593876491,0.863902062,2.575764241,94.98647646,2.373269181,30.48942019,30.79420405,30.96184071
3000.2988,1596.015109,3204.890242,1863.725943,1920.837779,4.703430447,54.77049064,2.863831362,99.93121602,6.258956204,2.596504185,0.862561054,2.552711486,95.06752806,2.372384282,30.50773513,30.82852883,30.98358484
3000.4512,1591.98519,3196.798324,1859.005302,1915.98189,4.691715944,54.91648635,2.837821448,99.6646081,6.171626534,2.589762942,0.858021627,2.520572545,95.29594412,2.371364755,30.52741425,30.75167557,30.99046089
3000.6036,1595.256207,3203.367057,1862.810409,1919.913038,4.70164638,55.35175025,2.822731259,99.8701761,6.106385014,2.59483577,0.857157969,2.500157709,95.17950684,2.370198996,30.54684442,30.81585866,31.01616487
3000.756,1592.961846,3198.760162,1860.116833,1917.146271,4.695222104,55.60468679,2.797028842,99.73112367,6.018370201,2.590848079,0.853216136,2.471135435,95.00152674,2.368820007,30.56514952,30.77253411,31.0274926
3000.9084,1592.219372,3197.26953,1859.235487,1916.247333,4.693438909,55.92548014,2.773418737,99.69417134,5.934491079,2.5893685,0.850023448,2.444758769,95.22130021,2.367784175,30.58262318,30.7591937,31.04268233
3001.0608,1587.488717,3187.77039,1853.69718,1910.548686,4.679988163,56.12364574,2.742531887,99.41488083,5.833355769,2.581361147,0.844635915,2.412592784,94.86255877,2.366433706,30.59812684,30.66881721,31.04726136
3001.2132,1592.310617,3197.453315,1859.31363,1916.346876,4.694869788,56.70031242,2.727097603,99.75415492,5.761295252,2.58877588,0.844164393,2.396021935,94.73746124,2.365386692,30.61463197,30.76299325,31.07525007
3001.3656,1593.143439,3199.125927,1860.272365,1917.344397,4.698081059,57.15050666,2.704422135,99.85056251,5.672677873,2.589658091,0.841515656,2.373854887,94.84344059,2.364120438,30.62273312,30.7800967,31.09245083
3001.518,1595.528101,3203.914726,1863.043297,1920.2097,4.705908854,57.66729481,2.683791405,100.0495839,5.588217288,2.593034075,0.839637112,2.35460835,95.01694969,2.36298162,30.63518629,30.82717944,31.11299319
3001.6704,1592.346762,3197.526676,1859.315005,1916.376401,4.697319746,57.99053112,2.653306048,99.90442474,5.483326654,2.58734555,0.83479996,2.327837432,95.67620042,2.361901296,30.64758451,30.76672306,31.11891658
3001.8228,1596.468268,3205.803178,1864.114042,1921.332164,4.710277325,58.6004724,2.634336195,100.2343044,5.400968043,2.593457425,0.833744497,2.313781693,95.54275958,2.360943277,30.65843865,30.84736919,31.1417334
3001.9752,1594.831854,3202.517441,1862.189925,1919.358406,4.706217493,59.00329375,2.605423843,100.2075649,5.298594352,2.590203511,0.829663017,2.29212989,95.28898956,2.359936652,30.66749885,30.81675477,31.14952667
3002.1276,1594.419172,3201.689051,1861.694666,1918.857445,4.705723666,59.45491961,2.578366224,100.2637892,5.199880225,2.588918602,0.826229422,2.273211051,95.12767146,2.359159958,30.67921527,30.8097873,31.15966789
3002.28,1589.568443,3191.94882,1856.01733,1913.015392,4.692096945,59.74485351,2.544669437,100.0488519,5.086393374,2.580401363,0.820547561,2.249033296,94.32412844,2.358305129,30.68902258,30.71706696,31.15784013
3002.4324,1593.829607,3200.505848,1860.979289,1918.139419,4.705324604,60.38776673,2.526870304,100.4274396,5.001611942,2.58659834,0.81969769,2.240684672,94.03582238,2.357208964,30.69509159,30.8004262,31.17662964
3002.5848,1593.679287,3200.204364,1860.790437,1917.954397,4.705494195,60.865524,2.50254319,100.5355225,4.902921638,2.585604899,0.816632852,2.227263116,94.28812051,2.356089967,30.69883032,30.7985282,31.18345154
3002.7372,1594.811127,3202.477561,1862.098612,1919.312418,4.709378443,61.39253952,2.480294167,100.7302955,4.808151219,2.586662009,0.814273014,2.216832854,94.22340436,2.355266525,30.70344202,30.82140535,31.19251511
3002.8896,1590.251567,3193.322104,1856.76138,1913.820925,4.696384735,61.70032447,2.449324711,100.5701566,4.696354652,2.578468441,0.809057633,2.199577727,94.29125817,2.354290047,30.70718883,30.73429257,31.18654021
3003.042,1593.095408,3199.033171,1860.068118,1917.239097,4.705145562,62.293376,2.431168619,100.89195,4.608139032,2.582226727,0.807802268,2.19573786,94.21505833,2.353619205,30.70700844,30.79026086,31.19674746
3003.1944,1590.475491,3193.772688,1856.995403,1914.081727,4.697723837,62.67105271,2.404809513,100.8714341,4.504737724,2.57710642,0.803831617,2.185514441,94.72483985,2.352867058,30.70728739,30.7406258,31.19242807
3003.3468,1589.546239,3191.907182,1855.896467,1912.95884,4.695251313,63.11130756,2.381555006,100.9622658,4.407276934,2.574694635,0.800812409,2.178973719,95.04570909,2.352639257,30.70533024,30.72366893,31.19122499
3003.4992,1584.746006,3182.268517,1850.277695,1907.177195,4.681334569,63.39193343,2.354000855,100.8116717,4.301160059,2.565989452,0.795993844,2.168506284,94.97681109,2.352269941,30.70062592,30.63189691,31.17914486
3003.6516,1589.639994,3192.09649,1855.977264,1913.061939,4.695991089,64.04322163,2.344745133,101.2896305,4.226984012,2.57294329,0.796433363,2.174917958,94.80764359,2.352011814,30.69074316,30.72750236,31.18879305
3003.804,1590.662064,3194.149415,1857.156205,1914.286915,4.699203043,64.53099056,2.331199034,101.5247047,4.144870283,2.573607435,0.795082279,2.177430635,94.63209942,2.351755942,30.68435801,30.74825547,31.18759447
3003.9564,1593.374624,3199.596973,1860.308777,1917.546186,4.707361261,65.08091573,2.320976975,101.870726,4.068781578,2.57698128,0.794697265,2.183562748,94.1486306,2.351889684,30.6809068,30.80168029,31.18956985
3004.1088,1590.622629,3194.071384,1857.081204,1914.229032,4.699316809,65.40292435,2.303604826,101.869489,3.980087274,2.571507303,0.791691164,2.183236352,94.3437406,2.352202584,30.67761527,30.74946859,31.17693101
3004.2612,1595.275649,3203.415598,1862.498937,1919.823247,4.713003757,66.00764787,2.300419638,102.348797,3.91568383,2.578007881,0.792738608,2.196076764,94.24981499,2.352819456,30.67480538,30.84040122,31.18078806
3004.4136,1594.235178,3201.326947,1861.269442,1918.565624,4.709790464,66.36988319,2.28970273,102.4650663,3.838776039,2.575305062,0.791057194,2.202121292,94.04138845,2.353438829,30.67099717,30.82125845,31.16947131
3004.566,1594.477435,3201.814128,1861.537384,1918.851564,4.710279874,66.77456603,2.281950994,102.6662634,3.767014644,2.574673667,0.790153314,2.211057875,94.14181154,2.35429386,30.66649142,30.82691267,31.16045195
3004.7184,1590.30704,3193.440446,1856.65341,1913.82704,4.697668587,66.97904657,2.269996109,102.5852002,3.688246671,2.566935801,0.787260599,2.214917317,93.99686187,2.355279949,30.66280424,30.74725803,31.13931245
3004.8708,1595.252905,3203.372861,1862.412305,1919.773146,4.711863726,67.52643636,2.276870907,103.0944814,3.640430869,2.57397224,0.789411361,2.234206914,93.93884793,2.356384063,30.65840836,30.84385274,31.13955014
3005.0232,1595.757827,3204.387592,1862.986553,1920.374878,4.7128845,67.8692264,2.279459409,103.3180699,3.586053118,2.57386531,0.789558526,2.248299191,94.7280122,2.356910834,30.65087168,30.85457435,31.12770448
3005.1756,1597.486985,3207.860697,1864.99002,1922.449861,4.717455215,68.25229128,2.285289713,103.6219892,3.536685272,2.575748897,0.790461589,2.264923766,94.95906328,2.357766301,30.64387042,30.88896276,31.11833649
3005.328,1593.454945,3199.764963,1860.267473,1917.591672,4.704955239,68.38088814,2.284269546,103.5522485,3.476372236,2.568365455,0.788639482,2.273899177,94.92661939,2.358932144,30.63667433,30.81195517,31.09359827
3005.4804,1596.731122,3206.344665,1864.076722,1921.528239,4.713939082,68.78828573,2.298784116,103.9537703,3.440402981,2.572844283,0.790874469,2.29492459,94.7726562,2.360169832,30.63016999,30.87626039,31.08665301
3005.6328,1594.436943,3201.738729,1861.38295,1918.761352,4.706452902,68.94537961,2.306621266,103.9912564,3.394679902,2.56836856,0.790477901,2.308486718,94.8899428,2.361138429,30.62301721,30.83284726,31.06474415
3005.7852,1593.696252,3200.252306,1860.502656,1917.863875,4.703559166,69.15525131,2.318534604,104.1274104,3.355361029,2.566423416,0.791013129,2.324762925,95.08339967,2.362502892,30.61598598,30.81947701,31.04638487
3005.9376,1588.963861,3190.750261,1854.962221,1912.162619,4.688924771,69.17052082,2.327279065,103.9979925,3.312521598,2.558095046,0.789782061,2.335570379,95.10902407,2.363521562,30.60537303,30.72891969,31.01706022
3006.09,1593.793342,3200.449111,1860.584229,1917.967989,4.702533529,69.54805304,2.356884622,104.4817621,3.302521653,2.565298233,0.793851991,2.361290369,94.79704989,2.364652076,30.59498624,30.82327656,31.01275375
3006.2424,1594.630178,3202.13043,1861.545321,1918.968601,4.704403814,69.72995694,2.38312882,104.6981874,3.289307995,2.566125358,0.796137539,2.381401671,94.98434109,2.365331621,30.58456138,30.84040985,30.99775042
3006.3948,1597.020303,3206.930861,1864.319784,1921.83849,4.710879956,69.96765383,2.413740937,105.0119458,3.282566149,2.569500733,0.799344245,2.403851818,95.48454442,2.366510714,30.57245083,30.88758117,30.98697855
3006.5472,1593.839166,3200.543807,1860.590524,1918.004038,4.700924057,69.95377984,2.437666072,104.955324,3.266735274,2.563960242,0.799873625,2.417744059,95.80039891,2.367858461,30.56137948,30.82700267,30.96142277
3006.6996,1597.967748,3208.835205,1865.394423,1922.96608,4.712507366,70.22563962,2.478140032,105.3662797,3.275189478,2.570330454,0.804446644,2.442366296,95.86819025,2.369256318,30.55061852,30.90780312,30.95623972
3006.852,1596.332941,3205.553314,1863.47053,1920.992686,4.70706613,70.23785555,2.51119064,105.393237,3.27407775,2.56748215,0.806212967,2.458006053,95.89106838,2.370753604,30.54083491,30.87712507,30.9357671
3007.0044,1595.922906,3204.730864,1862.976401,1920.493243,4.70522178,70.29571565,2.548012706,105.4956865,3.278367917,2.566668546,0.808704223,2.475133077,95.54425343,2.372159206,30.53533357,30.87014028,30.91901856
3007.1568,1591.0706,3194.987997,1857.296554,1914.648046,4.69028651,70.14100324,2.579923635,105.2973297,3.277932813,2.558783546,0.809086117,2.484897115,94.94883743,2.373537731,30.52747785,30.77723462,30.89055075
3007.3092,1595.338753,3203.559654,1862.263214,1919.778101,4.702269562,70.3385254,2.632331997,105.6817025,3.308457947,2.565756974,0.814490862,2.507614748,94.460484,2.374668442,30.52092979,30.86075344,30.88882464
3007.4616,1595.191198,3203.264227,1862.075456,1919.594497,4.701233023,70.32401108,2.67951533,105.7659011,3.33432181,2.56570507,0.817773207,2.52287396,94.47823717,2.3755023,30.51476497,30.85884804,30.87568363
3007.614,1596.326825,3205.545529,1863.38568,1920.955166,4.703959431,70.358767,2.730659766,105.9288877,3.365673317,2.56779137,0.821796839,2.539373679,94.48573966,2.376507781,30.51237693,30.88176632,30.86699127
3007.7664,1591.765457,3196.386839,1858.045846,1915.460392,4.689879522,70.13730195,2.773496217,105.7089423,3.386873068,2.560774705,0.822948568,2.546005004,94.73681153,2.377411626,30.51010405,30.79447926,30.84326547
3007.9188,1594.614223,3202.108233,1861.355816,1918.882713,4.6976642,70.21046371,2.833225404,105.9618609,3.431806438,2.565845548,0.828147996,2.56235365,94.76222929,2.378559272,30.51148463,30.85055345,30.84252684
3008.0712,1591.99385,3196.847167,1858.28188,1915.723818,4.689338231,70.03678894,2.884504956,105.8447174,3.467065213,2.562173278,0.830558883,2.569064856,95.16384213,2.379170604,30.51288441,30.8008175,30.82743235
3008.2236,1591.065544,3194.983874,1857.183023,1914.601068,4.686032263,69.92995882,2.94022869,105.8307989,3.508791083,2.561287849,0.833900216,2.577368955,95.52886688,2.380030203,30.51586593,30.78382372,30.8182437
3008.376,1586.262452,3185.339654,1851.561116,1908.815431,4.671399889,69.63539541,2.989974415,105.5477398,3.545959205,2.554220678,0.835272059,2.578255479,95.45061146,2.380858759,30.52056077,30.69186827,30.79924484
3008.5284,1591.1626,3195.180183,1857.265178,1914.705855,4.685514704,69.72005433,3.060769128,105.8832239,3.614581677,2.562929212,0.841907044,2.592087078,95.29204433,2.381349822,30.52515146,30.78765715,30.81076114
3008.6808,1592.187013,3197.237875,1858.445403,1915.932397,4.688295841,69.61706227,3.125073212,105.9492782,3.67831752,2.565451663,0.846540804,2.598476562,94.9162621,2.381647472,30.52884296,30.80844717,30.81258049
3008.8332,1594.903317,3202.692985,1861.600561,1919.194896,4.696101646,69.58017833,3.193622624,106.1193628,3.748229136,2.570757119,0.852093275,2.60639016,94.35689079,2.382351256,30.53366688,30.86197287,30.82048968
3008.9856,1592.149624,3197.163894,1858.371076,1915.875225,4.687827346,69.2989762,3.251805326,105.9202407,3.806407932,2.567287109,0.854729522,2.604303318,94.54512401,2.382978284,30.53869089,30.80965527,30.81402154
3009.138,1596.807653,3206.51807,1863.792679,1921.474249,4.701477515,69.31408513,3.326088805,106.1967215,3.886725998,2.575878288,0.86135511,2.611526616,94.71792625,2.383504261,30.54814445,30.90076219,30.83125262
3009.2904,1595.766517,3204.427861,1862.562371,1920.215456,4.698350517,69.07908708,3.388928265,106.0894367,3.953950847,2.575320418,0.864897972,2.608419775,94.48314185,2.384032213,30.55777863,30.88157829,30.83345937
3009.4428,1596.009125,3204.915503,1862.830462,1920.501439,4.699025277,68.89748377,3.454753216,106.0613116,4.025350234,2.576879605,0.869109285,2.606252783,94.49438078,2.384530367,30.56811518,30.88723991,30.8404469
3009.5952,1591.834734,3196.533417,1857.942952,1915.472209,4.686760596,68.51629477,3.51066467,105.731916,4.087247866,2.571335275,0.870873789,2.59578982,94.32819134,2.385024828,30.58215547,30.80742569,30.83605944
3009.7476,1596.785123,3206.474511,1863.705418,1921.422561,4.701552452,68.49611474,3.585216633,105.9888472,4.176598038,2.580589831,0.877515535,2.59740078,94.31807284,2.385392325,30.59478148,30.90420572,30.85995554
3009.9,1597.290207,3207.489038,1864.27954,1922.023783,4.703310243,68.27508851,3.649230466,105.9435269,4.255800057,2.582688279,0.881666979,2.590779847,95.04335421,2.385380667,30.59682602,30.91494464,30.87228039
3010.0524,1599.020566,3210.964008,1866.283797,1924.0994,4.70869987,68.10105993,3.715697859,105.9760332,4.338539106,2.586794484,0.886452583,2.585224993,95.28066189,2.385560147,30.59946307,30.94939669,30.88881782
3010.2048,1594.984091,3202.858702,1861.5573,1919.235782,4.697125303,67.67621677,3.768261966,105.6255218,4.405194274,2.581581979,0.888000605,2.569618268,95.24233348,2.385925858,30.60704782,30.87223477,30.88984202
3010.3572,1598.262646,3209.4425,1865.368273,1923.174058,4.707240869,67.53977768,3.835332802,105.7510114,4.491714194,2.588208991,0.893442719,2.563617616,95.10644145,2.386199067,30.61914021,30.93666212,30.91289425
3010.5096,1595.965403,3204.829622,1862.671643,1920.40303,4.70097024,67.16217192,3.888250766,105.5059243,4.561967911,2.585811439,0.895712404,2.547944333,95.24218401,2.386232923,30.62959921,30.8931604,30.9209669
3010.662,1595.223088,3203.339137,1861.789663,1919.50287,4.699357244,66.84368426,3.943669819,105.3608096,4.636016342,2.585923297,0.898771949,2.534025312,95.37821867,2.386675575,30.64072496,30.87976033,30.93385393
3010.8144,1590.485285,3193.825309,1856.244212,1913.794633,4.68610845,66.34913557,3.987006107,104.9462619,4.698137138,2.579522349,0.899452383,2.513083215,95.45100203,2.386748342,30.65004976,30.78902217,30.93609371
3010.9668,1595.318572,3203.53085,1861.868647,1919.60235,4.701348349,66.23084401,4.048235691,105.1521164,4.786944886,2.588548404,0.905198516,2.505512152,95.16100785,2.38685154,30.65328169,30.88355987,30.96583506
3011.1192,1596.155446,3205.211193,1862.828857,1920.601044,4.704932194,65.93657046,4.09685843,105.0899362,4.863176576,2.591050194,0.90854227,2.491068161,95.32601023,2.386526955,30.65590688,30.90072299,30.98470495
3011.2716,1598.547162,3210.013755,1865.603626,1923.470486,4.713174197,65.69652019,4.147485097,105.1306035,4.942760679,2.596036409,0.91267691,2.478673057,95.76414885,2.386621496,30.65430203,30.9479829,31.0077475
3011.424,1595.362352,3203.618177,1861.870143,1919.62979,4.705023645,65.21942361,4.181917355,104.8071833,5.003419075,2.591924352,0.913549827,2.457395381,95.98879955,2.386825152,30.65677013,30.88728227,31.01539166
3011.5764,1599.49438,3211.915322,1866.675506,1924.592691,4.718618787,65.02657948,4.229456883,104.9670922,5.082326633,2.599568156,0.918294525,2.446571845,95.98268071,2.387014611,30.66025198,30.96823705,31.04282274
3011.7288,1597.857552,3208.628128,1864.748405,1922.614188,4.715222005,64.5933941,4.259985863,104.7522053,5.140850186,2.597797326,0.919644524,2.426693934,95.64365021,2.38739715,30.66398074,30.93749537,31.05437305
3011.8812,1597.446773,3207.802923,1864.251994,1922.110755,4.715493652,64.20436388,4.291445277,104.6217205,5.200938194,2.59796106,0.921590985,2.408590048,94.81373226,2.387534559,30.66863692,30.93049326,31.06888692
3012.0336,1592.589611,3198.04897,1858.566234,1916.256893,4.702738147,63.63658741,4.307837937,104.2005607,5.244291031,2.59081658,0.920802073,2.383733505,94.51315534,2.387529113,30.6736393,30.83740228,31.07108248
3012.186,1596.861918,3206.627581,1863.534074,1921.387111,4.717176413,63.43338776,4.340199004,104.377776,5.311456114,2.598313079,0.924810205,2.372429333,94.34575052,2.38742543,30.68087377,30.92108067,31.09717689
3012.3384,1596.714427,3206.330833,1863.343917,1921.199082,4.718628787,63.05387175,4.35723782,104.2674223,5.361490306,2.598539633,0.926082161,2.354580342,94.30302087,2.387069673,30.68762733,30.91916788,31.11091486
3012.4908,1597.851507,3208.613588,1864.652738,1922.556537,4.723897649,62.71932954,4.375059352,104.2468209,5.413251626,2.600778141,0.927982445,2.338882873,94.70757113,2.386921109,30.69317225,30.9421273,31.12740069
3012.6432,1593.286285,3199.445656,1859.306963,1917.052782,4.712313838,62.15780302,4.375095197,103.85999,5.443415913,2.593665507,0.926477579,2.315148538,94.74493823,2.386693732,30.69556596,30.85466594,31.12801324
3012.7956,1596.138611,3205.17266,1862.616789,1920.473347,4.722779902,61.888701,4.387944314,103.9660939,5.491978835,2.598410916,0.928895047,2.302929162,94.64312081,2.386903756,30.69925769,30.91084603,31.14703926
3012.948,1593.516689,3199.906922,1859.538384,1917.307223,4.717049931,61.40391737,4.383310448,103.7215432,5.519122961,2.594168955,0.928019269,2.283156179,94.56367759,2.386873288,30.70215684,30.86100919,31.15080044
3013.1004,1592.588634,3198.042561,1858.436397,1916.178911,4.716364199,60.98176546,4.38023024,103.5930636,5.549173649,2.592583194,0.927991123,2.266363399,94.69265891,2.387214834,30.70625882,30.8439785,31.15823982
3013.2528,1587.782257,3188.390146,1852.808291,1910.383824,4.70428292,60.41913562,4.362769758,103.2133303,5.562762843,2.584571554,0.92549605,2.244638109,94.87184002,2.387298528,30.71411814,30.75183963,31.15458203
3013.4052,1592.688817,3198.241892,1858.513739,1916.274256,4.721183277,60.253383,4.36262626,103.4684749,5.602396698,2.592097653,0.928119986,2.238093046,94.73381062,2.387364698,30.71896131,30.84781193,31.17511975
3013.5576,1593.716086,3200.303652,1859.692309,1917.496968,4.726653242,59.94921185,4.348082178,103.4731797,5.62526657,2.593200962,0.928272733,2.226716767,94.82431951,2.387236314,30.71733073,30.86863887,31.1845209
3013.71,1596.437061,3205.766464,1862.84716,1920.757315,4.737166275,59.71038885,4.335233294,103.5930921,5.651393777,2.596960536,0.929275465,2.218441684,94.70833598,2.387596996,30.71734708,30.92226546,31.19749542
3013.8624,1593.682933,3200.234835,1859.613111,1917.430145,4.731440869,59.2716592,4.305498022,103.3620123,5.656101494,2.591737771,0.926991682,2.203208159,95.14900664,2.3879281,30.71509386,30.86984196,31.19520964
3014.0148,1598.348019,3209.601468,1865.035955,1923.02889,4.747823933,59.13940907,4.289454513,103.6199824,5.680568427,2.598368671,0.92865329,2.199983138,95.19112715,2.388470274,30.71138985,30.96112317,31.21074217
3014.1672,1597.308578,3207.512985,1863.802469,1921.764274,4.747260211,58.80077318,4.256244957,103.5138338,5.682444907,2.595657326,0.926911884,2.189515439,95.34948617,2.389109273,30.71265862,30.94189814,31.21045683
3014.3196,1597.554284,3208.005154,1864.068394,1922.045669,4.750541551,58.51675601,4.224366594,103.4963672,5.686373907,2.594954049,0.925813192,2.181561493,95.32674679,2.389949104,30.71811776,30.94756714,31.21273075
3014.472,1593.378844,3199.619296,1859.175294,1917.00755,4.740754746,58.09082279,4.178450582,103.1933716,5.671986051,2.586989104,0.921996015,2.16832094,95.20549066,2.390699775,30.72468246,30.86759335,31.20257941
3014.6244,1598.337313,3209.574876,1864.939268,1922.957824,4.758301541,58.05842636,4.150359454,103.4824882,5.683456405,2.593653556,0.923028955,2.169606547,95.1817922,2.391274419,30.72706157,30.9645587,31.21494247
3014.7768,1598.846259,3210.595465,1865.511472,1923.554684,4.762656244,57.88556968,4.108456305,103.4846172,5.676511147,2.593026144,0.921336492,2.165611968,95.19953145,2.391644197,30.72718657,30.97531494,31.21487444
3014.9292,1600.581782,3214.079099,1867.514768,1925.627111,4.770680052,57.77231077,4.068355253,103.5684929,5.672286864,2.594333471,0.920261057,2.164035993,94.89307095,2.392320273,30.73088299,31.00983062,31.21743508
3015.0816,1596.544918,3205.971383,1862.782886,1920.754802,4.761500565,57.4673685,4.012943448,103.2795812,5.646785886,2.586249859,0.915805966,2.155303857,95.06901562,2.393313302,30.73681801,30.93251437,31.20420617
3015.234,1599.830403,3212.567403,1866.594174,1924.691476,4.774198844,57.48691998,3.973214122,103.4630277,5.643664062,2.589915666,0.915291814,2.158469419,94.96987563,2.394529605,30.73831046,30.99706385,31.20911584
3015.3864,1597.534675,3207.955975,1863.893617,1921.913609,4.770222829,57.32186164,3.91899062,103.2866844,5.619912547,2.58451337,0.911526554,2.154834535,95.07681197,2.395546312,30.73872432,30.95347355,31.19869149
3015.5388,1596.795441,3206.470075,1863.00894,1921.008155,4.770900718,57.23288814,3.868037819,103.2102593,5.600809101,2.581596986,0.908584797,2.154134242,95.13653137,2.396559628,30.74056838,30.94004364,31.19191534
3015.6912,1592.056776,3196.953013,1857.457786,1915.290957,4.759676101,57.03021271,3.806688428,102.8713153,5.566600013,2.572182824,0.903267092,2.148907351,94.68321727,2.3969533,30.73937189,30.84912464,31.17394504
3015.8436,1596.898635,3206.674184,1863.083958,1921.098991,4.777181092,57.2561098,3.766659742,103.1411363,5.562963165,2.578179111,0.903115306,2.158773934,94.57409625,2.397698458,30.73828722,30.94384319,31.18081441
3015.996,1597.740087,3208.362255,1864.042919,1922.094382,4.782739397,57.37031066,3.716615284,103.1484759,5.544322747,2.577695455,0.900599689,2.164075444,94.41701035,2.398088141,30.73593172,30.96103614,31.17662881
3016.1484,1600.137881,3213.175549,1866.817657,1924.962059,4.79295557,57.56971749,3.670486325,103.2513215,5.531240456,2.579724216,0.898906017,2.17214139,94.47355861,2.398573442,30.73406631,31.00838463,31.17652321
3016.3008,1596.953561,3206.779618,1863.07993,1921.11445,4.786451064,57.59539247,3.612271455,102.9886586,5.499554846,2.572766322,0.894046472,2.173105112,94.36656064,2.39910835,30.73172045,30.94756187,31.16131995
3016.4532,1601.093258,3215.090751,1867.88671,1926.077484,4.801910708,57.96590815,3.572163357,103.1851659,5.493485012,2.577633021,0.893177474,2.18549361,94.107206,2.399581342,30.73055412,31.02867098,31.16565806
3016.6056,1599.458288,3211.806027,1865.956683,1924.093814,4.800039299,58.15394919,3.520033896,103.005174,5.46815536,2.573221048,0.889067194,2.190426122,94.13952023,2.400104807,30.72933399,30.99786567,31.15435204
3016.758,1599.050507,3210.985577,1865.458298,1923.586415,4.801860695,58.41804422,3.471861711,102.8974516,5.447859962,2.570814005,0.885624316,2.197418074,93.76881503,2.400334225,30.72994866,30.99084624,31.14643401
3016.9104,1594.191773,3201.227347,1859.76725,1917.724575,4.790365522,58.55186751,3.415200744,102.4962438,5.412670386,2.561280316,0.879699317,2.198686363,93.75652192,2.400356671,30.73024765,30.89756994,31.12636601
3017.0628,1598.471403,3209.819451,1864.736853,1922.855584,4.806381158,59.1077952,3.381245378,102.6653834,5.409214817,2.566511229,0.8787737,2.213712181,93.21228195,2.400141919,30.72913683,30.98140791,31.13147873
3017.2152,1598.326651,3209.527152,1864.545189,1922.664408,4.809106441,59.53405289,3.339172709,102.5436786,5.391025497,2.564675478,0.875396436,2.222959859,93.27423554,2.399540159,30.72627338,30.97948773,31.12463398
3017.3676,1599.467626,3211.816677,1865.853505,1924.019984,4.815689772,60.04359317,3.301562534,102.4953926,5.378646717,2.5649576,0.872716861,2.234107499,93.69452131,2.399057713,30.71812589,31.00248828,31.12170887
3017.52,1594.900426,3202.643894,1860.502963,1918.50918,4.805081353,60.36736091,3.253924643,102.0733988,5.348741091,2.556137492,0.866933307,2.237294159,93.61159737,2.398663776,30.71065261,30.91485263,31.10341931
3017.6724,1597.757964,3208.380397,1863.813738,1921.9298,4.816807075,61.04374355,3.22622293,102.1084947,5.347076078,2.559356002,0.86524898,2.251316174,93.73897424,2.398383498,30.71103474,30.97113862,31.10639924
3017.8248,1595.135567,3203.112929,1860.732236,1918.75887,4.811953961,61.53807897,3.189340328,101.7860755,5.328814176,2.553854526,0.860618509,2.257692597,94.15959679,2.397447375,30.71334328,30.92120089,31.0946139
3017.9772,1594.208561,3201.249902,1859.62851,1917.627497,4.812150204,62.12715902,3.158198335,101.5623327,5.318323975,2.551142281,0.856940127,2.266483744,94.38260978,2.396369682,30.71564308,30.90413329,31.08804523
3018.1296,1589.399077,3191.590665,1853.995879,1911.826079,4.800587838,62.58468656,3.121667483,101.0841928,5.296227467,2.542287988,0.851244493,2.269842393,94.31260244,2.395293199,30.7121986,30.81181099,31.07101408
3018.282,1594.311949,3201.454397,1859.704313,1917.719543,4.818333391,63.47322824,3.110240063,101.2091708,5.309609597,2.549168005,0.850952537,2.287268317,94.17706178,2.393879674,30.70687349,30.90796672,31.0822159
3018.4344,1595.341362,3203.519969,1860.883091,1918.942034,4.824279247,64.22640121,3.093566727,101.081616,5.311303747,2.549914921,0.848660165,2.299189662,94.08266253,2.391986853,30.69947485,30.92883057,31.08303408
3018.5868,1598.066023,3208.989692,1864.03949,1922.203865,4.835301764,65.07085792,3.082589073,101.0530001,5.320747566,2.553452398,0.847324695,2.313375454,93.41661672,2.390360873,30.69246019,30.98255804,31.08924546
3018.7392,1595.309881,3203.453716,1860.802929,1918.873286,4.829735944,65.70686616,3.06307244,100.6713915,5.313854808,2.548296448,0.843142314,2.31937351,93.47877725,2.388541743,30.68820748,30.93002865,31.08071323
3018.8916,1599.980196,3212.83043,1866.228908,1924.475586,4.846653518,66.67435222,3.063684074,100.7464248,5.335690499,2.55518304,0.843120214,2.335640265,93.48119808,2.386593483,30.68382359,31.02148414,31.09415154
3019.044,1598.940059,3210.740324,1864.994318,1923.209403,4.846272267,67.41863842,3.055475215,100.4559433,5.340352289,2.553016607,0.840153005,2.343309469,93.88763755,2.384575261,30.68024098,31.00221798,31.09219377
3019.1964,1599.186251,3211.233239,1865.260126,1923.490462,4.849800972,68.22924242,3.052123044,100.2396509,5.351232858,2.552981072,0.83794736,2.352515776,93.94775693,2.382552809,30.67894301,31.00789438,31.09441306
3019.3488,1595.006638,3202.838957,1860.363664,1918.448129,4.839938873,68.84739969,3.042676773,99.7432524,5.348350809,2.545950497,0.833558416,2.354922955,93.85441065,2.380467173,30.68013199,30.92776101,31.08467012
3019.5012,1599.969907,3212.803981,1866.131233,1924.402761,4.85784833,69.84042374,3.056786676,99.81639801,5.37856513,2.553700177,0.83433289,2.370049642,93.87690909,2.377739639,30.68759366,31.02491168,31.10154129
3019.6536,1600.47898,3213.824817,1866.70376,1925.000058,4.862249741,70.63379304,3.064651303,99.61070586,5.39460449,2.554412494,0.8329214,2.378271968,94.08884709,2.374959231,30.69278991,31.03568524,31.10634507
3019.806,1602.21582,3217.311071,1868.708282,1927.074007,4.870429348,71.47970001,3.076723043,99.47918271,5.415916936,2.557146453,0.832247564,2.387854087,94.01702504,2.372659243,30.69777494,31.07026455,31.1150125
3019.9584,1598.174369,3209.194295,1863.973283,1922.197917,4.861113526,72.05994683,3.079045966,98.98838108,5.418584762,2.550700642,0.828661716,2.38834254,93.69091298,2.370530894,30.70150637,30.99279397,31.10793466
3020.1108,1601.462581,3215.795772,1867.786929,1926.13746,4.874158758,72.92616948,3.099919665,98.95606352,5.448087864,2.556090104,0.829232651,2.398606862,93.89313659,2.368256134,30.70356924,31.05746558,31.12215972
3020.2632,1599.163853,3211.178481,1865.084553,1923.357382,4.870211138,73.52740416,3.111406077,98.57927024,5.459528614,2.552611451,0.827011517,2.400039032,94.11848237,2.365915803,30.70554605,31.01378669,31.12118452
3020.4156,1598.423157,3209.689784,1864.199225,1922.451142,4.87100463,74.17938599,3.127376366,98.30109678,5.476978717,2.551670754,0.825728703,2.403322448,94.96206942,2.363660107,30.7098138,31.00032695,31.12487928
3020.568,1593.678847,3200.161695,1858.644507,1916.729694,4.859552737,74.60704491,3.137035592,97.78313057,5.480778461,2.54438873,0.822568608,2.400177716,94.33281345,2.361144635,30.71212832,30.90922712,31.11758597
3020.7204,1598.5246,3209.890802,1864.274385,1922.542408,4.877290479,75.37935476,3.169517877,97.87237645,5.517590204,2.552539273,0.82486665,2.410299018,94.08150795,2.358646499,30.70870902,31.0041265,31.13756913
3020.8728,1599.365786,3211.578625,1865.234133,1923.538994,4.882753202,75.92155104,3.195464544,97.7248834,5.540427551,2.554343056,0.825292043,2.413970463,94.19573687,2.355951558,30.70485688,31.02134928,31.14648127
3021.0252,1601.764928,3216.394871,1868.0108,1926.409223,4.893003892,76.50022133,3.225185045,97.68065033,5.56838186,2.558656209,0.826664094,2.41951291,94.39044828,2.353758392,30.69613172,31.06878637,31.15975719
3021.1776,1598.576351,3209.990784,1864.27079,1922.559001,4.88626228,76.77674593,3.243905378,97.30290101,5.576569501,2.554047497,0.825266293,2.416151742,94.15749481,2.351808534,30.68652904,31.00784147,31.15752405
3021.33,1602.719282,3218.308581,1869.080703,1927.525928,4.902041873,77.2943531,3.279046151,97.39373241,5.609360892,2.561187951,0.828050797,2.422597545,93.64507788,2.350047254,30.68259132,31.08910491,31.1756622
3021.4824,1601.081768,3215.019062,1867.149437,1925.540774,4.900233342,77.49952716,3.302662992,97.14049546,5.621665048,2.559093521,0.827960102,2.419826981,93.52854078,2.348516649,30.68304224,31.05823596,31.17778001
3021.6348,1600.672779,3214.196442,1866.650676,1925.032872,4.902277665,77.71838031,3.328902899,96.97179618,5.637532243,2.558953443,0.828641537,2.418457398,93.10150194,2.347109304,30.68666022,31.05119922,31.18316489
3021.7872,1595.808324,3204.427114,1860.955951,1919.166538,4.89070237,77.66442508,3.346196853,96.54450236,5.636732549,2.5516883,0.827196234,2.409999391,93.15814633,2.345851406,30.68952488,30.95773761,31.17602876
3021.9396,1600.091466,3213.026417,1865.928754,1924.301448,4.907143834,77.90317065,3.383437134,96.70263479,5.665608933,2.559055214,0.830969669,2.414290009,93.15787929,2.34465665,30.69352535,31.04173514,31.19388222
3022.092,1599.945753,3212.732468,1865.737004,1924.110189,4.910012031,77.86881262,3.411510811,96.60601419,5.677630302,2.5593351,0.832619986,2.411521221,93.14311094,2.343360167,30.69199816,31.03980757,31.19923656
3022.2444,1601.087191,3215.023127,1867.046132,1925.466697,4.916924662,77.84266804,3.441672674,96.60054726,5.692625462,2.561638893,0.835065685,2.41029414,93.18139754,2.342704859,30.69277894,31.06284925,31.20778959
3022.3968,1596.514793,3205.840234,1861.692078,1919.951505,4.906393834,77.49307961,3.458698969,96.26099626,5.685885968,2.554763019,0.834619791,2.400117075,93.09634361,2.342369503,30.69585495,30.97503932,31.20021923
3022.5492,1599.374778,3211.581717,1865.004836,1923.374353,4.918746752,77.36541101,3.490312033,96.40105211,5.702126904,2.559717883,0.838376276,2.400172886,93.07327731,2.342580644,30.69780311,31.0314312,31.21252761
3022.7016,1596.749378,3206.308405,1861.921183,1920.200578,4.914261597,76.92507267,3.509034444,96.22276389,5.697378946,2.555857867,0.839344884,2.391611199,93.07370803,2.342626058,30.70190128,30.98139259,31.20936334
3022.854,1595.821154,3204.443046,1860.816555,1919.067855,4.914971032,76.50692899,3.530229823,96.16258396,5.69673562,2.554664838,0.841310848,2.385267607,93.8825303,2.343147283,30.70393232,30.96428807,31.21048579
3023.0064,1591.006468,3194.773597,1855.180214,1913.261772,4.903547849,75.83960788,3.541930718,95.88339887,5.680457724,2.547219041,0.841357637,2.372938052,93.47693126,2.343384746,30.70983516,30.87178235,31.20043877
3023.1588,1595.923874,3204.646424,1860.892348,1919.159729,4.921810251,75.48113027,3.573204594,96.22647089,5.694789624,2.55528728,0.846876093,2.374616744,93.44247781,2.343698455,30.71503714,30.9681215,31.21664295
3023.3112,1596.953851,3206.713236,1862.072008,1920.383373,4.927915809,74.87763715,3.594837219,96.35078808,5.693472695,2.55710342,0.850454382,2.370319813,93.01363607,2.343972037,30.71780806,30.98902226,31.22167863
3023.4636,1599.680851,3212.187693,1865.230546,1923.647875,4.939225851,74.2988763,3.618737988,96.59204344,5.696122819,2.5615837,0.855013117,2.368353224,93.04164404,2.345115246,30.7226572,31.04285063,31.2309391
3023.616,1596.92158,3206.645598,1861.992019,1920.314966,4.933620808,73.42541188,3.628789026,96.51134492,5.677611699,2.557232558,0.856679101,2.358149883,92.914959,2.346273045,30.7261294,30.99021533,31.22459808
3023.7684,1601.596338,3216.031154,1867.421601,1925.921731,4.950905264,72.78397107,3.65256282,96.90408088,5.681765214,2.564688652,0.862475099,2.358702574,93.06916323,2.347678628,30.73018912,31.08184512,31.23790507
3023.9208,1600.554979,3213.938635,1866.186306,1924.654736,4.950590067,71.84618315,3.661940645,96.95957094,5.664191359,2.56294495,0.865226392,2.350687817,93.03296745,2.349278902,30.72828415,31.06253782,31.23502526
3024.0732,1600.801323,3214.431827,1866.452347,1924.936103,4.95428979,70.92591709,3.672771224,97.10260278,5.649565253,2.563207436,0.868709864,2.344519326,93.06661326,2.351179922,30.72838811,31.06822161,31.2352753
3024.2256,1596.617341,3206.028875,1861.552894,1919.890255,4.944168382,69.77367515,3.672407028,96.98410702,5.618197992,2.556340344,0.869830891,2.33199841,93.00342185,2.353330646,30.7285649,30.98792867,31.22289783
3024.378,1601.585308,3216.003222,1867.324509,1925.85016,4.962015139,68.93542255,3.69028791,97.43893476,5.616224299,2.564049818,0.876018678,2.333224198,93.09286127,2.355315255,30.73480399,31.08526467,31.23516201
3024.5304,1602.09454,3217.0244,1867.897823,1926.448853,4.965942241,67.87362879,3.696921724,97.62912347,5.597593284,2.564591464,0.879800957,2.328086512,93.63412463,2.357357616,30.73912358,31.09605554,31.23475882
3024.6828,1603.832805,3220.513488,1869.904058,1928.525335,4.973697215,66.84040216,3.705140999,97.8982519,5.582103122,2.56706062,0.884258619,2.324881449,93.50869938,2.359784696,30.74185351,31.13069848,31.23740084
3024.8352,1599.786963,3212.388013,1865.166469,1923.646576,4.963547301,65.55447968,3.698899204,97.81449281,5.545664716,2.560240958,0.885502445,2.313499353,93.51968074,2.362485993,30.74453965,31.05307358,31.22364374
3024.9876,1603.078058,3218.995224,1868.983161,1927.590487,4.975911349,64.53831455,3.706671648,98.18230729,5.532744311,2.565097602,0.890728128,2.313409648,93.49693186,2.365154746,30.74660933,31.11786731,31.22958856
3025.14,1600.776586,3214.372512,1866.279676,1924.809756,4.970887024,63.28771671,3.700287394,98.2087676,5.499671734,2.560975507,0.892806969,2.305439032,93.33956784,2.367710054,30.75029023,31.07409983,31.21965045
3025.2924,1600.034654,3212.881389,1865.394476,1923.904454,4.970571233,62.09461817,3.69630694,98.33129728,5.471266116,2.559321556,0.895699652,2.300039636,93.40902694,2.37020916,30.75421952,31.06061027,31.21377895
3025.4448,1595.284883,3203.342556,1859.837067,1918.180712,4.957468083,60.74900583,3.68218259,98.20712437,5.428949588,2.551244016,0.896281999,2.289372029,93.17723199,2.372471118,30.7538626,30.9693296,31.19647724
3025.5972,1600.13441,3213.079325,1865.471826,1924.000799,4.97344213,59.78470499,3.687958242,98.66882581,5.41906352,2.558495935,0.902064167,2.29375289,93.22857276,2.375079457,30.75024728,31.06440981,31.20591969
3025.7496,1600.975162,3214.766517,1866.433613,1925.001478,4.97662812,58.67920779,3.683667388,98.8817639,5.39554648,2.559335238,0.905506447,2.292860333,93.20765066,2.377747738,30.74542553,31.08166242,31.20402909
3025.902,1603.375308,3219.58502,1869.213593,1927.877478,4.984498357,57.64823005,3.682258293,99.18453025,5.377386124,2.56267166,0.909737013,2.294667843,93.17063457,2.380072632,30.74176385,31.1291881,31.20645521
3026.0544,1600.182011,3213.171881,1865.472784,1924.028106,4.974891775,56.43760321,3.667484896,99.13258204,5.340741309,2.557075312,0.910700503,2.288929353,93.07264169,2.382648166,30.73600405,31.06812107,31.19306133
3026.2068,1604.327251,3221.494647,1870.287693,1929.003299,4.98766912,55.54812658,3.668076911,99.51427465,5.329654091,2.563219051,0.915564703,2.295040005,93.22543483,2.385350754,30.72857309,31.14953884,31.2002808
3026.3592,1602.686185,3218.198503,1868.357115,1927.021196,4.982432138,54.48194263,3.654906276,99.52765898,5.299703227,2.560127355,0.917026907,2.293280088,93.1838463,2.38813103,30.71705012,31.11860626,31.19112868
3026.5116,1602.274751,3217.371492,1867.860056,1926.517697,4.980913639,53.49252678,3.6442812,99.60525012,5.274683227,2.559021946,0.919071465,2.293804942,92.8211541,2.390998712,30.70759339,31.11155221,31.18548266
3026.664,1597.403196,3207.588606,1862.163817,1920.651994,4.965257639,52.39394601,3.623465898,99.39499253,5.236201008,2.550815181,0.918428089,2.288566644,93.05020862,2.393862223,30.70159212,31.01790527,31.16729477
3026.8164,1601.687864,3216.191607,1867.142442,1925.797026,4.977279467,51.70487866,3.623083324,99.72746248,5.23077293,2.557277815,0.922684109,2.298134693,92.98554817,2.396422207,30.6990996,31.10206238,31.17563468
3026.9688,1601.539079,3215.892295,1866.953292,1925.612076,4.975264622,50.91633703,3.61268895,99.77254803,5.212200041,2.556688716,0.924248791,2.301941058,93.02634681,2.398580763,30.69565821,31.10012741,31.17156897
3027.1212,1602.678556,3218.179853,1868.266116,1926.976383,4.977114924,50.21788804,3.605517357,99.8816903,5.199350806,2.558196171,0.926424099,2.308200487,93.09585199,2.400862848,30.69424847,31.12321023,31.1713764
3027.2736,1598.098372,3208.982345,1862.91151,1921.46385,4.961111865,49.38387202,3.5858596,99.61947233,5.169297098,2.550604183,0.925181921,2.306775451,93.08323338,2.40313698,30.68622141,31.035226,31.15497122
3027.426,1600.957491,3214.723089,1866.229734,1924.8972,4.967642312,48.90780441,3.583455935,99.78705289,5.16691387,2.55495067,0.927885331,2.317676886,93.08437478,2.405361372,30.67804743,31.09172379,31.16041959
3027.5784,1598.325656,3209.438025,1863.147452,1921.728949,4.956989685,48.31206332,3.568999497,99.59832524,5.148091772,2.550563996,0.927275639,2.321165896,93.01611295,2.407079868,30.66619681,31.04158429,31.15025315
3027.7308,1597.39246,3207.563887,1862.045654,1920.603735,4.951322346,47.82951868,3.55883932,99.49980297,5.136520658,2.548931919,0.927492466,2.327746609,93.60532493,2.408765901,30.65629188,31.02444285,31.14521882
3027.8832,1592.568733,3197.877649,1856.409341,1914.801861,4.933132051,47.29416996,3.540519187,99.1483744,5.114299945,2.541123492,0.925281679,2.329284437,93.66404571,2.41070015,30.6454666,30.93175371,31.12928012
3028.0356,1597.486114,3207.751767,1862.129436,1920.714408,4.944122836,47.20846011,3.545091547,99.37506899,5.128049951,2.548930103,0.928303583,2.346659151,93.37139903,2.41257361,30.63384882,31.02827629,31.14262748
3028.188,1598.512048,3209.811952,1863.314207,1921.949232,4.942646578,47.07280817,3.541514386,99.34896496,5.131154341,2.550560873,0.928891058,2.358903263,93.07480984,2.414159907,30.62124429,31.04921396,31.14511874
3028.3404,1601.236462,3215.282742,1866.479322,1925.226908,4.946161542,47.04906022,3.542510738,99.41345541,5.141628443,2.554946699,0.930322579,2.374229715,93.18568529,2.415992991,30.61072724,31.10314321,31.15289926
3028.4928,1598.469114,3209.726107,1863.243197,1921.902009,4.932563718,46.91124785,3.532157339,99.12447952,5.136021518,2.55059932,0.928463751,2.38189422,93.16737378,2.418036507,30.6059904,31.05040202,31.145139
3028.6452,1603.142635,3219.110855,1868.681265,1927.524768,4.941418501,47.12705088,3.540140456,99.26850176,5.15859773,2.558190315,0.930618639,2.401870773,93.23639308,2.419974125,30.60241225,31.1422061,31.15987339
3028.7976,1602.094414,3217.006364,1867.450023,1926.268197,4.93258076,47.22114215,3.536197223,99.04487854,5.164258144,2.55668391,0.929351941,2.413713218,93.08421102,2.421563572,30.60101023,31.12285766,31.15839271
3028.95,1602.335006,3217.489846,1867.721212,1926.561466,4.927586872,47.40622759,3.536009004,98.88772233,5.175863571,2.557277131,0.928723856,2.427930453,93.09718987,2.423080004,30.60361015,31.12854885,31.16102578
3029.1024,1598.140918,3209.068543,1862.823464,1921.523184,4.908702008,47.5113899,3.526827313,98.45028264,5.174867942,2.550820654,0.925412259,2.435748499,92.95765956,2.424522762,30.60745461,31.04809633,31.15132517
3029.2548,1603.107261,3219.041548,1868.604232,1927.500397,4.917292305,48.02178056,3.539960334,98.56303682,5.207840174,2.559033602,0.927113245,2.458293809,92.95936275,2.425579565,30.60819482,31.14561765,31.16942143
3029.4072,1603.610561,3220.052812,1869.183176,1928.111897,4.911997551,48.44793519,3.544017015,98.39527366,5.227939669,2.560146812,0.926125145,2.474255978,93.71261945,2.426434057,30.60847062,31.15642584,31.17507646
3029.5596,1605.343982,3223.534188,1871.196068,1930.202559,4.910404805,48.94925488,3.551836541,98.29508799,5.25350581,2.563247311,0.925788748,2.492376316,93.62979974,2.427402091,30.6156776,31.19113241,31.18466242
3029.712,1601.287788,3215.39001,1866.460513,1925.332009,4.891081568,49.29827069,3.547842907,97.83552303,5.261208011,2.557110633,0.922092339,2.501683987,93.61527138,2.428201866,30.6214843,31.11335318,31.17790303
3029.8644,1604.575308,3221.992103,1870.285236,1929.291996,4.893883607,49.95579992,3.562491681,97.81902281,5.296051356,2.562708188,0.922501013,2.522767603,93.71159745,2.428724638,30.62932507,31.17826905,31.19333942
3030.0168,1602.264999,3217.35375,1867.585265,1926.521454,4.879574529,50.46524994,3.565658692,97.45734753,5.313400468,2.559370197,0.919663686,2.535166309,93.7022283,2.429113611,30.63545826,31.13441298,31.19293355
3030.1692,1601.51565,3215.849835,1866.704873,1925.628049,4.869895113,51.04926607,3.573282234,97.19068014,5.336854905,2.558526857,0.917699658,2.550047155,94.08757231,2.42940083,30.64487094,31.12089358,31.19734881
3030.3216,1596.754761,3206.290781,1861.148985,1919.911866,4.847742267,51.53154274,3.572687138,96.6878768,5.347725,2.551267455,0.91339865,2.558352749,94.02401787,2.429197095,30.65396838,31.02943208,31.1905644
3030.474,1601.602107,3216.025214,1866.793082,1925.74973,4.854241299,52.38676608,3.595454004,96.78467481,5.392798073,2.559329517,0.91450524,2.581563889,93.44716314,2.42907994,30.65997367,31.12469313,31.21260816
3030.6264,1602.437055,3217.702775,1867.76086,1926.763703,4.848374324,53.13354231,3.60986308,96.64708218,5.424985314,2.56096494,0.913288327,2.598071807,93.52836695,2.428574614,30.66472386,31.14197557,31.22337545
3030.7788,1604.832868,3222.514578,1870.548094,1929.654636,4.847172554,53.93614505,3.628571069,96.61107128,5.462761721,2.565065172,0.912989095,2.61693501,93.43372924,2.428193544,30.66902598,31.18958983,31.23885494
3030.9312,1601.630198,3216.084587,1866.809858,1925.813929,4.82906253,54.54509054,3.635324311,96.2455102,5.481584824,2.560183844,0.909555916,2.626498714,93.64660511,2.427880341,30.67422218,31.12840067,31.2385117
3031.0836,1605.772922,3224.404211,1871.633305,1930.80557,4.833034733,55.40461753,3.660363589,96.34466503,5.526079173,2.566969712,0.910375497,2.647380436,93.68634377,2.427570606,30.67946022,31.20997277,31.25991932
3031.236,1604.124201,3221.094554,1869.706354,1928.83328,4.819669471,56.05706993,3.672848074,96.10221862,5.550756127,2.564464048,0.907965568,2.658562288,93.77810148,2.427392046,30.68354697,31.17897656,31.26496299
3031.3884,1603.706331,3220.256442,1869.213872,1928.340782,4.810067362,56.73671324,3.688643849,95.94444934,5.579561685,2.563881037,0.906323837,2.671487368,93.72651728,2.427214386,30.68949291,31.17190519,31.27372505
3031.5408,1598.824518,3210.454697,1863.518314,1922.480705,4.787029264,57.24683836,3.694328283,95.5350845,5.592613006,2.556127353,0.902203772,2.67646116,93.67765078,2.427092086,30.69460148,31.07807293,31.26997942
3031.6932,1603.10754,3219.056045,1868.505014,1927.640978,4.791325236,58.05875772,3.721693387,95.71520432,5.637030651,2.562939631,0.903365373,2.69522935,94.18185753,2.426715162,30.7040253,31.16238961,31.29299767
3031.8456,1602.953382,3218.747491,1868.320007,1927.46579,4.782379499,58.69656186,3.738844009,95.64610307,5.665508173,2.562619788,0.902072474,2.705962659,94.30020971,2.425919696,30.71262927,31.16044725,31.30351275
3031.998,1604.0888,3221.028392,1869.637945,1928.841049,4.777383558,59.35071519,3.759177112,95.67036449,5.697883004,2.564300863,0.901602385,2.7183694,94.25267091,2.42509746,30.72360294,31.1835712,31.31780569
3032.1504,1599.499658,3211.814287,1864.283456,1923.33258,4.755428297,59.76213517,3.766254449,95.36785523,5.709223139,2.556781643,0.898010954,2.720612501,94.12497948,2.423959078,30.73031625,31.09541269,31.31596968
3032.3028,1602.356817,3217.5524,1867.607822,1926.777841,4.755726989,60.38377001,3.791028887,95.55335009,5.745226946,2.56105894,0.89881116,2.733849667,94.18545017,2.423009181,30.73703545,31.15201637,31.33551908
3032.4552,1599.71838,3212.255259,1864.526842,1923.614782,4.73981177,60.76725953,3.802954645,95.4264848,5.760746742,2.556498848,0.896625893,2.73715227,94.16712134,2.421806327,30.74116653,31.10177599,31.33953496
3032.6076,1598.780272,3210.372373,1863.427667,1922.49642,4.728976526,61.17473975,3.818807026,95.42244752,5.781252048,2.554587593,0.895505885,2.742588487,94.19897983,2.420606866,30.74646775,31.08459764,31.34837028
3032.76,1593.948505,3200.670959,1857.790424,1916.696342,4.706550924,61.40095807,3.824865534,95.20976975,5.786446956,2.546412841,0.892280159,2.740339445,94.24626404,2.419208866,30.752526,30.99172507,31.34611509
3032.9124,1598.866966,3210.548119,1863.517509,1922.621032,4.712905172,61.92221197,3.853129386,95.63599386,5.823915338,2.553732481,0.89470549,2.752362862,94.28612883,2.417928939,30.75776245,31.08843107,31.37137835
3033.0648,1599.890901,3212.605002,1864.705673,1923.862845,4.707783698,62.260284,3.871485876,95.85204565,5.845887374,2.55479169,0.895026076,2.756659983,94.38811743,2.416558034,30.76152181,31.10940566,31.38544971
3033.2172,1602.615009,3218.075833,1867.875493,1927.149152,4.707731601,62.6210136,3.893559235,96.19166248,5.872646014,2.558510324,0.896405247,2.763053043,94.41079383,2.415501396,30.76740692,31.1634358,31.40416793
3033.3696,1599.84279,3212.509933,1864.639163,1923.826006,4.69159386,62.72958946,3.901949212,96.21832706,5.878018122,2.553422158,0.894803278,2.759325331,94.38660278,2.414530916,30.77157643,31.11058871,31.40739779
3033.522,1604.518379,3221.899301,1870.083087,1929.458467,4.697494268,63.03743772,3.927199724,96.73784556,5.907380543,2.560167884,0.897585081,2.766466218,94.36953072,2.413628244,30.77656988,31.20256707,31.43117746
3033.6744,1603.467482,3219.789761,1868.852568,1928.204397,4.686776954,63.08160106,3.938167508,96.92654203,5.914505565,2.557742786,0.897263645,2.763187146,94.41021576,2.412828349,30.78003283,31.18317751,31.43888265
3033.8268,1603.706697,3220.270758,1869.125459,1928.501381,4.679949945,63.1322387,3.951745471,97.21005953,5.92505292,2.557337056,0.89776703,2.761487863,94.30071901,2.412068101,30.7844574,31.18887608,31.45006365
3033.9792,1599.507664,3211.839662,1864.22534,1923.461018,4.660214785,62.97280977,3.953438278,97.24068708,5.917868513,2.549845145,0.895850755,2.751369538,94.14842133,2.411163094,30.78982247,31.10826399,31.44869856
3034.1316,1604.477535,3221.819849,1870.011245,1929.446039,4.667354554,63.08876593,3.975207602,97.86970384,5.940853454,2.556979729,0.899218669,2.754806961,94.23488484,2.410148078,30.79819723,31.20597063,31.47217195
3034.284,1604.980795,3222.830987,1870.591203,1930.059456,4.661615732,62.99657847,3.984943219,98.24039564,5.945956015,2.556995926,0.900139744,2.749808991,94.44676611,2.408733657,30.80398727,31.21679613,31.48297394
3034.4364,1606.715395,3226.314659,1872.606044,1932.153206,4.659558213,62.92025645,3.99693676,98.69856274,5.954350249,2.558975065,0.901810458,2.746347373,94.48649465,2.40758344,30.80756538,31.25156634,31.49699252
3034.5888,1602.655538,3218.162946,1867.867253,1927.278491,4.640749545,62.59298521,3.993800392,98.80946501,5.940194777,2.551746037,0.900267462,2.732545907,94.38206086,2.406245922,30.8117042,31.17363278,31.49489422
3034.7412,1605.946089,3224.770965,1871.694819,1931.242396,4.643377088,62.48741998,4.00650619,99.39902025,5.949907637,2.556290329,0.902944099,2.729652906,94.39690014,2.404958614,30.81507651,31.23867078,31.51236891
3034.8936,1603.634148,3220.129057,1868.992665,1928.468729,4.629884973,62.13997769,4.004500006,99.65005513,5.93768879,2.551934767,0.902508388,2.716734495,94.34798419,2.403530756,30.81541498,31.19472612,31.51420067
3035.046,1602.884624,3218.624504,1868.111354,1927.573852,4.620924667,61.83136994,4.005379668,100.0061875,5.929994135,2.550091285,0.902971838,2.705875448,94.37544734,2.402537289,30.81772802,31.18117689,31.52002494
3035.1984,1598.120292,3209.058129,1862.550891,1921.851012,4.600352302,61.35169409,3.994838979,100.1186111,5.90617231,2.541899393,0.901165843,2.687530379,94.29076701,2.401612585,30.81835754,31.08953455,31.51429904
3035.3508,1602.972855,3218.802663,1868.198461,1927.692993,4.607519917,61.19902099,4.004829146,100.8475993,5.914551659,2.54913439,0.904770695,2.683645612,94.49214256,2.401041134,30.82120894,31.18497644,31.53390234
3035.5032,1603.809761,3220.483668,1869.166038,1928.705859,4.603182958,60.88041668,4.003446269,101.3283024,5.906843543,2.550035472,0.906094372,2.672352955,94.41504588,2.400469804,30.82061276,31.20228871,31.54192225
3035.6556,1606.20895,3225.301781,1871.954348,1931.597377,4.603329357,60.61731611,4.00491418,101.9088141,5.903900392,2.553495083,0.90827078,2.663222698,94.3457261,2.399878663,30.82083486,31.24999156,31.55387352
3035.808,1603.004881,3218.86845,1868.21223,1927.75037,4.587382928,60.14308496,3.991563232,102.132971,5.879647733,2.548125666,0.90724504,2.644546648,94.3654383,2.399395931,30.82097071,31.18868027,31.55021756
3035.9604,1607.15269,3227.197865,1873.038015,1932.744135,4.592512099,59.93436788,3.993774955,102.8220824,5.880160096,2.554636304,0.910306534,2.637205871,94.3107904,2.398757293,30.82013548,31.27040669,31.56576035
3036.1128,1605.504101,3223.887998,1871.108283,1930.766869,4.581116583,59.50816149,3.980868431,103.1379403,5.858764476,2.552011924,0.910062282,2.620184078,94.32063472,2.39830168,30.8182115,31.23934686,31.56521122
3036.2652,1605.087425,3223.051856,1870.614057,1930.270806,4.573231005,59.1333353,3.970155955,103.5273051,5.841268943,2.551438659,0.910468807,2.605051627,94.17738049,2.397626288,30.81743948,31.23225817,31.56772007
3036.4176,1600.20299,3213.244361,1864.912817,1924.401701,4.552599049,58.59806698,3.947296272,103.6213075,5.807000553,2.543837895,0.908290048,2.582543151,94.11427549,2.397142804,30.81605727,31.13824059,31.55749459
3036.57,1604.491423,3221.856203,1869.90168,1929.563617,4.55810533,58.40885716,3.943961035,104.2893741,5.804545525,2.551018271,0.911175815,2.574459379,94.19717701,2.396742889,30.81363122,31.22271685,31.57116973
3036.7224,1604.338895,3221.550498,1869.714905,1929.384608,4.551055916,58.06464732,3.928633971,104.6595259,5.785538981,2.551221089,0.911483008,2.559163982,94.01135334,2.395954173,30.81015041,31.2207671,31.57219157
3036.8748,1605.477033,3223.836507,1871.032171,1930.757547,4.547650556,57.78714806,3.915610265,105.1025086,5.771007165,2.553592939,0.912436762,2.546003996,94.09064615,2.395314125,30.80882371,31.24393218,31.57645077
3037.0272,1600.885607,3214.617441,1865.672038,1925.239943,4.527953042,57.32265336,3.88790268,105.1600754,5.735922644,2.546951739,0.910053783,2.523928383,93.84937953,2.394405617,30.8074338,31.15559938,31.5647439
3037.1796,1603.746874,3220.363599,1868.997214,1928.684942,4.529279428,57.1645188,3.875964511,105.6774027,5.727293281,2.552386521,0.911708511,2.513905221,93.84870309,2.393537074,30.80641628,31.21230895,31.57257057
3037.332,1601.107741,3215.064837,1865.912274,1925.515081,4.515049974,56.83076892,3.849999283,105.8209189,5.69896074,2.549165366,0.910150721,2.495390761,93.76972541,2.392385435,30.7938915,31.16196769,31.56496641
3037.4844,1600.170355,3213.183243,1864.810631,1924.391988,4.505553047,56.58718872,3.827297756,106.0615991,5.676748194,2.548758109,0.909445098,2.479698186,93.70093266,2.391582627,30.78327384,31.14475242,31.56162899
3037.6368,1595.335882,3203.47619,1859.167595,1918.582645,4.485031062,56.22899669,3.794348357,106.0275014,5.640859647,2.542196549,0.90642327,2.458154092,93.5779208,2.390971406,30.77664876,31.05169643,31.54686
3037.7892,1600.260012,3213.364657,1864.897415,1924.509819,4.491933192,56.26490499,3.782391403,106.5986723,5.640012808,2.55131791,0.908720173,2.45233522,93.74142805,2.390278577,30.7739559,31.14858586,31.55786506
3037.9416,1601.286197,3215.425938,1866.084979,1925.749559,4.487924822,56.1869331,3.760369283,106.8923406,5.625599474,2.554280955,0.908705916,2.44077389,93.64961783,2.389557195,30.76806199,31.16959736,31.55749903
3038.094,1604.013963,3220.904061,1869.255703,1929.035892,4.488635046,56.20122001,3.741706135,107.282164,5.617617611,2.5600488,0.90954215,2.4321506,93.66039859,2.389237525,30.76583293,31.22372838,31.56151539
3038.2464,1601.240511,3215.335611,1866.015605,1925.706447,4.473863626,56.04862066,3.709766004,107.290063,5.59100211,2.55710206,0.907168764,2.415600941,93.77766352,2.389113837,30.76231612,31.17077539,31.55005675
3038.3988,1605.921128,3224.735166,1871.462369,1931.341811,4.479838989,56.21223935,3.69399193,107.7558765,5.592065981,2.566169486,0.908820025,2.41153419,93.75149582,2.388905433,30.7593976,31.26292805,31.55857964
3038.5512,1604.870152,3222.625545,1870.229829,1930.084074,4.46978797,56.19898192,3.664742577,107.8229946,5.573737624,2.566148642,0.907150733,2.3993104,93.64566513,2.388841679,30.76477159,31.24349735,31.55103425
3038.7036,1605.110287,3223.108536,1870.501903,1930.379126,4.463270635,56.25865945,3.638260774,107.9603369,5.560590799,2.568253024,0.906128764,2.389530584,93.59373907,2.388838789,30.77050939,31.24920332,31.54683456
3038.856,1600.908158,3214.671322,1865.597297,1925.331931,4.444378133,56.18091887,3.601641426,107.7817178,5.532806723,2.563242431,0.902546093,2.373697282,93.51200028,2.389024593,30.77781328,31.16843165,31.52982147
3039.0084,1605.882648,3224.660993,1871.386923,1931.32158,4.451008516,56.46855139,3.5854727,108.1739734,5.539046896,2.572875875,0.904006954,2.373096079,93.765634,2.38883838,30.7844454,31.26632361,31.53763909
3039.1608,1606.386505,3225.673487,1871.96689,1931.934656,4.445305818,56.61459126,3.559344549,108.2472932,5.530680621,2.575337154,0.902910007,2.36649937,93.65868576,2.388442154,30.7886269,31.27716643,31.53266053
3039.3132,1608.122661,3229.160488,1873.982902,1934.029739,4.442985524,56.82234346,3.536038337,108.3889681,5.527621539,2.57978577,0.902460316,2.362359585,93.69534897,2.388167945,30.786004,31.31200027,31.5310317
3039.4656,1604.059171,3221.001633,1869.24042,1929.149825,4.424575118,56.83775626,3.500126072,108.1287911,5.505786057,2.574919583,0.898726503,2.350330576,93.45225626,2.387874507,30.78421371,31.23391238,31.51308935
3039.618,1607.352205,3227.614892,1873.070942,1933.117867,4.426438019,57.14644373,3.480814802,108.3280937,5.512295068,2.581754629,0.899039602,2.35087696,93.67548573,2.387484147,30.7841891,31.29907251,31.51558358
3039.7704,1605.037739,3222.968113,1870.367041,1930.34201,4.412838596,57.27000493,3.449560404,108.137507,5.500736163,2.579569162,0.896183458,2.343843679,92.19264741,2.387064705,30.7905452,31.25503927,31.50226158
3039.9228,1604.28694,3221.461218,1869.485453,1929.447047,4.403513782,57.46303898,3.422039505,108.039747,5.495791021,2.579846934,0.89417534,2.339726929,92.2760377,2.386881802,30.79832314,31.24146021,31.49324445
3040.0752,1599.517696,3211.885097,1863.921449,1923.719795,4.383192316,57.52070325,3.38654795,107.6577467,5.478237283,2.573546302,0.889923235,2.330361919,92.37875117,2.386567826,30.79971558,31.14963703,31.47248775
3040.2276,1604.37342,3221.636111,1869.574193,1929.569579,4.389420937,57.93983393,3.373075011,107.8876182,5.496864367,2.582421239,0.891035902,2.336863598,92.36847736,2.386362869,30.80282959,31.24525975,31.4788406
3040.38,1605.209873,3223.31624,1870.543657,1930.585873,4.384769819,58.21870364,3.351801798,107.8334709,5.502915355,2.584704595,0.889923771,2.338181201,92.53997063,2.385862009,30.81227441,31.26260186,31.4735989
3040.5324,1607.609885,3228.136019,1873.335329,1933.482926,4.384421185,58.55310853,3.334332671,107.8761978,5.515703577,2.589393035,0.889698498,2.34245703,92.47297911,2.385968545,30.82372474,31.31039329,31.47289445
3040.6848,1604.401666,3221.694264,1869.591878,1929.635139,4.368756763,58.67860232,3.305724082,107.538002,5.510541752,2.584939112,0.88639691,2.33918017,92.56976808,2.386019568,30.83571714,31.24895988,31.45625544
3040.8372,1608.551444,3230.027544,1874.423066,1934.637624,4.37322068,59.06446476,3.294142639,107.6744969,5.533946323,2.592004705,0.887243895,2.348388331,92.33024625,2.386219585,30.84814618,31.33084062,31.46095029
3040.9896,1606.899685,3226.711129,1872.493865,1932.66252,4.361914089,59.23209736,3.271189164,107.4183295,5.538642177,2.589623178,0.884920331,2.34978279,92.65584655,2.386530093,30.85861175,31.29971716,31.44919444
3041.142,1606.480804,3225.87035,1872.001392,1932.170412,4.353961078,59.43429327,3.251446379,107.2421481,5.548798332,2.589085492,0.883327012,2.353609531,92.33655866,2.386698774,30.87149373,31.29261115,31.44111119
3041.2944,1601.590159,3216.050053,1866.298243,1926.300393,4.3339458,59.46111697,3.223691173,106.763994,5.544356098,2.58116296,0.879336349,2.35138317,92.42365698,2.386634494,30.88146567,31.19840825,31.42002053
3041.4468,1605.880039,3224.664411,1871.293623,1931.473281,4.33905549,59.80386127,3.217407772,106.885578,5.574175189,2.587563818,0.880555308,2.364065016,92.05453598,2.386561302,30.88990206,31.28304409,31.42574003
3041.5992,1605.725012,3224.353178,1871.109687,1931.300319,4.332297685,59.96774363,3.203325233,106.7075063,5.589447891,2.586623873,0.879410726,2.370759174,91.31104752,2.386214502,30.8974594,31.28108694,31.41866565
3041.7516,1606.861704,3226.635722,1872.431045,1932.681119,4.329103637,60.15642771,3.192689239,106.616798,5.610299849,2.587583252,0.879065665,2.37992845,91.55472658,2.386055957,30.90457241,31.30429316,31.41560279
3041.904,1602.263842,3217.403052,1867.070114,1927.164723,4.310488554,60.1088988,3.171444393,106.1487768,5.612038952,2.579152382,0.875668747,2.381041314,91.31859465,2.385723894,30.91181772,31.21578606,31.39602543
3042.0564,1605.124929,3223.14809,1870.401326,1930.620549,4.312177464,60.29835966,3.167786675,106.1772656,5.642054453,2.582283851,0.876562501,2.394309381,91.60402597,2.385875146,30.9203285,31.27260154,31.39883118
3042.2088,1602.480865,3217.83855,1867.317683,1927.455033,4.299166968,60.26117534,3.15411301,105.8439134,5.653702344,2.576403361,0.87453185,2.399818685,91.97328905,2.385600265,30.91841405,31.22215939,31.38581287
3042.3612,1601.539991,3215.949013,1866.218924,1926.338522,4.290849179,60.26382038,3.14482264,105.6276182,5.672202431,2.573062211,0.873529107,2.408228727,91.88055888,2.385701615,30.91777783,31.20490721,31.37805552
3042.5136,1596.698663,3206.227126,1860.575454,1920.531235,4.272254867,60.10436381,3.129272096,105.1574396,5.677135266,2.563254966,0.870488113,2.410842913,91.84126166,2.385839464,30.91445333,31.11166779,31.35881285
3042.666,1601.624167,3216.117163,1866.313755,1926.472974,4.280247806,60.27420261,3.136625493,105.3384292,5.717381466,2.568646298,0.873009211,2.428468174,92.20325449,2.386196253,30.91861596,31.20874064,31.36897332
3042.8184,1602.648389,3218.173198,1867.506437,1927.72266,4.278057969,60.28076275,3.137781903,105.2655773,5.743959729,2.56759195,0.873498677,2.440290954,92.04007867,2.386366475,30.91516531,31.22978906,31.36779088
3042.9708,1605.375655,3223.648941,1870.683849,1931.021137,4.280574007,60.32494977,3.143359239,105.311289,5.777082977,2.569080721,0.875025247,2.454870907,92.22508888,2.386805477,30.91372437,31.28402097,31.37196574
3043.1232,1602.597045,3218.068658,1867.445583,1927.697102,4.268482884,60.14031117,3.139057172,105.0032559,5.790594415,2.56162001,0.873643844,2.461064249,92.05156924,2.38715642,30.91460525,31.23096208,31.360068
3043.2756,1607.278791,3227.468897,1872.901001,1933.347457,4.276534282,60.19103686,3.152337733,105.2020807,5.830953372,2.565732079,0.876561961,2.478580035,92.10310277,2.387488646,30.91587377,31.32328902,31.37085184
3043.428,1606.224095,3225.350146,1871.672032,1932.097654,4.269380862,60.00558757,3.155175807,105.0328429,5.850774635,2.560562757,0.876439059,2.48735701,92.47802025,2.387914369,30.91663606,31.30381719,31.36493679
3043.5804,1606.461591,3225.82612,1871.948904,1932.402393,4.265713801,59.84673803,3.161399293,104.9575689,5.875282683,2.557315234,0.877108857,2.498096065,91.68357791,2.388474958,30.91905175,31.30953056,31.36307205
3043.7328,1602.253055,3217.374258,1867.045171,1927.359447,4.250315205,59.5134526,3.15994956,104.6008118,5.882774317,2.546882153,0.875413305,2.501531802,90.52856025,2.389221795,30.92225508,31.22859931,31.34799824
3043.8852,1607.228831,3227.364621,1872.844096,1933.365203,4.259612426,59.50006597,3.179816571,104.8660957,5.921751002,2.550801863,0.878915414,2.51816657,91.98703385,2.389557226,30.9247907,31.32667659,31.3605327
3044.0376,1607.730211,3228.370208,1873.429361,1933.988809,4.257182135,59.31196983,3.191953088,104.8474655,5.943458903,2.547530533,0.880037188,2.527438574,92.04735605,2.389854111,30.92713054,31.33753673,31.3598506
3044.19,1609.464926,3231.852343,1875.451821,1936.096051,4.258075408,59.15362255,3.207372996,104.9185014,5.969085539,2.546133048,0.8819103,2.538352171,92.29489248,2.390071289,30.93154168,31.37243419,31.36294377
3044.3424,1605.395171,3223.678921,1870.710495,1931.220846,4.243622845,58.7701941,3.211909715,104.6201193,5.972371673,2.535509279,0.880665585,2.539704074,92.10064487,2.390216104,30.93649075,31.29419198,31.34875893
3044.4948,1608.688154,3230.29,1874.548869,1935.202965,4.248846305,58.63940182,3.233542698,104.8260839,6.000133432,2.536430212,0.88360807,2.55118477,92.11421854,2.390258057,30.94759691,31.35947424,31.35666488
3044.6472,1606.369023,3225.631787,1871.847626,1932.433817,4.239319718,58.29256581,3.244613784,104.6748119,6.006199228,2.528469651,0.883531638,2.55336682,91.86119964,2.390023473,30.9553259,31.31535241,31.34790994
3044.7996,1605.614918,3224.116157,1870.970081,1931.547465,4.23400444,57.99693654,3.25957111,104.6346562,6.016941129,2.522959153,0.884363185,2.557404731,91.78857146,2.390142601,30.96163515,31.30174352,31.34382205
3044.952,1600.83911,3214.524782,1865.406325,1925.823386,4.21821061,57.56419253,3.267143828,104.3416045,6.010790966,2.511156363,0.882989729,2.55405222,91.40051072,2.390166368,30.96573516,31.20973951,31.32749088
3045.1044,1605.696392,3224.27677,1871.068053,1931.688547,4.228133642,57.49904615,3.296516005,104.7014626,6.035868876,2.514572571,0.886966386,2.563469675,92.06289935,2.390257116,30.97195233,31.30554307,31.34000969
3045.2568,1606.531173,3225.951434,1872.042651,1932.714671,4.227646804,57.29894036,3.318468839,104.807151,6.043980712,2.511741882,0.8887338,2.56550379,92.82401377,2.38997335,30.97840169,31.322915,31.340385
3045.4092,1608.930873,3230.768476,1874.840819,1935.623405,4.23136303,57.16107718,3.344326316,105.0222152,6.056233265,2.511426092,0.891385794,2.569141401,92.97043812,2.389936693,30.99180009,31.37079502,31.34535613
3045.5616,1605.717791,3224.314929,1871.098532,1931.779648,4.220330973,56.83109054,3.358979024,104.8778384,6.045682896,2.502426354,0.890937292,2.562950184,93.02776978,2.389741603,31.00205485,31.30923948,31.33326264
3045.714,1609.868906,3232.648826,1875.937549,1936.795466,4.228761654,56.79017109,3.390221283,105.2363737,6.057842342,2.505149381,0.894567321,2.565916272,92.81062513,2.389747642,31.01398555,31.39127455,31.34296793
3045.8664,1608.21378,3229.323694,1874.010638,1934.825747,4.221933626,56.55033608,3.409663741,105.2224621,6.046612426,2.498923309,0.894983789,2.558839139,92.82819884,2.389778521,31.02384979,31.36008745,31.33508653
3046.0188,1607.792586,3228.476333,1873.521529,1934.340492,4.21830827,56.36921041,3.432053026,105.2962697,6.038089667,2.494743947,0.896070955,2.552716593,92.16067233,2.389511811,31.03705143,31.35296413,31.33069148
3046.1712,1602.896024,3218.642343,1867.817417,1928.471088,4.202915061,56.05685167,3.444969794,105.0844975,6.010554526,2.483777272,0.894603583,2.538299038,91.63316869,2.389171297,31.04480333,31.25857591,31.31242786
3046.3236,1607.187662,3227.258387,1872.820204,1933.656325,4.211707459,56.13031968,3.477822418,105.4953646,6.011443662,2.487481871,0.898113371,2.535268357,91.9177814,2.38854793,31.04320486,31.34337132,31.32148114
3046.476,1607.030834,3226.941844,1872.639327,1933.48942,4.208876957,56.07397515,3.501152312,105.6209725,5.993463062,2.484477319,0.899080007,2.524077433,92.36809016,2.387751159,31.03996888,31.34140678,31.31683797
3046.6284,1608.166823,3229.22132,1873.964862,1934.877805,4.209416042,56.08774142,3.527412187,105.8364278,5.978027251,2.483657172,0.900720493,2.51380269,92.01638788,2.386804973,31.03496361,31.36465413,31.31579417
3046.7808,1603.563636,3219.976475,1868.602551,1929.360975,4.194884185,55.92351513,3.540989771,105.6784227,5.939247078,2.474132758,0.899093444,2.493584103,91.95288293,2.385994477,31.03004979,31.27597275,31.29684995
3046.9332,1606.425638,3225.721853,1871.93916,1932.825851,4.199902315,56.08426085,3.570438179,106.0259792,5.922596732,2.476604143,0.901473275,2.482183924,92.08227242,2.385261036,31.0253991,31.33289412,31.29991682
3047.0856,1603.778107,3220.404049,1868.855494,1929.66151,4.190551073,56.07260632,3.587566639,106.0137633,5.883682209,2.47075717,0.9007166,2.46132326,92.2695826,2.38414143,31.02886508,31.28235109,31.28582512
3047.238,1602.835252,3218.509268,1867.75815,1928.548097,4.185707351,56.14959205,3.608283842,106.1170905,5.848814725,2.467764836,0.900842505,2.441952322,92.50073816,2.383032845,31.04024859,31.26506199,31.27658268
3047.3904,1597.988915,3208.776244,1862.112122,1922.738059,4.170746955,56.12441648,3.61953027,105.964745,5.797710773,2.459001831,0.898656744,2.415536672,92.86971709,2.381839002,31.04667879,31.17163915,31.25492367
3047.5428,1602.917579,3218.671515,1867.856756,1928.689496,4.181417884,56.52852165,3.65089955,106.469041,5.777044136,2.465883368,0.901660595,2.401198887,93.52497187,2.380654843,31.04596025,31.26889542,31.26290237
3047.6952,1603.941947,3220.726931,1869.051774,1929.942982,4.182027629,56.8276768,3.672679008,106.7161143,5.740391487,2.467006119,0.902355887,2.380006957,93.49917673,2.379403101,31.04354629,31.28998076,31.25861728
3047.8476,1606.670826,3226.205035,1872.232986,1933.247244,4.187132027,57.21902362,3.697795724,107.0773701,5.707846935,2.470981595,0.903910221,2.360369065,93.36099551,2.37808502,31.05004604,31.34431355,31.25926722
3048,1603.889429,3220.618493,1868.993106,1929.921157,4.177848674,57.44087321,3.709508296,107.0719012,5.654145106,2.466653998,0.902266942,2.331894296,93.70802985,2.37681007,31.05884242,31.29114877,31.24239615
3048.1524,1608.574547,3230.024802,1874.453808,1935.579201,4.187915975,58.00352837,3.735958048,107.567451,5.623084656,2.474301364,0.904525942,2.312412514,94.01417317,2.375500509,31.06235849,31.38365,31.24789216
3048.3048,1607.518629,3227.903117,1873.224497,1934.328956,4.182971038,58.38221246,3.748415238,107.6800263,5.570524849,2.473286205,0.903474301,2.283996404,93.41139516,2.374166094,31.0627695,31.36413703,31.23519366
3048.4572,1607.755975,3228.378345,1873.50218,1934.63486,4.181293893,58.83555375,3.763060065,107.8792909,5.521147049,2.474454792,0.903047181,2.256707756,92.545091,2.373092597,31.0618106,31.36985779,31.22613091
3048.6096,1603.543753,3219.91884,1868.594846,1929.586683,4.167939978,59.15447663,3.765981575,107.7793923,5.455849818,2.46896228,0.899987678,2.222686404,92.05339019,2.37192639,31.06038782,31.28876697,31.20286745
3048.762,1608.523381,3229.916623,1874.398733,1935.599362,4.178317024,59.88515732,3.78663819,108.2941793,5.420400311,2.47810379,0.901718604,2.200408581,92.30940532,2.37024977,31.05812674,31.38702958,31.20804474
3048.9144,1609.025051,3230.922685,1874.984525,1936.22347,4.1769872,60.47520304,3.795424129,108.5064763,5.369371229,2.480529184,0.900811266,2.171640584,92.78233406,2.368511125,31.05225907,31.39790703,31.1990616
3049.0668,1610.761034,3234.407276,1877.008683,1938.332905,4.178737784,61.13667043,3.80594978,108.8005086,5.321849327,2.484996689,0.900476405,2.144196127,92.89552801,2.366978593,31.04764023,31.43286812,31.19362029
3049.2192,1606.687832,3226.227039,1872.263471,1933.451913,4.165276696,61.59882455,3.801532755,108.7001774,5.254811707,2.480586078,0.896779102,2.108871822,93.18178497,2.365531878,31.04249826,31.35447158,31.1694114
3049.3716,1609.983309,3232.843139,1876.104976,1937.438324,4.170703247,62.3973836,3.810572588,109.0900501,5.211960521,2.487835522,0.896859414,2.08320906,93.22674318,2.363897632,31.03478014,31.41987597,31.16794582
3049.524,1607.662145,3228.181053,1873.401422,1934.66566,4.161514346,62.9960078,3.805126142,109.0963392,5.150799994,2.486495664,0.893707395,2.05024177,93.27558036,2.362177065,31.02613497,31.37566556,31.14834759
3049.6764,1606.907274,3226.664086,1872.523043,1933.777906,4.156329778,63.67231241,3.801982367,109.2043604,5.095077249,2.487664332,0.89131426,2.019412586,93.48312978,2.360741584,31.01583483,31.36202683,31.13346042
3049.8288,1602.127519,3217.065161,1866.954453,1928.046624,4.1407363,64.20126552,3.787605011,109.0322869,5.027949814,2.482687258,0.886570494,1.984005966,93.07377865,2.359098779,31.00214488,31.26984199,31.10566511
3049.9812,1606.98871,3226.825222,1872.620448,1933.917577,4.14999328,65.14747039,3.791167059,109.4995707,4.99456189,2.492851285,0.886835472,1.961969925,93.11390902,2.357531287,30.99677282,31.36582638,31.10926028
3050.1336,1607.824221,3228.501743,1873.595321,1934.943712,4.148891606,65.93907597,3.78344001,109.685664,4.95014141,2.496844543,0.884765684,1.935651596,92.93294009,2.355841453,30.99005831,31.38322815,31.10013517
3050.286,1610.225887,3233.323093,1876.3953,1937.854707,4.151786079,66.80316671,3.777658627,109.9730204,4.911710303,2.503275723,0.883442958,1.911828512,93.68839655,2.354629515,30.99330327,31.43119675,31.0959868
3050.4384,1607.010199,3226.864824,1872.64948,1934.005625,4.140102415,67.44121506,3.757115427,109.8718785,4.857223475,2.500943262,0.878932614,1.881939589,93.72499851,2.353213418,30.99086958,31.36951908,31.07346545
3050.5908,1611.164566,3235.205572,1877.492164,1939.026585,4.147186822,68.40086214,3.749302113,110.2583995,4.829042775,2.510048576,0.878180848,1.862712751,93.43782634,2.351939714,30.99371242,31.45170848,31.07491328
3050.7432,1609.507951,3231.877921,1875.563413,1937.054201,4.139186238,69.11844186,3.726377911,110.2429153,4.784441171,2.510063904,0.874163378,1.83739315,93.45133827,2.350970478,30.99650669,31.42045775,31.05729997
3050.8956,1609.086198,3231.029856,1875.073756,1936.568233,4.134221431,69.88787034,3.704547073,110.3067229,4.745185347,2.511934287,0.870721823,1.81438832,93.28829192,2.350072356,30.99768121,31.41331712,31.0435783
3051.048,1604.185471,3221.188048,1869.364783,1930.691954,4.117649602,70.4539436,3.670765037,110.0562026,4.695323291,2.506754524,0.864791304,1.787503286,92.96613114,2.349117352,30.99855089,31.31874357,31.01541555
3051.2004,1608.480347,3229.81091,1874.371565,1935.883082,4.124550444,71.4007455,3.653769436,110.4145039,4.679599507,2.515805334,0.863650359,1.774195896,92.79345383,2.348061214,30.99950006,31.40369856,31.01868447
3051.3528,1608.323174,3229.494111,1874.190402,1935.71596,4.119972367,72.13906207,3.625010448,110.4596409,4.653609083,2.517829049,0.860058635,1.757268055,93.40693673,2.346872963,30.99953568,31.40172662,31.00776578
3051.5052,1609.459782,3231.775198,1875.517031,1937.106231,4.11859967,72.92772684,3.597472675,110.5878069,4.633639215,2.521751267,0.857080203,1.742988028,93.35346855,2.345995358,31.00080574,31.42501511,31.00124246
3051.6576,1604.852517,3222.522639,1870.150417,1931.583667,4.102414952,73.45037659,3.555810003,110.3162352,4.599129579,2.516547824,0.850980648,1.723531348,93.42861034,2.345368016,30.99755983,31.33615944,30.97571114
3051.81,1607.716351,3228.271923,1873.490098,1935.053571,4.105225371,74.28317931,3.527534836,110.5382324,4.592995098,2.522770986,0.848742868,1.71550426,93.53725629,2.345071064,30.99373163,31.39318671,30.97600198
3051.9624,1605.066165,3222.94912,1870.404295,1931.886878,4.093934024,74.85249775,3.485928923,110.3746128,4.573270935,2.520213586,0.843542446,1.702807222,93.7589201,2.344723497,30.9890589,31.34254279,30.95809494
3052.1148,1604.121994,3221.051951,1869.306532,1930.773655,4.087038585,75.48339185,3.446789581,110.3200254,4.561370328,2.520167856,0.839208183,1.693519321,93.36891118,2.344578222,30.98553174,31.32521678,30.94626607
3052.2672,1599.271268,3211.310462,1863.656249,1924.958244,4.070331816,75.90043676,3.398615014,109.9861273,4.542204369,2.51384691,0.832868923,1.681896736,93.20848571,2.344521774,30.97708473,31.23161051,30.92219203
3052.4196,1604.203488,3221.21295,1869.405971,1930.917685,4.078752958,76.70570483,3.369720929,110.2986969,4.56050096,2.522564045,0.831733881,1.684985632,93.43375133,2.344722013,30.96680408,31.32905021,30.93363009
3052.572,1605.228336,3223.269502,1870.602244,1932.173624,4.077405531,77.29255747,3.332038204,110.3318869,4.571498783,2.525001429,0.82862035,1.685800833,94.02937887,2.344771742,30.95587167,31.35017246,30.93295789
3052.7244,1607.959038,3228.75136,1873.786423,1935.482865,4.080459757,77.93866999,3.297165537,110.474473,4.590432213,2.529948413,0.82639759,1.689984691,94.00424186,2.345257523,30.94654493,31.40460614,30.93867736
3052.8768,1605.175009,3223.159718,1870.54427,1932.154279,4.069521087,78.30012826,3.250669455,110.2326111,4.596040378,2.526072982,0.821360441,1.68949383,93.99346062,2.345981495,30.94409694,31.35133545,30.9263029
3053.0292,1609.863453,3232.572626,1876.010016,1937.820429,4.077574591,78.9599727,3.219095481,110.4861327,4.630540901,2.533590256,0.820295656,1.700202251,94.16839719,2.346957324,30.94478339,31.44401098,30.94096146
3053.1816,1608.806194,3230.448268,1874.78032,1936.570567,4.071018354,79.3217141,3.175611226,110.3406002,4.650623444,2.531915877,0.816315274,1.705897922,94.01510738,2.348000507,30.93686007,31.42445688,30.93660853
3053.334,1609.043196,3230.922741,1875.05896,1936.878854,4.067700673,79.72327894,3.134423224,110.2785887,4.676927024,2.53210542,0.813031648,1.714205134,93.96446322,2.349478093,30.928627,31.43018503,30.93710387
3053.4864,1604.827117,3222.455522,1870.148221,1931.826714,4.053177475,79.86651158,3.085084649,109.9049248,4.693278533,2.52514801,0.807622722,1.719050147,93.80185438,2.350787028,30.92197845,31.34893463,30.92352215
3053.6388,1609.810399,3232.460409,1875.957432,1937.847836,4.062131092,80.36447273,3.055588711,110.1432483,4.744671937,2.532328217,0.807228265,1.737095127,93.95580125,2.351925514,30.91565311,31.44738256,30.94384308
3053.7912,1610.312181,3233.466563,1876.544165,1938.474018,4.059829313,80.60098405,3.018235433,110.0687793,4.785717507,2.532330499,0.804720189,1.751543906,93.88403858,2.353067285,30.90736335,31.45827732,30.94998765
3053.9436,1612.049246,3236.953126,1878.570508,1940.587349,4.060601419,80.87450447,2.983779696,110.0751747,4.832556734,2.534148277,0.802921898,1.768198744,94.00019807,2.354507765,30.90810771,31.49330205,30.96089416
3054.096,1607.972463,3228.765619,1873.821887,1935.702191,4.046678475,80.83689889,2.939473681,109.6826919,4.863562078,2.526734967,0.798325565,1.77895108,94.29654756,2.356210567,30.9124448,31.41475119,30.95279293
3054.2484,1611.270351,3235.386251,1877.667026,1939.694462,4.051494096,81.08874617,2.912272996,109.7837071,4.922388965,2.530661836,0.79779872,1.799707337,94.03011766,2.357744623,30.92025128,31.4802777,30.97173247
3054.4008,1608.9471,3230.719786,1874.96168,1936.919827,4.042200118,81.03666831,2.875989457,109.4992375,4.965632464,2.525666245,0.794599062,1.814741884,93.77169175,2.359597017,30.93260431,31.4359787,30.97234511
3054.5532,1608.191439,3229.200992,1874.082973,1936.032155,4.03695439,81.03536713,2.844130969,109.3184685,5.015452775,2.52304274,0.792333061,1.832143628,93.55344621,2.361363218,30.94547523,31.42231015,30.97902242
3054.7056,1603.407828,3219.594206,1868.509935,1930.294797,4.021875861,80.78717763,2.807539665,108.8597767,5.054728256,2.514032388,0.788329353,1.845656234,93.40208109,2.362905176,30.95337323,31.32994446,30.97335896
3054.858,1608.273216,3229.362363,1874.180347,1936.172004,4.031622536,80.9107498,2.79430826,109.047165,5.12945405,2.519995263,0.789730708,1.871791009,93.52082392,2.364465383,30.9592775,31.42610969,31.00321752
3055.0104,1609.109848,3231.040928,1875.155524,1937.198258,4.031556051,80.78832308,2.776650706,108.9575399,5.193192072,2.519596689,0.789411541,1.893838942,93.47688285,2.365872852,30.95870537,31.44354129,31.02060592
3055.1628,1611.513969,3235.866973,1877.957206,1940.111262,4.035554703,80.71764452,2.76420396,108.9728108,5.263159209,2.52164304,0.790072971,1.917785171,94.02784805,2.367551817,30.96762556,31.49159848,31.04399322
3055.3152,1608.296306,3229.404662,1874.207543,1936.256068,4.025544822,80.34563796,2.744425027,108.6083128,5.315448216,2.514903816,0.788160664,1.934795708,94.03902263,2.369080768,30.97845641,31.42979868,31.04930437
3055.4676,1612.454845,3237.753548,1879.053166,1941.280321,4.034349545,80.26517098,2.74396387,108.7424218,5.394145698,2.51969094,0.790446412,1.960367739,93.72177545,2.370439069,31.00197004,31.51214241,31.081101
3055.62,1610.797781,3234.424909,1877.121676,1939.302958,4.028616322,79.87864995,2.735813954,108.4855848,5.453865094,2.515402199,0.790050271,1.978512048,93.86298192,2.372060824,31.0256898,31.48082805,31.09404855
3055.7724,1610.376646,3233.577983,1876.630353,1938.813417,4.026039045,79.53328298,2.732521356,108.3139656,5.518017953,2.513084951,0.790471391,1.997621172,93.44120318,2.373613229,31.04859482,31.4736701,31.11163425
3055.9248,1605.473101,3223.730562,1870.915147,1932.926739,4.012459409,78.93387248,2.724601592,107.8425239,5.566925626,2.50380616,0.788948663,2.010776384,93.14761445,2.375008107,31.07041892,31.37891123,31.11516936
3056.0772,1609.772965,3232.363323,1875.923949,1938.11873,4.02252995,78.69378556,2.740361104,107.9938333,5.647827114,2.508960908,0.79265517,2.034522413,93.03142709,2.376054684,31.0915576,31.46402579,31.15094818
3056.2296,1609.617349,3232.049686,1875.740287,1937.945737,4.021676531,78.20308369,2.751567114,107.848334,5.713010898,2.507217796,0.79442985,2.052175588,93.11234534,2.376765669,31.11202322,31.46204647,31.17259248
3056.382,1610.756675,3234.336264,1877.065477,1939.331464,4.024160581,77.75529586,2.768014651,107.7932992,5.782323415,2.507592711,0.797075009,2.070546385,93.3854257,2.377608436,31.13210607,31.48537608,31.19888816
3056.5344,1606.147603,3225.080297,1871.691733,1933.796012,4.012348377,77.01510917,2.777038673,107.357573,5.830288504,2.49911149,0.797059989,2.080606332,93.4204309,2.378458131,31.15222454,31.39634612,31.2068536
3056.6868,1609.016023,3230.838896,1875.030908,1937.261987,4.019711139,76.57391671,2.806145611,107.4318418,5.90318342,2.502458998,0.801327835,2.098327195,93.57750104,2.379362323,31.17206383,31.45347929,31.24023685
3056.8392,1606.366075,3225.516857,1871.939145,1934.083381,4.013430028,75.85475819,2.828239069,107.1419739,5.954954218,2.497319771,0.803041351,2.107927904,93.50693986,2.379902416,31.17758639,31.40273448,31.25604931
3056.9916,1605.423694,3223.623573,1870.836791,1932.959953,4.011683508,75.19802761,2.856495056,106.9712307,6.011769527,2.49496746,0.805841991,2.118642504,93.38870654,2.380484693,31.18494865,31.38537156,31.27779547
3057.144,1600.57181,3213.880209,1865.177853,1927.128224,4.000600573,74.33224054,2.880716216,106.544899,6.052243369,2.486637175,0.806916835,2.123371424,93.26837876,2.381122151,31.19420367,31.29158187,31.28733432
3057.2964,1605.511323,3223.797664,1870.927478,1933.082843,4.014916374,73.8577288,2.929571273,106.7836296,6.125073333,2.49374132,0.813499086,2.138934674,93.44123127,2.381973923,31.21442577,31.38920499,31.32894375
3057.4488,1606.540477,3225.86334,1872.119645,1934.32798,4.019868019,73.17876791,2.974129978,106.7673798,6.181114924,2.494871965,0.818329413,2.14844102,93.38725877,2.382554718,31.22373013,31.41036416,31.35802692
3057.6012,1609.277047,3231.35747,1875.301071,1937.628095,4.029350141,72.56276913,3.024498066,106.8702155,6.241912693,2.498795814,0.824226361,2.159066276,93.5802672,2.383101015,31.23643383,31.46489872,31.39251292
3057.7536,1606.494491,3225.769455,1872.050772,1934.282563,4.025159235,71.6892734,3.066241589,106.6113791,6.279572371,2.494260449,0.827424126,2.161305355,93.78361643,2.383874312,31.25068552,31.41152214,31.4095236
3057.906,1611.190879,3235.198895,1877.514878,1939.940472,4.04018922,71.12332181,3.126671801,106.8633305,6.340977208,2.501578732,0.834802285,2.171131727,93.79228605,2.384756004,31.2668614,31.50437195,31.4496846
3058.0584,1610.136907,3233.081891,1876.278039,1938.674479,4.040857613,70.29947885,3.177625682,106.7392319,6.378056264,2.500077599,0.839312834,2.172124227,93.5405795,2.385390214,31.27757617,31.48477672,31.47162989
3058.2108,1610.37837,3233.566082,1876.550572,1938.967917,4.044886527,69.52939637,3.232894893,106.7072836,6.418241988,2.500713792,0.844611404,2.173635695,93.1128594,2.386458433,31.28533263,31.49051226,31.49736941
3058.3632,1606.163174,3225.101532,1871.629418,1933.894713,4.037948254,68.5639769,3.280373357,106.3861474,6.438152548,2.494510101,0.847645827,2.168208909,92.48481882,2.387350506,31.2933269,31.40910229,31.50893905
3058.5156,1611.155287,3235.124924,1877.436253,1939.905569,4.054783181,67.98251119,3.348884348,106.6910921,6.48757424,2.502788202,0.855689542,2.173037915,92.78812692,2.387903986,31.30038987,31.50773554,31.54770199
3058.668,1611.662242,3236.142365,1878.016357,1940.515427,4.060511946,67.20955634,3.408946882,106.7052679,6.516287176,2.504171101,0.861407683,2.170938341,93.00315371,2.388206427,31.30611334,31.51864762,31.57202163
3058.8204,1613.405587,3239.642437,1880.037085,1942.613726,4.069401935,66.48783068,3.472072767,106.8068255,6.547715521,2.507556913,0.867817208,2.169621389,92.97920222,2.389026422,31.31080794,31.55373598,31.59957146
3058.9728,1609.330249,3231.458873,1875.277469,1937.706027,4.06361899,65.52823707,3.522403157,106.5273722,6.553454862,2.501951846,0.871079138,2.159879095,93.12077382,2.389961791,31.3144704,31.47503079,31.60899731
3059.1252,1612.635968,3238.096175,1879.118036,1941.684394,4.076773376,64.88086773,3.587880797,106.7496187,6.582133178,2.507941889,0.878248662,2.158515108,93.41550576,2.39081622,31.31994142,31.54067943,31.63920837
3059.2776,1610.31583,3233.437037,1876.402985,1938.888761,4.075740475,64.01070488,3.640467493,106.6041,6.585536223,2.505237187,0.882326885,2.149018476,93.93587402,2.391729243,31.32493512,31.49629184,31.65191418
3059.43,1609.564665,3231.928339,1875.515896,1937.981843,4.078791979,63.20942695,3.695813927,106.5674177,6.592696778,2.505016757,0.88720375,2.141104816,93.92398149,2.392707634,31.3347808,31.48259346,31.66872863
3059.5824,1604.78216,3222.324931,1869.930812,1932.220217,4.071899425,62.26255108,3.740612812,106.2689407,6.580176874,2.498536239,0.889746826,2.127541475,93.80073398,2.393231124,31.34073106,31.39004694,31.67261901
3059.7348,1609.656992,3232.113061,1875.597624,1938.084569,4.090065971,61.72982734,3.803996898,106.6227555,6.598709086,2.507108719,0.897303986,2.126067387,93.42426745,2.393549085,31.3458388,31.48639301,31.70306996
3059.8872,1610.499617,3233.804748,1876.565628,1939.093159,4.098214372,61.05671683,3.856223651,106.7143546,6.597407438,2.509400261,0.902478668,2.119071911,93.42474548,2.393433659,31.35243043,31.50385443,31.72041162
3060.0396,1612.91109,3238.646621,1879.361503,1941.990369,4.110424965,60.45352588,3.910009247,106.9127625,6.599876577,2.514109767,0.90837668,2.114199404,93.45334267,2.393746504,31.35663845,31.55200021,31.74149815
3060.192,1609.695905,3232.190437,1875.60114,1938.112872,4.108303754,59.65022025,3.947833943,106.7396882,6.577220424,2.510011179,0.91094163,2.102148173,93.45460711,2.393941518,31.37301168,31.49007828,31.74514256
3060.3444,1613.86328,3240.558091,1880.442549,1943.123637,4.125150015,59.1692635,3.997464821,107.0623783,6.578095712,2.517341498,0.917183369,2.099966084,94.1583895,2.394194929,31.38816588,31.57257634,31.76818594
3060.4968,1612.20994,3237.238033,1878.501884,1941.12628,4.12704719,58.489152,4.03035861,107.0001865,6.553208708,2.515553303,0.919943787,2.090346748,94.62558703,2.394525841,31.40000951,31.54119835,31.77322764
3060.6492,1611.793559,3236.40172,1878.00253,1940.61837,4.132068981,57.87400913,4.063380685,107.0206447,6.531234849,2.515622221,0.923180538,2.082700195,93.94118006,2.39481095,31.40957356,31.53402308,31.7809369
3060.8016,1606.890745,3226.55687,1872.275595,1934.708604,4.12566363,57.12925329,4.082164045,106.7443761,6.488858394,2.508617811,0.923585976,2.069590919,94.05684262,2.394951303,31.41902921,31.43907889,31.77430613
3060.954,1611.199237,3235.207886,1877.280817,1939.888613,4.143124971,56.7974106,4.116183184,107.0842013,6.477316159,2.515828671,0.928569,2.069188549,93.80748079,2.394930331,31.42716831,31.52435303,31.79184984
3061.1064,1611.048195,3234.904385,1877.089985,1939.699148,4.149153223,56.34085158,4.135620851,107.1287192,6.445522264,2.515998339,0.930703957,2.06344228,94.08492765,2.3946412,31.43412183,31.52236631,31.79505401
3061.2588,1612.193156,3237.203184,1878.409235,1941.070184,4.158465153,55.95237278,4.154603503,107.2582078,6.417141999,2.518075827,0.93330255,2.060141579,93.56999186,2.394630532,31.44033701,31.54573706,31.80100445
3061.4112,1607.584523,3227.949039,1873.024869,1935.514129,4.152877246,55.38305923,4.155441043,107.0034031,6.364690589,2.51106932,0.932323986,2.050224277,93.64951023,2.394656234,31.44559215,31.45653281,31.78915792
3061.5636,1610.459809,3233.722218,1876.360037,1938.968537,4.166624363,55.14668015,4.166672376,107.2455267,6.337856744,2.515537881,0.934956187,2.051471871,93.4963881,2.394722348,31.4510173,31.51377188,31.79682333
3061.716,1607.811691,3228.404671,1873.259845,1935.772872,4.166037643,54.7418026,4.160043884,107.1184851,6.28788094,2.511285216,0.934118318,2.046456705,93.3849313,2.39467738,31.45197601,31.46292618,31.78728473
3061.8684,1606.872568,3226.518691,1872.150646,1934.634657,4.169903964,54.42262097,4.153599667,107.1029228,6.243157696,2.509575132,0.933950271,2.044700243,93.59966931,2.39479951,31.44331402,31.44552635,31.78172805
3062.0208,1602.020265,3216.775247,1866.481892,1928.784644,4.163755158,54.01149276,4.133370238,106.825342,6.181998742,2.501658725,0.931180814,2.038807575,93.873006,2.394581014,31.43871042,31.35155323,31.76341431
3062.1732,1606.967795,3226.709374,1872.230327,1934.732709,4.183252232,54.03998205,4.129380057,107.1988999,6.155862797,2.508829092,0.933277398,2.047209656,93.88049475,2.394073647,31.43015822,31.44935978,31.77164285
3062.3256,1608.001245,3228.784238,1873.418399,1935.967945,4.192642914,53.97820373,4.111609966,107.3102673,6.113495716,2.509797098,0.932770454,2.051434917,93.58831412,2.393386121,31.41834028,31.47055586,31.7671339
3062.478,1610.743531,3234.290351,1876.597324,1939.26044,4.206492853,54.00225403,4.094311867,107.532639,6.076926291,2.513310159,0.932948703,2.058949171,93.76870682,2.392945558,31.40908767,31.5251913,31.76680317
3062.6304,1607.961559,3228.704029,1873.340236,1935.90208,4.205893473,53.86263956,4.060095942,107.3834408,6.019525316,2.508114644,0.929699608,2.060253227,93.69022974,2.392512614,31.3949773,31.47170883,31.74932499
3062.7828,1612.664984,3238.147972,1878.804127,1941.556066,4.224783891,54.05661867,4.037647911,107.728385,5.990318007,2.514399395,0.93013275,2.072950911,93.87325005,2.392160171,31.38311682,31.56473293,31.75243703
3062.9352,1611.612675,3236.034686,1877.562646,1940.280808,4.228486208,54.07972633,3.997979429,107.6857441,5.939775599,2.511619628,0.927020843,2.079050384,93.53577385,2.391762311,31.37000999,31.54509656,31.73764527
3063.0876,1611.856851,3236.524655,1877.831783,1940.56678,4.235507332,54.17457976,3.958670982,107.7256565,5.894329516,2.510753135,0.924407194,2.087770406,93.30611824,2.391536609,31.3586286,31.5508395,31.72596504
3063.24,1607.640098,3228.057298,1872.90395,1935.482299,4.230796917,54.15972732,3.906543954,107.4643188,5.833356935,2.502871694,0.919011823,2.091304446,92.53641064,2.391372439,31.33724744,31.46926995,31.70007463
3063.3924,1612.638616,3238.093705,1878.712158,1941.492707,4.250279031,54.56185298,3.872301156,107.812908,5.808299929,2.509213712,0.918324216,2.108064969,92.49321654,2.390833602,31.31272355,31.56808852,31.70072322
3063.5448,1613.147647,3239.115451,1879.290378,1942.098379,4.257855411,54.85247091,3.825584791,107.8588502,5.767930586,2.50851677,0.914867915,2.119425521,92.71974946,2.390190933,31.28644496,31.57901792,31.68716617
3063.6972,1614.894066,3242.621795,1881.310405,1944.19417,4.268600945,55.21169317,3.780387267,107.9846703,5.73323889,2.509688018,0.911954906,2.132963887,92.88908778,2.390090329,31.25983393,31.61416991,31.67695805
3063.8496,1610.816335,3234.433537,1876.545637,1939.278564,4.263885127,55.3902791,3.721000691,107.7189277,5.679529656,2.501784089,0.905667298,2.139128842,92.86491543,2.390102767,31.23310374,31.53531039,31.64875044
3064.002,1614.126098,3241.078951,1880.387419,1943.257462,4.2785956,55.89214379,3.67732025,107.9420871,5.656612055,2.505323943,0.903262732,2.155768803,93.46230212,2.390105955,31.20420188,31.60108116,31.64296735
3064.1544,1611.804692,3236.417269,1877.669317,1940.457234,4.278296593,56.21638409,3.62014401,107.7869759,5.615561447,2.500105327,0.897620927,2.165219676,93.14902053,2.389982163,31.17371546,31.55660499,31.61973694
3064.3068,1611.053584,3234.908655,1876.78059,1939.547658,4.282132435,56.61597705,3.566343908,107.7351864,5.581979189,2.497318195,0.892788709,2.177062346,93.11387963,2.390230443,31.14269697,31.54287677,31.60129445
3064.4592,1606.267242,3225.297508,1871.190939,1933.779994,4.27528534,56.90294621,3.504273321,107.4121369,5.536750535,2.488301256,0.885679934,2.183508114,92.87569117,2.390226859,31.10938873,31.45014942,31.57030805
3064.6116,1611.146721,3235.094803,1876.861415,1939.649142,4.294146147,57.60885686,3.465497085,107.7314592,5.531554372,2.49434894,0.88382323,2.202920982,92.91508907,2.390291087,31.0919639,31.54667632,31.57037328
3064.764,1611.990079,3236.787792,1877.830178,1940.659195,4.302230577,58.19874812,3.41893645,107.7800742,5.514948394,2.494193469,0.879730708,2.216695163,92.89481345,2.390278828,31.07563159,31.56416758,31.55813656
3064.9164,1614.403626,3241.63364,1880.628193,1943.559696,4.314483251,58.86128287,3.377304887,107.9336015,5.506495014,2.496537724,0.876546943,2.232308608,92.43036916,2.390433407,31.07391201,31.61240194,31.55140105
3065.0688,1611.185242,3235.170877,1876.865634,1939.680148,4.311682576,59.32772036,3.325864091,107.7104856,5.481626359,2.490248653,0.870395807,2.239726323,92.95371247,2.390535887,31.06278907,31.55035788,31.52754972
3065.2212,1615.35598,3243.545055,1881.71101,1944.696763,4.328585941,60.10351667,3.295004649,107.9790199,5.489734252,2.495567441,0.868447928,2.256375093,93.13916839,2.390665586,31.06033717,31.63301027,31.52890232
3065.3736,1613.700553,3240.220613,1879.769819,1942.69971,4.329809136,60.66958227,3.254176121,107.8576718,5.480860546,2.491959155,0.863461234,2.264435453,92.94834126,2.391120437,31.05823308,31.60156864,31.5125122
3065.526,1613.283167,3239.382085,1879.270986,1942.193412,4.334321897,61.28895363,3.218679653,107.8189569,5.479415446,2.490365307,0.859284771,2.273544218,93.16461096,2.391588919,31.05552752,31.59437606,31.50092413
3065.6784,1608.375113,3229.526542,1873.541158,1936.281097,4.326771339,61.7490564,3.177338253,107.4789931,5.465859675,2.481933038,0.852867495,2.275678415,92.35253565,2.392050952,31.05094911,31.49924655,31.47586296
3065.8308,1612.686606,3238.183325,1878.551108,1941.468301,4.343982743,62.59309058,3.162496105,107.7523478,5.492129499,2.48798141,0.851745053,2.289167559,93.09502561,2.392462504,31.04672852,31.58468026,31.48304289
3065.9832,1612.534342,3237.877138,1878.36163,1941.281929,4.349116989,63.27494446,3.142175527,107.7267369,5.506387537,2.487250864,0.848428088,2.295536459,93.02794179,2.392607369,31.04478414,31.58268615,31.47696699
3066.1356,1613.679234,3240.175569,1879.683299,1942.657343,4.357745678,64.01102582,3.128453028,107.7887066,5.528487009,2.488668967,0.846023444,2.30263999,92.85477991,2.393156557,31.04467881,31.60609804,31.47630294
3066.288,1609.065219,3230.910441,1874.296804,1937.099914,4.350855617,64.51870702,3.107341823,107.4665822,5.53382118,2.481331219,0.840819128,2.300584987,92.95831452,2.393812942,31.04744294,31.5167195,31.45823442
3066.4404,1611.941915,3236.686236,1877.635879,1940.560446,4.364248357,65.32651693,3.110467896,107.6445229,5.572821416,2.485847051,0.840104062,2.307091449,92.62831732,2.394621275,31.05133277,31.57406446,31.46748349
3066.5928,1609.290105,3231.361114,1874.535232,1937.365403,4.362686047,65.90637331,3.106647203,107.4544354,5.595641876,2.481969815,0.836738482,2.30472534,92.17856653,2.394989891,31.05578721,31.52311788,31.46014519
3066.7452,1608.348855,3229.470704,1873.42693,1936.229431,4.365826819,66.54763968,3.110679086,107.3805538,5.627489626,2.480894274,0.834556874,2.303608612,91.99593792,2.395634549,31.06418656,31.50568113,31.45986869
3066.8976,1603.490811,3219.715606,1867.755993,1930.377828,4.358409987,67.01696429,3.111251014,107.0456895,5.648044922,2.473898271,0.830616175,2.29602327,91.97713139,2.395981092,31.06973533,31.41152459,31.4483254
3067.05,1608.44153,3229.655945,1873.510125,1936.334199,4.377703412,67.87334851,3.141268631,107.3648,5.709557143,2.482316763,0.83243827,2.300450427,91.86556377,2.396336473,31.07368949,31.50951456,31.47215797
3067.2024,1609.474545,3231.729778,1874.700828,1937.573934,4.386339429,68.55388612,3.167694734,107.4229882,5.7595484,2.484813095,0.832506034,2.298376188,91.67293384,2.396531515,31.07700857,31.53074755,31.4846343
3067.3548,1612.217971,3237.238028,1877.88372,1940.872519,4.399694676,69.29589743,3.202052336,107.5970191,5.818205789,2.49010267,0.833760541,2.297577964,91.72039016,2.397090132,31.08633325,31.58548389,31.50399798
3067.5072,1609.432121,3231.643827,1874.626124,1937.514524,4.39803585,69.79032924,3.229202767,107.4025958,5.858833304,2.486960084,0.832402922,2.288070188,91.84920895,2.397893528,31.09774048,31.53189551,31.5066489
3067.6596,1614.138589,3241.093767,1880.095367,1943.176018,4.416912875,70.57542219,3.280804879,107.7071135,5.931366473,2.495623192,0.835565581,2.287424019,92.25414189,2.398886063,31.11075796,31.6250939,31.53611771
3067.812,1613.084102,3238.97606,1878.854561,1941.902269,4.420041636,71.09681014,3.32431575,107.6276233,5.984758661,2.495484164,0.835989431,2.277767199,92.03721239,2.39983695,31.12535068,31.6054164,31.54810773
3067.9644,1613.327344,3239.464119,1879.125317,1942.19079,4.426766317,71.65784963,3.374324864,107.6353662,6.044762088,2.497461266,0.837358184,2.269020387,92.00047797,2.400935263,31.1288347,31.61116673,31.56534433
3068.1168,1609.105652,3230.986859,1874.195435,1937.104177,4.421259686,71.99716184,3.417810848,107.3443072,6.088758435,2.492574007,0.836640231,2.253543851,91.76840752,2.402130182,31.13177224,31.52943762,31.56929361
3068.2692,1614.107779,3241.030477,1880.008799,1943.121359,4.441068711,72.68906189,3.48792107,107.6650968,6.168975126,2.502067536,0.841298699,2.250092524,91.69169942,2.402953945,31.13336783,31.6284415,31.60467406
3068.4216,1614.616376,3242.051361,1880.588501,1943.729136,4.448460196,73.15661934,3.550919564,107.684901,6.232624193,2.504634785,0.843829306,2.239963463,91.87770491,2.403755042,31.13473366,31.63938822,31.62640588
3068.574,1616.363551,3245.559237,1882.610913,1945.828051,4.459270002,73.66564063,3.619347781,107.7862691,6.30166754,2.509167412,0.847202724,2.231073841,91.92469713,2.405201111,31.13561185,31.67460384,31.65250141
3068.7264,1612.281347,3237.362078,1877.843734,1940.909425,4.45403919,73.89827785,3.676673455,107.4971152,6.348002728,2.504659172,0.847658094,2.213960685,92.30345864,2.406827172,31.13570475,31.59558999,31.66058193
3068.8788,1615.593561,3244.012464,1881.688773,1944.892207,4.469251206,74.41822172,3.755276343,107.6964292,6.422219452,2.511623583,0.85239511,2.206884508,91.93868827,2.40825956,31.12108511,31.66148289,31.69264089
3069.0312,1613.269552,3239.345664,1878.969293,1942.089941,4.468877787,74.6648312,3.82258278,107.5189791,6.473859331,2.509838498,0.854298415,2.191918603,91.66532173,2.409759786,31.10281599,31.61691813,31.70731358
3069.1836,1612.517353,3237.834964,1878.080343,1941.179694,4.472876314,74.96360001,3.894823366,107.4454877,6.530794947,2.510486261,0.857160629,2.17908201,91.8628013,2.411406329,31.08684908,31.60316009,31.7270357
3069.336,1607.726354,3228.214607,1872.487089,1935.407096,4.465665645,75.04123281,3.957271979,107.1020149,6.569064083,2.504786807,0.857970345,2.161162413,91.74781481,2.412857847,31.07242827,31.51025189,31.73430251
3069.4884,1612.610226,3238.020797,1878.161429,1941.280603,4.485232357,75.48565936,4.04332506,107.3984582,6.64088555,2.513975055,0.86417063,2.157440528,91.83022948,2.414064061,31.07222901,31.60695963,31.77145369
3069.6408,1613.454396,3239.715521,1879.1307,1942.290801,4.493486355,75.70888232,4.118912549,107.4244566,6.693625486,2.516791893,0.86827913,2.148796205,91.80240376,2.414907506,31.08210811,31.62448072,31.79583223
3069.7932,1615.870262,3244.566117,1881.930388,1945.192887,4.506098502,75.98856541,4.198024807,107.5522224,6.750551219,2.521962488,0.873248309,2.142911889,92.03834567,2.416371971,31.08362471,31.67280368,31.82445801
3069.9456,1612.649162,3238.098042,1878.164851,1941.309051,4.503014765,75.9915359,4.261742416,107.3013778,6.781631759,2.518226526,0.875151782,2.130310649,92.36930234,2.417952296,31.07957166,31.61063748,31.83532983
3070.098,1616.824169,3246.480884,1883.012859,1946.328299,4.520538607,76.28533107,4.342193994,107.53494,6.836653738,2.525743069,0.881053655,2.12952884,92.48028601,2.419652828,31.07332851,31.6934442,31.86740716
3070.2504,1615.167803,3243.154698,1881.069487,1944.327784,4.521752241,76.29279827,4.406284058,107.37717,6.864951974,2.524043593,0.883759039,2.121811366,92.51494975,2.421608703,31.06702,31.66193894,31.88123094
3070.4028,1614.75071,3242.31689,1880.569329,1943.819059,4.526431268,76.34243708,4.471940571,107.2981253,6.895481173,2.524130723,0.887074186,2.1168222,92.53866523,2.42351665,31.06690571,31.65472904,31.89805078
3070.5552,1609.838998,3232.454166,1874.834398,1937.899567,4.518477363,76.14670794,4.5222879,106.9184826,6.902886281,2.517032604,0.887844773,2.107110114,92.64254016,2.425358194,31.06949005,31.55941421,31.90070195
3070.7076,1614.155554,3241.121209,1879.846257,1943.088341,4.536253054,76.29909144,4.590856235,107.1463838,6.939052278,2.523949011,0.893504038,2.112447326,92.67435372,2.427071607,31.07198533,31.6450075,31.92927933
3070.86,1614.004403,3240.81738,1879.65496,1942.898877,4.541373725,76.20914621,4.643651847,107.0750793,6.952032278,2.523712493,0.896597863,2.11315239,92.58171847,2.428661365,31.07454002,31.64300599,31.94360301
3071.0124,1615.151682,3243.12071,1880.975741,1944.272374,4.550107756,76.16727896,4.696934911,107.0846688,6.966705047,2.525303903,0.900251578,2.117064392,92.49130942,2.430522386,31.07740312,31.66645901,31.96067221
3071.1648,1610.534877,3233.850125,1875.583647,1938.707152,4.542605734,75.84496906,4.730492927,106.7072559,6.953072539,2.517704567,0.900534795,2.114726015,92.62025163,2.432321342,31.08339874,31.57690618,31.95956134
3071.3172,1613.415879,3239.634645,1878.922811,1942.167019,4.55613546,75.82102947,4.776980575,106.8191482,6.961097846,2.521380021,0.904626095,2.125458243,92.68971286,2.434328003,31.07848839,31.63435705,31.97832699
3071.4696,1610.763388,3234.308269,1875.817758,1938.965718,4.554003233,75.52823804,4.803950267,106.5604857,6.941559301,2.516237106,0.905449864,2.130166792,92.51740834,2.435795137,31.07062312,31.58330958,31.97955317
3071.622,1609.823101,3232.419884,1874.706325,1937.825141,4.556668224,75.30163819,4.831522988,106.4116638,6.924572564,2.51356368,0.907009804,2.138729187,92.48929503,2.437461216,31.06814264,31.56583591,31.98460467
3071.7744,1604.962529,3222.659818,1869.029036,1931.964982,4.548153862,74.85891635,4.84204418,106.0044851,6.885377985,2.504599469,0.906153704,2.143397841,92.4911925,2.439108121,31.07346681,31.47149595,31.97691418
3071.9268,1609.919986,3232.613705,1874.784313,1937.922259,4.567196172,74.78855461,4.869128213,106.2471845,6.875262086,2.510529309,0.91033919,2.164336963,92.60122929,2.440694444,31.0828432,31.56966935,31.99595098
3072.0792,1610.956219,3234.694034,1875.972972,1939.159002,4.574968872,74.50488958,4.879105421,106.2315627,6.843220523,2.510177226,0.912097625,2.181266191,92.50772185,2.441885647,31.09405154,31.59093925,32.0021824
3072.2316,1613.704495,3240.21203,1879.155118,1942.456296,4.58752737,74.28704502,4.8893568,106.3259504,6.813788093,2.512294911,0.91457561,2.202007463,92.58633643,2.443286742,31.11110149,31.64577647,32.01220246
3072.384,1610.918442,3234.617457,1875.892371,1939.091581,4.584330403,73.80532848,4.878891289,106.0532022,6.757431069,2.505639471,0.913710508,2.216329136,92.76056868,2.444942762,31.12975126,31.5920822,32.00476953
3072.5364,1615.631797,3244.081192,1881.362171,1944.753567,4.602316962,73.61853826,4.879811955,106.2735181,6.72264008,2.510280716,0.916583437,2.243587639,92.77607003,2.446476522,31.14937108,31.68545488,32.01716182
3072.6888,1614.578919,3241.966712,1880.117345,1943.474639,4.603848684,73.16300498,4.85974355,106.1118444,6.660681096,2.505809114,0.915988737,2.263939605,92.38230902,2.448003689,31.16042952,31.66573625,32.01144113
3072.8412,1614.825035,3242.46052,1880.385025,1943.759197,4.609061127,72.75649173,4.839250807,106.0344156,6.600475702,2.503194573,0.915904307,2.287317351,92.35517106,2.449725479,31.16908763,31.67149397,32.0084984
3072.9936,1610.602153,3233.980873,1875.448487,1938.664191,4.601466049,72.12271618,4.800701017,105.6677722,6.518488563,2.493557966,0.913097143,2.305110881,92.254776,2.451396694,31.18019437,31.58960528,31.99149348
3073.146,1615.611835,3244.039582,1881.262203,1944.681787,4.619998131,71.83206514,4.77740305,105.9185165,6.464988192,2.498005081,0.915041317,2.337649657,91.87668431,2.452772214,31.18795008,31.68879448,32.00027468
3073.2984,1616.123863,3245.067304,1881.838697,1945.285569,4.625557127,71.31677782,4.736394587,105.8782716,6.39036385,2.495414269,0.914261036,2.364295367,92.23340844,2.45401579,31.19900739,31.69975852,31.99496055
3073.4508,1617.875661,3248.584396,1883.858825,1947.381672,4.634611825,70.84426062,4.695342099,105.9198886,6.318237641,2.494641106,0.914004409,2.39341046,92.12863753,2.455645392,31.21339328,31.73503777,31.9926203
3073.6032,1613.792645,3240.385574,1879.084847,1942.454645,4.626937512,70.10700912,4.634534525,105.5803485,6.221808879,2.484812245,0.910316903,2.414231853,91.99545657,2.45721776,31.22919084,31.65586959,31.97228592
3073.7556,1617.111021,3247.048231,1882.928763,1946.436181,4.640306022,69.65073159,4.586018137,105.7350703,6.149141046,2.48629933,0.910426211,2.446528163,92.14660927,2.458649645,31.24402834,31.72188463,31.97299791
3073.908,1614.787874,3242.383097,1880.203851,1943.627349,4.637424093,68.94547033,4.518690368,105.5219539,6.053575527,2.47906654,0.90721737,2.470529265,92.1972666,2.459793262,31.25746053,31.67723128,31.95616691
3074.0604,1614.038006,3240.876993,1879.310702,1942.712122,4.638989781,68.29815376,4.452730642,105.4156984,5.962571457,2.474242825,0.904753267,2.496926984,92.2469011,2.461023435,31.26976698,31.6634434,31.94358472
3074.2128,1609.245519,3231.253585,1873.7102,1936.930791,4.628830242,67.46079708,4.3723585,105.0553399,5.85549795,2.463291896,0.899911458,2.516599382,92.15270044,2.462019095,31.28167425,31.57035437,31.91849504
3074.3652,1614.137015,3241.074939,1879.384728,1942.804919,4.646229224,66.97942628,4.310238368,105.3523179,5.781431078,2.467353614,0.900219074,2.549998605,92.23898839,2.463074439,31.29440617,31.66724295,31.92289879
3074.5176,1614.984953,3242.777112,1880.351176,1943.812031,4.6518285,66.31263743,4.234430738,105.395061,5.692205799,2.465320904,0.89817771,2.576343068,92.57588428,2.463731759,31.30477958,31.68479387,31.91496619
3074.67,1617.40604,3247.638058,1883.149296,1946.712624,4.661870098,65.69810335,4.160979153,105.5471198,5.608739835,2.465773806,0.896961357,2.604412185,93.09496613,2.46471029,31.31330298,31.73320541,31.91199736
3074.8224,1614.184768,3241.169543,1879.377995,1942.822086,4.65561938,64.84445383,4.071952482,105.3366845,5.506410856,2.457711888,0.892597865,2.622586012,93.19335835,2.465510586,31.32283158,31.67091709,31.89201692
3074.9748,1618.366553,3249.565846,1884.225945,1947.841784,4.670578213,64.2595023,3.998065766,105.630366,5.431288703,2.461207063,0.892254484,2.650435046,92.99109237,2.466285861,31.3328939,31.75387813,31.89568665
3075.1272,1616.711368,3246.241926,1882.27819,1945.836324,4.668669928,63.43624049,3.909013744,105.5478469,5.337543453,2.455906529,0.888680268,2.667920542,92.54807734,2.466981736,31.3448739,31.72230924,31.88172174
3075.2796,1616.296605,3245.408686,1881.774626,1945.323858,4.670339214,62.65267134,3.822692784,105.554254,5.249553696,2.452632098,0.885815784,2.686228072,91.90104755,2.467490658,31.35636745,31.71508203,31.87216517
3075.432,1611.382887,3235.541861,1876.032977,1939.396466,4.658994548,61.68497429,3.725457923,105.2794602,5.148805235,2.442725657,0.880522904,2.695645068,91.73778629,2.467883583,31.36475011,31.61958187,31.84940885
3075.5844,1615.706147,3244.222232,1881.045171,1944.586126,4.674200348,61.04933641,3.648738884,105.6407585,5.082852472,2.447345802,0.880359143,2.716734281,91.63827306,2.468006841,31.37601503,31.70533473,31.8575237
3075.7368,1615.557361,3243.923055,1880.850954,1944.393452,4.67640252,60.23597764,3.56195393,105.7216696,5.00509993,2.445395698,0.877810463,2.728779462,91.59782388,2.467937681,31.38559963,31.70332584,31.85264356
3075.8892,1616.708199,3246.233435,1882.169845,1945.764995,4.682346615,59.4595546,3.478947094,105.8972213,4.934299436,2.445618715,0.876076088,2.741328441,91.60913502,2.467964737,31.39469514,31.72681999,31.85295312
3076.0416,1612.089353,3236.958704,1876.771661,1940.192542,4.671594411,58.46188915,3.384592203,105.7028832,4.848624374,2.43729199,0.871321556,2.742671988,91.8286398,2.467963135,31.40380356,31.63709287,31.83631581
3076.194,1614.975363,3242.753187,1880.110506,1943.652364,4.682505784,57.72804888,3.308548308,106.0268756,4.793232083,2.440857674,0.870853799,2.752763083,91.77906828,2.468070827,31.4134019,31.69464963,31.84588958
3076.3464,1612.322451,3237.425919,1877.001168,1940.446055,4.677314308,56.79208409,3.22237776,105.9943894,4.724454305,2.436241363,0.867501161,2.751898961,91.75701524,2.467600129,31.4196284,31.64350128,31.83917136
3076.4988,1611.383295,3235.53975,1875.886847,1939.302206,4.677043132,55.91364296,3.14158186,106.0844612,4.664650822,2.434476165,0.865217989,2.751973081,92.59804247,2.467016156,31.42650172,31.6259907,31.83919884
3076.6512,1606.519937,3225.774074,1870.203942,1933.435359,4.665313009,54.90600813,3.055222209,105.929046,4.597490553,2.427075158,0.860957923,2.743403172,92.5758366,2.466463786,31.45072244,31.53146731,31.82821241
3076.8036,1611.48386,3235.740859,1875.96113,1939.39534,4.681965427,54.25718337,2.993024648,106.4537659,4.568731104,2.435233747,0.862283113,2.74690489,92.75424469,2.465475825,31.47925625,31.62982413,31.85147213
3076.956,1612.52262,3237.826214,1877.148999,1940.6314,4.687098759,53.48605664,2.925844127,106.7310253,4.533078815,2.437748393,0.861640469,2.741768979,92.44537928,2.464138905,31.50871178,31.65113095,31.86361357
3077.1084,1615.274982,3243.35236,1880.331736,1943.929729,4.697157684,52.77248634,2.864400036,107.1315374,4.506492672,2.443117932,0.862087812,2.737622125,92.34662226,2.462900393,31.53958331,31.70606906,31.88250671
3077.2608,1612.487561,3237.755036,1877.065627,1940.561083,4.691112766,51.87901454,2.795459294,107.1725861,4.467839806,2.440309053,0.859727269,2.722684917,92.68495328,2.4619008,31.55618194,31.65226889,31.88529868
3077.4132,1617.206652,3247.230237,1882.537762,1946.226215,4.706913571,51.25264202,2.746377877,107.7355339,4.459618959,2.449425049,0.861735453,2.716725141,92.3773678,2.46081329,31.56909708,31.74581586,31.91442624
3077.5656,1616.153829,3245.115867,1881.291146,1944.945241,4.705938517,50.44648815,2.689897339,107.920486,4.438868946,2.449979756,0.860811645,2.69974308,92.39703072,2.459616358,31.58108502,31.72605609,31.92666213
3077.718,1616.401201,3245.612196,1881.558054,1945.228991,4.708799062,49.68776401,2.638602826,108.1999284,4.425546077,2.452721088,0.860751583,2.683427997,92.35901737,2.458385567,31.59936962,31.7318212,31.94416398
3077.8704,1612.175142,3237.126211,1876.617571,1940.129162,4.698685894,48.81374535,2.583320906,108.1884296,4.403701303,2.448893232,0.858451037,2.65840993,92.20863743,2.456991271,31.61187944,31.64977294,31.94891831
3078.0228,1617.190451,3247.1962,1882.43427,1946.150535,4.715559476,48.28680974,2.551873707,108.8180319,4.417117841,2.459658671,0.861431444,2.645530465,92.17823373,2.455061467,31.62257226,31.74914747,31.98463614
3078.1752,1617.703638,3248.226272,1883.010558,1946.754057,4.719326213,47.64973479,2.516704638,109.1520462,4.421979765,2.463777388,0.862150191,2.624121577,92.37317151,2.452995668,31.63456782,31.76012881,32.00724973
3078.3276,1619.457773,3251.748075,1885.031406,1948.851017,4.726772195,47.06061188,2.486439575,109.5761059,4.433327615,2.469944152,0.863678379,2.603812491,92.19069195,2.451391909,31.64488436,31.7954717,32.03443343
3078.48,1615.371383,3243.542546,1880.253913,1943.919503,4.717253288,46.31131969,2.449673252,109.6100172,4.430880556,2.467309008,0.862211168,2.573629071,91.95198208,2.449874355,31.65424021,31.71614919,32.04452217
3078.6324,1618.693505,3250.212746,1884.099779,1947.903334,4.729477087,45.83492148,2.432389366,110.1584005,4.456074281,2.476326992,0.865009664,2.553790641,92.20261684,2.448627767,31.66155481,31.78228636,32.07862927
3078.7848,1616.368551,3245.544049,1881.372763,1945.091692,4.725225858,45.21236403,2.409314112,110.3257087,4.468171693,2.476809178,0.864909771,2.524558327,92.37843091,2.447052982,31.66621287,31.73754442,32.09614849
3078.9372,1615.618368,3244.037369,1880.478694,1944.175122,4.725599126,44.65635944,2.39168142,110.6028549,4.487114282,2.479808999,0.86576868,2.497425236,92.36685094,2.445646805,31.66646969,31.72372672,32.11883287
3079.0896,1610.82153,3234.405312,1874.874429,1938.388877,4.714135656,44.03038181,2.371713319,110.6037076,4.497380145,2.476703528,0.864548058,2.46382794,92.22665793,2.443981309,31.67889811,31.63045685,32.12959407
3079.242,1615.717979,3244.236629,1880.55237,1944.267041,4.731075488,43.78230605,2.375720645,111.2718366,4.541282559,2.488738888,0.868752319,2.444775832,92.31907255,2.442333387,31.69638867,31.72752626,32.16974073
3079.3944,1616.566827,3245.940676,1881.519391,1945.27463,4.736124552,43.46958226,2.377431579,111.6606134,4.576311409,2.494619734,0.870855783,2.419562926,92.35744666,2.440312591,31.71248035,31.74510701,32.19759564
3079.5468,1618.990346,3250.80654,1884.319226,1948.177124,4.745805679,43.22919668,2.384021487,112.1582272,4.617038606,2.502947991,0.873860738,2.397141518,92.27451612,2.43849145,31.72423063,31.79360714,32.22982226
3079.6992,1615.765996,3244.331918,1880.545519,1944.283326,4.738994295,42.86089798,2.384186102,112.2648031,4.642110552,2.502529747,0.87385056,2.36698651,92.38217796,2.436663047,31.73560996,31.73119669,32.24524452
3079.8516,1619.951933,3252.736574,1885.396384,1949.306394,4.754076163,42.77876906,2.402151863,112.8827105,4.690914622,2.513575269,0.87795264,2.349143357,92.32364891,2.434962825,31.74773551,31.81431206,32.28182583
3080.004,1618.295206,3249.409618,1883.44727,1947.298948,4.75209358,42.56494554,2.413330233,113.092954,4.72322137,2.515523174,0.87891837,2.323520582,92.2247158,2.433437758,31.75895429,31.78267954,32.3010905
3080.1564,1617.880144,3248.575825,1882.943186,1946.785539,4.753860982,42.41550522,2.428245155,113.3875022,4.759063439,2.519334481,0.880557441,2.300738022,92.12963216,2.431736399,31.76864614,31.77543501,32.32347266
3080.3088,1612.961709,3238.699609,1877.197752,1940.853117,4.742490372,42.195573,2.438876314,113.3607084,4.781778106,2.516071025,0.879729829,2.272553465,91.92860367,2.429951126,31.7813654,31.67974953,32.33227929
3080.4612,1617.28925,3247.388581,1882.212841,1946.04609,4.75845302,42.34620048,2.470591568,113.9666506,4.832650808,2.527065058,0.883925615,2.25994662,91.96508619,2.428333281,31.7930016,31.76566197,32.36617094
3080.6136,1617.140349,3247.089214,1882.018276,1945.852669,4.761304368,42.42876761,2.49794695,114.2504231,4.870233167,2.53098255,0.885651429,2.24218074,91.99075142,2.426441654,31.80410905,31.76364568,32.38638322
3080.766,1618.292396,3249.402045,1883.337667,1947.224527,4.768078735,42.58040345,2.528536864,114.6217236,4.910519763,2.536804446,0.888034393,2.22775115,91.90645508,2.424943212,31.81447572,31.78718096,32.40943996
3080.9184,1613.669166,3240.118578,1877.935713,1941.647052,4.757937793,42.60500556,2.550798786,114.5806118,4.931772877,2.5334494,0.887195656,2.20673843,92.04733424,2.423585254,31.82769693,31.69727956,32.41540921
3081.0708,1616.558201,3245.919138,1881.276081,1945.108472,4.770088564,42.92194782,2.588761858,115.0545105,4.973359915,2.541570371,0.890373977,2.199395864,92.08422589,2.422552595,31.83848355,31.75494222,32.44077743
3081.2232,1613.902927,3240.587169,1878.164192,1941.898675,4.765916064,43.11806659,2.618728972,115.1283509,4.996533678,2.540838421,0.890450027,2.185902514,92.22983807,2.421051484,31.84654851,31.70369298,32.44966962
3081.3756,1612.963118,3238.699714,1877.048498,1940.752826,4.76682012,43.39578623,2.652289017,115.3154613,5.023105518,2.542626849,0.891386159,2.176492134,92.23045965,2.419956888,31.855006,31.68614548,32.46234233
3081.528,1608.095227,3228.924986,1871.361419,1934.880503,4.756075615,43.61514809,2.680776514,115.2072482,5.035995644,2.538054168,0.890064169,2.163272201,92.1740928,2.41867453,31.8635486,31.59143867,32.46276146
3081.6804,1613.064197,3238.901878,1877.121549,1940.843927,4.774386896,44.21927303,2.72934014,115.7673821,5.076101415,2.548574059,0.893979636,2.167013559,92.2421908,2.417509781,31.87267471,31.68997892,32.4881592
3081.8328,1614.104121,3240.989565,1878.309563,1942.07996,4.780997221,44.76273836,2.772656665,116.0302996,5.102474957,2.552705935,0.895630042,2.166985462,92.31997851,2.416124125,31.88066938,31.71132265,32.50121901
3081.9852,1616.859357,3246.521462,1881.493623,1945.379751,4.792679421,45.38642805,2.819160666,116.4062919,5.131905839,2.5593541,0.898122418,2.171000471,92.25548964,2.415053059,31.88812587,31.76636164,32.51790743
3082.1376,1614.069423,3240.919109,1878.224782,1942.007522,4.787956797,45.87462391,2.855752566,116.3759036,5.141410836,2.55706716,0.897441883,2.16893536,92.40861508,2.414152431,31.89398695,31.71245557,32.51825363
3082.29,1618.793425,3250.404125,1883.699481,1947.675709,4.805587396,46.64461963,2.906002596,116.8591969,5.169350157,2.566243952,0.900700301,2.180437643,92.41519443,2.41345617,31.89772582,31.80617683,32.53717633
3082.4424,1617.739912,3248.288364,1882.45119,1946.392509,4.806129721,47.26531219,2.945608902,116.9188533,5.176553575,2.566098973,0.900657032,2.18556352,92.54633012,2.412787112,31.90372671,31.78637593,32.53921858
3082.5948,1617.987926,3248.785961,1882.717277,1946.675109,4.810605111,47.94521886,2.987119138,117.0632875,5.18525958,2.567828605,0.901224289,2.19401249,92.62440714,2.412353593,31.908408,31.79214844,32.54390714
3082.7472,1613.75811,3240.292445,1877.772778,1941.570159,4.801787744,48.51940131,3.020244652,116.8687635,5.177480462,2.562273536,0.899186968,2.197603861,92.48306101,2.411937805,31.91213047,31.7099406,32.53509403
3082.8996,1618.778695,3250.372963,1883.592152,1947.594795,4.820454575,49.43814573,3.07032381,117.3024889,5.193941387,2.570936165,0.902026197,2.216654964,92.44965083,2.411532283,31.91207253,31.80950045,32.5494083
3083.052,1619.29273,3251.404706,1884.167902,1948.197583,4.82570479,50.2444179,3.111750093,117.394621,5.193968446,2.572262242,0.902249375,2.23064863,92.340855,2.411110739,31.91261927,31.82049911,32.55018216
3083.2044,1621.048976,3254.930705,1886.189045,1950.29485,4.834715447,51.10208944,3.154705423,117.5680398,5.19557142,2.575408659,0.903059475,2.247340312,92.20138001,2.410938068,31.91381726,31.85590563,32.55362639
3083.3568,1616.958999,3246.717973,1881.407622,1945.358376,4.826351758,51.77936478,3.185134187,117.3114157,5.176254234,2.569157531,0.900525564,2.256517902,92.17515943,2.411085567,31.91095955,31.77642879,32.54023052
3083.5092,1620.284823,3253.395543,1885.254873,1949.343902,4.840087562,52.71253994,3.227476844,117.5628994,5.175144612,2.574332399,0.901877705,2.27763322,92.26884985,2.411212602,31.90727046,31.84268809,32.54560935
3083.6616,1617.95805,3248.723176,1882.525177,1946.528886,4.836941411,53.46305906,3.257350732,117.3968612,5.153844622,2.57040377,0.899999046,2.291371637,92.31105671,2.411269646,31.90231972,31.79785757,32.53458176
3083.814,1617.207601,3247.215928,1881.629562,1945.610357,4.838464988,54.26565065,3.289022693,117.3346364,5.135475489,2.568854158,0.898906677,2.30774692,92.37482165,2.411540846,31.8954277,31.78401003,32.52721281
3083.9664,1612.406446,3237.575205,1876.020987,1939.818724,4.827728128,54.93445457,3.311219676,116.9611223,5.102651892,2.560739436,0.8954725,2.318500693,92.23464992,2.411588868,31.88662194,31.69055933,32.5075037
3084.1188,1617.307955,3247.416605,1881.701804,1945.70051,4.845718742,55.93448214,3.349921565,117.2475681,5.096313907,2.567700668,0.897198943,2.343568241,92.35006249,2.411560048,31.87536823,31.78780957,32.5131912
3084.2712,1618.157808,3249.122626,1882.668946,1946.708297,4.851403375,56.79346114,3.379030041,117.2230318,5.07584261,2.568104808,0.896599832,2.362787944,92.20957347,2.411344314,31.8616561,31.80542016,32.50668036
3084.4236,1620.58385,3253.993501,1885.470088,1949.612473,4.861733795,57.6976752,3.409970022,117.3030684,5.059027337,2.570953925,0.896820177,2.383949187,92.32937907,2.411318877,31.84186347,31.85400887,32.50427108
3084.576,1617.356443,3247.512732,1881.693726,1945.715418,4.855068776,58.3870096,3.427496116,116.9680029,5.02345299,2.564814669,0.89387105,2.39628385,92.29515274,2.411445852,31.82370497,31.79147629,32.48566091
3084.7284,1621.54651,3255.925615,1886.547422,1950.74211,4.870477912,59.30844637,3.456374198,117.14385,5.007808495,2.570304708,0.894880727,2.418592342,92.29919869,2.411568312,31.80631752,31.87474599,32.48734759
3084.8808,1619.888157,3252.595377,1884.597018,1948.733152,4.868313525,59.99934186,3.471216854,116.8926614,4.972960978,2.566507651,0.892629153,2.431736772,92.20498067,2.411784995,31.7881022,31.84304984,32.47233214
3085.0332,1619.472655,3251.760676,1884.092608,1948.219442,4.869847995,60.71479805,3.487063673,116.7249848,4.941181055,2.564688168,0.891042046,2.445978656,92.09903018,2.412114149,31.77017225,31.83578799,32.46082784
3085.1856,1614.549261,3241.874516,1878.343807,1942.282947,4.857712706,61.24030753,3.491555364,116.2206629,4.895250779,2.555714165,0.886948026,2.4526967,92.11352777,2.412405315,31.75680905,31.73991719,32.43609071
3085.338,1618.880704,3250.571268,1883.362526,1947.480637,4.873031756,62.05946983,3.511288758,116.3499959,4.876193952,2.561308774,0.887844385,2.471550814,91.7758658,2.412569365,31.74155141,31.82598921,32.43747035
3085.4904,1618.731212,3250.270698,1883.168567,1947.288183,4.874728603,62.68433468,3.519672691,116.1458394,4.843422374,2.559797626,0.886262215,2.482760871,91.6864665,2.412459087,31.72063777,31.82396552,32.42582149
3085.6428,1619.883874,3252.584743,1884.489622,1948.662344,4.880275746,63.33404273,3.529346502,116.0299943,4.814671906,2.5604023,0.885397798,2.494665478,91.82960299,2.412530611,31.70677747,31.84754194,32.41822108
3085.7952,1615.255521,3243.291016,1879.085328,1943.082191,4.868364949,63.73502944,3.524997727,115.4975198,4.768900666,2.551933269,0.881375667,2.496452824,91.82783591,2.412835171,31.6940567,31.75746624,32.39404811
3085.9476,1618.146608,3249.09567,1882.429079,1946.548132,4.878793879,64.36249101,3.532446547,115.4862391,4.745592066,2.555417764,0.881430524,2.506952875,91.91134926,2.413254326,31.68224124,31.8152348,32.39215498
3086.1,1615.487872,3243.756771,1879.316735,1943.33808,4.872387175,64.74266412,3.52614196,115.0759693,4.70618776,2.550190178,0.878463086,2.507584609,91.88632917,2.41308269,31.66952153,31.76388468,32.37428122
3086.2524,1614.546174,3241.865535,1878.201993,1942.193762,4.870974374,65.15831315,3.521838949,114.783312,4.672552963,2.547750728,0.876448469,2.50923493,91.96405176,2.413080178,31.65823001,31.74630027,32.36175869
3086.4048,1609.672395,3232.079031,1872.513292,1936.319786,4.857415164,65.38031543,3.507158417,114.2018133,4.628571033,2.53914151,0.872310755,2.50341351,91.99814335,2.412284811,31.64791933,31.65141003,32.33758075
3086.5572,1614.644807,3242.062811,1878.279374,1942.291093,4.872945939,65.91171257,3.509178308,114.2975176,4.615168708,2.546141241,0.873529361,2.509721376,92.10510775,2.411772474,31.63830445,31.7501337,32.3430361
3086.7096,1615.684188,3244.149421,1879.470737,1943.531786,4.876317406,66.24626625,3.500863623,114.1062489,4.591615151,2.546968924,0.872635169,2.508567782,92.11707329,2.410961554,31.62875496,31.77151435,32.33699496
3086.862,1618.440445,3249.68337,1882.659566,1946.838036,4.884682368,66.61912351,3.49484704,114.032988,4.574237201,2.550595315,0.872700987,2.508420648,92.01165528,2.410028335,31.61999757,31.82665423,32.33657937
3087.0144,1615.646027,3244.072065,1879.391628,1943.467449,4.876189446,66.73936376,3.475777647,113.5680514,4.542283019,2.545562574,0.8697994,2.498351018,92.03513357,2.409054926,31.61266082,31.77264226,32.32008517
3087.1668,1620.372672,3253.562383,1884.873024,1949.144569,4.890048614,67.0937192,3.469502729,113.6270109,4.534355849,2.552560315,0.871011352,2.496897576,92.00150606,2.40817076,31.60404798,31.86653781,32.32708168
3087.3192,1619.316109,3251.440543,1883.62734,1947.865197,4.886398467,67.18261352,3.449713362,113.2816485,4.511143932,2.550542847,0.869144456,2.485301429,92.19771695,2.407166328,31.59807024,31.84669578,32.3174219
3087.4716,1619.562263,3251.934446,1883.897116,1948.152994,4.886591457,67.29536009,3.431592603,113.0282165,4.49285921,2.550691929,0.868023885,2.47437569,92.26318878,2.406250361,31.59663986,31.85247568,32.3123128
3087.624,1615.326145,3243.428351,1878.953189,1943.049356,4.873100646,67.18887206,3.402905102,112.4603066,4.463621999,2.543857116,0.864549557,2.455726727,92.17407319,2.405241969,31.59273846,31.77010826,32.29415539
3087.7764,1620.349204,3253.513847,1884.780256,1949.084267,4.8870892,67.38285427,3.390955195,112.533532,4.464039883,2.551757866,0.866142505,2.449033507,92.20653468,2.403991545,31.58934927,31.86985343,32.30483596
3087.9288,1620.861273,3254.541688,1885.360512,1949.693345,4.887330118,67.35732334,3.368565103,112.2926197,4.45347981,2.552616639,0.865370495,2.434767549,92.07584389,2.402649426,31.58910917,31.88086941,32.30243242
3088.0812,1622.616705,3258.06609,1887.387164,1951.798167,4.891277938,67.36314515,3.34823272,112.1396923,4.447775649,2.555518847,0.865302985,2.421562101,91.9791359,2.40160988,31.58964989,31.91633956,32.30430853
3088.2336,1618.520225,3249.840385,1882.606986,1946.863899,4.877583085,67.1147431,3.315687709,111.5851601,4.42735291,2.549274859,0.862145281,2.399100266,92.24383662,2.400505661,31.58999839,31.8367084,32.28896612
3088.386,1621.846591,3256.519076,1886.461161,1950.858769,4.886029103,67.12403961,3.297443759,111.5489904,4.431371355,2.554870501,0.86304381,2.386351107,92.39869628,2.399228939,31.59104083,31.90308982,32.29691768
3088.5384,1619.514884,3251.836876,1883.734223,1948.047862,4.877396417,66.88609307,3.267486367,111.1273621,4.42130965,2.55161398,0.860961845,2.364710801,92.12144752,2.397639991,31.59315181,31.85817071,32.28821093
3088.6908,1618.760982,3250.322758,1882.842593,1947.134983,4.873433747,66.69889634,3.240600008,110.817529,4.41720092,2.550895315,0.859756194,2.344948512,92.26642394,2.396151439,31.59614148,31.84429334,32.28459035
3088.8432,1613.95244,3240.667295,1877.235024,1941.345256,4.857073394,66.32367591,3.205512116,110.2326959,4.403949285,2.543811212,0.85645022,2.31922604,92.36319171,2.394509634,31.59796037,31.7506618,32.26881695
3088.9956,1618.855784,3250.512398,1882.924263,1947.238268,4.86951975,66.29387468,3.189662116,110.3207868,4.422127363,2.552101558,0.858439489,2.307453945,92.17933942,2.393043706,31.59871201,31.84809289,32.28314404
3089.148,1619.703571,3252.21432,1883.896791,1948.253459,4.869589152,66.0783072,3.165788874,110.136108,4.431063165,2.554005828,0.858326281,2.289960913,92.28724781,2.391221729,31.5987506,31.8657333,32.28530286
3089.3004,1622.129049,3257.084098,1886.704508,1951.166526,4.874346067,65.92370343,3.145431879,110.0628962,4.445800487,2.558398407,0.859070596,2.274983542,92.30783352,2.389782515,31.59764743,31.9144106,32.29225894
3089.4528,1618.895692,3250.591459,1882.930397,1947.272908,4.862094485,65.54253033,3.114798291,109.6099484,4.446286419,2.553868784,0.856833962,2.252492412,92.28022734,2.388516017,31.59651969,31.85175589,32.28201122
3089.6052,1623.086889,3259.006627,1887.79196,1952.31009,4.872023684,65.44993078,3.100097744,109.6744047,4.47103675,2.561084399,0.858626749,2.241459273,92.19920554,2.387352734,31.59477344,31.93517992,32.29448087
3089.7576,1621.424133,3255.667606,1885.844893,1950.305904,4.86441793,65.12384296,3.074859491,109.3490698,4.480727493,2.559073475,0.857339282,2.222751908,92.05084943,2.386335464,31.59197752,31.90342013,32.28921985
3089.91,1621.00544,3254.826544,1885.344718,1949.798085,4.860564615,64.8512476,3.052795379,109.1138498,4.494883481,2.559016686,0.856728495,2.206496028,91.98576003,2.38548468,31.58971766,31.89614097,32.28760743
3090.0624,1616.074622,3244.925553,1879.596611,1943.863007,4.843114627,64.39133828,3.022991665,108.5816433,4.497697526,2.551831005,0.85378347,2.18496216,92.00861676,2.384679168,31.58971079,31.80008485,32.27218025
3090.2148,1620.407476,3253.62514,1884.623036,1949.070929,4.853217284,64.28376837,3.012917355,108.6914534,4.529933761,2.559258161,0.855883992,2.17825962,91.96889203,2.383931547,31.58867297,31.88631644,32.2850699
3090.3672,1620.255218,3253.319048,1884.433211,1948.88419,4.84983187,63.99271275,2.995361855,108.5080916,4.550772111,2.559584982,0.855665378,2.166516655,91.94930236,2.383144217,31.58737308,31.88428537,32.2842386
3090.5196,1621.406394,3255.630127,1885.75932,1950.265216,4.850374747,63.76473262,2.981531489,108.4180663,4.576120693,2.561924718,0.856150732,2.157841771,91.91901631,2.382545694,31.58798281,31.90790292,32.28704561
3090.672,1616.771164,3246.322649,1880.35547,1944.686099,4.833649915,63.32411882,2.958465181,107.9458638,4.585890655,2.555088186,0.853596239,2.142699245,91.70936745,2.382067754,31.58749227,31.81765293,32.27185893
3090.8244,1619.66256,3252.127918,1883.705334,1948.160199,4.83939207,63.19832932,2.952843041,107.9942959,4.619697015,2.560083274,0.855120857,2.140564883,91.81645007,2.381878245,31.58826972,31.87552738,32.27932545
3090.9768,1616.998986,3246.779336,1880.594621,1944.952636,4.828560375,62.87144113,2.938620831,107.6784327,4.638566641,2.556255126,0.853730641,2.132282151,91.92054436,2.38157572,31.58826528,31.82407638,32.26947114
3091.1292,1616.054121,3244.881755,1879.482739,1943.812344,4.822840022,62.62832406,2.929281389,107.4838449,4.663246568,2.555070336,0.853269153,2.127760786,91.79013875,2.381531707,31.58573502,31.80645505,32.26439561
3091.2816,1611.173571,3235.081694,1873.793644,1937.938267,4.805261971,62.23674779,2.914348472,107.0357908,4.677475435,2.547608547,0.850787811,2.119373846,91.89269389,2.381300793,31.58349873,31.71138139,32.24688488
3091.434,1616.148588,3245.070664,1879.566809,1943.918881,4.816888169,62.2346322,2.921190064,107.2655502,4.722476456,2.555639835,0.853674713,2.127304194,91.76327022,2.381292624,31.57990011,31.81028848,32.25961685
3091.5864,1617.186992,3247.155299,1880.761963,1945.164702,4.816690462,62.08556938,2.922491983,107.2432733,4.756822209,2.557390614,0.854540401,2.131401071,91.78285459,2.381186525,31.57538514,31.83170605,32.26000687
3091.7388,1619.943942,3252.690609,1883.955818,1948.477628,4.821595983,62.02065104,2.928735495,107.3410095,4.79679632,2.561784833,0.856339907,2.139378644,91.74217414,2.381313626,31.57123975,31.88694681,32.26525764
3091.8912,1617.145111,3247.070447,1880.688366,1945.107966,4.809976699,61.76080101,2.926531609,107.0744157,4.820654344,2.557349246,0.855225622,2.141371032,91.76291986,2.381752698,31.56902141,31.83282895,32.25302917
3092.0436,1621.874499,3256.566218,1886.175976,1950.793221,4.820765179,61.8182537,2.941880388,107.3224797,4.867683237,2.564749408,0.858203846,2.156605761,91.77052963,2.382429699,31.56771896,31.92689878,32.26372117
3092.196,1620.815379,3254.439231,1884.931751,1949.515954,4.81441184,61.67315018,2.948257148,107.1921674,4.897528271,2.562961319,0.85813737,2.165419965,91.76176067,2.383217007,31.56833808,31.90701562,32.2562615
3092.3484,1621.060259,3254.930545,1885.203909,1949.807009,4.811980817,61.59397187,2.958536247,107.1532599,4.931286267,2.5631891,0.858783789,2.177327707,91.64078584,2.38415594,31.56801561,31.91280291,32.25246141
3092.5008,1616.818803,3246.413734,1880.258615,1944.701869,4.796215837,61.34682247,2.961685417,106.8248801,4.951093485,2.556303457,0.857104249,2.184150355,91.61619538,2.385212752,31.56830113,31.83027592,32.23463321
3092.6532,1621.845309,3256.506081,1886.091427,1950.744236,4.807906725,61.4582804,2.984765237,107.128472,4.998580305,2.564041385,0.860490971,2.205974583,91.49225039,2.386378722,31.56867051,31.93020641,32.24579379
3092.8056,1622.356755,3257.532633,1886.673631,1951.355941,4.806228275,61.40051305,3.000572553,107.1415444,5.031804204,2.564630915,0.861536145,2.222589228,91.82973962,2.387206204,31.56941124,31.94123971,32.24299634
3092.958,1624.112779,3261.058173,1888.703137,1953.464523,4.808294657,61.39946755,3.01984908,107.2403384,5.068539384,2.567178023,0.863279391,2.24199371,91.78477239,2.388266461,31.56789451,31.97677349,32.24400027
3093.1104,1620.011535,3252.822896,1883.921014,1948.52793,4.793066223,61.18542496,3.029142999,106.9535243,5.086561971,2.560475446,0.861943043,2.254156667,91.88740284,2.389346177,31.56928829,31.896988,32.22677621
3093.2628,1623.340138,3259.506014,1887.779025,1952.527764,4.799867626,61.26615141,3.054648874,107.1669565,5.126432864,2.56553096,0.864677133,2.278548063,92.08850079,2.3903776,31.57213877,31.96349155,32.23306699
3093.4152,1621.005511,3254.817927,1885.051244,1949.715884,4.789981531,61.14385383,3.070512574,107.008505,5.148042485,2.561635596,0.864426118,2.295823937,91.92821394,2.391272031,31.5740589,31.91848385,32.22172385
3093.5676,1620.250201,3253.300949,1884.159958,1948.803516,4.784791719,61.08757294,3.09021643,106.9566335,5.174087923,2.560233091,0.865055903,2.31596706,92.04635945,2.392339577,31.57537565,31.90457666,32.21539095
3093.72,1615.436599,3243.635322,1878.549308,1943.009942,4.767579965,60.87415306,3.102508288,106.6416613,5.186198348,2.552415802,0.863567441,2.330420668,91.9574584,2.393441204,31.57792323,31.81076428,32.19651034
3093.8724,1620.344007,3253.488513,1884.243069,1948.908707,4.779000724,61.01684353,3.13421627,106.9811871,5.226589416,2.559991677,0.8674053,2.359152593,91.85771875,2.394749721,31.58290905,31.9083762,32.20922544
3094.0248,1621.192212,3255.191233,1885.216685,1949.92528,4.778434009,61.00235371,3.158377206,107.0580498,5.252868154,2.561165977,0.869122064,2.382023305,91.86535015,2.395886076,31.58629807,31.92604644,32.20959235
3094.1772,1623.619593,3260.06478,1888.026732,1952.841295,4.782522592,61.04466117,3.185879278,107.2399623,5.283393565,2.564879396,0.871737083,2.407280065,91.80719387,2.397353165,31.5893566,31.97481233,32.21542714
3094.3296,1620.382943,3253.565524,1884.250346,1948.944793,4.769917935,60.87081682,3.202305989,107.046358,5.294598999,2.559699253,0.871353417,2.424079209,91.94397635,2.398549783,31.59231547,31.91203549,32.20389729
3094.482,1624.577743,3261.987871,1889.115603,1953.986653,4.779171977,60.96394952,3.233077581,107.3456094,5.326785922,2.566373906,0.875062894,2.451439944,91.82570361,2.399792764,31.5948732,31.99561385,32.21697384
3094.6344,1622.913217,3258.645288,1887.167468,1951.981116,4.771212118,60.83630965,3.252224518,107.2564514,5.338756164,2.563852749,0.875651766,2.469901928,91.63795176,2.401182455,31.59320998,31.96379043,32.21208481
3094.7868,1622.493897,3257.802953,1886.667259,1951.473264,4.766909345,60.74807799,3.273461012,107.2483777,5.353495756,2.563370747,0.876949559,2.489770772,91.5429897,2.402703326,31.59163114,31.95649395,32.21171643
3094.9392,1617.558335,3247.892462,1880.915405,1945.533452,4.749305849,60.47747205,3.284647289,106.9432296,5.351533274,2.555797352,0.875827121,2.501728453,91.50469489,2.404125347,31.59226723,31.86025251,32.19758466
3095.0916,1621.895042,3256.599749,1885.945524,1950.746071,4.758860306,60.52090025,3.312229676,107.2556866,5.375404064,2.562978205,0.879774702,2.525541049,91.21027058,2.405442613,31.59233406,31.94664368,32.21420914
3095.244,1621.742551,3256.293189,1885.755698,1950.559352,4.755229041,60.3833119,3.329661649,107.2733265,5.382556952,2.563119805,0.881308965,2.54135274,91.18297733,2.406507677,31.58838654,31.94460521,32.21726093
3095.3964,1622.894669,3258.606153,1887.08293,1951.941842,4.755380629,60.27804481,3.34870068,107.3753678,5.392515695,2.565421905,0.883588642,2.558197782,91.16770992,2.407613971,31.59230134,31.96826389,32.22523323
3095.5488,1618.255034,3249.289874,1881.675558,1946.358326,4.738510002,59.94231887,3.354710257,107.0909854,5.381929512,2.558653727,0.88274117,2.564976829,91.19315574,2.408535362,31.59606502,31.87783962,32.21552856
3095.7012,1621.148925,3255.100148,1885.0281,1949.835913,4.743606576,59.84940454,3.373169079,107.3013749,5.392114528,2.563937987,0.886026517,2.580809646,91.46187687,2.409350678,31.60013127,31.93581997,32.23104589
3095.8536,1618.482721,3249.746328,1881.915586,1946.626185,4.732395392,59.5389616,3.379021332,107.1409172,5.382485664,2.5605023,0.886291318,2.586887135,91.72612405,2.409750953,31.60328082,31.88426807,32.2296018
3096.006,1617.536774,3247.846611,1880.803362,1945.4856,4.726140203,59.27458127,3.386911457,107.0917786,5.376960652,2.559857762,0.887506903,2.594319698,91.57152123,2.410116055,31.6060838,31.86660984,32.23432336
3096.1584,1612.651544,3238.037224,1875.110677,1939.607129,4.708310435,58.84889842,3.38464413,106.7821226,5.356401859,2.55298382,0.886531423,2.593658769,91.70580091,2.410233703,31.60856031,31.77135275,32.22696873
3096.3108,1617.630966,3248.035041,1880.88824,1945.593489,4.719194093,58.74232877,3.398291879,107.1257383,5.363468174,2.561748928,0.890896882,2.604426183,91.73769854,2.410592947,31.61026898,31.87044327,32.25187074
3096.4632,1618.670184,3250.121347,1882.084536,1946.84094,4.718549009,58.47732327,3.401818321,107.2090617,5.355547996,2.564284151,0.893061414,2.607126598,91.73966302,2.410676658,31.61104637,31.89189775,32.26466756
3096.6156,1621.429492,3255.66142,1885.280999,1950.157378,4.722843466,58.25470288,3.407127552,107.403647,5.351775571,2.569604202,0.89616931,2.610989145,91.63151199,2.410719637,31.61218401,31.9472394,32.28343466
3096.768,1618.627884,3250.035758,1882.011687,1946.785583,4.710869289,57.81450142,3.399165844,107.2262545,5.328491079,2.566158525,0.896194835,2.604539701,91.61304881,2.410708321,31.61580985,31.89301563,32.28507606
3096.9204,1623.361358,3259.539757,1887.503686,1952.47666,4.720744842,57.60375483,3.402479851,107.5416394,5.326186195,2.57470845,0.900305591,2.606222009,91.6727241,2.410696845,31.61930737,31.98725976,32.31091971
3097.0728,1622.300974,3257.410303,1886.259201,1951.199338,4.713734128,57.17275333,3.392196469,107.4690669,5.303669699,2.57412541,0.901193735,2.597390568,91.65767789,2.41043077,31.62408287,31.96733546,32.31895706
3097.2252,1622.545741,3257.901457,1886.532248,1951.491821,4.710467917,56.77150923,3.382801771,107.4791498,5.283986553,2.575654362,0.90277888,2.589113293,91.41229632,2.410133295,31.62810193,31.97313015,32.33139289
3097.3776,1618.300059,3249.376258,1881.584164,1946.383447,4.694153997,56.20226648,3.362060927,107.1906495,5.248093734,2.570020456,0.901789486,2.571905193,91.32584889,2.409662907,31.63308771,31.89044358,32.32977461
3097.53,1623.330851,3259.477247,1887.421728,1952.43215,4.704777974,55.92811647,3.35543529,107.514579,5.238354124,2.579004235,0.905753369,2.564819307,91.60083106,2.408977414,31.63839827,31.99055939,32.3567183
3097.6824,1623.842455,3260.504186,1888.004966,1953.045478,4.70233375,55.48889999,3.33758187,107.5385766,5.212489628,2.580777081,0.907118199,2.548923528,91.70810518,2.408006458,31.64346027,32.00161,32.36945887
3097.8348,1625.599752,3264.032346,1890.036579,1955.157052,4.703486036,55.07728759,3.320501787,107.6425305,5.189492901,2.584534804,0.909129722,2.533522909,91.69843422,2.407013962,31.64864551,32.03720742,32.38600665
3097.9872,1621.494395,3255.788912,1885.251805,1950.217417,4.687653007,54.45315293,3.289954865,107.3556518,5.147092038,2.57896364,0.907816715,2.507761673,91.67275227,2.406066643,31.65478481,31.9572676,32.38426205
3098.1396,1624.825676,3262.477459,1889.113274,1954.221957,4.693351994,54.05449587,3.270277829,107.5570812,5.126239725,2.58509675,0.910465401,2.489858601,91.74494991,2.40467568,31.66128645,32.02389328,32.40464762
3098.292,1622.488529,3257.784403,1886.384331,1951.408918,4.682685744,53.45594359,3.237780765,107.3809466,5.086926894,2.582198915,0.909887127,2.462138713,91.68533671,2.403119548,31.66573752,31.978797,32.40736331
3098.4444,1621.732143,3256.265344,1885.493177,1950.49703,4.676607068,52.90117574,3.206888689,107.3081851,5.052028529,2.581761724,0.910115529,2.435594454,92.10316163,2.401503463,31.67131892,31.96485997,32.41459377
3098.5968,1616.913787,3246.590278,1879.879224,1944.69956,4.658882577,52.21550719,3.166461514,106.9679421,5.003984812,2.574725024,0.907934497,2.401641987,91.6024234,2.399654112,31.67305766,31.87086676,32.40860597
3098.7492,1621.825415,3256.451973,1885.577474,1950.604276,4.669385168,51.84936671,3.141375366,107.2734969,4.984917466,2.582845905,0.91088011,2.378788116,91.63690553,2.397865157,31.67329077,31.96865951,32.43077818
3098.9016,1622.674174,3258.15586,1886.55213,1951.6224,4.668293159,51.35728922,3.107101357,107.3118487,4.952995345,2.584363251,0.911413013,2.348819055,91.72263182,2.395637702,31.67477642,31.98635959,32.43965266
3099.054,1625.10358,3263.033514,1889.364464,1954.541525,4.671806522,50.9130166,3.074759343,107.4549481,4.925892505,2.588291188,0.912734748,2.320254905,91.72566444,2.393785192,31.67561963,32.03521406,32.4525825
3099.2064,1621.863795,3256.528037,1885.585664,1950.64214,4.659045437,50.28809673,3.030857681,107.2228674,4.881826433,2.583093205,0.91079111,2.282903672,91.54928273,2.391723217,31.67618358,31.97231509,32.44734325
3099.3588,1626.062305,3264.957846,1890.454497,1955.688672,4.667792718,49.90090618,2.998672092,107.4828261,4.860690569,2.589432111,0.912750523,2.254015287,91.36547261,2.389654265,31.67620382,32.05604777,32.46270394
3099.5112,1624.396145,3261.612026,1888.505096,1953.681633,4.659737833,49.33186805,2.95500296,107.3538917,4.822329347,2.58635201,0.911345474,2.216441689,91.2137193,2.387587678,31.67492311,32.02416073,32.45935617
3099.6636,1623.976354,3260.768775,1888.004594,1953.173483,4.65531424,48.80532206,2.913138094,107.3071565,4.788233695,2.585132121,0.910543271,2.180160249,90.71814103,2.38547014,31.67238236,32.01684693,32.45882254
3099.816,1619.036235,3250.849188,1882.248617,1947.228471,4.638030262,48.15958363,2.862908754,106.96319,4.741435728,2.576544541,0.907075801,2.137493919,90.81833561,2.383402909,31.66766007,31.92042017,32.44326366
3099.9684,1623.376965,3259.564526,1887.28197,1952.445164,4.647615239,47.83476888,2.828431403,107.2373087,4.723597368,2.582277468,0.908457509,2.10616656,90.8534943,2.381195714,31.66179187,32.00697091,32.45346411
3100.1208,1623.22444,3259.257893,1887.091568,1952.257644,4.644456787,47.39597718,2.786040118,107.2163945,4.693392617,2.58069679,0.907196007,2.068789794,90.76574038,2.378839348,31.65585374,32.00492505,32.44872021
3100.2732,1624.377756,3261.573243,1888.419214,1953.640553,4.64510054,47.00667024,2.745970613,107.283429,4.667913223,2.581037549,0.906562127,2.03297966,90.59290917,2.37673961,31.65017103,32.02862487,32.44675714
3100.4256,1619.734053,3252.248804,1883.007427,1948.051289,4.629194406,46.45795833,2.696218589,106.9691176,4.626642613,2.572035314,0.902612063,1.989856282,90.80376839,2.374553696,31.64382136,31.9380263,32.42573795
3100.578,1622.630843,3258.064843,1886.361525,1951.530651,4.635034309,46.16673934,2.659614433,107.1584831,4.609656086,2.574615121,0.902599651,1.95609217,91.20853068,2.372498243,31.64118204,31.99611255,32.4252664
3100.7304,1619.962483,3252.706668,1883.245929,1948.316776,4.625025976,45.72738561,2.614181139,106.9823807,4.578008624,2.5682408,0.899413992,1.915676263,91.21761069,2.370259064,31.63594029,31.94445977,32.40639335
3100.8828,1619.016,3250.805828,1882.131919,1947.173658,4.620013392,45.35604957,2.57227538,106.9237833,4.552904634,2.564432092,0.897089047,1.87766444,91.02367702,2.368176194,31.62945972,31.92676462,32.39150282
3101.0352,1614.126683,3240.988208,1876.434056,1941.288316,4.603884362,44.90690269,2.525194696,106.6097645,4.518514529,2.554196746,0.892467437,1.835761132,91.0485639,2.366184032,31.61590978,31.83132411,32.3629247
3101.1876,1619.111157,3250.996062,1882.214186,1947.277576,4.616270995,44.81372356,2.496169599,106.9582801,4.515951038,2.559146257,0.893025123,1.806828281,91.33763127,2.364547426,31.60350802,31.93059805,32.362782
3101.34,1620.151874,3253.085292,1883.409672,1948.523608,4.61756986,44.64443022,2.462247482,107.0510582,4.504181297,2.557694893,0.891301868,1.774266876,91.31638437,2.362763112,31.59089839,31.95208945,32.34911318
3101.4924,1622.914305,3258.631529,1886.606609,1951.840229,4.623861313,44.54568524,2.432018017,107.2619383,4.498847862,2.558804403,0.890442873,1.744239232,91.31559921,2.36121537,31.5775212,32.00753198,32.33967831
3101.6448,1620.110757,3253.001898,1883.333145,1948.462723,4.614331134,44.31086313,2.394273167,107.1081103,4.479234185,2.551014573,0.886471291,1.708766686,91.41811204,2.359883876,31.56907225,31.95320232,32.3115167
3101.7972,1624.849262,3262.515864,1888.826919,1954.155563,4.626485678,44.34467331,2.370478507,107.4604937,4.483953495,2.554782828,0.886460257,1.683323544,91.3152602,2.358704797,31.55994966,32.04762074,32.30521173
3101.9496,1623.788622,3260.385794,1887.579428,1952.873919,4.622165903,44.23460301,2.339037449,107.4312287,4.473835909,2.549330329,0.88323734,1.652436445,91.13351833,2.357705617,31.55033324,32.0276553,32.27939697
3102.102,1624.034361,3260.878782,1887.850451,1953.163296,4.621623825,44.18188128,2.310734906,107.4908954,4.46889104,2.545815352,0.880675912,1.623771874,90.81583773,2.356839702,31.53872204,32.03345738,32.25664338
3102.2544,1619.785557,3252.347227,1882.896598,1948.047049,4.608401297,44.04070224,2.277740133,107.2557045,4.453322205,2.535156424,0.875632783,1.591981292,90.9512493,2.356013003,31.52639459,31.95061124,32.21847003
3102.4068,1624.821798,3262.458993,1888.735687,1954.097095,4.621911296,44.24283936,2.262370782,107.6429051,4.467499858,2.538798284,0.875504259,1.573072779,90.96912876,2.355186435,31.51664601,32.05091238,32.20927215
3102.5592,1625.334721,3263.488447,1889.316713,1954.707017,4.622681078,44.35508089,2.242414763,107.7326361,4.470813539,2.535293003,0.872901555,1.551186785,91.16431094,2.354286731,31.50650657,32.0619803,32.18480013
3102.7116,1627.094495,3267.021438,1891.347066,1956.816383,4.627053066,44.52383309,2.225470954,107.9070711,4.478555289,2.533657913,0.870942986,1.531501926,91.10069051,2.353730824,31.49678383,32.09764135,32.16374874
3102.864,1622.986225,3258.772058,1886.556276,1951.868519,4.614751807,44.54892257,2.201501656,107.6940206,4.470627532,2.52283218,0.865833431,1.507131909,91.06240786,2.353283219,31.48917222,32.0175472,32.12275937
3103.0164,1626.321437,3265.46835,1890.417602,1955.872281,4.623779001,44.84477907,2.191563901,107.9808089,4.48564538,2.523475258,0.864689311,1.493068494,91.24828218,2.352774325,31.48230728,32.08429501,32.10609258
3103.1688,1623.983,3260.772601,1887.683942,1953.052686,4.616709539,45.00147407,2.175139801,107.8930002,4.485642898,2.515281514,0.860529183,1.474750609,91.11823812,2.352425157,31.47026645,32.03911014,32.07011482
3103.3212,1623.226776,3259.253757,1886.789305,1952.135817,4.614198782,45.22555212,2.162414629,107.9130734,4.490935735,2.509525404,0.857222419,1.459167994,91.11922191,2.352212898,31.4592223,32.02514328,32.03916472
3103.4736,1618.404833,3249.571414,1881.168578,1946.329225,4.600248954,45.37117847,2.146530737,107.6659303,4.486451029,2.497509045,0.851806297,1.441878784,91.11514623,2.351868214,31.44608331,31.93096924,31.99456557
3103.626,1623.321818,3259.443732,1886.867732,1952.23458,4.614262117,45.87661928,2.149220243,108.072682,4.51222037,2.500603271,0.851625954,1.438350061,91.29489672,2.351689677,31.43401536,32.02894283,31.98482703
3103.7784,1624.172172,3261.15073,1887.840038,1953.249253,4.616842991,46.30012714,2.148715593,108.2112419,4.527915425,2.497480562,0.849359597,1.433164424,91.26212229,2.351372066,31.4217904,32.04667273,31.96193319
3103.9308,1626.604609,3266.034374,1890.65128,1956.16655,4.623966854,46.78945818,2.151664397,108.4570082,4.548191645,2.49683116,0.847964645,1.430658189,91.49232504,2.351636541,31.40557657,32.09561579,31.94515706
3104.0832,1623.362594,3259.524375,1886.866912,1952.259716,4.614960454,47.1296209,2.148046067,108.3255174,4.552348766,2.487509581,0.843656103,1.424142461,91.3941065,2.351853924,31.39033963,32.03259469,31.90939386
3104.2356,1627.56568,3267.96329,1891.736091,1957.306341,4.627202282,47.73745217,2.158053522,108.6928341,4.578015541,2.489759668,0.843379889,1.427932844,91.43891361,2.352246222,31.37626868,32.1164817,31.90193598
3104.388,1625.898646,3264.615687,1889.782445,1955.293626,4.622744645,48.18345088,2.161051855,108.6682425,4.58678485,2.483076509,0.840110343,1.427457625,91.07670015,2.352810135,31.36212219,32.08453103,31.87480342
3104.5404,1625.479096,3263.772892,1889.278721,1954.781126,4.621830756,48.67904347,2.166654894,108.7266723,4.59872692,2.47838217,0.837555443,1.429164365,91.13069079,2.353437594,31.34951774,32.07719992,31.85305868
3104.6928,1620.535006,3253.845343,1883.516008,1948.827356,4.608103761,49.05914388,2.167875778,108.4818412,4.598427209,2.466918489,0.832768543,1.428596212,90.96147508,2.354193649,31.33843523,31.98058784,31.81674931
3104.8452,1624.880264,3262.569736,1888.549991,1954.044672,4.620940147,49.77531581,2.186302391,108.8577574,4.62598302,2.46996139,0.833039864,1.441071667,90.76449826,2.35507746,31.32839913,32.06729815,31.81767725
3104.9976,1624.728069,3262.263771,1888.356765,1953.853446,4.621038312,50.37225938,2.200293419,108.9311417,4.641082288,2.466313031,0.831112763,1.451274724,90.41728614,2.355729219,31.31921525,32.06524489,31.8044642
3105.15,1625.882873,3264.582116,1889.682674,1955.234068,4.624830038,51.01969704,2.216843566,109.0906006,4.659095339,2.464771175,0.829945924,1.463714912,90.39546001,2.356629667,31.31141327,32.08898584,31.79759256
3105.3024,1621.235244,3255.249859,1884.264698,1949.636941,4.612071795,51.49131767,2.226040511,108.8593722,4.659626201,2.454533406,0.825897104,1.471758452,90.3635742,2.3575825,31.3050664,31.99821299,31.77147922
3105.4548,1624.13499,3261.07186,1887.618619,1953.116126,4.620778836,52.22898095,2.248613055,109.1320482,4.681281136,2.456098549,0.825980033,1.490072841,90.5927979,2.358738512,31.30370281,32.05640514,31.77690008
3105.6072,1621.464377,3255.709245,1884.49861,1949.896779,4.613595595,52.7927582,2.264146525,109.0293819,4.685985692,2.449361469,0.823323656,1.504172025,91.07233468,2.359676692,31.30001547,32.00465147,31.76402069
3105.7596,1620.517174,3253.807046,1883.38161,1948.750047,4.611283405,53.41865374,2.282950939,109.0413832,4.69484036,2.445401087,0.821665706,1.520958611,91.15749189,2.360581252,31.29668094,31.9869194,31.75940344
3105.912,1615.623432,3243.98067,1877.677798,1942.857406,4.59777555,53.9240674,2.297786207,108.7867034,4.692693093,2.43571339,0.818163281,1.535646308,91.15495943,2.361685107,31.28577379,31.89129547,31.74288697
3106.0644,1620.612525,3253.997875,1883.459796,1948.849332,4.612486503,54.77941015,2.330617784,109.1931465,4.720375788,2.441505006,0.820067613,1.563832801,91.30459751,2.36292754,31.27837717,31.99075284,31.76784506
3106.2168,1621.654155,3256.089054,1884.654211,1950.094371,4.616002798,55.50851526,2.359292657,109.3320385,4.736842449,2.44158769,0.820135335,1.589788659,91.22227477,2.36416163,31.27059468,32.01228114,31.78088837
3106.3692,1624.419043,3261.640341,1887.851491,1953.411833,4.624401224,56.29841305,2.391171924,109.5852608,4.757570766,2.444449987,0.821201376,1.618405963,91.16474613,2.365571517,31.26722098,32.06782456,31.80214563
3106.5216,1621.612761,3256.005386,1884.574155,1950.029878,4.616906913,56.89443941,2.415257679,109.460978,4.761373626,2.439064233,0.819546847,1.642119812,91.24279739,2.367155076,31.27475204,32.01338901,31.80506238
3106.674,1626.355452,3265.527879,1890.070012,1955.725849,4.630888657,57.75042502,2.452377544,109.8404469,4.787084842,2.445487609,0.822020728,1.675742868,91.05087724,2.368895948,31.28463422,32.10798171,31.83926395
3106.8264,1625.293594,3263.395535,1888.820231,1954.441835,4.628300356,58.39587845,2.480890949,109.825666,4.79483844,2.443309818,0.821650623,1.703861952,91.10279307,2.370640917,31.2939756,32.08797515,31.85415984
3106.9788,1625.539294,3263.888613,1889.090034,1954.730219,4.629401408,59.08164766,2.511527333,109.8965439,4.805709191,2.443255185,0.822047269,1.733841342,91.06896285,2.372614718,31.30462929,32.09378462,31.87523426
3107.1312,1621.28627,3255.348786,1884.131599,1949.608736,4.61771284,59.59609775,2.535792931,109.6604614,4.803789436,2.436642581,0.820298354,1.759725319,91.12538654,2.374699255,31.3179403,32.0107789,31.88198838
3107.2836,1626.326851,3265.469406,1889.973378,1955.662754,4.632567721,60.42936261,2.576395276,110.0452661,4.83116937,2.444555028,0.823607316,1.7976773,91.11603136,2.376833541,31.33422766,32.11126536,31.92540489
3107.436,1626.839911,3266.499304,1890.553724,1956.272387,4.634553751,61.08448425,2.610345204,110.1203576,4.845563001,2.44586622,0.824752581,1.831307746,90.892517,2.378897074,31.35159225,32.1223506,31.95407011
3107.5884,1628.600972,3270.035037,1892.584392,1958.382721,4.64008699,61.77691415,2.646361677,110.2767936,4.863584154,2.449188856,0.826619481,1.866707743,90.59059456,2.381233024,31.36963771,32.15807527,31.98790808
3107.7408,1624.488563,3261.777544,1887.789471,1953.430183,4.628874812,62.23770941,2.67281211,110.0330181,4.864251712,2.443770367,0.825566385,1.895543032,91.08622337,2.383653685,31.39002079,32.0778268,32.00193169
3107.8932,1627.826535,3268.479515,1891.652432,1957.436545,4.638913944,62.9510185,2.712009989,110.2868849,4.888768152,2.449937781,0.828535572,1.933695269,91.356097,2.385919909,31.41109601,32.14469674,32.04367518
3108.0456,1625.485606,3263.778937,1888.916136,1954.614138,4.632752231,63.43321309,2.741693135,110.1535235,4.896259121,2.447661219,0.82868201,1.965213466,91.3504393,2.38809703,31.43146767,32.09942329,32.06626285
3108.198,1624.728353,3262.258191,1888.020106,1953.696028,4.631104735,63.9625088,2.774037495,110.1250709,4.908955368,2.447893239,0.829712537,1.998707946,91.33344827,2.390340614,31.45224221,32.0854266,32.09466821
3108.3504,1619.901619,3252.566416,1882.394967,1947.88436,4.617896182,64.31193082,2.799628159,109.8185786,4.910681202,2.442168634,0.828762889,2.027189087,91.11855337,2.392431828,31.46869653,31.99107171,32.10957557
3108.5028,1624.822846,3262.447361,1888.097231,1953.794124,4.632582856,64.99391567,2.842378594,110.166259,4.94552406,2.451581782,0.833044494,2.067663874,91.17310529,2.394613096,31.48466295,32.08922614,32.15855327
3108.6552,1625.673689,3264.155469,1889.069631,1954.809366,4.635711325,65.49167735,2.878172342,110.2354407,4.96931065,2.455024597,0.83533419,2.102913998,91.27602217,2.396585701,31.50100969,32.10698588,32.19361545
3108.8076,1628.108111,3269.043207,1891.882166,1957.728718,4.643396179,66.03773227,2.916831905,110.4099993,4.999281421,2.460946633,0.83848679,2.140118411,91.39467437,2.398803925,31.5248397,32.15601752,32.23351944
3108.96,1624.86288,3262.526885,1888.094769,1953.818406,4.63491922,66.34116709,2.945272269,110.1979751,5.013180711,2.45832736,0.838735356,2.1696337,91.46693204,2.400968335,31.54885955,32.0928743,32.25398434
3109.1124,1629.069732,3270.973415,1892.96655,1958.86858,4.64779269,66.89980415,2.986675054,110.4864008,5.053745998,2.467185868,0.842922807,2.207962433,91.45916971,2.403142581,31.57642829,32.17691563,32.29834599
3109.2648,1627.401088,3267.622656,1891.011039,1956.853688,4.643931587,67.20351975,3.017089187,110.3746435,5.077207412,2.467176105,0.844082351,2.237979611,91.27689385,2.40535578,31.60409266,32.14490132,32.32267803
3109.4172,1626.981139,3266.77911,1890.506356,1956.340101,4.643678976,67.54214623,3.049580179,110.3461676,5.10620424,2.469085465,0.845894134,2.269186324,91.30904883,2.407377,31.62465003,32.1375529,32.35032236
3109.5696,1622.032507,3256.842508,1884.739271,1950.380857,4.630554688,67.66859915,3.073123678,110.0093509,5.122746455,2.464185814,0.845366101,2.293195754,91.48405765,2.409399588,31.64394145,32.0407555,32.36243422
3109.722,1626.381909,3265.575191,1889.775934,1955.601518,4.644096393,68.11337949,3.112827026,110.2992792,5.173063777,2.473598875,0.849730002,2.327808631,91.28236551,2.411299246,31.6612685,32.12762538,32.40307878
3109.8744,1626.229746,3265.269272,1889.582002,1955.40928,4.644836376,68.34371968,3.143391618,110.2823246,5.210785525,2.476226462,0.851754487,2.355040445,91.06058893,2.412931197,31.67774989,32.12556474,32.42811352
3110.0268,1627.385866,3267.590209,1890.908133,1956.789983,4.649374361,68.61231558,3.17623314,110.3531366,5.254934734,2.480841803,0.854444241,2.383442666,90.92521083,2.414759141,31.6956559,32.14934682,32.45620699
3110.1792,1622.73426,3258.249933,1885.485937,1951.18722,4.637371054,68.62346281,3.197431197,110.0296966,5.282288436,2.476577669,0.854052344,2.402631179,90.93135144,2.416396453,31.71254699,32.05839968,32.46464759
3110.3316,1625.637141,3264.078106,1888.84126,1954.667747,4.647057887,68.89960683,3.23183727,110.2168141,5.338542834,2.483846303,0.857572508,2.430215455,91.25029247,2.41818497,31.72058539,32.11669772,32.49481312
3110.484,1622.96457,3258.711454,1885.718414,1951.444298,4.640835332,68.92412123,3.254742879,110.0253171,5.378225735,2.482571523,0.858118648,2.448620628,91.05521738,2.419500649,31.72839371,32.06484317,32.5060773
3110.6364,1622.017057,3256.808496,1884.599842,1950.295005,4.639574943,69.00307662,3.280638508,109.9507413,5.425737776,2.483904231,0.859532658,2.46850297,91.35744387,2.42089106,31.7361383,32.04707419,32.52153837
3110.7888,1617.119363,3246.974066,1878.891527,1944.396061,4.627023911,68.88618124,3.297571104,109.608785,5.461433768,2.479185145,0.858813891,2.480738411,91.4187402,2.422189432,31.74402656,31.95126683,32.52310535
3110.9412,1622.11371,3257.00161,1884.676513,1950.391093,4.642824417,69.11703615,3.331691893,109.9376463,5.533533331,2.489608252,0.863233189,2.503780315,91.62003736,2.423159658,31.75252805,32.05090762,32.55296944
3111.0936,1623.156953,3259.095834,1885.870992,1951.635504,4.647326942,69.15045409,3.356610452,109.9987341,5.593325669,2.493960883,0.865507497,2.519045505,91.02712263,2.423773358,31.75986822,32.07247284,32.56885367
3111.246,1625.925105,3264.653452,1889.069592,1954.953866,4.65681066,69.23995192,3.384470034,110.1772124,5.660921769,2.500913586,0.868640836,2.535746511,91.07069593,2.424642168,31.76724702,32.12811715,32.58879298
3111.3984,1623.116974,3259.014585,1885.789344,1951.567397,4.650369923,69.080695,3.400121458,109.9786998,5.710526679,2.499227525,0.868732522,2.542730088,91.37573912,2.425644913,31.77735236,32.07357569,32.59005739
3111.5508,1627.864909,3268.54733,1891.287888,1957.26583,4.66565279,69.19650258,3.428869681,110.2942544,5.788958597,2.509019263,0.872688112,2.557857423,91.35968919,2.426570715,31.78350661,32.16834269,32.61206474
3111.7032,1626.80297,3266.414566,1890.036382,1955.978635,4.664332731,69.054881,3.444716845,110.2167391,5.847982772,2.509781656,0.873459658,2.562851133,91.39243042,2.427260392,31.79860989,32.14829499,32.61473512
3111.8556,1627.04985,3266.909735,1890.305388,1956.264956,4.666806976,68.95696549,3.462552993,110.2290499,5.912947678,2.512476456,0.874850323,2.568660154,91.49924809,2.42794864,31.81168359,32.15411185,32.6202622
3112.008,1622.793821,3258.363625,1885.342817,1951.13719,4.656366127,68.649032,3.469459449,109.9379751,5.961571277,2.508142283,0.873734773,2.565628694,91.39325836,2.42861381,31.82366038,32.07094656,32.61039815
3112.1604,1627.840015,3268.495196,1891.187492,1957.193803,4.672592578,68.6794991,3.492180133,110.2811389,6.043479594,2.517983004,0.877399701,2.572488612,91.35840295,2.42902291,31.82718339,32.17161834,32.62656076
3112.3128,1628.354475,3269.527618,1891.767381,1957.801795,4.67581109,68.49864284,3.503680039,110.3185365,6.108268143,2.520737229,0.878535755,2.570428166,91.42995162,2.429131813,31.83046703,32.1827209,32.6273046
3112.4652,1630.118128,3273.06825,1893.798488,1959.911582,4.682651944,68.36061165,3.516824166,110.4420245,6.178062657,2.525340162,0.88026095,2.569085138,91.11593289,2.429175323,31.83151615,32.2185092,32.63099154
3112.6176,1626.002865,3264.804762,1888.999588,1954.952909,4.672638655,67.97119763,3.516377584,110.1689358,6.225596182,2.520756048,0.878736825,2.557493896,91.13837022,2.429200428,31.83121177,32.1381064,32.61549395
3112.77,1629.344907,3271.514584,1892.864146,1958.960169,4.684034807,67.86463162,3.52855661,110.4060799,6.299698165,2.527495955,0.881018574,2.553971636,91.11793138,2.428854987,31.8282944,32.20509847,32.62106444
3112.9224,1627.002763,3266.811294,1890.125198,1956.1333,4.679095791,67.51528351,3.527415019,110.2595381,6.351545004,2.525332018,0.880149028,2.540493429,91.16442983,2.428385234,31.82409218,32.15973643,32.6079662
3113.0748,1626.245752,3265.290749,1889.227717,1955.212259,4.678682302,67.22428357,3.528490584,110.2224005,6.408680655,2.525536531,0.880052255,2.528231681,91.19356834,2.427913951,31.81991341,32.14570991,32.59900519
3113.2272,1621.415369,3255.59142,1883.598215,1949.394091,4.666444644,66.75171592,3.5190826,109.9116993,6.447499515,2.519320448,0.877662534,2.507972488,91.17279742,2.426863319,31.81001554,32.05117419,32.57610943
3113.3796,1626.341853,3265.482655,1889.30361,1955.306959,4.682065673,66.64738081,3.526321766,110.2688446,6.518751899,2.527997193,0.880313869,2.49849141,91.33720967,2.425921804,31.80718751,32.14950945,32.58198558
3113.532,1627.194062,3267.193296,1890.276232,1956.321741,4.685856282,66.36210287,3.522926154,110.3518301,6.571002232,2.530245186,0.880672013,2.481091232,91.29702151,2.424742594,31.80324863,32.16729902,32.57407526
3113.6844,1629.63128,3272.086441,1893.090216,1959.242224,4.694169779,66.13593707,3.521537472,110.5443845,6.627497866,2.534881546,0.881817717,2.464984359,91.23452859,2.423558726,31.80862806,32.21641925,32.57081605
3113.8368,1626.383495,3265.564848,1889.30008,1955.327839,4.686093207,65.67859913,3.506770941,110.3534601,6.658985888,2.530610716,0.879830638,2.439512471,91.04519272,2.422395679,31.81257367,32.1531539,32.54915558
3113.9892,1630.594606,3274.019765,1894.174795,1960.381218,4.699380706,65.51519863,3.50464783,110.674954,6.714475468,2.537715123,0.881693332,2.422611556,90.99854489,2.421188565,31.8192472,32.23734956,32.55036662
3114.1416,1628.924699,3270.666369,1892.217862,1958.364112,4.69572031,65.11628705,3.48882187,110.5992031,6.743887584,2.535592863,0.880318225,2.396318985,91.1800831,2.420047166,31.82403876,32.20527162,32.53251204
3114.294,1628.504592,3269.822416,1891.712731,1957.849598,4.695624493,64.76822944,3.474481432,110.6106288,6.775766262,2.53534095,0.879563965,2.371179586,91.18135551,2.418873925,31.82076098,32.19790588,32.51850841
3114.4464,1623.551442,3259.876727,1885.94196,1951.885506,4.682345257,64.23869229,3.449208703,110.3167948,6.785185578,2.527941784,0.876301379,2.338581889,91.13094487,2.417528037,31.81669094,32.10092316,32.48940365
3114.5988,1627.90472,3268.617171,1890.982154,1957.11068,4.695593964,64.07468517,3.440267656,110.6621321,6.823571068,2.534781157,0.877891864,2.317028616,90.90990043,2.416035185,31.81196555,32.18795262,32.48983233
3114.7512,1627.752106,3268.3104,1890.788529,1956.919041,4.695738854,63.7316994,3.420444442,110.7034536,6.839176015,2.534513176,0.876992765,2.288212391,90.93091164,2.414176695,31.80691086,32.18588458,32.47540172
3114.9036,1628.90892,3270.632796,1892.116007,1958.301735,4.699611647,63.44294249,3.402236067,110.8361321,6.856746223,2.536230144,0.876764168,2.260758269,90.77641992,2.412491175,31.79506808,32.2097078,32.4655005
3115.056,1624.252508,3261.28301,1886.690894,1952.695703,4.68668496,62.93403368,3.371147766,110.5754669,6.847017484,2.528858863,0.873382334,2.225009079,90.86451966,2.410691933,31.78309724,32.11858636,32.43678657
3115.2084,1627.157395,3267.115352,1890.049151,1956.180562,4.695347182,62.73339465,3.353628001,110.8354508,6.860175833,2.533095574,0.873971538,2.19874717,91.10270579,2.408932289,31.77020044,32.17699031,32.4334353
3115.3608,1624.481549,3261.742338,1886.92515,1952.956402,4.687850416,62.32388917,3.323863432,110.7172807,6.846733495,2.528600946,0.871540568,2.164761351,91.13579109,2.406747437,31.75730891,32.12503487,32.41199366
3115.5132,1623.532259,3259.836041,1885.806818,1951.808272,4.685212038,61.98720669,3.296883288,110.7189329,6.836541981,2.526752793,0.870025925,2.132980953,91.04314396,2.404723684,31.74454359,32.10722897,32.39671237
3115.6656,1618.628927,3249.990597,1880.095988,1945.907216,4.670943004,61.50630603,3.261375738,110.452902,6.805271908,2.518690415,0.866379696,2.095947797,91.03808855,2.402452602,31.73244406,32.01123819,32.36836268
3115.818,1623.626471,3260.024879,1885.886247,1951.910323,4.684769131,61.42408446,3.244630739,110.8671948,6.804759846,2.525861475,0.867978809,2.071698197,91.05115736,2.400332735,31.72094692,32.11106241,32.37396092
3115.9704,1624.669072,3262.118204,1887.083223,1953.159485,4.686982709,61.19940685,3.219443711,111.0129083,6.783191678,2.526816674,0.867448286,2.042384112,91.07257858,2.397868127,31.70892766,32.13266454,32.3666752
3116.1228,1627.438074,3267.677936,1890.285725,1956.484489,4.694064916,61.04901953,3.197250565,111.2781215,6.764964755,2.53043434,0.867842542,2.015414598,91.10578979,2.395605181,31.69848629,32.18840973,32.36592517
3116.2752,1624.62552,3262.030663,1887.005288,1953.099605,4.684989501,60.70057028,3.16403355,111.1630229,6.720870472,2.525367389,0.865266327,1.981851747,91.11216898,2.393377486,31.69021398,32.13376238,32.34708781
3116.4276,1629.375784,3271.568568,1892.509566,1958.807377,4.697467208,60.66873249,3.145715311,111.5684686,6.700497285,2.531984073,0.866719518,1.958617145,91.15130447,2.391356542,31.68197737,32.22870366,32.35521007
3116.58,1628.310717,3269.430075,1891.259483,1957.524152,4.693154234,60.43279276,3.116112781,111.5768359,6.653809215,2.529551762,0.865082551,1.928800327,91.29511048,2.389236134,31.67294527,32.20861483,32.34447328
3116.7324,1628.55559,3269.92178,1891.530976,1957.815894,4.692545515,60.25877077,3.089139621,111.6759769,6.609744972,2.529144762,0.864159294,1.901151587,91.22882888,2.387144518,31.66441589,32.21443909,32.33889561
3116.8848,1624.293251,3261.363636,1886.567632,1952.689563,4.678787506,59.9323721,3.05419262,111.4664916,6.544798328,2.521709452,0.860865909,1.869080608,91.326736,2.385031967,31.65615586,32.13111422,32.31851883
3117.0372,1629.341404,3271.499787,1892.41889,1958.757275,4.691431175,59.99056648,3.038535672,111.8964771,6.510794182,2.528654156,0.86255696,1.850036255,91.2059433,2.382751644,31.64856226,32.23197132,32.33106999
3117.1896,1629.85353,3272.528228,1893.002044,1959.372269,4.690880031,59.89648101,3.014989677,112.0149795,6.45621067,2.528527893,0.861863322,1.826699812,91.05685212,2.380452229,31.64117169,32.24309119,32.32876325
3117.342,1631.615927,3276.067056,1895.03743,1961.490425,4.693882674,59.86272293,2.994351105,112.2196804,6.404863591,2.530345853,0.861853373,1.805564063,90.91201506,2.37844226,31.63522499,32.27894313,32.331336
3117.4944,1627.493956,3267.790857,1890.238389,1956.534538,4.679941804,59.62696726,2.963723982,112.0198342,6.329602363,2.523058444,0.858759231,1.778699432,90.82704454,2.37643963,31.63039705,32.198386,32.31450072
3117.6468,1630.835936,3274.501318,1894.108687,1960.552284,4.687242528,59.70664756,2.94949283,112.3327597,6.280611107,2.527363985,0.85968522,1.762693817,90.95278376,2.37439625,31.62599972,32.2655002,32.32449201
3117.7992,1628.488492,3269.788176,1891.371177,1957.730436,4.678163493,59.59204856,2.925819359,112.2536135,6.208879116,2.522874352,0.857640477,1.741395906,91.01504543,2.372229953,31.62082489,32.22004958,32.31577556
3117.9516,1627.727569,3268.260575,1890.476415,1956.81611,4.673553334,59.5499648,2.906197779,112.2831546,6.142555,2.520868446,0.85647558,1.722899487,91.2517686,2.37018165,31.6155427,32.20599322,32.31302019
3118.104,1622.889472,3258.546581,1884.846613,1951.000864,4.657033114,59.37322801,2.880979755,112.0298046,6.060401227,2.512560766,0.853226967,1.701539714,91.1769891,2.368168045,31.61689138,32.11127667,32.29671787
3118.2564,1627.816907,3268.440555,1890.559462,1956.92682,4.668102176,59.59685641,2.877666653,112.445839,6.014203513,2.519401047,0.855257257,1.694337661,91.10220598,2.366608379,31.62004366,32.20979277,32.31498702
3118.4088,1628.666304,3270.146401,1891.536477,1957.9508,4.667307961,59.68671806,2.868855911,112.5780634,5.952767471,2.519939115,0.855198911,1.684364628,91.0699245,2.364887814,31.6240226,32.22761217,32.3197
3118.5612,1631.102116,3275.037567,1894.356128,1960.882149,4.671000294,59.84966471,2.864502678,112.8183651,5.897887022,2.522963224,0.856013088,1.677225807,91.03185244,2.363233756,31.62925579,32.27682099,32.33011869
3118.7136,1627.847774,3268.503658,1890.567272,1956.972957,4.658379023,59.81699838,2.851750985,112.6637581,5.823683466,2.517225316,0.853875847,1.665268947,91.20281092,2.361836013,31.63432087,32.2134335,32.32137402
3118.866,1632.058974,3276.959599,1895.449174,1962.039251,4.666959706,60.09718266,2.856842921,113.0207093,5.77944088,2.523118542,0.85577935,1.66444035,91.16345051,2.360649513,31.64084229,32.29778349,32.33882938
3119.0184,1630.383873,3273.596618,1893.494837,1960.02908,4.658728837,60.17522837,2.853159894,112.9686309,5.715832191,2.519948388,0.854623283,1.658633497,91.23784964,2.359742783,31.65497969,32.26564192,32.33650624
3119.1708,1629.959688,3272.745315,1892.993288,1959.522788,4.654053055,60.31414568,2.853542301,113.0012765,5.658787593,2.518747763,0.854157912,1.655300462,91.16463817,2.358746414,31.66483424,32.25825886,32.33855728
3119.3232,1624.998383,3262.784088,1887.222565,1953.562321,4.636296805,60.29774944,2.848089519,112.7164596,5.58825221,2.510561302,0.851374606,1.648894014,91.3198623,2.358011487,31.67773434,32.16109082,32.32517658
3119.4756,1629.351761,3271.525575,1892.27021,1958.800833,4.644810782,60.65916495,2.864663971,113.0692471,5.555607372,2.516847034,0.853646256,1.656194917,91.27056287,2.357272349,31.68234608,32.24827985,32.34396439
3119.628,1629.19524,3271.211789,1892.080477,1958.617858,4.640381107,60.86557914,2.875413134,113.1058126,5.510003029,2.516189007,0.853609644,1.660458712,91.23483712,2.356359464,31.68435592,32.24620442,32.34739193
3119.7804,1630.349327,3273.529531,1893.412874,1960.010541,4.63968579,61.13248966,2.890524739,113.230828,5.471892996,2.517590032,0.854293987,1.667231292,91.21295828,2.35580329,31.67833313,32.27006877,32.35512069
3119.9328,1625.685065,3264.164778,1887.988045,1954.408363,4.622448015,61.1888167,2.897084882,112.9496889,5.417076089,2.51004638,0.851965086,1.669014804,91.1625913,2.355147804,31.68031388,32.17877305,32.34280679
3120.0852,1628.588829,3269.99565,1891.352595,1957.904934,4.626624321,61.54883349,2.922213636,113.1865463,5.394988024,2.514302221,0.853752472,1.681879475,91.20148602,2.354738304,31.68056079,32.23728289,32.356188
3120.2376,1625.906994,3264.611355,1888.230391,1954.686483,4.614954685,61.70479054,2.939079639,113.0327742,5.35726848,2.509981357,0.852650966,1.689944096,91.20988626,2.354116766,31.68165403,32.18522657,32.35038023
3120.39,1624.953281,3262.696907,1887.11521,1953.545793,4.608158407,61.9313601,2.961078084,112.9959664,5.328820114,2.508376152,0.85250494,1.700863505,91.09834672,2.353727498,31.68372015,32.16738376,32.35024138
3120.5424,1620.042111,3252.836415,1881.404318,1947.647853,4.589995629,62.00706395,2.977785888,112.679854,5.290772823,2.500704036,0.850362985,1.708938433,91.16382253,2.353665477,31.68854845,32.07120955,32.33633818
3120.6948,1625.040587,3262.873261,1887.202425,1953.664457,4.599627681,62.46380247,3.017571205,113.042173,5.293887763,2.508439948,0.853628584,1.730985236,91.20969084,2.353769156,31.69482656,32.17121719,32.35618929
3120.8472,1626.080742,3264.962322,1888.403992,1954.9227,4.597956207,62.76858725,3.051847725,113.1247323,5.287530102,2.510107051,0.854890262,1.750118576,91.21818109,2.35356035,31.70106764,32.19285624,32.3622974
3120.9996,1628.84886,3270.520913,1891.612448,1958.25853,4.601151883,63.14008672,3.091098094,113.3240963,5.290415023,2.514484387,0.85710988,1.77203907,91.36108482,2.353980649,31.70900338,32.24870232,32.37394053
3121.152,1626.030624,3264.862813,1888.333388,1954.878308,4.588564527,63.292224,3.121051643,113.132324,5.278111245,2.510277813,0.856435319,1.788584074,91.33422857,2.354576733,31.71118587,32.19394907,32.36611451
3121.3044,1630.781882,3274.403305,1893.84511,1960.598722,4.597263292,63.72981427,3.168903586,113.4590695,5.298589137,2.517861571,0.85989781,1.815706684,91.33554097,2.355379659,31.71205797,32.28906464,32.38344531
3121.4568,1629.712838,3272.257363,1892.597661,1959.32164,4.589594038,63.93952915,3.206664802,113.3784977,5.303214684,2.51649817,0.860324065,1.836986688,91.18376209,2.356307639,31.7104073,32.26893467,32.38059453
3121.6092,1629.954916,3272.743984,1892.872818,1959.620851,4.585615023,64.19829187,3.248177882,113.386383,5.315552147,2.517193273,0.861475497,1.860309113,90.97740994,2.357451557,31.70763536,32.27476632,32.38183223
3121.7616,1625.685966,3264.173047,1887.909362,1954.496859,4.56884985,64.2717179,3.281482524,113.0772087,5.316282684,2.510947189,0.860296271,1.879092458,90.93628972,2.358675716,31.70449369,32.19128188,32.36738162
3121.914,1630.735679,3274.312846,1893.768001,1960.576825,4.578078009,64.68750221,3.335394514,113.4072393,5.355280079,2.519168631,0.864210467,1.910350624,91.00840832,2.359718724,31.70156972,32.2923243,32.38424196
3122.0664,1631.245558,3275.337237,1894.354699,1961.198832,4.574512263,64.91570108,3.380672652,113.4181518,5.382354514,2.520399687,0.865768125,1.936898634,91.2539525,2.360665796,31.6973057,32.30346149,32.38536004
3122.2188,1633.006819,3278.874247,1896.394621,1963.3253,4.574455008,65.18554294,3.429082857,113.5136761,5.416128671,2.523583624,0.868024796,1.965296163,91.17577345,2.362015743,31.69148497,32.33937706,32.39034631
3122.3712,1628.878716,3270.586146,1891.595195,1958.371058,4.557897121,65.20941646,3.465332753,113.1982928,5.432148678,2.517681662,0.867186229,1.986809838,91.10374145,2.363468703,31.68631307,32.2586656,32.37477326
3122.5236,1632.22107,3277.297806,1895.471165,1962.398508,4.562177404,65.49460711,3.517563962,113.3964525,5.478222706,2.523377113,0.870448201,2.017992216,91.12594939,2.36490561,31.67990852,32.32590194,32.3839253
3122.676,1629.869218,3272.576198,1892.734523,1959.579804,4.550569334,65.53946657,3.557609992,113.1973512,5.50691956,2.520287857,0.870706491,2.04224113,90.79719511,2.366122135,31.68297227,32.28036272,32.37318781
3122.8284,1629.105298,3271.042962,1891.841891,1958.670274,4.543375811,65.63196154,3.60083911,113.1067586,5.542499221,2.519666346,0.871848587,2.068375932,90.84145522,2.367322253,31.68414052,32.26627654,32.36750936
3122.9808,1624.26085,3261.31654,1886.210695,1952.854948,4.524708752,65.53869814,3.634195622,112.7308257,5.565389219,2.512738318,0.870849053,2.089025081,90.67554219,2.368682587,31.68167227,32.17137914,32.34753096
3123.1332,1629.190439,3271.215215,1891.930075,1958.79138,4.533098978,65.7829969,3.687067584,113.0281148,5.624888501,2.520947826,0.8752046,2.121640395,90.77005096,2.370288949,31.68011752,32.27007608,32.36091083
3123.2856,1630.038662,3272.919014,1892.910066,1959.8209,4.530087944,65.84056688,3.729697481,113.0401514,5.671274548,2.522847596,0.877409517,2.148665846,90.65881486,2.371556364,31.67834056,32.28792531,32.36009292
3123.438,1632.474686,3277.810929,1895.733973,1962.75949,4.531463664,65.94013523,3.774941757,113.161218,5.723353991,2.527207003,0.880512165,2.177538607,90.71237786,2.373098777,31.67652599,32.33722272,32.36451774
3123.5904,1629.215783,3271.268129,1891.944542,1958.850954,4.516997853,65.78875549,3.805965736,112.8871808,5.755201233,2.522748796,0.880581119,2.19853766,90.77950523,2.374553963,31.67448816,32.2737131,32.34901784
3123.7428,1633.428826,3279.728111,1896.832013,1963.926192,4.523165788,65.88130844,3.851042104,113.1295235,5.813461855,2.52985238,0.884770472,2.228495225,90.62657856,2.375976533,31.67260938,32.35821742,32.35885885
3123.8952,1631.750642,3276.359224,1894.878228,1961.918118,4.513024843,65.71690862,3.881208661,112.963733,5.850561079,2.527833096,0.885801788,2.250174562,90.60252542,2.377575707,31.67086296,32.32601222,32.34809512
3124.0476,1631.324442,3275.50418,1894.378255,1961.415318,4.506311834,65.5803478,3.912848572,112.8849439,5.891366005,2.527746589,0.887545058,2.273118729,90.59043708,2.379225362,31.66699079,32.31861184,32.3414826
3124.2,1626.357384,3265.531654,1888.605165,1955.452916,4.486975745,65.23849667,3.931595502,112.4923196,5.914975024,2.520607728,0.886830008,2.288867235,90.56712629,2.38055927,31.66607083,32.22125848,32.31906289
3124.3524,1630.713009,3274.277993,1893.658092,1960.699802,4.493234588,65.20895102,3.967287816,112.7452236,5.970411326,2.527869028,0.891217108,2.315250941,90.63788571,2.381737532,31.66481371,32.30860709,32.32927536
3124.5048,1630.555043,3273.961589,1893.469694,1960.519753,4.487029007,64.97665963,3.989898478,112.6863888,6.008412534,2.528116404,0.8931463,2.334392718,90.63284736,2.382686565,31.66414146,32.30652426,32.32386822
3124.6572,1631.708786,3276.278955,1894.804507,1961.916857,4.484397737,64.77346322,4.0137065,112.7191984,6.049452642,2.530376969,0.895819341,2.354815019,90.68783656,2.383998556,31.66456191,32.33042975,32.32304642
3124.8096,1627.039313,3266.904,1889.37712,1956.312323,4.465714876,64.31974133,4.021385969,112.350914,6.067115125,2.523583165,0.895309811,2.366215424,90.57289387,2.385165996,31.66888838,32.23895974,32.30179602
3124.962,1629.944271,3272.737635,1892.745416,1959.81513,4.467753524,64.11134625,4.042006769,112.5087893,6.10858311,2.528464576,0.898956431,2.386008709,90.50406375,2.386391504,31.67358032,32.29757548,32.30721947
3125.1144,1627.258996,3267.346737,1889.622142,1956.596316,4.454475918,63.66295996,4.046816032,112.2821091,6.127169437,2.524649433,0.899528467,2.396891438,90.51398638,2.387193844,31.67702144,32.24541827,32.29297329
3125.2668,1626.303319,3265.428675,1888.507307,1955.457189,4.445922201,63.25928168,4.053414611,112.176823,6.149529217,2.52348375,0.901058802,2.409280474,90.37877784,2.388206901,31.68044961,32.22753854,32.28487504
3125.4192,1621.387003,3255.55811,1882.793244,1949.555896,4.426523074,62.68252113,4.047239801,111.8006037,6.15434847,2.51612928,0.900354499,2.414148241,90.52541302,2.388988884,31.683321,32.13118091,32.2630052
3125.5716,1626.388805,3265.601989,1888.596365,1955.580207,4.434188075,62.44367518,4.058416706,112.113709,6.190749699,2.524056466,0.905034026,2.429498635,90.5873267,2.389831142,31.68416139,32.23137197,32.27715635
3125.724,1627.429119,3267.691651,1889.799411,1956.841206,4.431086888,62.0347855,4.056783612,112.1558318,6.209530687,2.525793486,0.907463011,2.437306387,90.60143163,2.390568367,31.68370745,32.25304794,32.27762437
3125.8764,1630.198862,3273.253813,1893.01077,1960.181742,4.432686988,61.67353234,4.056884579,112.3193592,6.231920365,2.530173653,0.910837272,2.44653956,90.62713914,2.391202865,31.68567952,32.3089949,32.28447358
3126.0288,1627.377612,3267.589911,1889.729808,1956.799636,4.419042115,61.08840678,4.041035569,112.0995626,6.230461566,2.525837424,0.911061653,2.446364562,90.26197551,2.391927109,31.68711467,32.25413575,32.271734
3126.1812,1632.132203,3277.137454,1895.245999,1962.526906,4.425929841,60.76030329,4.038006307,112.4074131,6.251792272,2.533151222,0.915392547,2.454017062,90.26298406,2.392619145,31.68693827,32.34942562,32.2865703
3126.3336,1631.061655,3274.988787,1893.998018,1961.24983,4.417002593,60.20317962,4.018676222,112.3160736,6.24847272,2.53139137,0.916434755,2.452035917,89.87725669,2.393288992,31.68584197,32.32925452,32.28094315
3126.486,1631.303308,3275.474883,1894.273752,1961.550596,4.411596559,59.68288509,4.000453116,112.317854,6.247420319,2.531631902,0.9181828,2.450954311,89.89587799,2.393950464,31.68650623,32.33509356,32.28020389
3126.6384,1627.030263,3266.895973,1889.306921,1956.422666,4.393966162,58.99307628,3.968938682,112.0119768,6.22666133,2.524826365,0.917312008,2.441481622,89.94119696,2.394408027,31.6880158,32.25144954,32.26386617
3126.7908,1632.08377,3277.043741,1895.169969,1962.509275,4.40157226,58.63809309,3.954217346,112.3559113,6.235514593,2.532377367,0.921446681,2.441404527,90.05779385,2.394396294,31.68236658,32.35267728,32.28195554
3126.9432,1632.593755,3278.068617,1895.757093,1963.132383,4.396956724,58.11818297,3.926332927,112.3899223,6.224823915,2.532840153,0.922928654,2.432954093,90.29285723,2.394182979,31.67561757,32.36383179,32.28437534
3127.0956,1634.356147,3281.608201,1897.798507,1965.261444,4.395684039,57.64231502,3.899748855,112.5123973,6.216842531,2.535208247,0.925052394,2.425223222,90.26545945,2.394050595,31.6667087,32.39981099,32.29159598
3127.248,1630.224278,3273.312766,1892.995531,1960.302879,4.378499219,56.96300923,3.857873402,112.2307541,6.184888093,2.528396774,0.923770209,2.407736256,90.23677567,2.393762958,31.65782434,32.31894521,32.27825978
3127.4004,1633.569095,3280.029703,1896.874293,1964.334712,4.381413733,56.56454684,3.829768517,112.4697314,6.176642168,2.533072545,0.92646098,2.397589531,90.25836681,2.393290152,31.64811224,32.38630367,32.2926239
3127.5528,1631.214992,3275.303827,1894.13555,1961.513657,4.369048131,55.97471294,3.787057281,112.318036,6.145220615,2.528874575,0.925841455,2.378025518,90.31577641,2.392500105,31.64063791,32.34067586,32.28709724
3127.7052,1630.450155,3273.76902,1893.242155,1960.603601,4.360966926,55.45005121,3.746813116,112.2780133,6.118110797,2.527102125,0.926023396,2.359499608,90.45813751,2.391857927,31.63353322,32.32655985,32.28763014
3127.8576,1625.601525,3264.034367,1887.606591,1954.782662,4.342060386,54.80423976,3.696015063,111.9598075,6.074097994,2.518963177,0.92374804,2.333379213,90.70340313,2.391009271,31.62705392,32.23148162,32.27418189
3128.01,1630.535229,3273.941541,1893.329785,1960.724541,4.349531397,54.53828787,3.664575607,112.3226888,6.062853867,2.52588323,0.926656912,2.316949036,90.45688822,2.390272761,31.62495024,32.3303594,32.29718169
3128.1624,1631.384306,3275.647186,1894.309983,1961.754415,4.346249553,54.15625497,3.622895279,112.4067919,6.03512596,2.526438931,0.927095559,2.293061514,90.50299623,2.389202698,31.62255269,32.34823845,32.30617176
3128.3148,1633.822523,3280.54365,1897.135435,1964.695173,4.347239515,53.84893993,3.58418755,112.6017038,6.012677107,2.529418536,0.92830477,2.270131147,90.57576426,2.38821264,31.62031539,32.39762445,32.32124748
3128.4672,1630.561108,3273.995852,1893.342673,1960.782067,4.333042065,53.37530443,3.532793757,112.4045658,5.96901225,2.52354145,0.926161974,2.238282031,90.60584392,2.386909602,31.61761667,32.3339927,32.31653054
3128.6196,1634.777876,3282.463444,1898.233184,1965.861439,4.33881159,53.20898361,3.49705437,112.7269562,5.951429667,2.529160044,0.927935844,2.213742395,90.39206027,2.385797495,31.61577153,32.41865135,32.33952081
3128.772,1633.098529,3279.092256,1896.277415,1963.850578,4.328913745,52.87145402,3.448644548,112.6434247,5.912226146,2.525627389,0.926257755,2.180374591,90.45800542,2.384694427,31.61424167,32.38638251,32.34198751
3128.9244,1632.672201,3278.236999,1895.776547,1963.346479,4.322336034,52.60097149,3.403191033,112.6472141,5.877781827,2.5240086,0.925169895,2.147783737,90.48783563,2.383423538,31.61238673,32.37896483,32.34927228
3129.0768,1627.701332,3268.256751,1889.998627,1957.37725,4.303811024,52.21275038,3.3487875,112.3395381,5.82701872,2.51535326,0.921384095,2.108282566,90.57756752,2.38188664,31.61087199,32.28142614,32.34092304
3129.2292,1632.061044,3277.011278,1895.054577,1962.62791,4.310274486,52.20516122,3.314948723,112.6810367,5.809626624,2.521085195,0.922536271,2.078410724,90.47399509,2.380240043,31.60921104,32.36893432,32.36683712
3129.3816,1631.903502,3276.695595,1894.865291,1962.446149,4.30493288,52.08399617,3.272549041,112.712314,5.776428301,2.519829635,0.921005264,2.041923769,90.67951007,2.378224992,31.60798453,32.36684411,32.37716763
3129.534,1633.058766,3279.01589,1896.20035,1963.843074,4.303072225,52.03796255,3.233716781,112.8343518,5.748997231,2.520586906,0.92008731,2.006381989,90.43363051,2.376354629,31.60703403,32.39079072,32.39250038
3129.6864,1628.385989,3269.634073,1890.768253,1958.231511,4.285828758,51.83488211,3.184334717,112.5535452,5.702135417,2.512338591,0.915786154,1.963229748,90.45971909,2.374379029,31.60749585,32.29914642,32.38766047
3129.8388,1631.294003,3275.473667,1894.138287,1961.736042,4.288736491,51.95568933,3.152685118,112.7984104,5.683798617,2.515776112,0.915473027,1.928057916,90.57353981,2.372330832,31.60905529,32.35786806,32.41043801
3129.9912,1628.607157,3270.079339,1891.011989,1958.512364,4.276978669,51.92987006,3.111328841,112.6560229,5.64707247,2.510576302,0.911915417,1.885893722,90.59184813,2.369993281,31.60705185,32.30560997,32.41386613
3130.1436,1627.651387,3268.160807,1889.895594,1957.370322,4.26987722,51.99745025,3.074918726,112.6330639,5.617898736,2.508045631,0.909212806,1.845416274,90.46988954,2.367627658,31.60674301,32.28769333,32.4237605
3130.296,1622.731809,3258.283284,1884.176513,1951.461205,4.252619776,51.97421495,3.032943213,112.3369253,5.576123373,2.499429416,0.904209461,1.800404386,90.33427683,2.365058687,31.60732683,32.19115227,32.42002363
3130.4484,1627.738818,3268.337226,1889.982926,1957.488816,4.261942668,52.35618521,3.014390616,112.7309502,5.57100464,2.506160313,0.904533365,1.766528849,90.71086258,2.362742058,31.6045653,32.29152676,32.45183794
3130.6008,1628.781159,3270.430447,1891.185815,1958.74823,4.261158304,52.64671825,2.990436053,112.8511509,5.553487654,2.506809622,0.902567021,1.728409828,90.75029652,2.360212916,31.60172973,32.31323964,32.46986985
3130.7532,1631.554415,3275.999146,1894.398469,1962.089105,4.265025519,53.02825181,2.971566521,113.0906667,5.543667718,2.510134971,0.901472351,1.692157042,90.73171973,2.35767909,31.60392475,32.36928749,32.49409265
3130.9056,1628.732054,3270.332391,1891.114043,1958.700755,4.254301933,53.25289158,2.944128678,112.9417907,5.516303256,2.5048649,0.897235502,1.650314198,90.63746786,2.355131862,31.60766505,32.31432244,32.49896541
3131.058,1633.491944,3279.889977,1896.633185,1964.430422,4.263658006,53.78932627,2.935336345,113.319091,5.517944576,2.511321862,0.897086154,1.617309148,90.74094222,2.352681144,31.61234573,32.40978659,32.5302616
3131.2104,1632.421837,3277.741507,1895.383233,1963.148974,4.2578058,54.15736595,2.917669195,113.2912058,5.501375105,2.50882658,0.893689556,1.578788566,90.63681842,2.350302152,31.61671056,32.38957436,32.54140968
3131.3628,1632.665043,3278.230026,1895.658123,1963.446872,4.255425829,54.59353529,2.904385261,113.3538991,5.490958371,2.508371922,0.890980483,1.541971541,90.22970829,2.348019988,31.62164218,32.3954208,32.55710752
3131.5152,1628.389851,3269.646007,1890.686583,1958.31068,4.241443304,54.89594619,2.885394498,113.103697,5.46652881,2.501023712,0.885826171,1.501813427,90.08351195,2.345985448,31.62824229,32.3116172,32.55713366
3131.6676,1633.449192,3279.804682,1896.552736,1964.399456,4.252311644,55.55549552,2.889134718,113.5038857,5.476382347,2.508151348,0.885827705,1.473156988,90.10762734,2.343798726,31.63491447,32.41303027,32.58881246
3131.82,1633.961265,3280.832855,1897.139089,1965.019353,4.251530761,56.07614086,2.887103472,113.5887035,5.472152882,2.508345463,0.883388901,1.441426883,90.31089092,2.341383378,31.64437606,32.42420209,32.60460656
3131.9724,1635.726814,3284.377873,1899.180797,1967.14662,4.254054147,56.6520881,2.889176005,113.760506,5.473455236,2.510499368,0.881650616,1.411630108,90.4665818,2.339491338,31.65420296,32.46024492,32.62446965
3132.1248,1631.593167,3276.077888,1894.373137,1962.179446,4.24122764,57.0278329,2.882342994,113.5220401,5.455993537,2.503634433,0.876779032,1.377638642,89.93219632,2.337750225,31.66594049,32.37922481,32.62404121
3132.2772,1634.942583,3282.803083,1898.253491,1966.211075,4.248156947,57.67663875,2.893823928,113.80486,5.466093439,2.508389129,0.87610973,1.353400517,89.97454405,2.336146862,31.67750236,32.4467054,32.64831965
3132.4296,1632.588294,3278.075791,1895.511534,1963.383261,4.240310274,58.12970996,2.896814995,113.690235,5.458216566,2.504429948,0.872431744,1.325456982,89.89973009,2.334300339,31.68912144,32.40098901,32.65297815
3132.582,1631.824642,3276.542312,1894.616248,1962.468196,4.236716378,58.64161329,2.904512485,113.6862249,5.456692568,2.502963116,0.869684553,1.300133859,89.83476676,2.33285462,31.6976171,32.38684316,32.66272607
3132.7344,1626.973836,3266.802163,1888.975289,1956.637393,4.222803406,59.00267445,2.907204177,113.3980987,5.442209103,2.49530583,0.864892757,1.273460432,89.68290337,2.331338497,31.70620402,32.2915841,32.65812148
3132.8868,1631.913804,3276.720759,1894.701198,1962.580164,4.234993988,59.7010061,2.933129865,113.7939945,5.462120018,2.502872757,0.865677244,1.259758091,90.18674819,2.329879987,31.71279948,32.39064271,32.68539623
3133.0392,1632.76576,3278.430967,1895.680621,1963.606125,4.236880021,60.2432976,2.953842132,113.9052477,5.468942,2.504248929,0.864433957,1.244946857,90.23808812,2.328240784,31.71887048,32.4085516,32.69820704
3133.1916,1635.208243,3283.334765,1898.506602,1966.544686,4.243024688,60.83085378,2.978828223,114.1279347,5.481311863,2.508128167,0.864170665,1.233077508,90.21269143,2.32712397,31.72885105,32.45802618,32.71584923
3133.344,1631.946287,3276.784608,1894.709561,1962.622861,4.234416251,61.18848721,2.994387469,113.9531244,5.474526097,2.503312464,0.86102847,1.218434367,90.25347652,2.326153542,31.7374533,32.3942723,32.71382759
3133.4964,1636.16896,3285.262764,1899.601995,1967.701751,4.245554898,61.77728691,3.027185528,114.3023851,5.493144208,2.510154104,0.862252398,1.214327498,89.90505503,2.325544666,31.74563118,32.47908528,32.73551165
3133.6488,1634.490506,3281.892048,1897.643211,1965.683759,4.241388987,62.1248879,3.049889695,114.2397645,5.491932192,2.507992737,0.860498023,1.207341976,89.92517172,2.325540172,31.75188912,32.44675281,32.73690248
3133.8012,1634.066159,3281.03944,1897.140361,1965.173891,4.240532466,62.49398509,3.075716729,114.2656031,5.494555686,2.507818366,0.859575304,1.203066039,89.87214795,2.325196232,31.75293294,32.43931781,32.7419167
3133.9536,1629.093437,3271.054107,1891.356629,1959.193703,4.228070232,62.66078532,3.094125718,113.9742693,5.481534919,2.500741046,0.856461601,1.197546502,89.96947237,2.324881072,31.75602931,32.3415938,32.73094739
3134.106,1633.459388,3279.819752,1896.414461,1964.443559,4.240426034,63.11034272,3.133532925,114.3378749,5.499339723,2.50820799,0.858805178,1.204838538,89.7042581,2.324953469,31.75800515,32.42926156,32.74950351
3134.2584,1633.304245,3279.50746,1896.22327,1964.255898,4.241246613,63.35462636,3.165308736,114.3856894,5.501506171,2.508809063,0.858978206,1.211027316,89.80854317,2.324886919,31.7605208,32.42716395,32.75211966
3134.4108,1634.46306,3281.833444,1897.557491,1965.648323,4.245546242,63.61197173,3.199950101,114.5268459,5.507063272,2.511493113,0.860047408,1.22016102,89.86992585,2.325146626,31.7654881,32.4511517,32.75845887
3134.5632,1629.788843,3272.447299,1892.119687,1960.025761,4.234711544,63.60709635,3.22329492,114.2605608,5.491987088,2.505265401,0.858226215,1.226533199,89.76590444,2.325702154,31.76984404,32.35933311,32.74461942
3134.7156,1632.70201,3278.295766,1895.490233,1963.52749,4.243909912,63.80707995,3.262873126,114.5278311,5.500809843,2.510860886,0.860915871,1.243585011,89.6258422,2.326746638,31.77291696,32.41816065,32.75457705
3134.868,1630.0155,3272.900653,1892.359791,1960.294835,4.23860667,63.75280104,3.291366299,114.4030133,5.489939978,2.507896628,0.860833028,1.258089542,89.77000687,2.327466598,31.77154728,32.36580167,32.74507057
3135.0204,1629.061586,3270.98438,1891.240645,1959.145643,4.237947865,63.72354181,3.323301584,114.400612,5.48375858,2.507660177,0.861878669,1.275905675,89.80526078,2.328679911,31.77060627,32.34784811,32.74065832
3135.1728,1624.140459,3261.102295,1885.515495,1953.22497,4.227255732,63.50094203,3.347414478,114.1195712,5.463524367,2.501381154,0.861036612,1.292596019,89.83315376,2.330050814,31.76896063,32.25112363,32.72200918
3135.3252,1629.154588,3271.169014,1891.323955,1959.251679,4.243054115,63.56991252,3.392740252,114.536133,5.475165376,2.510558369,0.865995411,1.322157249,89.88617722,2.331628056,31.77066214,32.35168154,32.73524056
3135.4776,1630.200613,3273.268146,1892.525594,1960.505855,4.248795871,63.44600789,3.429992694,114.6733059,5.472828825,2.513680465,0.86905081,1.350504923,89.81735971,2.333311219,31.7716658,32.37343134,32.73427124
3135.63,1632.979084,3278.845816,1895.738384,1963.843298,4.259191467,63.3471193,3.470531076,114.9330277,5.475047413,2.519523429,0.87322582,1.381988498,89.98141254,2.335142187,31.77331001,32.42958007,32.73851875
3135.7824,1630.157073,3273.178309,1892.449466,1960.445441,4.255038563,62.99673182,3.498756807,114.7993046,5.457412962,2.516756647,0.874555911,1.409859377,89.91887395,2.33725726,31.77123851,32.37450913,32.72329301
3135.9348,1634.923961,3282.748433,1897.970289,1966.17367,4.270953116,62.85266725,3.54243473,115.2000916,5.463112665,2.52578828,0.880354048,1.447309322,90.43080534,2.339540957,31.76745547,32.47014757,32.73249992
3136.0872,1633.855747,3280.602313,1896.717229,1964.884546,4.271625877,62.45076272,3.572921589,115.1903228,5.44828182,2.525832577,0.883149316,1.480615551,90.52319161,2.341929254,31.76369339,32.4498942,32.72144484
3136.2396,1634.102006,3281.095502,1896.990068,1965.176141,4.275778287,62.06323744,3.605491076,115.2737945,5.436648672,2.527937486,0.886797495,1.516067645,90.35691819,2.344634565,31.75982597,32.45574803,32.71431979
3136.392,1629.825884,3272.508216,1892.01279,1960.028871,4.268245136,61.47767147,3.627423868,115.0374987,5.409386055,2.523064992,0.888099658,1.547945939,90.05589164,2.347313594,31.7556564,32.37178486,32.6912635
3136.5444,1634.892478,3282.679974,1897.88082,1966.116515,4.28556742,61.17843433,3.668560355,115.4576788,5.41199838,2.532687346,0.894762854,1.590236994,89.99815257,2.349734989,31.7504312,32.47338325,32.69914594
3136.6968,1635.407762,3283.71319,1898.465369,1966.730554,4.291081128,60.68376296,3.698817865,115.5554181,5.39906871,2.535271606,0.899034285,1.628685004,90.52051417,2.352081699,31.74507974,32.48457239,32.69107719
3136.8492,1637.177626,3287.26546,1900.506286,1968.853283,4.299907084,60.20987302,3.731128429,115.7420247,5.389423769,2.53980679,0.904083622,1.668722559,90.32066443,2.354849459,31.74190448,32.52067885,32.68699215
3137.0016,1633.043065,3278.962319,1895.693048,1963.875408,4.29321154,59.50102872,3.749304713,115.5114757,5.35967041,2.535175131,0.905924133,1.702689065,90.47197171,2.357756819,31.73950528,32.43950441,32.66244435
3137.154,1636.398156,3285.69751,1899.573904,1967.904238,4.306336541,59.02419757,3.782600844,115.8082796,5.353552429,2.542133429,0.912024715,1.744123879,90.24456802,2.360449845,31.73615894,32.50710713,32.6633106
3137.3064,1634.044446,3280.970096,1896.827847,1965.067755,4.304425027,58.32384143,3.801929528,115.7008968,5.328186786,2.540210791,0.914988361,1.779407702,90.3937131,2.36287393,31.73200872,32.46130215,32.64433104
3137.4588,1633.282761,3279.439275,1895.929752,1964.14572,4.306745951,57.66759371,3.8240281,115.7054567,5.307659147,2.540741294,0.918858816,1.816027733,90.39938089,2.365338046,31.72691476,32.44712648,32.63070072
3137.6112,1628.430211,3269.694443,1890.28273,1958.303873,4.298422764,56.86540864,3.835470841,115.4176698,5.274092439,2.534870995,0.920391146,1.847261687,90.1339683,2.367575174,31.72133152,32.35168658,32.6027412
3137.7636,1633.377035,3279.625526,1896.010553,1964.245991,4.316250027,56.40560379,3.867145829,115.8173041,5.273081819,2.54414138,0.927344349,1.887187106,89.95221067,2.369579165,31.71397251,32.45092602,32.60931204
3137.916,1634.232104,3281.340836,1896.988659,1965.267293,4.323381424,55.80594591,3.888083293,115.9238038,5.259319394,2.546992606,0.931922287,1.92146857,90.25327707,2.371338732,31.70617184,32.46886474,32.60172397
3138.0684,1636.679089,3286.252515,1899.814623,1968.202897,4.334755744,55.26549905,3.912088016,116.1414703,5.2510355,2.55227567,0.937345735,1.956517105,90.19035686,2.373371911,31.6989661,32.51842791,32.59994586
3138.2208,1633.416487,3279.700036,1896.013014,1964.272371,4.331008001,54.54103643,3.921867376,115.9527069,5.224766448,2.548605663,0.939424668,1.983512688,90.23091086,2.375020077,31.69246085,32.4545519,32.57846121
3138.3732,1637.645137,3288.189064,1900.906951,1969.350399,4.347156686,54.09629176,3.947240653,116.289962,5.223667939,2.556469322,0.945558154,2.015840219,90.26031684,2.376530399,31.68681889,32.53951921,32.58422823
3138.5256,1635.967313,3284.818632,1898.944986,1967.325655,4.34757506,53.46590801,3.957759511,116.2065128,5.204056608,2.555059366,0.94820109,2.03961682,90.2055134,2.378280666,31.68161462,32.50712311,32.56959358
3138.678,1635.54469,3283.968494,1898.439989,1966.810383,4.351298471,52.89690145,3.970647539,116.210126,5.189181071,2.55554051,0.951438923,2.063166644,90.22888581,2.379703126,31.67690155,32.49967079,32.5598157
3138.8304,1630.569504,3273.977366,1892.650555,1960.820407,4.342944071,52.20943277,3.971392468,115.8867749,5.160937778,2.548829592,0.951846754,2.078802771,90.13413399,2.380681102,31.6761877,32.40176146,32.53440458
3138.9828,1634.941226,3282.75363,1897.710289,1966.070318,4.35955501,51.89492313,3.991696626,116.2179853,5.165007787,2.556510755,0.957224082,2.100651629,90.0936799,2.38134439,31.67340143,32.4895888,32.54378274
3139.1352,1634.787666,3282.443701,1897.517492,1965.878417,4.364103209,51.4668652,3.999862048,116.2236738,5.155959163,2.557030624,0.959761834,2.114516002,90.15815593,2.381702367,31.6712708,32.48748379,32.53774408
3139.2876,1635.949209,3284.774337,1898.851198,1967.26802,4.372130228,51.11363501,4.010742332,116.3200002,5.152270359,2.559523065,0.962884596,2.127919013,89.93949376,2.381971183,31.66950999,32.51151268,32.53711368
3139.44,1631.272395,3275.382309,1893.408293,1961.636914,4.364525215,50.60791651,4.006884231,115.9991713,5.131141295,2.552811124,0.962405168,2.131805382,89.9463421,2.382067213,31.66896541,32.4195198,32.51635697
3139.5924,1634.189707,3281.238302,1896.779887,1965.137988,4.377189998,50.42417772,4.019332345,116.2106023,5.136623074,2.557767609,0.965885491,2.139870257,89.93015592,2.382337704,31.66993899,32.47845323,32.52465865
3139.7448,1631.502192,3275.84055,1893.646114,1961.899267,4.374790225,50.09781757,4.017487494,116.0210819,5.12544033,2.553871864,0.965878616,2.138672045,89.80675114,2.382150914,31.66915245,32.42599336,32.51367652
3139.8972,1630.548776,3273.924641,1892.525074,1960.745894,4.377010191,49.8677084,4.019368376,115.951407,5.121121056,2.552590648,0.966663498,2.137344422,89.6979383,2.381903734,31.67208165,32.4080029,32.50980112
3140.0496,1625.624399,3264.035568,1886.795,1954.817426,4.368582662,49.56327841,4.010307891,115.594879,5.105833075,2.544990652,0.964821284,2.128204907,89.78909727,2.38095007,31.6761683,32.31109499,32.49253078
3140.202,1630.644057,3274.112785,1892.606609,1960.846766,4.38685142,49.67901084,4.02246477,115.9346662,5.125377576,2.552706746,0.968184431,2.125309565,89.84284125,2.379924941,31.68013238,32.41183633,32.51343048
3140.3544,1631.691849,3276.215039,1893.80838,1962.099992,4.394416263,49.72004189,4.023624442,115.9875002,5.133945713,2.554101581,0.968915968,2.11468534,89.79021824,2.378296966,31.68353738,32.43362304,32.52094794
3140.5068,1634.4736,3281.79885,1897.022734,1965.438351,4.406631772,49.8597075,4.028514366,116.1601657,5.149448891,2.558120165,0.970432116,2.103966535,89.61761498,2.377122975,31.68657401,32.48987266,32.53560872
3140.6592,1631.649714,3276.12731,1893.731009,1962.036014,4.403731472,49.86475689,4.019127412,115.9323358,5.148346653,2.553304492,0.968425805,2.08415028,89.56507317,2.375818223,31.69214044,32.43469581,32.53097476
3140.8116,1636.42152,3285.706884,1899.255139,1967.767539,4.421257061,50.20491702,4.02623502,116.2374955,5.174034741,2.560195828,0.970344764,2.068484357,89.34328114,2.374373081,31.69771236,32.53050854,32.55553538
3140.964,1635.352856,3283.559616,1898.000834,1966.476085,4.422958767,50.4009651,4.018564866,116.1260308,5.182222244,2.557889545,0.968613679,2.043564284,89.60042513,2.372795066,31.69962787,32.51021404,32.55996134
3141.1164,1635.599829,3284.053967,1898.273507,1966.766737,4.428178144,50.68102521,4.013727615,116.1056851,5.195790331,2.557572066,0.967439665,2.018163969,89.40896856,2.371121243,31.70088972,32.51607527,32.56988395
3141.2688,1631.320188,3275.459519,1893.292586,1961.614322,4.421108272,50.86489969,3.99685475,115.7612248,5.19610984,2.550111452,0.963346419,1.985047032,89.37468497,2.36930572,31.70168859,32.43195252,32.56439475
3141.4212,1636.391583,3285.640653,1899.164516,1967.706473,4.43925502,51.44903987,4.000023442,116.0732611,5.228911736,2.557107764,0.964151672,1.957991565,89.23851635,2.366888869,31.70136969,32.53373623,32.59399572
3141.5736,1636.907406,3286.674863,1899.749469,1968.320804,4.444976196,51.93088283,3.991058479,116.0594934,5.248204928,2.556923818,0.96204203,1.923489552,89.58214283,2.3645644,31.7048828,32.54494268,32.60797023
3141.726,1638.678932,3290.230351,1901.791814,1970.445119,4.454078588,52.48731702,3.984623776,116.133217,5.272395707,2.558662901,0.960490826,1.888875012,89.51227869,2.362523678,31.70806152,32.58111278,32.62691252
3141.8784,1634.540621,3281.919737,1896.975377,1965.463091,4.447121897,52.87937081,3.963363232,115.7874857,5.278105374,2.551160943,0.955347154,1.846363007,89.5995632,2.360316697,31.71292163,32.49978401,32.62537792
3142.0308,1637.898724,3288.660846,1900.85902,1969.495311,4.460475469,53.58723518,3.958306009,115.9698697,5.309488789,2.555298232,0.954170913,1.809188472,89.47209165,2.357954409,31.71701968,32.56750886,32.65139297
3142.1832,1635.542774,3283.928984,1898.111288,1966.65671,4.458231092,54.13109102,3.939004765,115.7470742,5.322819426,2.550503189,0.949543926,1.764767853,89.54632137,2.355629092,31.71829647,32.5216153,32.6576221
3142.3356,1634.780266,3282.396527,1897.212809,1965.73421,4.460285948,54.75132915,3.923058329,115.6363549,5.341755078,2.548177313,0.945717627,1.721274189,89.76249269,2.353187679,31.71913389,32.50740979,32.66979005
3142.488,1629.923035,3272.642491,1891.562262,1959.88815,4.451094365,55.25791981,3.896530752,115.2348534,5.347650881,2.539450827,0.939387502,1.67284823,89.47502771,2.350445389,31.71845155,32.41178905,32.66777296
3142.6404,1634.87393,3282.581758,1897.294425,1965.8361,4.468495688,56.15383832,3.891184445,115.5245518,5.386389047,2.545980751,0.938363705,1.632874898,89.31425761,2.347895117,31.72087864,32.51120934,32.70073979
3142.7928,1635.729219,3284.297689,1898.273729,1966.859479,4.474604766,56.92759825,3.87520394,115.5239849,5.411801507,2.546122576,0.934869612,1.588370223,89.13506217,2.345028667,31.72184904,32.52917789,32.71934018
3142.9452,1638.177858,3289.212834,1901.102161,1969.798767,4.485058428,57.76456838,3.862246285,115.6363414,5.442305847,2.5487699,0.932228176,1.545382048,89.63050219,2.342437338,31.7204944,32.57882964,32.74340274
3143.0976,1634.911695,3282.653514,1897.29852,1965.866331,4.479899835,58.40242384,3.835215905,115.3462285,5.453511293,2.542566852,0.926309603,1.497185417,89.54119117,2.339768665,31.71940324,32.51483151,32.74746334
3143.25,1639.143599,3291.149181,1902.19635,1970.949858,4.495240229,59.32254624,3.824155592,115.5869894,5.489063079,2.548110859,0.924525627,1.456222837,89.47109357,2.337088706,31.71808424,32.59995314,32.77726554
3143.4024,1637.463655,3287.77476,1900.233608,1968.924779,4.494387297,60.02864387,3.798725389,115.4122485,5.504393235,2.544511991,0.919391543,1.410205804,89.70748725,2.334728131,31.71758422,32.56749341,32.78643375
3143.5548,1637.040081,3286.92293,1899.728807,1968.410358,4.496996097,60.77471706,3.775579356,115.3279083,5.523240682,2.542927784,0.914974535,1.365847864,89.79033707,2.332307813,31.72020405,32.56002377,32.79967575
3143.7072,1632.059736,3276.921822,1893.936001,1962.416867,4.48703393,61.34742328,3.7414716,114.9239869,5.52606062,2.534313784,0.908017449,1.318413742,89.65352801,2.329998397,31.72382222,32.46192912,32.7968668
3143.8596,1636.434713,3285.704793,1898.999795,1967.672681,4.50259946,62.26155799,3.72771954,115.1821053,5.559025224,2.540345516,0.906282148,1.280689358,89.75534997,2.327585273,31.72724847,32.54991603,32.8254468
3144.012,1636.280235,3285.393348,1898.807507,1967.482326,4.505625711,62.99592286,3.703109459,115.1229196,5.575880296,2.539397583,0.902054978,1.240282359,89.80208218,2.324990972,31.73045069,32.54780363,32.83796555
3144.1644,1637.442091,3287.724889,1900.14273,1968.874698,4.5123047,63.76367216,3.680780582,115.1585364,5.596225297,2.540574931,0.898616892,1.202055855,89.72657935,2.322815178,31.73406555,32.57187365,32.85444818
3144.3168,1632.760305,3278.323303,1894.696696,1963.240529,4.50294059,64.28854411,3.644887044,114.7850738,5.595791028,2.532760429,0.892039409,1.160662632,90.27656737,2.320834058,31.73782893,32.47970649,32.85039706
3144.4692,1635.679567,3284.183429,1898.071131,1966.745994,4.514485181,65.07374501,3.625497687,114.9507264,5.61935181,2.536906628,0.889799634,1.128191153,90.32520862,2.319252913,31.74155044,32.53874581,32.87103667
3144.6216,1632.988926,3278.779762,1894.935741,1963.506072,4.510562148,65.61632112,3.593339286,114.724101,5.622782361,2.532426348,0.88459454,1.093286465,90.54793401,2.317500292,31.74223711,32.48618506,32.87191397
3144.774,1632.03397,3276.861078,1893.814432,1962.353177,4.511415145,66.19881627,3.564743562,114.6218578,5.6310043,2.530725465,0.880464788,1.061641229,90.51957717,2.31581554,31.74260099,32.46815768,32.87801767
3144.9264,1627.104366,3266.961976,1888.080973,1956.421406,4.501146027,66.5923236,3.527830675,114.2424825,5.624468535,2.522920813,0.874334016,1.029746606,90.74057885,2.314215424,31.7420318,32.37106635,32.86973947
3145.0788,1632.127705,3277.046854,1893.897106,1962.457524,4.518085362,67.3291329,3.513605393,114.5673344,5.649796962,2.530702401,0.873896326,1.009666648,91.05563383,2.31275116,31.74051858,32.47199111,32.89377886
3145.2312,1633.1755,3279.149532,1895.100281,1963.713727,4.523865849,67.87277479,3.491171102,114.6152058,5.660297779,2.532379891,0.871477481,0.989483091,91.18559032,2.311274504,31.73727083,32.49381474,32.90338516
3145.3836,1635.958833,3284.736897,1898.31739,1967.056756,4.53443567,68.45671955,3.472434353,114.7871429,5.675668372,2.536831,0.870138795,0.972545476,91.25103379,2.310199049,31.73225095,32.55016524,32.91808256
3145.536,1633.131454,3279.058864,1895.023952,1963.653488,4.529486847,68.78318476,3.441975817,114.5671014,5.670764723,2.532646436,0.865939698,0.953926949,91.50030881,2.309428334,31.7324772,32.4948825,32.91298715
3145.6884,1637.906649,3288.645578,1900.552352,1969.391608,4.545521455,69.36689888,3.428993299,114.8856145,5.690021554,2.540407175,0.866137595,0.944573777,91.53681491,2.308921184,31.7316766,32.59086952,32.93197345
3145.8408,1636.836117,3286.495032,1899.297646,1968.10085,4.545376963,69.6791105,3.403918629,114.7962508,5.688077643,2.539175881,0.863370463,0.933379932,91.43600403,2.308474173,31.73079325,32.57053389,32.93043848
3145.9932,1637.082441,3286.988509,1899.570926,1968.393436,4.548901869,70.01565666,3.381927367,114.8018637,5.689598819,2.540070094,0.861463218,0.924859289,91.35033126,2.308385096,31.72983862,32.5764025,32.93263112
3146.1456,1632.798005,3278.385006,1894.587023,1963.238524,4.539720245,70.12714736,3.35169069,114.49225,5.674353024,2.533987074,0.857355108,0.915904559,91.4046569,2.308687768,31.72956505,32.49212018,32.91867881
3146.298,1637.87295,3288.573673,1900.463415,1969.337706,4.556187656,70.56508948,3.34407804,114.8445719,5.689358432,2.542533845,0.858635472,0.91782594,91.34783821,2.308726823,31.7298192,32.59408921,32.93479197
3146.4504,1638.388165,3289.607203,1901.049217,1969.954583,4.559837305,70.77732082,3.32829293,114.8795546,5.687600717,2.544049224,0.85770011,0.919186697,91.52544007,2.308802655,31.73011111,32.60531298,32.93470146
3146.6028,1640.160226,3293.164274,1903.093385,1972.082668,4.566974495,71.02243379,3.31584943,115.0043263,5.68957076,2.547562026,0.857558017,0.922692194,91.54537031,2.309519786,31.72656231,32.64154671,32.93825168
3146.7552,1636.017114,3284.844673,1898.274061,1967.098479,4.557661463,70.99979422,3.292323157,114.7151575,5.670744745,2.541908516,0.854420395,0.923839971,91.56611713,2.3105759,31.72584492,32.56006361,32.92114891
3146.9076,1639.377117,3291.590107,1902.160772,1971.136142,4.569037732,71.25338885,3.287493688,114.955032,5.676865719,2.547948732,0.855575927,0.933219993,91.74944897,2.311740597,31.72485031,32.62791059,32.92816043
3147.06,1637.017915,3286.852361,1899.411551,1968.297235,4.56445375,71.2435972,3.272167972,114.7946432,5.662923071,2.545117703,0.853860786,0.940548821,91.79952563,2.312995117,31.72351434,32.58192844,32.91512333
3147.2124,1636.253563,3285.316827,1898.512853,1967.376069,4.564221626,71.28394972,3.261450297,114.7468073,5.654260805,2.544770564,0.853122963,0.95030317,91.79425272,2.314546964,31.72272105,32.5676931,32.90695337
3147.3648,1631.390707,3275.552259,1892.85887,1961.527404,4.552304601,71.11869738,3.244713573,114.4125299,5.63108786,2.53803033,0.850442764,0.95972453,91.50569629,2.315856193,31.72083775,32.47189153,32.88410378
3147.5172,1636.344603,3285.498197,1898.595482,1967.482998,4.567187839,71.31907673,3.253203398,114.769239,5.640983922,2.546508942,0.853358577,0.979719427,91.31679183,2.317512786,31.7192442,32.57149265,32.89387466
3147.6696,1637.199126,3287.213368,1899.576012,1968.510053,4.570368342,71.31733314,3.255754837,114.8391573,5.636540688,2.54858002,0.854317512,0.999112672,91.2205703,2.319025645,31.71378321,32.58949103,32.88907642
3147.822,1639.648373,3292.130504,1902.406966,1971.454735,4.577877745,71.38096155,3.263376085,115.0203568,5.637942311,2.553088057,0.856201806,1.020271524,91.06288556,2.321159483,31.70766097,32.63923137,32.88947074
3147.9744,1636.377642,3285.562927,1898.601317,1967.522005,4.569361225,71.19923226,3.261265712,114.7993686,5.620168401,2.548639206,0.85515062,1.038156551,91.0149773,2.323361901,31.70177484,32.57511111,32.86990898
3148.1268,1640.611558,3294.063464,1903.503175,1972.613098,4.581480234,71.3271443,3.279181358,115.1043539,5.628690178,2.555760836,0.858284338,1.062724763,90.97512232,2.325893349,31.69582492,32.66038707,32.87571513
3148.2792,1638.928309,3290.683368,1901.539755,1970.589629,4.577053812,71.20252026,3.28681746,114.9934008,5.617369671,2.553620966,0.858367203,1.083531454,90.98976358,2.328127432,31.68706639,32.62786371,32.8608743
3148.4316,1638.502503,3289.828018,1901.035303,1970.078193,4.576057697,71.13771067,3.298934881,114.9696342,5.610935709,2.553374998,0.859160724,1.105184149,90.91657025,2.330549349,31.67896677,32.62037675,32.85025872
3148.584,1633.515774,3279.815181,1895.239249,1964.083208,4.562110993,70.86345008,3.304149215,114.6258987,5.589000856,2.545960917,0.85768494,1.124447411,90.76459479,2.333126571,31.67236593,32.52209678,32.82359719
3148.7364,1637.89251,3288.6027,1900.30737,1969.347481,4.573720531,70.96178809,3.334280688,114.9394242,5.599382064,2.55297541,0.861458468,1.15227784,90.34143739,2.335471088,31.66516003,32.61024327,32.8296099
3148.8888,1637.735687,3288.287677,1900.115823,1969.161089,4.572458267,70.85521576,3.35742463,114.9347445,5.594457838,2.552857522,0.862954628,1.177449253,90.35809988,2.337794313,31.65880378,32.60812348,32.81979276
3149.0412,1638.896302,3290.617867,1901.452879,1970.558908,4.574771674,70.8206297,3.385293702,115.0208375,5.594889478,2.554696602,0.865148533,1.203063996,90.40017243,2.340429255,31.656589,32.63223463,32.81476947
3149.1936,1634.208028,3281.204517,1896.004036,1964.924294,4.560704406,70.54912666,3.402658127,114.6948814,5.576133232,2.547334401,0.864237779,1.223768887,90.25094122,2.343099897,31.65462283,32.53989317,32.78934058
3149.346,1637.127378,3287.066043,1899.381842,1968.437481,4.567489788,70.61085981,3.440508193,114.9005668,5.584604472,2.551623712,0.867467101,1.25012685,90.0162551,2.345728579,31.64384681,32.5990384,32.79126159
3149.4984,1634.431811,3281.653813,1896.245357,1965.199575,4.558528646,70.44524158,3.468090214,114.710372,5.574763221,2.547068523,0.867706878,1.271697752,90.09729702,2.348259903,31.63460185,32.54637676,32.77356849
3149.6508,1633.473387,3279.729505,1895.124392,1964.050651,4.554241884,70.36853784,3.501189497,114.6398877,5.571814435,2.545098318,0.86886169,1.294153879,90.08232221,2.35094465,31.62852137,32.52831246,32.76237041
3149.8032,1628.536727,3269.817665,1889.388139,1958.118886,4.538560156,70.10951245,3.527524074,114.2895253,5.555599129,2.536832619,0.867984853,1.313906715,90.20148586,2.353122204,31.62394798,32.43103771,32.73730727
3149.9556,1633.561595,3279.907004,1895.209582,1964.165754,4.549961285,70.24822115,3.579715922,114.6375769,5.573859611,2.5438757,0.872638934,1.342556846,90.17028542,2.355235307,31.62052722,32.5321459,32.74896232
3150.108,1634.607362,3282.007075,1896.414913,1965.428681,4.549991524,70.20616765,3.624834355,114.7057523,5.578861509,2.544629115,0.87524214,1.368248259,90.16481926,2.357156613,31.6179641,32.55400643,32.74686508
3150.2604,1637.390116,3287.594758,1899.635625,1968.78041,4.554690891,70.25143938,3.675264981,114.8939775,5.590617304,2.547975417,0.878753365,1.394752474,90.16576935,2.359219772,31.61777904,32.61045783,32.75153981
3150.4128,1634.557192,3281.907152,1896.341309,1965.380053,4.543682455,70.06654098,3.714036594,114.6868773,5.583793511,2.542506203,0.8792198,1.4157828,90.05997434,2.361177973,31.6192519,32.55506919,32.73663727
3150.5652,1639.333364,3291.497376,1901.875047,1971.129371,4.55348878,70.20519472,3.772452129,115.0124728,5.60369043,2.548711958,0.883814963,1.442385764,90.12802911,2.363217199,31.62141598,32.6512305,32.75026676
3150.7176,1638.258678,3289.340101,1900.620987,1969.843696,4.547007232,70.10743837,3.818268287,114.926296,5.604213955,2.545750181,0.88521254,1.462861166,90.10525586,2.364931222,31.62715609,32.63085373,32.74346535
3150.87,1638.501944,3289.829066,1900.896014,1970.142874,4.544097592,70.07730378,3.868021783,114.9313889,5.609801958,2.544756656,0.887287598,1.483521323,90.12780052,2.366684089,31.63461317,32.63672974,32.74195219
3151.0224,1634.210491,3281.213142,1895.910216,1964.989786,4.528431149,69.839064,3.907566209,114.6187544,5.599723214,2.536677945,0.886958626,1.499885831,90.20418133,2.36827241,31.64459043,32.55228785,32.72473187
3151.1748,1639.286474,3291.405532,1901.792343,1971.100941,4.538257628,69.95493782,3.970217842,114.9650463,5.62107374,2.54306268,0.891856507,1.524655415,90.11450407,2.369524837,31.65681293,32.65444219,32.74272305
3151.3272,1639.798781,3292.434887,1902.380194,1971.724914,4.53529634,69.86165778,4.022115645,114.9920207,5.626549932,2.542339483,0.89431684,1.544922209,90.29230944,2.37032827,31.66799526,32.66568328,32.74492818
3151.4796,1641.568993,3295.989915,1904.427457,1973.861512,4.535754448,69.82132764,4.077216251,115.1076161,5.636308765,2.543540432,0.897445705,1.565662937,90.26874388,2.371262614,31.68109971,32.70198064,32.75223139
3151.632,1637.418933,3287.65805,1899.606432,1968.879469,4.519836602,69.52547156,4.117353627,114.8088701,5.625526006,2.535568774,0.897319895,1.58022193,90.26116216,2.372153391,31.6950555,32.62034321,32.73884431
3151.7844,1640.778424,3294.404134,1903.497572,1972.927451,4.524447032,69.51243838,4.175064541,115.0394854,5.639551536,2.539237935,0.901338789,1.601353969,90.34419467,2.372869138,31.71001701,32.68831232,32.75387602
3151.9368,1638.413822,3289.657217,1900.748126,1970.09262,4.513252964,69.25498569,4.217744257,114.8694446,5.633772106,2.534045437,0.902180197,1.616353506,90.27384992,2.373194645,31.72606151,32.64224159,32.74894932
3152.0892,1637.645441,3288.115257,1899.850508,1969.177267,4.506381898,69.0543264,4.263695254,114.8125212,5.633099631,2.53132716,0.903887759,1.632667804,90.3327259,2.373607054,31.74327278,32.62797642,32.75036985
3152.2416,1632.775111,3278.337316,1894.194242,1963.329821,4.488055818,68.65062428,4.297628027,114.4698973,5.617516793,2.522293382,0.903379489,1.645266998,90.1685564,2.373529125,31.75943005,32.53199401,32.73765565
3152.394,1637.73,3288.28684,1899.936555,1969.297227,4.49641014,68.57894406,4.353673129,114.8213422,5.633468724,2.528541419,0.908433364,1.668397691,90.37371558,2.373477132,31.77536083,32.63177596,32.76186323
3152.5464,1638.58211,3289.998708,1900.919402,1970.331425,4.493369278,68.30396181,4.397234167,114.8873289,5.634410847,2.528498014,0.911256908,1.687677564,90.30497531,2.373162199,31.77531095,32.64980418,32.77185738
3152.6988,1641.030334,3294.915319,1903.753965,1973.284942,4.494667058,68.06761873,4.443433592,115.0679018,5.639800966,2.530988792,0.914996086,1.70886399,90.34968874,2.372732027,31.77869795,32.6996331,32.78798558
3152.8512,1637.753789,3288.337545,1899.947215,1969.354608,4.480286528,67.56766991,4.472553423,114.849557,5.624484586,2.524730448,0.915569934,1.724343307,90.12699509,2.37239605,31.7852746,32.63539071,32.78396683
3153.0036,1641.988348,3296.840832,1904.85408,1974.456227,4.486419234,67.3020858,4.517455736,115.1640384,5.632277773,2.530256366,0.920423211,1.74819382,90.07158089,2.371952085,31.79573152,32.720821,32.80774483
3153.156,1640.300817,3293.453529,1902.890779,1972.436563,4.476425749,66.77184939,4.544500456,115.0654537,5.618820316,2.526739753,0.921969514,1.765717337,90.17870966,2.371616582,31.80529074,32.688234,32.81063354
3153.3084,1639.871844,3292.593193,1902.38745,1971.930231,4.469906737,66.2604923,4.573015208,115.0580814,5.608417964,2.525268697,0.924264361,1.78490955,90.17575354,2.371060658,31.81788242,32.68072973,32.81820792
3153.4608,1634.87823,3282.567815,1896.588709,1965.935011,4.450918346,65.52701484,4.586523328,114.7328683,5.581186979,2.516863142,0.92404796,1.799597284,90.19237168,2.370545688,31.83774192,32.58226444,32.80970356
3153.6132,1639.25617,3291.358994,1901.661737,1971.20912,4.457397322,65.07386443,4.619874377,115.071585,5.582818575,2.523140794,0.92925314,1.825633504,90.16307732,2.369914779,31.86014969,32.6705705,32.83532027
3153.7656,1639.09689,3291.040178,1901.47129,1971.027186,4.451552125,64.4029627,4.637988368,115.0944128,5.567729877,2.522544065,0.931941195,1.846999216,90.07655669,2.369040998,31.88495984,32.66844332,32.84487797
3153.918,1640.256232,3293.368925,1902.810488,1972.430792,4.44935645,63.74099081,4.657382099,115.2134354,5.555493968,2.524125168,0.935450981,1.870574542,90.08773903,2.368159804,31.91374709,32.69259561,32.85911601
3154.0704,1635.561892,3283.944409,1897.358906,1966.795167,4.431344214,62.81552073,4.658075597,114.9242859,5.522024751,2.516828085,0.935683009,1.888126234,90.00351089,2.367303129,31.94392381,32.60007986,32.85255927
3154.2228,1638.481729,3289.807904,1900.74015,1970.315558,4.434072761,62.09745906,4.674057043,115.1764369,5.511102871,2.521548194,0.940366448,1.915739818,90.00672257,2.366573454,31.97456716,32.65933098,32.87326054
3154.3752,1635.782088,3284.388372,1897.602396,1967.078246,4.421679352,61.13481079,4.671674687,115.0363692,5.480001152,2.517749591,0.941856919,1.937365159,90.00162866,2.365529418,32.00463451,32.60656846,32.8740218
3154.5276,1634.821149,3282.459853,1896.481536,1965.931658,4.414057533,60.19837262,4.671391114,115.0215996,5.453286868,2.516773341,0.944394424,1.962025457,89.95469839,2.364628102,32.03583891,32.58846725,32.8809101
3154.68,1629.878848,3272.537388,1890.741995,1959.997325,4.39569589,59.08632841,4.656792356,114.7281826,5.412381799,2.50976464,0.944649482,1.982673716,90.02589093,2.36393583,32.06678295,32.49100907,32.87363538
3154.8324,1634.906668,3282.633317,1896.568227,1966.052342,4.404303986,58.26959615,4.663361233,115.1398605,5.402378047,2.518352909,0.950707964,2.016654675,90.02509125,2.363429885,32.09769053,32.59230068,32.90179417
3154.9848,1635.952278,3284.733593,1897.774947,1967.31848,4.402231419,57.28519269,4.655570843,115.2724965,5.378352075,2.520909455,0.954453471,2.046274041,89.93936876,2.362784919,32.12723194,32.61419813,32.91569979
3155.1372,1638.736426,3290.324561,1900.998424,1970.675183,4.404906987,56.32671985,4.650047686,115.5300511,5.358759003,2.526282207,0.95925936,2.078982266,89.98430674,2.362451475,32.15720953,32.67075041,32.93552099
3155.2896,1635.900346,3284.630984,1897.702161,1967.273166,4.392520086,55.14875299,4.626648358,115.3931087,5.319781247,2.523093841,0.96081716,2.105243185,89.99051008,2.36202888,32.1872928,32.61525587,32.9353526
3155.442,1640.679862,3294.228296,1903.240149,1973.029146,4.40072962,54.18085731,4.619413898,115.7956146,5.303768435,2.531867646,0.966876565,2.142182485,89.80806754,2.361705198,32.2165176,32.71159147,32.96152287
3155.5944,1639.603778,3292.068463,1901.985431,1971.74323,4.393318607,52.99666932,4.593878421,115.7864602,5.267876382,2.531711599,0.969517386,2.171914818,90.00212495,2.361398583,32.24554837,32.69117357,32.96689306
3155.7468,1639.846813,3292.557194,1902.260847,1972.043524,4.389522628,51.83252928,4.570128094,115.8715766,5.235392403,2.533694675,0.972973049,2.203966131,90.00924353,2.361362405,32.27179328,32.69705697,32.97657189
3155.8992,1635.551521,3283.933658,1897.271597,1966.88606,4.373625133,50.52180679,4.532038028,115.6350519,5.188405312,2.528698381,0.973716751,2.230035696,89.87854853,2.361238197,32.2990866,32.61245551,32.97005268
3156.0516,1640.631657,3294.134494,1903.157907,1973.003088,4.382947366,49.50725937,4.515525251,116.0581714,5.171475098,2.538259501,0.9799395,2.268647415,89.97715501,2.361066248,32.32697073,32.71479518,32.99567387
3156.204,1641.144489,3295.164874,1903.746074,1973.627405,4.380146445,48.3563745,4.484842305,116.1570582,5.140229699,2.54078631,0.983401101,2.300763542,90.2549634,2.360806647,32.35533799,32.72605358,33.00495858
3156.3564,1642.916314,3298.723109,1905.794669,1975.7657,4.380756249,47.23466595,4.456523621,116.3446813,5.112659185,2.545311744,0.987634875,2.334762794,90.30738715,2.360975158,32.38125189,32.76241457,33.01825746
3156.5088,1638.763024,3290.384622,1900.970035,1970.778462,4.365577715,45.94032553,4.411652621,116.1119769,5.06657398,2.540675762,0.988323729,2.360371699,90.24485732,2.361241889,32.40733435,32.68062281,33.01061434
3156.6612,1642.125599,3297.136817,1904.863735,1974.829663,4.370518761,44.88605957,4.385147901,116.4072906,5.044708239,2.547673123,0.993446277,2.39618423,90.32029825,2.361492128,32.43062615,32.74871405,33.02835571
3156.8136,1639.759415,3292.386531,1902.112064,1971.991354,4.360258291,43.67878404,4.342772534,116.2956408,5.005301515,2.545801251,0.995092329,2.42355896,90.24988806,2.36151345,32.44801585,32.70255473,33.02585063
3156.966,1638.990814,3290.843938,1901.213521,1971.074264,4.354280411,42.52934669,4.304244353,116.2952032,4.971329571,2.546393222,0.997665522,2.453138136,90.37530421,2.361625242,32.46388627,32.68825973,33.02857701
3157.1184,1634.116992,3281.058672,1895.552858,1965.220118,4.337435357,41.31287813,4.25469774,115.9993508,4.926394344,2.540522166,0.997618629,2.47602958,90.11963871,2.361930726,32.48750419,32.59209649,33.01662048
3157.2708,1639.076681,3291.017569,1901.298831,1971.191736,4.346817671,40.45402153,4.230418788,116.3906465,4.915012505,2.549705709,1.003249672,2.511831662,90.14918911,2.362408094,32.5102259,32.69205928,33.03815943
3157.4232,1639.930313,3292.732108,1902.281872,1972.225199,4.345376678,39.53966785,4.195419464,116.4860437,4.892929054,2.552410414,1.006225533,2.540449672,90.17672531,2.362542179,32.5308616,32.71011732,33.04502486
3157.5756,1642.381385,3297.654072,1905.117952,1975.179805,4.348158906,38.70008518,4.165071355,116.6911741,4.876894216,2.557508923,1.010097528,2.570755941,90.08483913,2.363199895,32.55019096,32.76003483,33.0571813
3157.728,1639.102948,3291.072059,1901.307975,1971.24401,4.335721921,37.75711056,4.121107215,116.4858733,4.844983383,2.553586923,1.010388615,2.591409347,89.93042308,2.363891653,32.5671296,32.69567031,33.04919996
3157.8804,1643.341818,3299.58367,1906.217848,1976.348808,4.343164669,37.10002565,4.0982492,116.8040398,4.83924739,2.561074521,1.015053391,2.621609084,90.1347835,2.36476712,32.58346858,32.78125493,33.06660612
3158.0328,1641.653676,3296.194742,1904.252659,1974.32559,4.334915832,36.340726,4.061564557,116.6978604,4.817099979,2.559234867,1.015999529,2.641565553,90.03008897,2.365771073,32.59681424,32.7486043,33.06322272
3158.1852,1641.225089,3295.334824,1903.748512,1973.817241,4.329952459,35.65689148,4.029413749,116.6767851,4.8003011,2.55921717,1.017627088,2.662527979,89.97023829,2.366771042,32.60951574,32.74108272,33.06402897
3158.3376,1636.228107,3285.302246,1897.945155,1967.814712,4.312943272,34.93946959,3.987477782,116.3252297,4.772484726,2.551896096,1.01625727,2.674923494,89.89876152,2.367597027,32.62117917,32.6424321,33.0486666
3158.49,1640.610471,3294.101974,1903.021309,1973.092145,4.320740566,34.60090229,3.972194992,116.6253093,4.778329761,2.558733666,1.020259948,2.699283211,90.1417184,2.368479867,32.63232026,32.73089774,33.06527385
3158.6424,1640.451878,3293.784127,1902.83022,1972.908296,4.316617386,34.2360499,3.947433123,116.5968064,4.773350584,2.558307917,1.021261699,2.71469845,90.07380129,2.369246677,32.64187085,32.72876316,33.06579964
3158.7948,1641.612936,3296.115959,1904.169906,1974.311632,4.315909333,33.95912735,3.927942153,116.6566854,4.774349125,2.559746181,1.022962199,2.730811641,90.03151109,2.370217172,32.65043356,32.75295658,33.07075717
3158.9472,1636.915398,3286.684621,1898.714002,1968.669176,4.299715998,33.60871711,3.896476711,116.2956968,4.760081619,2.551877846,1.020930554,2.736020982,90.07296569,2.371079784,32.65648609,32.66026655,33.05507813
3159.0996,1639.838263,3292.553933,1902.097271,1972.191601,4.303505225,33.57385564,3.888348814,116.4626578,4.773671725,2.555414966,1.023302793,2.750712305,90.06652923,2.372340551,32.66184005,32.71962357,33.06537804
3159.252,1637.13694,3287.130711,1898.956923,1968.950013,4.292497799,33.4760442,3.868914399,116.2257811,4.772722024,2.550020718,1.022063623,2.754708407,90.12328762,2.373281844,32.66527448,32.66676016,33.05581798
3159.4044,1636.175709,3285.201344,1897.834935,1967.801234,4.286028819,33.48467448,3.856036696,116.1069312,4.779322278,2.547119843,1.021751958,2.760166961,89.92996422,2.37443854,32.6659959,32.64862203,33.05220227
3159.5568,1631.229841,3275.271379,1892.090954,1961.860077,4.269192015,33.49466225,3.835974573,115.6994247,4.77719721,2.537798083,1.018731833,2.757618704,89.93204581,2.375588525,32.66350919,32.55098043,33.03434665
3159.7092,1636.262389,3285.376561,1897.920971,1967.919529,4.278649717,33.91315587,3.845127274,115.9849318,4.811445735,2.54346877,1.021417937,2.768562636,89.92781122,2.37706135,32.65752631,32.65245547,33.05110586
3159.8616,1637.309447,3287.47943,1899.128168,1969.185488,4.277784968,34.33196598,3.84711717,115.9822414,4.836809765,2.542737415,1.021394135,2.771266791,90.19115434,2.378243767,32.64662553,32.67438983,33.05363701
3160.014,1640.096439,3293.07584,1902.353586,1972.544081,4.281446083,34.8553425,3.855711121,116.0976123,4.869727244,2.544496184,1.022303395,2.775446503,90.01320135,2.379796992,32.63457373,32.73104299,33.06216168
3160.1664,1637.258485,3287.378188,1899.054645,1969.137646,4.270363379,35.30585652,3.85326383,115.8107946,4.887734455,2.537361386,1.019619462,2.769129158,90.05363477,2.381169758,32.61739364,32.67544256,33.05077618
3160.3188,1642.042372,3296.984081,1904.596289,1974.898009,4.279167263,36.06197321,3.874420822,116.0524317,4.933666566,2.541611774,1.021369914,2.773212857,89.98273181,2.382624282,32.61784952,32.77195245,33.06574084
3160.4712,1640.965722,3294.822884,1903.340427,1973.609954,4.2726365,36.73181342,3.88390218,115.8763793,4.963541089,2.536638861,1.019402565,2.766434337,90.17351358,2.384413554,32.61455387,32.75149341,33.06003152
3160.6236,1641.209223,3295.312368,1903.615823,1973.909734,4.269497818,37.48241889,3.89878324,115.7899497,4.999211767,2.533535333,1.018148891,2.760965302,89.85928407,2.386286539,32.61295576,32.75738421,33.05895275
3160.776,1636.910627,3286.68195,1898.622797,1968.746552,4.254608077,38.18471961,3.90470466,115.379975,5.022947163,2.523279287,1.013925624,2.747366664,89.78872517,2.388144136,32.61229486,32.67262317,33.04188378
3160.9284,1641.995274,3296.891667,1904.513046,1974.868383,4.264352468,39.245079,3.937799607,115.6236406,5.080319513,2.527154722,1.015133237,2.748049796,89.85729015,2.389696203,32.61716122,32.77514816,33.05774997
3161.0808,1642.508821,3297.923242,1905.101376,1975.492281,4.262316968,40.248018,3.961685926,115.54273,5.125272675,2.523873223,1.013372517,2.740432403,90.29472641,2.391295226,32.62502353,32.78642387,33.05750246
3161.2332,1644.282371,3301.484731,1907.15119,1977.631648,4.263534803,41.3155887,3.990371691,115.5482257,5.175429434,2.522412323,1.012320936,2.734335427,90.35961685,2.393112754,32.63471788,32.8228485,33.06163138
3161.3856,1640.125851,3293.13949,1902.322897,1972.638796,4.24933664,42.25092446,4.00604418,115.1355407,5.20773976,2.511776709,1.00759831,2.718161959,90.10395899,2.394671765,32.64346211,32.74090242,33.04473691
3161.538,1643.491449,3299.897549,1906.219128,1976.692841,4.254762449,43.44420872,4.043650499,115.2476222,5.266505723,2.512488767,1.00733932,2.714022493,90.66799083,2.396244234,32.65283353,32.80911578,33.05412421
3161.6904,1641.123498,3295.143455,1903.465271,1973.850913,4.245347198,44.50224642,4.068497236,114.95664,5.307619615,2.50437302,1.003542683,2.700076315,90.4977402,2.398042308,32.65900687,32.76286787,33.04313382
3161.8428,1640.354468,3293.599745,1902.56585,1972.931975,4.240130589,45.6200942,4.098386532,114.7774684,5.354554747,2.498655528,1.000679254,2.688698695,90.54785474,2.399859653,32.66527226,32.74854304,33.03771898
3161.9952,1635.47687,3283.806547,1896.900877,1967.071135,4.224495212,46.64389841,4.118542781,114.3117296,5.388675861,2.486682675,0.995211816,2.670980463,90.47976375,2.401317176,32.66991642,32.65219896,33.01774952
3162.1476,1640.441117,3293.774238,1902.650543,1973.046764,4.234773301,47.98861726,4.164984081,114.5362145,5.456484763,2.489706794,0.995530817,2.670435444,90.67383225,2.402921637,32.6724627,32.75234259,33.03297305
3162.3,1641.295956,3295.490754,1903.633849,1974.079408,4.234667882,49.22716766,4.201423949,114.4750831,5.510991887,2.486522929,0.993276786,2.663508558,90.68601262,2.404384928,32.67383988,32.77043046,33.03360588
3162.4524,1643.749616,3300.417446,1906.471474,1977.034867,4.238793783,50.50621076,4.242218792,114.5268312,5.57079135,2.485803337,0.99199709,2.659689898,90.68917318,2.405796927,32.6746119,32.82043656,33.03977218
3162.6048,1640.469035,3293.830577,1902.658294,1973.093339,4.228180494,51.59167339,4.268274051,114.1804638,5.610851313,2.476463202,0.987298255,2.647334377,90.47876932,2.407038788,32.67329444,32.75594991,33.02539766
3162.7572,1644.712146,3302.350136,1907.571071,1978.200542,4.237247162,52.87834182,4.31390572,114.3629171,5.675767731,2.478655246,0.987164706,2.64932683,90.48415222,2.40826257,32.67405596,32.84168885,33.03773276
3162.9096,1643.023322,3298.959202,1905.603889,1976.172989,4.231055876,53.95214234,4.34410186,114.1343458,5.719752444,2.471965829,0.983534842,2.642499458,90.52586769,2.409634528,32.67486031,32.8089746,33.02880154
3163.062,1642.595154,3298.099461,1905.09875,1975.661585,4.228189049,55.03654713,4.377218458,113.9959695,5.767313292,2.467277878,0.980725927,2.638926092,89.90710023,2.410841009,32.67663291,32.8014357,33.02423784
3163.2144,1637.594853,3288.059468,1899.29059,1969.650656,4.213745123,55.94270345,4.397236429,113.5442746,5.797859836,2.455862863,0.975196477,2.629594722,89.99609559,2.411734383,32.68143203,32.70259976,33.00351525
3163.3668,1641.981936,3296.867855,1904.369516,1974.929668,4.224016308,57.10253173,4.440044265,113.7545868,5.858957823,2.458914095,0.975277303,2.639107439,89.97785549,2.412516593,32.68426683,32.79122497,33.01707028
3163.5192,1641.824338,3296.551108,1904.177419,1974.742118,4.222805186,58.07491883,4.469582872,113.6542891,5.902701637,2.455318299,0.97268121,2.642755362,89.98001054,2.41283904,32.68873854,32.789083,33.01454013
3163.6716,1642.987572,3298.886373,1905.517131,1976.143034,4.225109607,59.04834461,4.501537886,113.6492089,5.949846125,2.453863341,0.970955524,2.650104119,90.0717906,2.413401826,32.69036634,32.81331756,33.01665638
3163.824,1638.287373,3289.448674,1900.056399,1970.491451,4.212405336,59.7681236,4.516256381,113.2419449,5.974504169,2.443793522,0.965849627,2.649476286,89.77349787,2.413852405,32.69287728,32.72045323,32.99768715
3163.9764,1641.214155,3295.324758,1903.440968,1974.012746,4.219712704,60.6582553,4.548443489,113.373819,6.023179158,2.445547215,0.965393626,2.665107923,89.86616443,2.414537579,32.69339899,32.77991615,33.00658771
3164.1288,1638.512095,3289.898899,1900.297269,1970.763624,4.212654241,61.29405808,4.563798381,113.1205882,6.049784047,2.439074032,0.961718192,2.672845191,89.98839468,2.414692885,32.69344095,32.72695186,32.9951501
3164.2812,1637.55169,3287.969977,1899.173295,1969.608999,4.210266471,61.93861602,4.582083208,112.9927212,6.080955096,2.435415112,0.959156459,2.685043608,89.89300907,2.4148794,32.6926869,32.70877682,32.98996356
3164.4336,1632.603403,3278.033866,1893.424002,1963.657336,4.197930304,62.38480084,4.586840251,112.5964579,6.09524354,2.426074545,0.954285932,2.69241383,89.79080979,2.415056472,32.69236552,32.61095179,32.97074039
3164.586,1637.642167,3288.150127,1899.256716,1969.716708,4.211967681,63.08930343,4.613874521,112.9066226,6.141372057,2.432198063,0.955345728,2.720695571,90.10918098,2.415159947,32.69137278,32.71261025,32.98915796
3164.7384,1638.692175,3290.257455,1900.463299,1970.977984,4.216050543,63.59005887,4.627352958,112.948737,6.170340468,2.432654931,0.954118882,2.743869459,90.22177781,2.415209038,32.6884143,32.73458153,32.99353512
3164.8908,1641.483687,3295.86142,1903.689464,1974.333567,4.224809097,64.10152434,4.643511087,113.1165718,6.203816904,2.43593068,0.953990309,2.771595149,89.96714781,2.415269264,32.68568885,32.79133558,33.00437147
3165.0432,1638.645573,3290.161882,1900.386639,1970.917803,4.219185919,64.34760585,4.641843997,112.9011848,6.214351501,2.431027671,0.950657637,2.791304412,89.67259536,2.415138982,32.68241041,32.73562925,32.99512778
3165.1956,1643.435927,3299.77909,1905.930497,1976.676722,4.233582979,64.77088032,4.656352426,113.226332,6.248733002,2.437961295,0.951905171,2.828086433,89.80812857,2.41484593,32.67839917,32.83231343,33.01470064
3165.348,1642.360828,3297.619315,1904.672053,1975.380742,4.232932903,64.91426923,4.652577452,113.1516901,6.259141621,2.436361871,0.94984939,2.85621931,90.29151454,2.414498708,32.67345813,32.81181326,33.01327814
3165.5004,1642.607069,3298.112567,1904.945895,1975.673859,4.235793741,65.05611672,4.650464096,113.1730347,6.272652277,2.436924493,0.948650366,2.8883383,90.38038443,2.414332305,32.67040081,32.81771144,33.0168944
3165.6528,1638.307394,3289.478238,1899.947602,1970.49901,4.227111641,64.97338128,4.63312965,112.8873836,6.266685651,2.430957396,0.944866453,2.914077112,90.38177785,2.414010637,32.66682477,32.73279083,33.00479004
3165.8052,1643.399079,3299.70023,1905.840112,1976.618968,4.243143773,65.15031171,4.636029913,113.2661341,6.290835646,2.439487738,0.946584004,2.960281846,90.32667859,2.413230773,32.65632566,32.83550114,33.02875785
3165.9576,1643.915787,3300.73631,1906.426989,1977.236046,4.247528198,65.10208302,4.623803073,113.3356737,6.295322598,2.441436298,0.945712472,2.999642283,90.60035656,2.412368558,32.64584927,32.84679417,33.03688157
3166.11,1645.693619,3304.304518,1908.476342,1979.369838,4.255243929,65.06632549,4.613171197,113.4966347,6.30296651,2.445415613,0.945612518,3.042685369,90.54238251,2.411860633,32.63508432,32.88328243,33.05008698
3166.2624,1641.53632,3295.955871,1903.642791,1974.365076,4.247637236,64.77184453,4.58424382,113.2518578,6.286626505,2.440679958,0.942118175,3.075903364,90.48282335,2.411233241,32.62611949,32.80118202,33.04259377
3166.4148,1644.907655,3302.723516,1907.539793,1978.415043,4.259738457,64.69987232,4.57110137,113.5393893,6.294707807,2.4475082,0.942978615,3.125792625,90.69576995,2.41041709,32.61952725,32.86951751,33.06423719
3166.5672,1642.540522,3297.969183,1904.782089,1975.562994,4.257017784,64.37549047,4.540336304,113.4344238,6.279453098,2.445910549,0.940575147,3.165590379,90.58125827,2.409400424,32.6142086,32.82318102,33.06579704
3166.7196,1641.773704,3296.428011,1903.880099,1974.635588,4.258528087,64.09042317,4.512105006,113.4438714,6.268849782,2.446817813,0.939092235,3.209089946,90.58196045,2.408567158,32.61096724,32.80882636,33.07378183
3166.872,1636.894754,3286.630259,1898.209275,1968.762059,4.249539145,63.6256555,4.470461039,113.1740002,6.240825536,2.441738926,0.935232733,3.244783652,90.18081146,2.40739325,32.60360089,32.71230144,33.06787813
3167.0244,1641.866125,3296.610323,1903.96101,1974.735363,4.266461938,63.49482698,4.45042131,113.5985046,6.245795359,2.451701921,0.936950417,3.300746814,90.50194957,2.40623023,32.5996017,32.8126259,33.09991688
3167.1768,1642.724488,3298.332073,1904.943125,1975.761552,4.272840069,63.18796719,4.417308182,113.7433289,6.233394796,2.455653908,0.936299547,3.348412509,90.40277286,2.404745557,32.5967158,32.83074361,33.11797259
3167.3292,1645.18304,3303.266737,1907.780856,1978.712275,4.283420005,62.94277556,4.387068996,114.0023946,6.226065737,2.462049533,0.936505677,3.399400004,90.54145172,2.403248855,32.59512107,32.8808383,33.14259447
3167.4816,1641.902327,3296.677871,1903.963229,1974.760227,4.279047952,62.48677762,4.340436694,113.8662634,6.196440702,2.459865466,0.933376388,3.438642432,90.33906056,2.401614403,32.59450354,32.81622951,33.14768986
3167.634,1646.151773,3305.208353,1908.877618,1979.864857,4.294331123,62.32155068,4.310436816,114.2605417,6.192832383,2.469058773,0.934403045,3.493645178,90.37700948,2.400234352,32.59723356,32.90212278,33.18183547
3167.7864,1644.464058,3301.817987,1906.907361,1977.828822,4.294068718,61.93835617,4.264021513,114.2452347,6.166336702,2.469345287,0.932011654,3.536173527,90.36096192,2.398827428,32.60162368,32.8693449,33.19570606
3167.9388,1644.038045,3300.960929,1906.400184,1977.310358,4.297045885,61.61883865,4.220167131,114.3199994,6.144167528,2.47150171,0.930262665,3.581222032,90.42247809,2.397453506,32.61135871,32.86178868,33.21492809
3168.0912,1639.035802,3290.915543,1900.586416,1971.287989,4.288069822,61.13940232,4.163853191,114.0789313,6.10428707,2.466779957,0.925868539,3.615691826,90.6607946,2.395859832,32.61814189,32.76276742,33.21882196
3168.2436,1643.428975,3299.7346,1905.667313,1976.565548,4.303706328,61.0359727,4.129316557,114.4976033,6.097523142,2.47621935,0.926649796,3.668915699,90.46765187,2.39406029,32.63220466,32.85155221,33.25772747
3168.396,1643.273362,3299.420455,1905.473659,1976.372272,4.307413847,60.77571523,4.08278553,114.6016186,6.073248583,2.478798223,0.924817931,3.711198943,90.07302459,2.391836072,32.64842619,32.84940285,33.28123205
3168.5484,1644.439656,3301.760505,1906.812913,1977.768997,4.314502909,60.59699793,4.039318864,114.7991134,6.053885492,2.483292462,0.923622822,3.755840836,90.12887969,2.39008483,32.66708909,32.87367853,33.31016409
3168.7008,1639.737267,3292.317239,1901.347143,1972.10759,4.306112388,60.23518079,3.981330332,114.5871019,6.013194519,2.478837771,0.919026188,3.7866026,90.03339155,2.388207861,32.68761728,32.78063992,33.31945381
3168.8532,1642.668379,3298.200797,1904.732832,1975.627181,4.317640528,60.220246,3.941407042,114.908918,6.000510274,2.485761845,0.918509278,3.832488393,89.96943183,2.386619654,32.70910332,32.84020874,33.35674444
3169.0056,1639.96558,3292.772436,1901.585877,1972.371029,4.314276925,60.03045435,3.887897987,114.83663,5.967441104,2.484072657,0.914746898,3.864374236,89.8845129,2.384733991,32.72744453,32.78714356,33.37508287
3169.158,1639.005868,3290.843915,1900.460091,1971.211376,4.315428612,59.9459211,3.838740613,114.8859746,5.941094084,2.484907706,0.911841484,3.898849305,89.84932985,2.383426207,32.74860914,32.7689316,33.39997659
3169.3104,1634.054602,3280.901031,1894.705939,1965.251125,4.306068133,59.74428027,3.780628011,114.6540996,5.900492766,2.479610168,0.906655834,3.921635366,89.61746792,2.38161455,32.76990035,32.67092315,33.41123389
3169.4628,1639.098935,3291.027611,1900.541853,1971.312517,4.322979374,59.97516065,3.746791124,115.1193137,5.896586388,2.489277479,0.906902693,3.963208607,89.74407511,2.379583055,32.79296555,32.77276503,33.45688494
3169.6152,1640.150824,3293.138062,1901.7486,1972.572297,4.329334956,60.08709683,3.704356263,115.3024933,5.878512454,2.492798341,0.904896282,3.992824198,89.72725335,2.377297823,32.81543511,32.79477323,33.48859582
3169.7676,1642.945653,3298.748054,1904.97637,1975.928373,4.340221483,60.30668813,3.666501025,115.606401,5.867375057,2.498837601,0.903747351,4.024958697,89.62743091,2.375427321,32.83949621,32.85162816,33.52627092
3169.92,1640.105766,3293.044537,1901.670785,1972.507821,4.336161527,60.35770099,3.616700747,115.511319,5.836961865,2.496190447,0.899409558,4.042109783,89.65239896,2.373550078,32.86693932,32.79581594,33.54505113
3170.0724,1644.900897,3302.670847,1907.218017,1978.269973,4.352113376,60.77099172,3.585950032,115.9461608,5.835755079,2.504878087,0.899132036,4.074040699,89.77553022,2.371877785,32.89543055,32.8926744,33.58911589
3170.2248,1643.825273,3300.509747,1905.9584,1976.971724,4.352430149,61.00459269,3.543131551,115.965079,5.81458607,2.504501787,0.895566377,4.090427949,89.61254693,2.370293878,32.92564397,32.8721331,33.61361508
3170.3772,1644.072074,3301.003871,1906.232163,1977.26408,4.356148131,61.3283679,3.504262213,116.0748724,5.799136427,2.505996175,0.892645359,4.108688034,89.8735679,2.368956198,32.96030719,32.87803868,33.64244459
3170.5296,1639.768799,3292.362265,1901.230297,1972.084334,4.34775137,61.50703314,3.457181345,115.8598264,5.768599434,2.500441259,0.887257104,4.11350756,89.91929643,2.367757443,32.99473853,32.79295849,33.65567838
3170.682,1644.864979,3302.593125,1907.126768,1978.209198,4.364123215,62.09288789,3.433976309,116.2969059,5.773667915,2.508935856,0.887011913,4.136194715,89.90161977,2.366179771,33.02850572,32.89585412,33.69793305
3170.8344,1645.381992,3303.629868,1907.714093,1978.827028,4.368266263,62.52610712,3.402772117,116.4063392,5.763563078,2.510337049,0.884321741,4.145346473,89.59023969,2.364723856,33.06132127,32.90716447,33.72434219
3170.9868,1647.161184,3307.20086,1909.764923,1980.962956,4.375687824,63.03514022,3.375482286,116.6012056,5.758965744,2.513549468,0.882287287,4.156475498,89.63950571,2.363886906,33.09157879,32.94371636,33.754369
3171.1392,1642.999918,3298.844497,1904.92822,1975.954658,4.367287185,63.33827181,3.337157743,116.3712158,5.734693949,2.507607212,0.877057828,4.15182903,89.89976685,2.363204717,33.12106084,32.86146162,33.76473715
3171.2916,1646.373836,3305.617445,1908.828064,1980.00877,4.378795707,63.97429737,3.318210154,116.6603241,5.739749759,2.512915544,0.875930133,4.162159298,89.63653658,2.362741094,33.14804893,32.92991925,33.79732934
3171.444,1644.004126,3300.858254,1906.068735,1977.155412,4.374974104,64.40708694,3.288928373,116.5375522,5.725850908,2.509361386,0.871745334,4.156930751,89.51082704,2.362283356,33.17467038,32.88349416,33.81087744
3171.5964,1643.236105,3299.314965,1905.166406,1976.228375,4.375383434,64.91721801,3.26442977,116.522529,5.718662987,2.5081575,0.868442225,4.154241205,89.28650063,2.361952885,33.20223772,32.86910967,33.82869439
3171.7488,1638.352214,3289.507764,1899.492069,1970.351424,4.364823618,65.26480952,3.233892044,116.2088354,5.698249406,2.500590307,0.863075383,4.13868665,89.65363145,2.361487977,33.22623122,32.77240392,33.83185612
3171.9012,1643.327236,3299.495452,1905.248127,1976.331331,4.380459143,66.00180397,3.228569293,116.5757095,5.715260705,2.507864569,0.863218927,4.142031213,89.20882875,2.361025549,33.24692795,32.87290922,33.86260965
3172.0536,1644.185517,3301.2175,1906.231388,1977.360316,4.385094204,66.5680212,3.217334221,116.6432441,5.719015385,2.508785837,0.861335614,4.13261253,89.13544326,2.360527689,33.26396818,32.89105675,33.87856869
3172.206,1646.645394,3306.15525,1909.071528,1980.315425,4.394014139,67.19276945,3.210817016,116.8173441,5.729384088,2.512114575,0.860395291,4.125996159,89.02879503,2.360237318,33.27764421,32.94124003,33.89828102
3172.3584,1643.360919,3299.559408,1905.251795,1976.362126,4.387639837,67.57610674,3.194373656,116.5776869,5.720764836,2.506662279,0.856540293,4.104306024,89.02516275,2.360111177,33.28836544,32.87650911,33.89872326
3172.5108,1647.613268,3308.09609,1910.169999,1981.472889,4.401388623,68.24615237,3.197236885,116.8550531,5.741380199,2.51260754,0.856926962,4.098226698,89.24752349,2.360204236,33.29637367,32.96255671,33.9194083
3172.6632,1645.923205,3304.701533,1908.198877,1979.437123,4.399267754,68.66375776,3.189829775,116.7047725,5.742360532,2.509469408,0.854308442,4.076936434,89.49097885,2.360669348,33.30132818,32.92971519,33.92034571
3172.8156,1645.495991,3303.842533,1907.691805,1978.920076,4.400546149,69.1163047,3.186341988,116.6372182,5.748810851,2.508254787,0.852479208,4.058177076,89.45902387,2.36115555,33.30344299,32.92214166,33.9239069
3172.968,1640.488489,3293.787184,1901.874547,1972.894645,4.389581416,69.35210691,3.176014357,116.2386833,5.740286644,2.500043858,0.848459674,4.026657002,89.52660208,2.361773979,33.30144547,32.82293508,33.91124529
3173.1204,1644.884709,3302.612715,1906.959351,1978.178408,4.403759436,69.92130325,3.189626631,116.4893144,5.767409619,2.506107174,0.849802632,4.014015061,89.38685071,2.362352637,33.29571802,32.91187944,33.92356059
3173.2728,1644.728114,3302.297078,1906.766029,1977.986876,4.405731108,70.26862004,3.196485522,116.4110875,5.779544744,2.505225283,0.848994272,3.988884431,89.28157696,2.362799121,33.28418195,32.90972269,33.91969589
3173.4252,1645.894647,3304.638017,1908.106619,1979.386502,4.411293393,70.63827788,3.207313547,116.4202113,5.797131758,2.506402675,0.849052916,3.966598674,89.21737151,2.363608932,33.26859185,32.93403951,33.91840102
3173.5776,1641.187359,3295.185445,1902.637528,1973.722064,4.401175408,70.72748508,3.207768285,116.0092892,5.794672362,2.498680644,0.84622469,3.930064849,89.44362259,2.364573024,33.25894533,32.84082661,33.89711553
3173.73,1644.120404,3301.073161,1906.025848,1977.245921,4.411614837,71.06944656,3.227302717,116.1253032,5.821118397,2.502638811,0.847782709,3.909882041,89.32064515,2.365838347,33.24741841,32.90050132,33.8959295
3173.8824,1641.414606,3295.639173,1902.877056,1973.988348,4.406963772,71.137405,3.236940201,115.8378538,5.828218895,2.498053168,0.846587901,3.876093346,89.24510036,2.366839157,33.23612603,32.84733526,33.87529381
3174.0348,1640.453487,3293.708144,1901.750771,1972.828855,4.40704925,71.23688403,3.251354365,115.667707,5.842012262,2.496183802,0.84650133,3.845970238,89.02330089,2.368094527,33.22381601,32.82908639,33.85826885
3174.1872,1635.497301,3283.755801,1895.992972,1966.86481,4.396408178,71.11918039,3.259638681,115.2116198,5.841930999,2.488261299,0.844578946,3.805140651,88.99312585,2.369346935,33.20970834,32.73089451,33.82612872
3174.3396,1640.545584,3293.890459,1901.833095,1972.932207,4.412645909,71.33575633,3.292530068,115.4508677,5.878718647,2.495605028,0.848366572,3.784502672,88.95787301,2.370636577,33.19316938,32.83291982,33.82149108
3174.492,1641.597909,3296.002038,1903.040903,1974.194034,4.418118138,71.33484691,3.319191336,115.4047931,5.901517778,2.496895388,0.850315717,3.75341587,89.05716458,2.371710401,33.17430538,32.85496493,33.80186645
3174.6444,1644.394766,3301.616278,1906.271071,1977.553742,4.42833971,71.36421162,3.35048858,115.4776946,5.930798549,2.500913939,0.853368068,3.725989078,88.9711618,2.373078173,33.1581505,32.91192075,33.78609625
3174.7968,1641.551995,3295.907252,1902.963409,1974.131102,4.423443347,71.1160823,3.370991164,115.1532457,5.939825109,2.49642077,0.853626249,3.685745681,89.09350056,2.374701851,33.13760217,32.85600262,33.75044196
3174.9492,1646.351092,3305.541547,1908.514512,1979.898444,4.439208125,71.11644149,3.409733211,115.3625399,5.976866705,2.503658674,0.858227507,3.661907797,89.17602139,2.376372108,33.11674424,32.95303538,33.73644412
3175.1016,1645.274324,3303.378277,1907.254094,1978.599396,4.439185953,70.83361623,3.436895937,115.1584034,5.992803392,2.502024124,0.859883838,3.625283278,89.19844563,2.378280161,33.09500186,32.93245294,33.70176205
3175.254,1645.521216,3303.872634,1907.528055,1978.892089,4.442789263,70.57186711,3.467394342,115.0453414,6.013690891,2.502475948,0.862370541,3.591792026,89.11284815,2.380377542,33.07176137,32.93836591,33.66982633
3175.4064,1641.214055,3295.223375,1902.522785,1973.708114,4.434086329,70.08405368,3.489049764,114.6143454,6.017872832,2.496033371,0.862597897,3.54798252,89.04882397,2.382346055,33.04701417,32.85312615,33.62094887
3175.5588,1646.314702,3305.463094,1908.423235,1979.83795,4.450724452,69.92313541,3.532814857,114.8448075,6.056061982,2.503956011,0.868085065,3.523453198,88.92081942,2.384022028,33.01979173,32.9562071,33.60084868
3175.7112,1646.832176,3306.500752,1909.010916,1980.456164,4.454935094,69.53971558,3.567514702,114.7567283,6.077308277,2.504931931,0.87127516,3.488862005,89.07224389,2.385661373,32.98910592,32.96753477,33.56396342
3175.8636,1648.61299,3310.07493,1911.063069,1982.593611,4.462590174,69.18567985,3.605289092,114.7591052,6.103025378,2.507881019,0.875217294,3.457165715,89.10155795,2.387694337,32.96128134,33.00415028,33.53024851
3176.016,1644.448148,3301.711443,1906.222984,1977.580858,4.454190277,68.56791185,3.630126583,114.3519881,6.106366255,2.501826918,0.876037916,3.413265164,89.11098307,2.38971308,32.93263958,32.92174122,33.47514455
3176.1684,1647.825203,3308.490525,1910.125353,1981.63785,4.466191913,68.22182777,3.672013619,114.4821783,6.13631026,2.507312466,0.880993168,3.385230225,89.1291023,2.391846486,32.90306256,32.99032098,33.44493782
3176.3208,1645.4536,3303.727493,1907.364003,1978.781607,4.462627634,67.6226215,3.701119432,114.217443,6.144367781,2.504089488,0.882911499,3.345763532,89.17470061,2.393854309,32.87350727,32.94380731,33.39388089
3176.4732,1644.685117,3302.183189,1906.460909,1977.853242,4.463397347,67.07439091,3.733729675,114.0695306,6.157686852,2.503334092,0.885717876,3.309801823,89.32211493,2.396123774,32.84538054,32.92939298,33.34757678
3176.6256,1639.79712,3292.36778,1900.782584,1971.970969,4.452895898,66.34521326,3.756817455,113.6424503,6.154563491,2.49630272,0.886323514,3.265438219,89.24554313,2.397692684,32.81598438,32.83250639,33.28577907
3176.778,1644.776714,3302.364473,1906.542457,1977.955454,4.468952015,65.99179665,3.801897042,113.9184567,6.185849619,2.504271844,0.892263469,3.240729333,89.31121031,2.399262389,32.78821395,32.93319253,33.25992965
3176.9304,1645.635918,3304.088324,1907.526313,1978.985036,4.473697447,65.46519099,3.837259381,113.9165273,6.200585628,2.505951032,0.895968068,3.207891654,89.22726252,2.400218614,32.76130727,32.9513699,33.21928219
3177.0828,1648.098118,3309.030663,1910.368325,1981.942387,4.482749626,65.00646682,3.875984763,114.0349305,6.220340921,2.510057835,0.900492811,3.178250427,89.32030901,2.401683072,32.73579803,33.00164176,33.1848381
3177.2352,1644.810888,3302.429369,1906.545954,1977.985706,4.47614512,64.33065481,3.900669786,113.7649925,6.217438965,2.505396626,0.901798222,3.137607631,89.35243196,2.402979883,32.70995054,32.93678872,33.12970869
3177.3876,1649.067112,3310.973755,1911.46749,1983.100679,4.489919327,63.96915493,3.94143151,114.0412593,6.240264048,2.512187568,0.907037571,3.111990942,89.40772317,2.404301268,32.68637079,33.02299064,33.10509087
3177.54,1647.375683,3307.57653,1909.495024,1981.063266,4.487487346,63.38973145,3.967309742,113.915415,6.239714041,2.509907934,0.908910675,3.07548289,89.43549059,2.405725521,32.66512417,32.99008549,33.05922122
3177.6924,1646.948206,3306.717055,1908.987619,1980.545892,4.488452675,62.87927318,3.995277408,113.8873678,6.24288775,2.509520187,0.911346415,3.041592077,89.30118861,2.407073742,32.64585131,32.98249464,33.01916735
3177.8448,1641.936373,3296.653203,1903.166449,1974.515726,4.476813768,62.21089571,4.010878449,113.5510379,6.227494294,2.502101438,0.911113227,2.999539204,89.36018397,2.408253875,32.62697381,32.88310274,32.96293296
3177.9972,1646.336487,3305.486586,1908.254825,1979.804367,4.4905059,61.939866,4.046205606,113.8902897,6.244409476,2.50891812,0.915772177,2.975756403,89.36857496,2.409200628,32.60936639,32.97220668,32.94740192
3178.1496,1646.179739,3305.170816,1908.061518,1979.61333,4.491636792,61.51781341,4.069109531,113.9237728,6.242851654,2.508739272,0.917755459,2.944157527,89.41679351,2.409927164,32.59328822,32.97004253,32.91645062
3178.302,1647.34725,3307.513891,1909.403198,1981.014899,4.496297006,61.17774298,4.094217955,114.0609722,6.245159976,2.510516338,0.920298587,2.915031146,89.36813138,2.410756381,32.57988597,32.99440049,32.8927687
3178.4544,1642.635722,3298.053151,1903.9306,1975.346714,4.484858979,60.6479964,4.103765804,113.8016034,6.224200427,2.503287518,0.919401014,2.875551455,89.35483266,2.411437553,32.56995286,32.90101329,32.84817226
3178.6068,1645.571174,3303.945938,1907.321517,1978.874731,4.494039457,60.46342059,4.129051986,114.0977272,6.229053061,2.507600417,0.922381602,2.850460094,89.14461163,2.412192464,32.56362867,32.96079391,32.83930179
3178.7592,1642.862769,3298.507124,1904.170908,1975.615856,4.487729286,60.09927594,4.139125396,114.0136412,6.211383662,2.503267768,0.922041415,2.815845026,89.00355788,2.412473683,32.55845738,32.90752695,32.81071075
3178.9116,1641.90052,3296.574243,1903.044229,1974.456986,4.48605933,59.83333784,4.152181903,114.0626993,6.198856253,2.50152463,0.922485982,2.784461984,89.00509677,2.412875588,32.55723453,32.88924117,32.79174552
3179.064,1636.939616,3286.612991,1897.282938,1968.489806,4.473273367,59.44606122,4.153288076,113.8416872,6.169728019,2.493625204,0.920512971,2.746919677,89.13871106,2.412846083,32.55846384,32.79086587,32.75973831
3179.2164,1641.991866,3296.756055,1903.127571,1974.564462,4.487405889,59.48509829,4.174995344,114.3355051,6.174820032,2.500842153,0.923729592,2.728168716,89.29953752,2.41270233,32.56114393,32.8930746,32.77486004
3179.3688,1643.044574,3298.868986,1904.336784,1975.829767,4.490408861,59.40495598,4.184721326,114.558639,6.163419183,2.501906095,0.924523633,2.703560749,89.240566,2.412367296,32.56210547,32.91515663,32.77723828
3179.5212,1645.843285,3304.487543,1907.569785,1979.194896,4.498047516,59.42262871,4.197502297,114.9133024,6.157312838,2.505558989,0.926112127,2.682066962,89.14595631,2.41204135,32.56563474,32.97221333,32.7894714
3179.6736,1642.997348,3298.772922,1904.260541,1975.772206,4.490182123,59.26370397,4.194797445,114.8806244,6.129251436,2.500573938,0.924379343,2.65148913,89.21742963,2.411655497,32.57183748,32.91618931,32.78168788
3179.826,1647.799893,3308.41482,1909.816188,1981.547496,4.502955277,59.44601578,4.207718621,115.3955634,6.127467231,2.507128725,0.926551877,2.634709563,89.21444726,2.411353452,32.57892965,33.01339635,32.81027773
3179.9784,1646.721365,3306.248853,1908.555697,1980.250631,4.49960465,59.44571954,4.204459467,115.5054935,6.103049481,2.50469525,0.925259026,2.608784194,89.2732603,2.410892087,32.58791196,32.99277278,32.81796584
3180.1308,1646.967618,3306.742766,1908.830667,1980.546979,4.499797265,59.52594098,4.203092474,115.7140859,6.082690218,2.504222369,0.924528619,2.585292142,89.30700097,2.410511424,32.59836633,32.99869315,32.83334421
3180.2832,1642.655781,3298.085076,1903.822829,1975.362193,4.487420926,59.46289698,4.188120476,115.6022688,6.044757556,2.496779312,0.921084715,2.555534826,89.37505101,2.410002292,32.61116852,32.91329381,32.83310113
3180.4356,1647.759928,3308.332656,1909.728229,1981.500972,4.500439141,59.78937714,4.192204696,116.1504255,6.039833563,2.503572466,0.922563079,2.54317554,89.27283217,2.409062503,32.62493805,33.01656008,32.87525176
3180.588,1648.276852,3309.370153,1910.317249,1982.123587,4.500812799,59.97024608,4.182766541,116.3745557,6.017522093,2.503364343,0.921328638,2.524795023,89.37512047,2.407875727,32.63968905,33.02790507,32.90139955
3180.7404,1650.058194,3312.946329,1912.371766,1984.26681,4.504579201,60.21858023,4.175370281,116.6881724,5.999564202,2.505048273,0.920683798,2.508784208,89.40913506,2.406962867,32.65711773,33.06458421,32.93388864
3180.8928,1645.888643,3304.574452,1907.529343,1979.253869,4.492074086,60.26259626,4.152148057,116.578802,5.960038732,2.497688667,0.916652654,2.483959753,89.18275132,2.406078933,32.67537405,32.98202082,32.94422867
3181.0452,1649.267528,3311.358184,1911.435407,1983.31851,4.499992652,60.61050784,4.144875148,116.9933232,5.947754997,2.501769478,0.91664115,2.472471095,89.18343754,2.404924098,32.69388248,33.05072271,32.98643934
3181.1976,1646.892697,3306.589761,1908.673199,1980.464117,4.492168606,60.75944446,4.122451436,116.9978389,5.914778927,2.497115213,0.913372806,2.452778843,89.31033783,2.403513809,32.71296501,33.00412045,33.00731879
3181.35,1646.122359,3305.042816,1907.770537,1979.539301,4.488652231,60.97498834,4.103191707,117.1114528,5.887665384,2.494888016,0.9109515,2.436131795,89.35087368,2.402448366,32.7333628,32.9896763,33.03501908
3181.5024,1641.228887,3295.217575,1902.089372,1973.65638,4.473776215,61.03601746,4.072294168,116.9216201,5.845899992,2.486413443,0.906223683,2.414672802,89.26598822,2.401001001,32.75297746,32.89260887,33.04756153
3181.6548,1646.211593,3305.221536,1907.854275,1979.650374,4.485573273,61.45902345,4.062302785,117.4070398,5.839926085,2.492933635,0.906888441,2.411223742,89.35905899,2.399626328,32.77293689,32.99347584,33.09888777
3181.8072,1647.070304,3306.945481,1908.839876,1980.685214,4.486024117,61.72384316,4.040893953,117.587504,5.819585053,2.493225108,0.905273463,2.403195652,89.23868394,2.398123242,32.792301,33.01168304,33.1346118
3181.9596,1649.533402,3311.890685,1911.684909,1983.649465,4.490806888,62.03818228,4.02290632,117.8713195,5.805590166,2.495982254,0.904586225,2.398319686,89.33564376,2.396830098,32.80980632,33.06204349,33.17568266
3182.112,1646.242062,3305.282274,1907.860963,1979.693706,4.479924189,62.12248737,3.990626244,117.7325417,5.772150691,2.490075471,0.900808605,2.385534717,89.33590877,2.395530752,32.82649425,32.99706832,33.19437333
3182.2644,1650.500753,3313.832634,1912.786927,1984.817322,4.489547255,62.46136333,3.974961467,118.0998613,5.76719039,2.495692686,0.901276196,2.38590983,89.18059121,2.39448065,32.84259754,33.08342457,33.23962283
3182.4168,1648.806629,3310.431078,1910.814121,1982.782315,4.483008278,62.56353379,3.944728327,118.0304656,5.742298364,2.492357306,0.898549641,2.378142781,89.31809309,2.393712113,32.8574767,33.05045579,33.26188761
3182.5692,1648.377576,3309.569485,1910.307368,1982.268579,4.479944571,62.6936249,3.917230308,118.036935,5.722866668,2.49099594,0.896600869,2.372898024,89.21681711,2.392877643,32.87090259,33.04284763,33.28754324
3182.7216,1643.360219,3299.495609,1904.483148,1976.23714,4.464411512,62.6282974,3.878013892,117.6977903,5.688359392,2.482750063,0.892224784,2.36225283,89.56228466,2.392066195,32.88121002,32.94327041,33.29527566
3182.874,1647.763047,3308.33534,1909.575946,1981.534063,4.474438299,62.86933023,3.859063818,117.9877021,5.688935047,2.488865418,0.893151727,2.368470795,89.47459535,2.391342128,32.88925188,33.03253392,33.33492348
3183.0264,1647.605104,3308.018077,1909.383368,1981.346375,4.472087217,62.91484979,3.82872019,117.9335828,5.674783981,2.48815151,0.89168409,2.369455499,89.55065144,2.390352141,32.89556812,33.03036238,33.35662205
3183.1788,1648.772608,3310.361998,1910.726806,1982.752541,4.473387833,62.97949657,3.801393926,117.9556578,5.66663383,2.489524387,0.891077254,2.373101409,89.35939006,2.389655694,32.90125012,33.05476146,33.38123949
3183.3312,1644.056019,3300.891977,1905.251213,1977.082634,4.458781072,62.79086317,3.760579697,117.5402925,5.639556804,2.482083645,0.887424143,2.368656222,89.57485317,2.388906028,32.90510381,32.96119998,33.38279194
3183.4836,1646.993111,3306.7888,1908.645198,1980.616661,4.465003624,62.82637287,3.737065884,117.6272587,5.641937636,2.486356332,0.88821765,2.377202201,89.44384249,2.388568028,32.90889326,33.02108649,33.4080625
3183.636,1644.281501,3301.344306,1905.493087,1977.357694,4.455955066,62.61838541,3.701079445,117.2946734,5.626394029,2.482174036,0.88611204,2.378075172,89.52013265,2.388018115,32.9099988,32.96771865,33.41114838
3183.7884,1643.317598,3299.40881,1904.366269,1976.200405,4.451676222,62.439769,3.669519343,117.0673977,5.618450751,2.480713402,0.885138709,2.382229336,89.40545503,2.387722612,32.91117785,32.94939596,33.41836365
3183.9408,1638.351634,3289.43809,1898.601573,1970.230369,4.436545382,62.07810476,3.629176511,116.5370047,5.598018082,2.473261581,0.882157069,2.381747203,89.37102154,2.387374926,32.91101652,32.85083723,33.40926676
3184.0932,1643.407584,3299.589105,1904.450749,1976.312328,4.448575677,62.0241343,3.61114046,116.6743416,5.614782119,2.481064049,0.884905122,2.39862784,89.35100193,2.386952066,32.90960692,32.95322939,33.43211339
3184.2456,1644.460595,3301.703142,1905.661232,1977.580472,4.449767249,61.78956218,3.584548561,116.5100432,5.619130968,2.482878838,0.885644338,2.410876503,89.28986002,2.386307691,32.90461556,32.97534833,33.43867626
3184.398,1647.261163,3307.325874,1908.896867,1980.950115,4.455725686,61.58347938,3.562294195,116.4512871,5.630932112,2.487408989,0.887511259,2.426336421,89.28601079,2.38632705,32.90013894,33.03250592,33.44933181
3184.5504,1644.412257,3301.605738,1905.585673,1977.52579,4.446448882,61.136547,3.528214232,115.9788131,5.624506643,2.483461746,0.886477569,2.433680498,89.35527569,2.386415451,32.89272566,32.976376,33.43780438
3184.7028,1649.218539,3311.255444,1911.145439,1983.307206,4.457995186,60.90813339,3.511332931,116.0107431,5.646798787,2.491185382,0.889884782,2.453436444,89.25249272,2.386750473,32.88443803,33.07375733,33.44946083
3184.8552,1648.138726,3309.087194,1909.884291,1982.010053,4.45370531,60.43479763,3.482372311,115.615201,5.650056403,2.490076617,0.890252578,2.464548507,89.25687569,2.387067747,32.87395915,33.05309263,33.43806686
3185.0076,1648.384883,3309.581166,1910.159633,1982.307367,4.45307579,59.9795147,3.456743471,115.2988099,5.658956062,2.491029461,0.891484883,2.477889428,89.36295394,2.387795514,32.86318769,33.05902039,33.42931851
3185.16,1644.069079,3300.915737,1905.148446,1977.118501,4.440172708,59.33841152,3.421901113,114.6539225,5.652732997,2.485106225,0.890339473,2.484885424,89.42124588,2.388500326,32.85073508,32.97346147,33.40231327
3185.3124,1649.177493,3311.171956,1911.057983,1983.262817,4.452833783,58.99431207,3.407629974,114.6441662,5.680232977,2.493455162,0.894499769,2.507417209,89.34828154,2.388948644,32.8361613,33.07691307,33.40577228
3185.4648,1649.694794,3312.210248,1911.647395,1983.885887,4.453155786,58.47012222,3.384189392,114.3069917,5.692450535,2.494880478,0.896242772,2.523491656,89.23748556,2.389440065,32.81999136,33.08827536,33.39108406
3185.6172,1651.477644,3315.78945,1913.703292,1986.03079,4.456958668,57.97265644,3.363537134,114.048978,5.709549933,2.498242587,0.898748643,2.541575636,89.16613434,2.390493951,32.80476862,33.12501814,33.37949301
3185.7696,1647.304516,3307.410385,1908.857426,1981.013091,4.444738643,57.25439711,3.330781805,113.3744225,5.706220633,2.492596163,0.898051315,2.550285606,89.14529181,2.391375518,32.79004078,33.04230042,33.34492772
3185.922,1650.686416,3314.200047,1912.766067,1985.08076,4.453008805,56.77683648,3.314178688,113.2113938,5.72937541,2.498352695,0.90156804,2.570601079,89.20565443,2.392339957,32.77322277,33.11112444,33.33542809
3186.0744,1648.309683,3309.427677,1910.001771,1982.223162,4.445785562,56.09124755,3.286329903,112.6493389,5.732830691,2.495396136,0.901985963,2.581766591,89.35192317,2.393298868,32.75592118,33.0644336,33.30354299
3186.2268,1647.538852,3307.879582,1909.098292,1981.296762,4.442913941,55.45489209,3.262180507,112.1961305,5.741930665,2.494853654,0.903314272,2.595341264,89.25336334,2.394707229,32.73900886,33.04995961,33.27644971
3186.3792,1642.641368,3298.046117,1903.412958,1975.407743,4.42890644,54.68408279,3.23067025,111.4670977,5.736300437,2.488011946,0.902378368,2.602562242,89.16735787,2.395696198,32.71977833,32.95271135,33.23305067
3186.5316,1647.628645,3308.058967,1909.181586,1981.405898,4.441582274,54.25841167,3.220466683,111.4237773,5.764052732,2.496003283,0.906832765,2.625451989,89.3399668,2.396789348,32.70106148,33.05375916,33.22565479
3186.684,1648.488407,3309.784724,1910.167558,1982.440392,4.443130187,53.70616198,3.202996435,111.1081269,5.776966522,2.497687015,0.908994087,2.641840292,89.3030067,2.397596599,32.68227236,33.07199619,33.20243734
3186.8364,1650.953954,3314.734524,1913.014249,1985.405979,4.449003604,53.21813643,3.188831821,110.907334,5.794810948,2.50173745,0.911980532,2.660436658,89.24259531,2.398747972,32.66303274,33.12244522,33.18537822
3186.9888,1647.660116,3308.120797,1909.187323,1981.445442,4.439355145,52.55715683,3.163478839,110.3267347,5.791560505,2.496989548,0.911708967,2.669201977,89.33653315,2.399761538,32.64350825,33.05734792,33.14664953
3187.1412,1651.922855,3316.678903,1914.116371,1986.572258,4.450102533,52.17464485,3.153458104,110.2771279,5.812523052,2.5035036,0.915433859,2.688946714,89.24349067,2.400883104,32.62522984,33.1438585,33.13743816
3187.2936,1650.227659,3313.274841,1912.141855,1984.534141,4.444824363,51.61665259,3.132038436,109.8369861,5.811679754,2.500923059,0.915781342,2.698280864,89.19038959,2.402080861,32.60666687,33.11082609,33.1057429
3187.446,1649.798627,3312.412924,1911.634417,1984.018674,4.442968222,51.11977682,3.113095523,109.4935967,5.814031879,2.500168363,0.916717553,2.708914646,89.24734431,2.403184498,32.58883219,33.10320061,33.07954139
3187.5984,1644.777338,3302.330811,1905.805815,1977.980634,4.428750404,50.50634524,3.086222318,108.8631043,5.798836615,2.492354061,0.914995155,2.711494495,89.37661903,2.404233625,32.57310399,33.00343807,33.03610655
3187.7508,1649.184373,3311.178577,1910.901802,1983.280918,4.439933857,50.25205391,3.079105701,108.9046779,5.813410325,2.498571973,0.918236207,2.728346357,89.27040199,2.405212841,32.55886594,33.09286115,33.03168997
3187.9032,1649.026711,3310.861485,1910.708741,1983.091756,4.438844704,49.88779805,3.064128772,108.6635332,5.810505408,2.49777509,0.918812595,2.737095075,89.24217207,2.405812731,32.54639216,33.09068222,33.01058208
3188.0556,1650.195633,3313.207857,1912.052774,1984.497926,4.441324407,49.59718697,3.051381665,108.5278976,5.810475939,2.498869025,0.919947538,2.747228109,89.02810232,2.406479564,32.53457026,33.11512244,32.99638427
3188.208,1645.475376,3303.730123,1906.573061,1978.821878,4.427944207,49.15806891,3.027356046,108.0206205,5.788046462,2.490941124,0.917636072,2.746827151,88.93909543,2.406970485,32.52444125,33.02138667,32.9604948
3188.3604,1648.415391,3309.632426,1909.969104,1982.357985,4.435152042,49.02678272,3.018232731,108.0663661,5.788552773,2.49434781,0.919227681,2.757555197,88.80981061,2.407687233,32.51627519,33.08137908,32.95870547
3188.5128,1645.701818,3304.183652,1906.814523,1979.095198,4.427134658,48.75743275,2.998579953,107.7585159,5.767653771,2.489101456,0.917508204,2.758093206,88.81915122,2.407928067,32.50833906,33.02791035,32.93629047
3188.6652,1644.737445,3302.246876,1905.686657,1977.936022,4.423784375,48.57979,2.982244317,107.588733,5.751002033,2.486379415,0.916574982,2.760829623,88.77762339,2.408288835,32.50293705,33.00955074,32.92314922
3188.8176,1639.767532,3292.267941,1899.917705,1971.959906,4.409615421,48.32278362,2.959881412,107.1844602,5.71879131,2.477499982,0.913274585,2.756446869,88.79799176,2.40871896,32.50016024,32.91080859,32.89595659
3188.97,1644.828148,3302.428002,1905.770699,1978.046455,4.42235199,48.4570839,2.958719209,107.5040073,5.717712193,2.483527682,0.915226792,2.767725572,88.82149713,2.409211981,32.49843543,33.01338417,32.91373351
3189.1224,1645.882347,3304.544151,1906.981791,1979.314996,4.424284624,48.51341538,2.951567424,107.5891027,5.701244133,2.483410724,0.914811616,2.771828281,88.74840748,2.409297742,32.49604512,33.03554003,32.91760244
3189.2748,1648.685592,3310.17199,1910.219459,1982.686973,4.43087603,48.6621798,2.947700359,107.8126163,5.689005282,2.48582004,0.915179962,2.77828041,88.71169687,2.40959801,32.496598,33.0927985,32.93098018
3189.4272,1645.834456,3304.447176,1906.905784,1979.25912,4.422233033,48.67466433,2.933649897,107.684674,5.655729275,2.479615297,0.912258597,2.774740127,88.86655498,2.409784416,32.49846363,33.03656268,32.92372783
3189.5796,1650.645066,3314.105362,1912.469262,1985.045275,4.434113544,48.99364597,2.934725462,108.1123724,5.645257589,2.484751157,0.913260515,2.782910955,88.76705041,2.409949394,32.50128467,33.13411831,32.95141484
3189.732,1649.564469,3311.935398,1911.207125,1983.746762,4.430151573,49.16668657,2.925189815,108.171079,5.613180107,2.48093418,0.910855678,2.78051355,88.94316925,2.410030064,32.50610406,33.11341247,32.95745826
3189.8844,1649.810959,3312.429916,1911.482569,1984.044225,4.429728309,49.41187145,2.918244393,108.3371677,5.584089311,2.479022948,0.909036004,2.779731715,88.98830779,2.410348713,32.51236025,33.11934762,32.97083851
3190.0368,1645.491506,3303.757111,1906.467841,1978.850766,4.417024836,49.54757382,2.904685848,108.225695,5.538606408,2.470196928,0.904634074,2.770902968,88.90252074,2.410497491,32.51984644,33.03362913,32.96759066
3190.1892,1650.604338,3314.022146,1912.381444,1985.000552,4.42959245,50.03632423,2.911709989,108.7921972,5.522766831,2.475423983,0.90526583,2.777295271,88.9795654,2.410290084,32.5283925,33.13726605,33.00511853
3190.3416,1651.122053,3315.061288,1912.971253,1985.62431,4.429824854,50.41182647,2.912034793,109.0767997,5.490759475,2.473718179,0.903315809,2.775616528,88.92212022,2.409812222,32.53859003,33.14864566,33.02561732
3190.494,1652.906387,3318.643499,1915.028585,1987.771316,4.433440982,50.84843703,2.915001061,109.4607833,5.461966402,2.473861849,0.90196875,2.77582583,88.93965138,2.409642761,32.55101346,33.18545207,33.05223133
3190.6464,1648.729563,3310.257121,1910.179393,1982.749512,4.421049037,51.11542304,2.907662672,109.4606704,5.41275388,2.465056925,0.897311576,2.765995091,88.89893659,2.409141701,32.56514212,33.10258003,33.0561566
3190.7988,1652.114224,3317.05244,1914.090813,1986.821174,4.42887978,51.65672729,2.916075735,109.9991052,5.387248687,2.467536295,0.896697787,2.768892695,88.94855132,2.408681863,32.58035679,33.17152617,33.09148491
3190.9512,1649.735245,3312.27575,1911.324692,1983.961559,4.421238993,52.03217905,2.91454505,110.1644482,5.342383798,2.461392234,0.892901004,2.762141868,89.01108041,2.4078689,32.59479587,33.12474674,33.10497889
3191.1036,1648.963529,3310.72608,1910.420692,1983.034877,4.417874563,52.47038582,2.916651423,110.4485654,5.302519638,2.457653569,0.88995936,2.758301022,89.04335234,2.407530984,32.61047841,33.11024292,33.12533858
3191.256,1644.061554,3300.88387,1904.731532,1977.141218,4.403411651,52.78475691,2.913501185,110.4692757,5.249893187,2.447808654,0.884857135,2.7479561,89.09214887,2.406873263,32.62618297,33.01281383,33.12993326
3191.4084,1649.052787,3310.904948,1910.50429,1983.145176,4.415396289,53.43245263,2.933001859,111.1864676,5.230275488,2.45283334,0.885266997,2.75501479,89.52999876,2.406361205,32.64281964,33.11404247,33.17323299
3191.5608,1649.912906,3312.63177,1911.491086,1984.181104,4.416304146,53.9514776,2.947137819,111.6364557,5.198273866,2.451778764,0.883538407,2.755589295,89.47638748,2.405679396,32.6577665,33.13230933,33.20032898
3191.7132,1652.380174,3317.585383,1914.339893,1987.149813,4.421498459,54.51991275,2.965242887,112.1995801,5.171944271,2.453176442,0.882744409,2.759455475,89.49435492,2.405205653,32.6727712,33.18284695,33.23291552
3191.8656,1649.083061,3310.9655,1910.510464,1983.186308,4.411252493,54.89017447,2.973774982,112.3720795,5.12815363,2.446077496,0.878950271,2.754317493,89.38465589,2.404716322,32.68663901,33.11762752,33.24261343
3192.018,1653.348975,3319.530412,1915.443095,1988.318133,4.421214306,55.49374823,2.999283758,113.0668417,5.110036131,2.450392087,0.87945303,2.763125567,89.18453575,2.404415833,32.70070504,33.20429243,33.27946445
3192.1704,1651.65179,3316.122848,1913.467384,1986.278738,4.415228009,55.88856939,3.014516952,113.3530731,5.074065066,2.44592872,0.876856105,2.762428668,89.35623081,2.404093563,32.71338011,33.17119639,33.29272311
3192.3228,1651.221838,3315.259585,1912.959772,1985.763318,4.412628446,56.31005195,3.033141196,113.7231334,5.043142402,2.443435693,0.875067671,2.764475731,89.23977754,2.403751397,32.7256147,33.16355359,33.30951767
3192.4752,1646.195633,3305.168164,1907.127311,1979.720434,4.397744915,56.55724267,3.045369587,113.7750295,4.999899867,2.434260135,0.87103528,2.759368021,89.59529663,2.40353952,32.73560165,33.06360573,33.30776269
3192.6276,1650.605798,3314.022791,1912.227015,1985.025758,4.40807732,57.08378684,3.080325313,114.4750993,4.989870308,2.439365941,0.872493512,2.771552845,89.11452406,2.403397806,32.74445847,33.15318839,33.3390005
3192.78,1650.447302,3313.704655,1912.034003,1984.836769,4.406226314,57.4330677,3.108706681,114.8552537,4.967846087,2.437849026,0.871733271,2.776567821,89.23991665,2.402652129,32.75197602,33.15100206,33.35159794
3192.9324,1651.616516,3316.052248,1913.379146,1986.244461,4.407938928,57.80068321,3.1409369,115.3192524,4.951528259,2.438423585,0.871877425,2.784603758,88.99839213,2.402395745,32.75891791,33.17548341,33.36722691
3193.0848,1646.891465,3306.565567,1907.895803,1980.563652,4.393931147,57.93561531,3.163000925,115.3629162,4.918939298,2.430404026,0.869088155,2.783447624,89.35418101,2.40204428,32.76431079,33.08157335,33.35894133
3193.2372,1649.833228,3312.472064,1911.294359,1984.102977,4.400400297,58.27493002,3.203406952,115.9228197,4.913825794,2.434033726,0.870855413,2.797069839,89.46183567,2.402094168,32.76893822,33.14167166,33.37577845
3193.3896,1647.116531,3307.017733,1908.137738,1980.837369,4.391790811,58.38806997,3.233653361,116.0753129,4.893372257,2.429436712,0.869809271,2.801874528,89.55173237,2.401693549,32.77168003,33.08810205,33.36962599
3193.542,1646.150525,3305.078396,1907.009222,1979.677136,4.387861923,58.52912238,3.268589019,116.3379364,4.880337157,2.427585998,0.869925091,2.810610428,89.28481789,2.401646153,32.77513207,33.06970552,33.36798964
3193.6944,1641.175518,3295.089985,1901.236385,1973.695631,4.373252021,58.49649651,3.297409384,116.3054285,4.858073988,2.419999787,0.86818143,2.813236073,89.40445871,2.401648801,32.77648922,32.97077995,33.34963556
3193.8468,1646.239605,3305.257781,1907.09353,1979.787216,4.385424525,58.74436862,3.350888169,116.9538351,4.872026959,2.427643143,0.872383471,2.834689005,89.6140272,2.401638181,32.77645751,33.07353896,33.36575731
3193.9992,1647.293826,3307.374759,1908.305537,1981.056463,4.386935661,58.81839956,3.397852824,117.3045889,4.876760752,2.429551018,0.874709392,2.849902672,89.57693277,2.401312599,32.77448331,33.09573172,33.36517724
3194.1516,1650.098587,3313.006428,1911.545506,1984.430899,4.393130983,58.9193952,3.449689626,117.7648704,4.888974057,2.434201051,0.87820761,2.869007591,89.50534662,2.401352781,32.77455924,33.15309109,33.36916678
3194.304,1647.244118,3307.275718,1908.229569,1980.999448,4.384271984,58.78881072,3.490694305,117.8085095,4.886121715,2.430616117,0.878887235,2.878968082,89.60652892,2.401696327,32.77341674,33.09674937,33.35009923
3194.4564,1652.057937,3316.941156,1913.796921,1986.789937,4.395861954,58.85644727,3.550737282,118.3652663,4.911087858,2.438665922,0.884179177,2.903684464,89.40021504,2.402085235,32.76996665,33.19447928,33.35653165
3194.6088,1650.975506,3314.768318,1912.533908,1985.489475,4.391781516,58.6857148,3.598761921,118.4860298,4.920082164,2.43811631,0.886487359,2.91863109,89.46341645,2.402423743,32.76586287,33.17373231,33.33893828
3194.7612,1651.221291,3315.262231,1912.809533,1985.786322,4.391250616,58.53041288,3.650465312,118.6861478,4.934980778,2.439651157,0.889709007,2.936487722,89.43956673,2.403077515,32.76118291,33.17967486,33.32448611
3194.9136,1646.897221,3306.580971,1907.791306,1980.58737,4.378574573,58.18697222,3.693010438,118.5426675,4.938429362,2.43455392,0.89065874,2.946408891,89.39270453,2.403648801,32.75451157,33.09379679,33.29135438
3195.066,1652.013481,3316.853725,1913.708972,1986.74148,4.391037303,58.11007245,3.759013733,119.0389229,4.975748767,2.443714727,0.897191495,2.97357169,89.33502226,2.403991404,32.74728282,33.19761903,33.29216967
3195.2184,1652.530697,3317.892697,1914.299144,1987.36467,4.391298365,57.84674548,3.815297553,119.1886734,5.00125179,2.446183897,0.901398333,2.992521677,89.44727266,2.404374432,32.73804728,33.20901596,33.27438473
3195.3708,1654.315612,3321.47691,1916.357847,1989.512393,4.394948258,57.60324442,3.875195016,119.4166661,5.032031214,2.450608822,0.906450462,3.013951627,89.52508211,2.404981645,32.72905764,33.245886,33.2602775
3195.5232,1650.13429,3313.08232,1911.505226,1984.484988,4.382759043,57.13324011,3.921729107,119.2041244,5.045596535,2.446237463,0.9083484,3.024598102,89.32882742,2.405349651,32.71930967,33.16285963,33.22226308
3195.6756,1653.520908,3319.882404,1915.419272,1988.558903,4.390707774,56.87556592,3.987342553,119.5056559,5.085661774,2.453239839,0.914717424,3.049039026,89.30251341,2.405743838,32.70928497,33.2319279,33.21243185
3195.828,1651.138991,3315.100621,1912.651133,1985.695435,4.383357842,56.40057333,4.039287549,119.3792322,5.108852632,2.451730263,0.917995448,3.062924548,91.64807549,2.40598137,32.70090272,33.18505988,33.179376
3195.9804,1650.365714,3313.548626,1911.746394,1984.766546,4.380291029,55.96379266,4.095223612,119.35734,5.137977613,2.452656239,0.922255344,3.079717192,91.55362983,2.406629676,32.69295918,33.17052624,33.15204887
3196.1328,1645.45868,3303.697041,1906.053164,1978.866312,4.366258319,55.37565463,4.140620327,119.0236205,5.155486949,2.447490306,0.924265663,3.088388244,91.69300675,2.407069976,32.68414223,33.0729163,33.10850028
3196.2852,1650.453298,3313.725722,1911.829784,1984.874016,4.378529511,55.09425487,4.210224356,119.3724288,5.207118181,2.4571541,0.931976097,3.114400154,91.48560364,2.407718297,32.6756728,33.17432578,33.10559437
3196.4376,1651.313312,3315.453107,1912.817112,1985.909338,4.379850555,54.66651798,4.268794212,119.409683,5.2467567,2.460699871,0.937386681,3.132083083,91.20435177,2.408172014,32.66465136,33.19262247,33.08697
3196.59,1653.781855,3320.410053,1915.667737,1988.879115,4.385447999,54.28872592,4.331410663,119.5564986,5.291817793,2.466629126,0.943720323,3.152319508,91.10622698,2.408602831,32.65476884,33.24324868,33.07563894
3196.7424,1650.481138,3313.783668,1911.835489,1984.910643,4.375747102,53.72192522,4.37896758,119.2825762,5.318441213,2.463916059,0.946755817,3.161084296,91.11416964,2.408863051,32.64635326,33.17790712,33.04221345
3196.8948,1654.7499,3322.35506,1916.771368,1990.045419,4.386126909,53.40113055,4.4456691,119.5374854,5.370200065,2.472432986,0.954097728,3.182739343,91.4494478,2.409155067,32.63950787,33.26472636,33.04204068
3197.0472,1653.050525,3318.943803,1914.794116,1988.002755,4.380691472,52.88879282,4.496246117,119.3572757,5.402495203,2.471984918,0.957980336,3.192430931,91.4372081,2.409499926,32.63386967,33.23156668,33.01891075
3197.1996,1652.619467,3318.079033,1914.285983,1987.485417,4.37861038,52.42489495,4.549876702,119.2658669,5.438664478,2.473363306,0.962537184,3.203826463,91.4852239,2.409865874,32.62956363,33.22390657,33.00243797
3197.352,1647.588281,3307.978274,1908.449312,1981.435859,4.364327749,51.82649109,4.589707207,118.8367993,5.459745225,2.467802537,0.964321761,3.205353559,91.91078626,2.410037484,32.62572458,33.12377339,32.96910462
3197.5044,1652.001504,3316.839741,1913.55239,1986.744431,4.375059461,51.55238289,4.652474678,119.0716953,5.512204742,2.476250562,0.971383143,3.222637598,91.55759942,2.410091974,32.62235197,33.21351562,32.97922553
3197.6568,1651.842223,3316.520674,1913.359088,1986.553979,4.373683342,51.14839258,4.701070961,118.9715303,5.549294971,2.477780099,0.975646132,3.229939866,91.58444555,2.409660263,32.62011448,33.2113219,32.97288721
3197.8092,1653.011789,3318.869622,1914.705015,1987.961646,4.375820794,50.80345495,4.752881636,118.9686808,5.590119243,2.48119284,0.980575329,3.238760677,91.52053846,2.40949499,32.61976271,33.23584439,32.97452296
3197.9616,1648.282121,3309.374256,1909.217729,1982.27473,4.362332047,50.29393448,4.787371388,118.54437,5.610253737,2.475647817,0.981900706,3.235110902,92.1589719,2.408942939,32.6202894,33.14176004,32.95436126
3198.114,1651.225795,3315.285214,1912.618505,1985.816025,4.369145514,50.06199407,4.841156124,118.6701093,5.654896558,2.481393577,0.987456356,3.243885442,91.77075492,2.408638777,32.62245637,33.20196424,32.97133171
3198.2664,1648.506253,3309.825723,1909.459563,1982.546553,4.360979607,49.67444561,4.877644827,118.3911555,5.679245594,2.478523846,0.989505627,3.240584775,91.9871332,2.407899917,32.62519033,33.14829375,32.96745931
3198.4188,1647.538907,3307.88425,1908.330133,1981.38433,4.35744943,49.36327053,4.918074128,118.2417047,5.708450338,2.478161657,0.992429466,3.239523639,91.89129548,2.407530664,32.62913559,33.12986031,32.97369557
3198.5712,1642.559212,3297.886912,1902.553165,1975.396733,4.343304937,48.95643228,4.944073195,117.8034934,5.722833378,2.471669838,0.992720276,3.229342745,91.97026388,2.406896425,32.63438125,33.03075131,32.96619571
3198.7236,1647.627159,3308.062987,1908.414242,1981.492782,4.355725189,48.91185512,4.993986328,118.0821866,5.769947133,2.480055429,0.998531128,3.235838767,92.14429179,2.406189463,32.64045764,33.13369374,33.00614497
3198.876,1648.681897,3310.181458,1909.626966,1982.7624,4.357547839,48.77311545,5.029135806,118.0721825,5.801972357,2.482302129,1.001682945,3.23319471,92.14051968,2.40517718,32.64732717,33.15592342,33.03208494
3199.0284,1651.488675,3315.817636,1912.869061,1986.139085,4.364002336,48.71400583,5.068172858,118.1929827,5.838878119,2.487060115,1.005697279,3.232787354,92.16096025,2.404368995,32.65577619,33.21338367,33.06776888
3199.1808,1648.63147,3310.08181,1909.550718,1982.704074,4.355479637,48.5114227,5.088818435,117.9143107,5.854709803,2.483186353,1.006103683,3.220401753,92.25352355,2.403459605,32.66521053,33.15693606,33.08264237
3199.3332,1653.449063,3319.75525,1915.121833,1988.499089,4.367207311,48.59930844,5.12854083,118.1927191,5.895069173,2.49061904,1.010694128,3.220605211,92.01696781,2.402594532,32.67561145,33.25484026,33.13328281
3199.4856,1652.365451,3317.580384,1913.857865,1987.197109,4.363338583,48.53691958,5.149095084,118.0551032,5.913286784,2.489053402,1.011522352,3.208487672,92.00441632,2.401632433,32.68651365,33.23405216,33.1619515
3199.638,1652.611188,3318.074548,1914.13361,1987.493879,4.362961019,48.54185007,5.172524696,118.0189235,5.935037739,2.489371129,1.012970411,3.198053359,91.90400005,2.400769751,32.69794984,33.24000209,33.19784198
3199.7904,1648.283242,3309.385775,1909.111849,1982.290191,4.350484511,48.43994704,5.179099882,117.6580827,5.939300489,2.482715704,1.011384863,3.178007375,92.14164147,2.399759736,32.71065669,33.15396445,33.21700643
3199.9428,1653.403631,3319.66715,1915.033575,1988.449491,4.362909661,48.68586743,5.208024938,117.9752318,5.974734589,2.490089265,1.01497812,3.174189234,92.05456409,2.398641705,32.72332258,33.25797201,33.27660934
3200.0952,1653.921126,3320.706931,1915.624131,1989.073186,4.363176897,48.8229693,5.219845525,117.9651743,5.992484738,2.49044952,1.015516064,3.160792916,92.09900654,2.3973378,32.73637647,33.26938626,33.31882215
3200.2476,1655.707393,3324.294113,1917.684252,1991.222786,4.36677073,49.0228837,5.234273648,118.0506936,6.013985621,2.492640146,1.016659793,3.149197837,92.0740086,2.396141267,32.75023313,33.30631993,33.36670862
3200.4,1651.5224,3315.892323,1912.828277,1986.191132,4.354590497,49.06625245,5.228785855,117.7155692,6.013220473,2.485789484,1.014008349,3.125863792,91.96294426,2.394551851,32.76448208,33.22313923,33.39196284
3200.5524,1654.911741,3322.698107,1916.745064,1990.268745,4.362342993,49.3911366,5.241880089,117.92938,6.037732069,2.490208772,1.015540727,3.115791435,91.91911973,2.39327159,32.77882684,33.29232963,33.44749729
3200.7048,1652.527698,3317.912202,1913.97505,1987.403051,4.354868021,49.56301248,5.235445809,117.7368402,6.040416281,2.485885754,1.013391896,3.094456795,92.05740822,2.39163719,32.79299347,33.24537303,33.48111457
3200.8572,1651.753658,3316.358831,1913.069737,1986.473638,4.351626937,49.80251484,5.232300945,117.6632137,6.048176234,2.483944073,1.012070307,3.075842346,92.01911952,2.390482789,32.80812455,33.23080955,33.52086072
3201.0096,1646.842407,3306.498853,1907.372618,1980.568638,4.337482672,49.93495364,5.21290363,117.2956614,6.039815618,2.475765823,1.008008989,3.049399592,91.78100656,2.389076184,32.82227487,33.13301878,33.54451469
3201.162,1651.841185,3316.536038,1913.153304,1986.581914,4.349427752,50.41410441,5.216675451,117.6362001,6.06520968,2.482452307,1.009484766,3.041093326,91.88628959,2.387896484,32.83545497,33.2346091,33.60425138
3201.3144,1652.701907,3318.264909,1914.141383,1987.618563,4.350486956,50.78264114,5.204149687,117.6820001,6.074423434,2.482912935,1.0082327,3.025097719,91.67097009,2.38675976,32.84647196,33.25293562,33.64733752
3201.4668,1655.172514,3323.226073,1916.994057,1990.591346,4.355779018,51.21146592,5.194684996,117.8435847,6.089166009,2.485812691,1.007847691,3.012166052,91.59904509,2.385727411,32.85975869,33.30365041,33.69510546
3201.6192,1651.869004,3316.594064,1913.159238,1986.619912,4.345859341,51.46928852,5.165707863,117.5956335,6.082553788,2.480075106,1.003876421,2.988979095,91.51875884,2.384689793,32.87174672,33.23818672,33.72044086
3201.7716,1656.141342,3325.172692,1918.098635,1991.759599,4.355837232,51.98795452,5.155066713,117.890602,6.10257466,2.485778908,1.004217653,2.980249374,91.84835795,2.383954683,32.88455119,33.32516029,33.7707812
3201.924,1654.440515,3321.758488,1916.120121,1989.715671,4.350087515,52.32570387,5.12464623,117.7625284,6.10035344,2.482547944,1.000876636,2.961061261,92.08645274,2.383385743,32.89517728,33.29193698,33.79814693
3202.0764,1654.009064,3320.892905,1915.611749,1989.198377,4.347654279,52.70578075,5.096554318,117.7252538,6.102616575,2.481281985,0.998249195,2.944693055,92.07482816,2.382806427,32.90451013,33.28425955,33.82852514
3202.2288,1648.973623,3310.783498,1909.771149,1983.144093,4.33310314,52.9402535,5.051821726,117.3592397,6.087302444,2.47317016,0.992748771,2.920825808,92.19495062,2.382366052,32.91262531,33.18394105,33.84058875
3202.3812,1653.390552,3319.652392,1914.877873,1988.457733,4.343376372,53.48483347,5.029380998,117.6640755,6.105239106,2.479378594,0.992663194,2.915475672,92.06891492,2.382188533,32.9193896,33.27384286,33.88232594
3202.5336,1653.231139,3319.332962,1914.684549,1988.267607,4.341623959,53.88170921,4.990545584,117.6415858,6.105712927,2.478786422,0.989738841,2.902779812,92.1146937,2.381682486,32.9237501,33.27164175,33.90566869
3202.686,1654.401679,3321.683778,1916.031523,1989.676957,4.343348625,54.31758829,4.954107617,117.7112872,6.111333124,2.480286955,0.987595204,2.893276566,92.05595795,2.381581532,32.92931865,33.29620537,33.93162416
3202.8384,1649.66801,3312.180202,1910.540554,1983.98558,4.329551933,54.5559131,4.898992541,117.3591815,6.095620682,2.473025612,0.981934337,2.874249181,92.28254151,2.381440361,32.93266541,33.20194673,33.9348385
3202.9908,1652.614123,3318.095968,1913.943803,1987.530338,4.335897964,55.03884041,4.86273149,117.5506758,6.108209642,2.477481613,0.980772881,2.870822263,92.24548205,2.381677803,32.93662581,33.26225683,33.96061111
3203.1432,1649.892249,3312.631618,1910.78279,1984.258428,4.327371794,55.32779027,4.808709053,117.3378611,6.100133961,2.47352603,0.976252652,2.858338761,92.26392683,2.381831127,32.93961414,33.20848545,33.96448639
3203.2956,1648.924038,3310.688248,1909.652687,1983.095548,4.323454053,55.66294911,4.758260671,117.2469393,6.098718188,2.472315349,0.972787803,2.849949671,92.10797562,2.3824678,32.94301906,33.19001509,33.97226813
3203.448,1643.94012,3300.682197,1903.871808,1977.103092,4.309033434,55.84810156,4.694270952,116.8678816,6.081975136,2.465177152,0.966938117,2.835744944,92.17256132,2.383230801,32.94537239,33.09072267,33.96351822
3203.6004,1649.012316,3310.866676,1909.737011,1983.204651,4.32102318,56.34387736,4.654707656,117.1987835,6.101322385,2.47333767,0.966964758,2.841768061,92.17130888,2.384263223,32.94536347,33.19384853,33.98485567
3203.7528,1650.067944,3312.986734,1910.950625,1984.475581,4.322524872,56.68826659,4.602001469,117.2416299,6.105332535,2.475562068,0.964623745,2.841976298,92.24089357,2.38521829,32.94332128,33.21611512,33.98962347
3203.9052,1652.877081,3318.627462,1914.195009,1987.855357,4.32863416,57.07798833,4.553075612,117.4051724,6.116203573,2.480534743,0.963351123,2.846326251,92.17754052,2.386499432,32.94208489,33.27367626,33.9982533
3204.0576,1650.017461,3312.886529,1910.874403,1984.417519,4.319895626,57.26120208,4.488178735,117.1631092,6.106739574,2.477095142,0.958829803,2.841858549,92.24424853,2.388051723,32.93961587,33.21712274,33.98503849
3204.21,1654.83908,3322.567894,1916.449401,1990.217602,4.331280455,57.67862255,4.443112439,117.461504,6.126193642,2.485402587,0.958890649,2.853301539,92.1578072,2.389707332,32.9376556,33.31520123,33.99418171
3204.3624,1653.754518,3320.390885,1915.184578,1988.914527,4.327197802,57.87936611,4.382087131,117.3386906,6.124333662,2.484932768,0.955595054,2.855486126,92.24989364,2.391555554,32.93459789,33.294372,33.98068809
3204.5148,1654.000409,3320.885145,1915.460529,1989.211545,4.326589858,58.1092434,4.324346201,117.3076825,6.1276912,2.486570082,0.953150885,2.86105556,92.20478429,2.393726344,32.93040879,33.30032933,33.96984523
3204.6672,1649.668777,3312.188701,1910.435287,1984.003313,4.314018949,58.15711464,4.254405219,116.9507654,6.113578989,2.481400712,0.948136301,2.859802272,92.11897144,2.395927219,32.92602154,33.21413211,33.94078054
3204.8196,1654.793442,3322.478517,1916.361079,1990.167801,4.326233548,58.48821667,4.208897137,117.2613835,6.13346873,2.49061213,0.94872661,2.877724593,92.12299844,2.398051768,32.92020354,33.31832499,33.94095498
3204.972,1655.31135,3323.518922,1916.951992,1990.79187,4.326421924,58.63758444,4.151663555,117.2445212,6.135812661,2.492950786,0.946740305,2.888665199,92.2650588,2.40004292,32.91284307,33.32975655,33.92292525
3205.1244,1657.099086,3327.108874,1919.013483,1992.943135,4.329923372,58.81848112,4.09802482,117.3152344,6.143214013,2.497268647,0.945559264,2.902711937,92.1655479,2.402397668,32.90580079,33.36675386,33.90788177
3205.2768,1652.910534,3318.699694,1914.154082,1987.906919,4.317797173,58.77845498,4.030440102,116.9607717,6.129069391,2.49262349,0.941043139,2.906972104,92.10740112,2.404684502,32.89708112,33.28341883,33.87010949
3205.4292,1656.302687,3325.510995,1918.073494,1991.987765,4.325511039,58.97109991,3.983840569,117.1396238,6.143476023,2.499494701,0.941064189,2.926572023,92.15286625,2.407197635,32.8891624,33.35273136,33.85673782
3205.5816,1653.916597,3320.720789,1915.301467,1989.119284,4.318141218,58.94844088,3.924327124,116.9080522,6.137046515,2.497680184,0.937882918,2.936594506,92.22647543,2.409556354,32.87920551,33.30568617,33.82116956
3205.734,1653.141867,3319.165867,1914.395419,1988.188732,4.315000209,58.96871395,3.869726197,116.7890234,6.136803151,2.498320085,0.935705397,2.950096586,92.09783684,2.412308288,32.87051686,33.29109287,33.79023042
3205.8864,1648.226471,3309.297359,1908.694219,1982.278263,4.301107208,58.81818866,3.806617676,116.3777662,6.120447865,2.492694648,0.931280445,2.956795076,91.85972029,2.414745921,32.85986188,33.19312126,33.74283636
3206.0388,1653.229485,3319.342981,1914.478717,1988.296284,4.313226401,58.96660985,3.770406799,116.6682833,6.139385284,2.502039216,0.932727832,2.982837542,91.98012859,2.417338993,32.84877762,33.29489241,33.73046192
3206.1912,1654.090988,3321.073308,1915.467266,1989.33336,4.314603078,58.94753217,3.726283889,116.6673323,6.142294728,2.505090913,0.931932543,3.001909234,91.7819197,2.41955345,32.83787027,33.31324876,33.70204127
3206.3436,1656.563738,3326.038696,1918.32169,1992.308232,4.320209574,58.97816498,3.6876362,116.7800563,6.151340632,2.510546231,0.932118661,3.024194196,91.68967141,2.421923149,32.82741545,33.36405214,33.6794822
3206.496,1653.257523,3319.401126,1914.483983,1988.332892,4.310754026,58.79925029,3.637992443,116.4852826,6.139287786,2.507205729,0.929117947,3.036093588,91.58557757,2.424413901,32.81656762,33.29846632,33.63520255
3206.6484,1657.533553,3327.987168,1919.426532,1993.476491,4.321135058,58.86074003,3.610549684,116.7266246,6.155223347,2.515264293,0.930621117,3.062556263,92.01515537,2.426882512,32.79894867,33.38559422,33.61997034
3206.8008,1655.831394,3324.570242,1917.446379,1991.430279,4.315930565,58.707744,3.572245697,116.5472539,6.149483327,2.514215349,0.92884314,3.078144226,92.13318322,2.429336379,32.78455,33.35230728,33.58223759
3206.9532,1655.399684,3323.704132,1916.93738,1990.912018,4.314045235,58.59529884,3.539170163,116.4588541,6.14858358,2.515032863,0.92785846,3.096143358,92.04710501,2.431710167,32.77107505,33.34461253,33.54981058
3207.1056,1650.360132,3313.586433,1911.092442,1984.851983,4.300189239,58.30229199,3.498640391,116.0494591,6.12964281,2.508782321,0.924397518,3.105547388,92.24719436,2.433737775,32.76563725,33.24410871,33.50003706
3207.258,1654.78096,3322.463271,1916.202345,1990.16962,4.311114515,58.29593577,3.484734562,116.312834,6.143513536,2.516726034,0.92652842,3.132735956,92.05741373,2.435601142,32.75233653,33.33417009,33.48903572
3207.4104,1654.621618,3322.144064,1916.008518,1989.978743,4.310151667,58.11346361,3.463824516,116.2577356,6.139535396,2.517623969,0.926198538,3.15120919,92.09193064,2.437090432,32.74093499,33.33196159,33.46120323
3207.5628,1655.793362,3324.497417,1917.356043,1991.388722,4.31267343,57.97695721,3.448397567,116.2988223,6.140332863,2.520445258,0.926672211,3.17196467,92.05558108,2.438830988,32.73278407,33.35656634,33.44005036
3207.7152,1651.055944,3314.986381,1911.860888,1985.691868,4.299812219,57.63343874,3.422809096,115.9267165,6.119084705,2.514187435,0.923881992,3.181100314,92.42014984,2.440251153,32.73157192,33.26213341,33.39700927
3207.8676,1654.004825,3320.907899,1915.266051,1989.23907,4.307065233,57.53469072,3.419373352,116.1005977,6.124919524,2.519406473,0.925596454,3.20421129,92.28262073,2.44185219,32.72456503,33.32254941,33.38814579
3208.02,1651.280966,3315.439702,1912.102406,1985.963743,4.299573958,57.23914132,3.406606632,115.8778336,6.109820589,2.515887911,0.924186634,3.215950491,92.28677074,2.443204907,32.7194111,33.26867715,33.3584048
3208.1724,1650.312275,3313.495539,1910.971054,1984.799256,4.296704687,57.00257721,3.400182487,115.7809264,6.100925349,2.514910687,0.923813756,3.230506218,92.08871948,2.444949591,32.71691983,33.25016988,33.33771818
3208.3248,1645.324537,3303.481943,1905.185683,1978.801028,4.28346074,56.60965035,3.387837042,115.4060292,6.075844904,2.507687015,0.921281155,3.236526813,92.14418413,2.44611184,32.71581753,33.15069403,33.30282486
3208.4772,1650.401467,3313.676196,1911.054364,1984.907168,4.296614525,56.51663263,3.402312795,115.7474519,6.084469787,2.515526466,0.92463526,3.260723602,92.31244826,2.447106293,32.71642513,33.25400331,33.31363876
3208.6296,1651.458481,3315.799262,1912.26822,1986.178521,4.299393675,56.27060532,3.411006764,115.8109944,6.077056984,2.517114743,0.925827118,3.276270192,92.34436084,2.447760855,32.71854851,33.27630682,33.31048673
3208.782,1654.270513,3321.446055,1915.514229,1989.560534,4.306794374,56.08184154,3.425591471,116.0007641,6.075417523,2.521249179,0.928041618,3.294536998,92.34122811,2.448456523,32.72353335,33.33396884,33.31687729
3208.9344,1651.409033,3315.70157,1912.190708,1986.119085,4.299451462,55.69790195,3.429818097,115.7950672,6.052191844,2.516649148,0.927094394,3.300853701,92.34922687,2.449071881,32.7304388,33.27730943,33.30253466
3209.0868,1656.235327,3325.392619,1917.768879,1991.923475,4.312222298,55.54816299,3.454105935,116.136649,6.054367951,2.523550163,0.930601573,3.320744219,92.21432176,2.449635938,32.73976772,33.37556221,33.32434476
3209.2392,1655.150467,3323.215249,1916.502514,1990.618629,4.309610891,55.20050825,3.467707153,116.0658729,6.034542792,2.521364019,0.930815251,3.328188596,92.12118601,2.450037821,32.75743398,33.35469184,33.32443149
3209.3916,1655.3972,3323.711467,1916.777979,1990.915257,4.310482788,54.89516549,3.485844189,116.0913989,6.018943508,2.521112216,0.931813029,3.337586855,92.08027549,2.450434151,32.7757571,33.36065656,33.3321253
3209.544,1651.062562,3315.009206,1911.74859,1985.701922,4.299468225,54.42221475,3.495636315,115.7997019,5.985282451,2.513811194,0.930303232,3.336984289,92.14440721,2.450639338,32.7939915,33.27429977,33.32339932
3209.6964,1656.192263,3325.309484,1917.677725,1991.871036,4.313234913,54.21644981,3.528311529,116.1825571,5.981791653,2.520748158,0.934307421,3.353345726,92.14608304,2.450648763,32.81102225,33.37867798,33.35753675
3209.8488,1656.711325,3326.352508,1918.268307,1992.494993,4.315034212,53.84526163,3.552454221,116.2460645,5.960284322,2.520603748,0.935781409,3.359607538,92.17861593,2.450330999,32.82669943,33.39012685,33.3749132
3210.0012,1658.501303,3329.947282,1920.330472,1994.647459,4.320153421,53.5078184,3.57994468,116.4017841,5.942128132,2.522344876,0.937996468,3.367754832,92.05959974,2.450224959,32.8436201,33.42718779,33.39894291
3210.1536,1654.309947,3321.532708,1915.466986,1989.606299,4.309693001,52.9689063,3.594289916,116.140126,5.901167301,2.514972631,0.936831249,3.363173455,91.98535225,2.449670707,32.85880428,33.34369843,33.40042443
3210.306,1657.705752,3328.351663,1919.388307,1993.689988,4.319072793,52.64003209,3.624813841,116.4189074,5.883261236,2.519066295,0.940021338,3.372032189,91.98154832,2.449246142,32.87484013,33.41313309,33.43547257
3210.4584,1655.318432,3323.559218,1916.613593,1990.818412,4.313398719,52.12188023,3.642549246,116.2936159,5.843706635,2.514345838,0.939929994,3.368445971,92.03860483,2.448561176,32.88950591,33.36599932,33.44876217
3210.6108,1654.543853,3322.004838,1915.706126,1989.886416,4.31195845,51.64516495,3.663384778,116.2838351,5.808540261,2.512050479,0.940756951,3.367348905,91.92783886,2.448238715,32.90630919,33.35137618,33.46952201
3210.7632,1649.625114,3312.129773,1910.00021,1983.970242,4.299784845,51.02240294,3.674403437,115.9856761,5.757305258,2.503441799,0.939257347,3.356911803,91.77452665,2.447679022,32.92136939,33.25322374,33.47485277
3210.9156,1654.63323,3322.185895,1915.787825,1989.992722,4.313628358,50.66223922,3.705474797,116.3934128,5.736440889,2.509879664,0.94348668,3.364402137,91.83111543,2.447095441,32.93550449,33.35517572,33.52146765
3211.068,1655.496331,3323.9196,1916.776203,1991.03,4.316729407,50.15923114,3.726489086,116.5122727,5.699706676,2.510022182,0.945380588,3.362576357,91.3827382,2.446276006,32.94170742,33.37356191,33.55221497
3211.2204,1657.972058,3328.891135,1919.631722,1994.006715,4.324063013,49.68878376,3.749347528,116.7463773,5.666704499,2.512646934,0.948190234,3.363392789,91.43173238,2.44561355,32.94828876,33.42445388,33.58921874
3211.3728,1654.663915,3322.249751,1915.790532,1990.027283,4.316321216,49.02930088,3.756964417,116.5745259,5.612109847,2.506562987,0.947674111,3.352027327,91.48854414,2.44499186,32.95585167,33.35874593,33.60364914
3211.5252,1658.944472,3330.845003,1920.73558,1995.174545,4.328421912,48.55647037,3.776883517,116.942121,5.579005705,2.512094366,0.951489127,3.354547751,91.91257966,2.444348721,32.96504607,33.44602815,33.64758953
3211.6776,1657.241753,3327.426964,1918.753206,1993.125869,4.324902125,47.89584385,3.781098016,116.8890994,5.524164191,2.508628255,0.951851574,3.344578215,91.93356202,2.443864655,32.97356847,33.41267758,33.66825728
3211.83,1656.81056,3326.561902,1918.242986,1992.606434,4.324696381,47.25587329,3.785624797,116.9268325,5.47188073,2.507170044,0.952928003,3.33681456,91.96928533,2.443195601,32.98311443,33.40496552,33.69329824
3211.9824,1651.767588,3316.437263,1912.3932,1986.540508,4.312469985,46.47046986,3.77750861,116.640329,5.403304156,2.498794717,0.951356524,3.31931925,92.28939962,2.442534102,32.99191094,33.30427637,33.70027588
3212.1348,1656.193038,3325.323398,1917.505728,1991.86193,4.325028891,45.91989346,3.785538418,117.0260788,5.362981772,2.504897426,0.955235032,3.319518693,92.03635897,2.441882481,32.99982942,33.39449733,33.74240494
3212.2872,1656.034394,3325.005526,1917.310927,1991.670154,4.325631619,45.22971523,3.780967555,117.0892009,5.306792839,2.504139183,0.956473358,3.310113871,91.9619531,2.440936368,33.00762721,33.39228143,33.76635744
3212.4396,1657.207964,3327.362472,1918.658528,1993.080581,4.329711256,44.55703553,3.776218938,117.2474595,5.253085495,2.505518748,0.958465293,3.303224718,91.91474871,2.440468414,33.01536435,33.41692732,33.79419077
3212.592,1652.467316,3317.84477,1913.158802,1987.378124,4.318331609,43.70915481,3.755022711,116.9878876,5.179055876,2.498070535,0.957015287,3.284507429,92.10148186,2.439832001,33.0222566,33.3223201,33.79869979
3212.7444,1655.419508,3323.772809,1916.565453,1990.927563,4.327078067,43.03936968,3.744432276,117.2742619,5.126624029,2.502482363,0.959955505,3.28050324,92.04436113,2.439550539,33.02938219,33.382842,33.82999639
3212.8968,1652.694103,3318.301265,1913.398839,1987.648666,4.32098866,42.21038883,3.718011161,117.1590297,5.055245023,2.498417214,0.959566741,3.265124231,91.98026311,2.439176914,33.03494368,33.32886885,33.8389241
3213.0492,1651.725361,3316.356742,1912.265895,1986.48238,4.319514516,41.41513358,3.692110959,117.1687408,4.988095433,2.497123019,0.960155455,3.253103473,91.84400303,2.439248412,33.04290766,33.31032466,33.85310531
3213.2016,1646.734114,3306.335751,1906.475788,1980.478245,4.307565239,40.52027928,3.6549193,116.8928549,4.909139657,2.489808023,0.958371253,3.232927366,91.95944796,2.43926142,33.04768167,33.21066539,33.85102957
3213.354,1651.8161,3316.539891,1912.347668,1986.588749,4.322030565,39.88042057,3.634570066,117.33058,4.861386124,2.497886919,0.962365248,3.23202814,91.92106089,2.439133774,33.05280921,33.31415809,33.88393064
3213.5064,1652.874706,3318.665795,1913.561587,1987.86037,4.326004739,39.14746724,3.60318282,117.4820458,4.802276465,2.499946252,0.963977616,3.22304309,92.01169299,2.439002728,33.05595544,33.33649852,33.90047329
3213.6588,1655.689818,3324.318412,1916.809042,1991.244427,4.334591306,38.44926001,3.572587926,117.7579959,4.747688685,2.504774936,0.966576087,3.217543479,92.012884,2.439193911,33.0601569,33.39426143,33.92199132
3213.8112,1652.826537,3318.569856,1913.482535,1987.799244,4.328311347,37.6137187,3.527354681,117.6292282,4.676454403,2.501108067,0.965829916,3.201188408,91.83114717,2.439603021,33.06341629,33.33749612,33.92113099
3213.9636,1657.657567,3328.270038,1919.063785,1993.607749,4.342167734,36.96164371,3.493584148,118.0445252,4.628289286,2.509274929,0.969493051,3.200056896,91.80931886,2.440192316,33.0660645,33.43592319,33.94569334
3214.116,1656.572349,3326.091485,1917.795892,1992.301009,4.340504185,36.17308525,3.444890914,118.0376367,4.563171303,2.508587323,0.969659918,3.18771319,88.91487207,2.440806254,33.06719514,33.41501168,33.94711376
3214.2684,1656.819844,3326.588775,1918.070884,1992.597102,4.342312536,35.41248768,3.396527722,118.1246104,4.50175764,2.510013138,0.970566908,3.178192953,88.811151,2.441689557,33.06743602,33.4209838,33.95205571
3214.4208,1652.481998,3317.879558,1913.037474,1987.378596,4.332093498,34.57015614,3.337779599,117.8824294,4.429809746,2.504520211,0.968748154,3.160057637,88.87278482,2.442631764,33.08248584,33.33446743,33.93884298
3214.5732,1657.616533,3328.18915,1918.970062,1993.552221,4.346685586,33.97945996,3.296618027,118.3090451,4.389317368,2.513436599,0.972384835,3.160557427,88.94309328,2.443451095,33.09380159,33.43903096,33.95777701
3214.7256,1658.136425,3329.2334,1919.560535,1994.17604,4.349156427,33.31298643,3.245627916,118.4038954,4.338709876,2.515383246,0.973279764,3.152470385,88.90887745,2.444178629,33.10293632,33.45049715,33.95851061
3214.878,1659.928295,3332.831559,1921.623609,1996.329683,4.35493411,32.67889538,3.196204296,118.5877003,4.292500249,2.519313994,0.974906318,3.147196364,88.75554411,2.445495776,33.10422288,33.48762172,33.96278609
3215.0304,1655.733659,3324.409936,1916.756395,1991.283659,4.344979099,31.93380808,3.13498548,118.3416646,4.2320161,2.514193381,0.973015689,3.131020767,88.83082327,2.446921189,33.11101169,33.40397803,33.94394723
3215.1828,1659.132628,3331.234914,1920.679983,1995.370258,4.354905957,31.38794734,3.088776712,118.6305009,4.197176574,2.52061889,0.975535053,3.130241245,88.78104267,2.448526459,33.11761788,33.47353482,33.95072104
3215.3352,1656.74347,3326.438393,1917.903054,1992.495755,4.349620138,30.74357737,3.031655479,118.5033245,4.149107729,2.518280455,0.974641161,3.118966684,88.65336566,2.450102044,33.12115101,33.42631246,33.93503822
3215.4876,1655.968415,3324.882699,1916.994654,1991.562492,4.348563742,30.15007412,2.978064665,118.4891147,4.10747332,2.518387466,0.974680113,3.11114454,88.60963501,2.451903432,33.11872958,33.41165949,33.9243728
3215.64,1651.045599,3314.999056,1911.284607,1985.640884,4.336625933,29.52243499,2.918871351,118.174525,4.059881615,2.512108807,0.972242008,3.095843328,88.46308279,2.45331825,33.11385179,33.31332621,33.8973352
3215.7924,1656.058091,3325.063724,1917.075917,1991.668086,4.3507696,29.18345956,2.882403005,118.5600282,4.0483653,2.520757366,0.975563546,3.100170967,88.63568856,2.454633067,33.10910268,33.41545904,33.90570664
3215.9448,1656.921961,3326.798708,1918.064801,1992.70593,4.354013274,28.81644651,2.840946087,118.6445274,4.031275937,2.523010212,0.976405782,3.097068296,88.51978988,2.455453963,33.10520491,33.43387505,33.89789461
3216.0972,1659.399815,3331.774298,1920.922117,1995.684892,4.36148459,28.50989097,2.804630608,118.8409969,4.02172257,2.527653081,0.978197691,3.09742967,88.47087585,2.456685623,33.10174633,33.48485561,33.895735
3216.2496,1656.088793,3325.126903,1917.078252,1991.701896,4.353723894,28.12974894,2.760876604,118.6194178,4.001245007,2.523413131,0.976587856,3.087454464,88.49541405,2.458191392,33.09896044,33.41902553,33.8715007
3216.402,1660.372927,3333.72928,1922.026623,1996.853392,4.365876016,27.97283548,2.736532435,118.9307639,4.009472276,2.530536135,0.9794312,3.092904501,88.43789535,2.459664267,33.09664532,33.50646208,33.87500586
3216.5544,1658.668604,3330.307955,1920.042948,1994.802941,4.362246443,27.73980676,2.704464279,118.809477,4.006125659,2.528481391,0.978746719,3.087696937,88.4439085,2.461224909,33.09559133,33.47304787,33.85566327
3216.7068,1658.236876,3329.441817,1919.532451,1994.283069,4.361932262,27.56352953,2.677586835,118.7751011,4.009759827,2.528269306,0.978811226,3.085318361,88.43496005,2.46250151,33.09849923,33.4653185,33.84107182
3216.8592,1653.189373,3319.308066,1913.678827,1988.212076,4.349457262,27.36070588,2.646808402,118.4055115,4.007282224,2.520877081,0.976115453,3.07468998,88.54985172,2.463817207,33.10151159,33.36444403,33.80886228
3217.0116,1657.618368,3328.201491,1918.794971,1993.53812,4.361869988,27.45041354,2.64094507,118.701987,4.041445428,2.527565404,0.978932341,3.082749051,88.42489657,2.465021174,33.09660277,33.45482456,33.81292661
3217.164,1657.459294,3327.882923,1918.600253,1993.346374,4.362181101,27.5161275,2.631577882,118.664937,4.069591001,2.527118257,0.979008304,3.08265901,88.32233165,2.465898632,33.09221431,33.45260127,33.79963532
3217.3164,1658.633553,3330.241499,1919.949012,1994.758236,4.365973531,27.6451146,2.628615736,118.7185049,4.105563592,2.528565883,0.97988557,3.085501097,88.33971814,2.467039082,33.08726033,33.47728829,33.79190304
3217.4688,1653.888487,3320.71517,1914.445866,1989.051273,4.354165793,27.70607519,2.61996241,118.3444866,4.130496502,2.520868844,0.97729031,3.077753313,88.38620815,2.468029285,33.08244991,33.38250679,33.76175775
3217.6212,1656.842827,3326.647954,1917.855155,1992.604091,4.362595373,28.00255422,2.633681681,118.5106152,4.185887933,2.524548039,0.979242453,3.085415746,88.40728521,2.469242184,33.07934386,33.44313458,33.76220138
3217.7736,1654.114669,3321.171311,1914.686782,1989.322865,4.356051387,28.23567086,2.642259512,118.2662824,4.230649342,2.519451785,0.977862092,3.082957437,88.26380218,2.470142841,33.07456221,33.38906055,33.7410593
3217.926,1653.144672,3319.224758,1913.553467,1988.15606,4.354144054,28.54297415,2.658590422,118.1432445,4.284635596,2.516868299,0.977538895,3.084162379,88.33775344,2.471191343,33.07116748,33.37047945,33.72739599
3218.0784,1648.148711,3309.194757,1907.759857,1982.147335,4.341658498,28.83407174,2.673056849,117.7289371,4.333197203,2.507967597,0.97480599,3.078048081,88.37754084,2.472017029,33.06710757,33.27063675,33.69862201
3218.2308,1653.234621,3319.407379,1913.636108,1988.263487,4.355748363,29.43170716,2.714895263,118.0257673,4.420326844,2.513957007,0.977952776,3.09136876,88.45529008,2.472790202,33.06030292,33.37431288,33.71107133
3218.3832,1654.293688,3321.534781,1914.851271,1989.536688,4.359241052,30.01035998,2.754688937,118.0314681,4.501524887,2.513647228,0.978689517,3.097393084,88.55515506,2.473231956,33.05207035,33.39669022,33.70852754
3218.5356,1657.110762,3327.191967,1918.101355,1992.924135,4.367372213,30.66145869,2.802126274,118.1589173,4.591684338,2.515841298,0.980481164,3.106996091,88.55269073,2.473642467,33.04514034,33.45455401,33.71382319
3218.688,1654.244567,3321.438153,1914.773055,1989.476602,4.360528768,31.23349712,2.843416458,117.8788039,4.668876453,2.509273489,0.978927197,3.106152963,88.70574767,2.474055862,33.03801802,33.3976828,33.69768613
3218.8404,1659.079285,3331.146482,1920.358527,1995.29059,4.373979177,32.03036267,2.906410135,118.1419932,4.77521815,2.514031632,0.981905085,3.120203866,88.55684465,2.474467131,33.03783693,33.49628416,33.71373565
3218.9928,1657.992677,3328.965838,1919.090249,1993.983357,4.371802128,32.7355613,2.962214357,117.9810005,4.866961333,2.509703961,0.981395782,3.123379714,88.5097286,2.474933811,33.0409988,33.47533153,33.70740831
3219.1452,1658.239927,3329.463386,1919.365901,1994.280322,4.37313363,33.49417646,3.023836356,117.912451,4.965324979,2.50726174,0.981679269,3.129220034,88.66470117,2.475463611,33.04426034,33.48131103,33.70730089
3219.2976,1653.897925,3320.746491,1914.329544,1989.058005,4.362368276,34.18983832,3.079507873,117.5166734,5.052125483,2.497750546,0.979194919,3.126293707,88.65319701,2.475948659,33.04879045,33.39463509,33.6901528
3219.45,1659.036468,3331.064884,1920.266536,1995.237376,4.376624225,35.15245637,3.158536682,117.7936186,5.172629535,2.502236855,0.982193084,3.141029253,88.6011554,2.475964406,33.05329338,33.49938394,33.71260472
3219.6024,1659.556431,3332.109944,1920.857789,1995.862231,4.378686398,36.04375393,3.230872094,117.7418816,5.280522637,2.499645658,0.982407538,3.14695504,88.52088382,2.47581094,33.05768413,33.51086745,33.71783042
3219.7548,1661.349469,3335.711147,1922.922633,1998.018204,4.384095717,36.97713575,3.307558364,117.7798976,5.393636623,2.498872241,0.983364428,3.15527943,88.54634564,2.475999856,33.06500813,33.54805565,33.72888764
3219.9072,1657.150888,3327.282208,1918.052491,1992.968413,4.373691154,37.78114256,3.373202724,117.3938324,5.487448485,2.489011465,0.980765718,3.152122455,88.42269719,2.476087462,33.07256022,33.46425763,33.71720775
3220.0596,1660.552472,3334.113095,1921.97903,1997.058892,4.38336751,38.77628108,3.456327101,117.5499101,5.606295827,2.490370279,0.982586304,3.162923952,88.3251804,2.476184221,33.08128078,33.53393656,33.73723655
3220.212,1658.160987,3329.312466,1919.200507,1994.18237,4.377752913,39.6374308,3.52827943,117.2968614,5.705462763,2.482979416,0.980980994,3.162629835,88.37754508,2.476052126,33.0914606,33.48662561,33.73525971
3220.3644,1657.385012,3327.755484,1918.291747,1993.248692,4.376423006,40.53629321,3.604086735,117.1601007,5.809564542,2.477952832,0.980319143,3.165203648,88.3660723,2.476297372,33.10353766,33.47194281,33.74030885
3220.5168,1652.457775,3317.86337,1912.57803,1987.322358,4.364175842,41.3334257,3.670349582,116.7336233,5.897727872,2.466682886,0.977143061,3.159362736,88.43559627,2.476041536,33.11517883,33.37342869,33.72983378
3220.6692,1657.474463,3327.936835,1918.373304,1993.354747,4.378271206,42.37271828,3.756524305,117.0198706,6.016802403,2.470181209,0.979676462,3.171254285,88.54095482,2.475782582,33.12700441,33.47574235,33.76022682
3220.8216,1658.339024,3329.673424,1919.362848,1994.393475,4.381428388,43.30149381,3.832339465,117.0170027,6.118877041,2.4674771,0.979697256,3.174752636,88.33356467,2.475281634,33.13598708,33.4941882,33.77488899
3220.974,1660.818983,3334.653425,1922.222046,1997.374908,4.388874121,44.25740092,3.910265731,117.1324163,6.224404496,2.467174441,0.98063529,3.180938573,88.62046427,2.474996063,33.14809779,33.54525734,33.79612683
3221.1264,1657.505146,3328.000404,1918.37549,1993.388435,4.381028853,45.04043946,3.972551927,116.8436403,6.305492372,2.458269999,0.978115703,3.17559235,88.57687504,2.474714815,33.16162459,33.47930513,33.79507608
3221.2788,1661.793071,3336.610362,1923.326986,1998.544008,4.39333222,45.98236495,4.047251572,117.1036122,6.407350572,2.460680234,0.979937611,3.18341262,88.59593467,2.474380617,33.17706446,33.56689601,33.8245505
3221.4312,1660.087446,3333.186236,1921.341713,1996.491497,4.38979469,46.73727392,4.105254326,116.9454076,6.483145984,2.454232258,0.978193661,3.179372269,88.59873557,2.474241724,33.19197456,33.53341817,33.83095687
3221.5836,1659.655547,3332.31951,1920.830564,1995.97079,4.389643388,47.50038388,4.163229951,116.8824553,6.559959178,2.449712381,0.977148108,3.177218841,88.89241659,2.473821294,33.20973371,33.52567148,33.8424001
3221.736,1654.603985,3322.177169,1914.972598,1989.894158,4.377309727,48.10504609,4.206018025,116.5004324,6.614126521,2.438442819,0.973300581,3.165471078,88.80632185,2.473257855,33.22575623,33.42461169,33.8362414
3221.8884,1659.037187,3331.078465,1920.091618,1995.223922,4.390157007,48.91313335,4.263208562,116.803387,6.694087522,2.441349695,0.974815917,3.169867531,88.83453648,2.472696792,33.24250883,33.5151518,33.86760993
3222.0408,1658.878449,3330.75981,1919.896119,1995.031132,4.390874162,49.55697319,4.30464527,116.7894356,6.750739567,2.437586521,0.973547864,3.164771639,88.71709224,2.471821366,33.26019688,33.51292112,33.88132971
3222.1932,1660.054231,3333.120607,1921.245081,1996.443224,4.395141109,50.20612028,4.34485705,116.8762402,6.807736649,2.435872058,0.972980447,3.161509388,88.75545717,2.471213796,33.2700746,33.53764927,33.90001291
3222.3456,1655.305658,3323.586223,1915.737464,1990.730406,4.383741534,50.64565801,4.365361454,116.5519236,6.836057945,2.42553846,0.968866222,3.146293397,88.66375035,2.47071875,33.27936998,33.44269347,33.89581561
3222.498,1658.263219,3329.524321,1919.148131,1994.284949,4.392825318,51.23279776,4.394895565,116.7874198,6.883272448,2.42675254,0.969072416,3.143792949,88.7700532,2.470590702,33.28914184,33.50342717,33.92136449
3222.6504,1655.533447,3324.043123,1915.976655,1990.999614,4.386864245,51.60942716,4.405029305,116.628693,6.90206097,2.419735258,0.965893603,3.129873332,88.69179408,2.470138582,33.2968368,33.44925224,33.92491464
3222.8028,1654.563395,3322.095058,1914.841543,1989.830383,4.385609969,51.99789716,4.41441348,116.6017704,6.922197732,2.415423372,0.963668426,3.118485895,88.65794416,2.469806821,33.30527123,33.43063423,33.93497159
3222.9552,1649.563988,3312.05655,1909.042913,1983.815024,4.373738729,52.21806817,4.407923297,116.2984798,6.919485362,2.405393631,0.959027155,3.098653393,88.64559241,2.469320257,33.31070421,33.33060811,33.92949311
3223.1076,1654.655265,3322.278168,1914.921791,1989.934442,4.388741513,52.65207099,4.415570458,116.7250989,6.943995667,2.41049596,0.96007576,3.095660291,88.65104005,2.468589607,33.31367499,33.43446766,33.96276798
3223.26,1655.716294,3324.407566,1916.136375,1991.206725,4.393099224,52.91474061,4.407298468,116.8747815,6.945458098,2.409903439,0.958721673,3.08434787,88.71286128,2.467712009,33.31369862,33.45688192,33.9803559
3223.4124,1658.536887,3330.069788,1919.387187,1994.594937,4.402159446,53.19305961,4.398286413,117.1559205,6.948578,2.412021114,0.958310064,3.075538516,88.81899636,2.467307425,33.32205755,33.51484659,34.00424499
3223.5648,1655.669355,3324.31113,1916.055159,1991.142367,4.39614735,53.25898925,4.369955749,117.0406278,6.923678632,2.405977856,0.954546276,3.055527422,88.69062461,2.466966337,33.33079057,33.45786949,34.00624518
3223.7172,1660.509474,3334.02798,1921.642734,1996.958866,4.410666435,53.48486646,4.350898157,117.4840905,6.919097144,2.41149428,0.955082354,3.048043548,88.58413295,2.466831838,33.33890007,33.55664514,34.03707225
3223.8696,1659.423191,3331.845566,1920.371938,1995.648132,4.409454171,53.48859779,4.312221475,117.5133154,6.885639645,2.408511738,0.952154707,3.029102744,88.61981994,2.466905568,33.34818538,33.53565137,34.04514928
3224.022,1659.671956,3332.343651,1920.646055,1995.942867,4.411813613,53.50035667,4.2725218,117.6426465,6.853063935,2.407600351,0.949938549,3.011966249,88.69706328,2.467073981,33.35955669,33.54163827,34.05793609
3224.1744,1655.327548,3323.61932,1915.604564,1990.713633,4.402002403,53.33054121,4.217366395,117.4506977,6.797278757,2.400188834,0.945068857,2.985959237,89.00270997,2.467355053,33.37165132,33.45480275,34.05320454
3224.3268,1660.471979,3333.946744,1921.543597,1996.895377,4.417500017,53.38043606,4.177196532,117.9420346,6.769729287,2.406984136,0.945559435,2.975774641,88.79582828,2.467350889,33.38312604,33.55973692,34.08387897
3224.4792,1660.993868,3334.99281,1922.133292,1997.517923,4.420716235,53.24933469,4.121943088,118.1087759,6.719255982,2.407244409,0.943395599,2.956852507,88.72349819,2.46756187,33.39295857,33.57123774,34.09688021
3224.6316,1662.789958,3338.597226,1924.197523,1999.672807,4.427327821,53.13726306,4.066701421,118.3692762,6.67096911,2.409467114,0.941907811,2.939724343,88.72327577,2.467978124,33.40313113,33.60848958,34.11441967
3224.784,1658.58925,3330.161089,1919.322148,1994.615923,4.417974399,52.82241361,3.99472786,118.2043752,6.597083612,2.403081146,0.936981382,2.911623117,88.63909817,2.46842681,33.41279783,33.52453724,34.10937867
3224.9364,1661.995343,3336.997982,1923.249213,1998.706761,4.428907152,52.7026423,3.93557188,118.5850857,6.548082925,2.408043159,0.936318942,2.896120933,88.71872756,2.469016831,33.41772583,33.59433829,34.13242215
3225.0888,1659.603341,3332.193291,1920.466773,1995.824824,4.424383965,52.38496374,3.860596407,118.553503,6.474532766,2.40469851,0.932362037,2.870234438,88.82212915,2.469470925,33.42461667,33.54693875,34.13357902
3225.2412,1658.828259,3330.635052,1919.555314,1994.887304,4.424178887,52.10444619,3.787726018,118.6382465,6.40583565,2.403808219,0.929308617,2.846956902,88.75604972,2.47024991,33.43169327,33.53222612,34.14059919
3225.3936,1653.898306,3320.734469,1913.835718,1988.952994,4.412920292,51.67641805,3.704600899,118.4253249,6.319837838,2.397049914,0.923979439,2.816591012,88.58552854,2.470773634,33.43652293,33.43353117,34.13184996
3225.546,1658.920953,3330.816751,1919.632658,1994.987168,4.42825631,51.51935514,3.642257103,118.922066,6.269252737,2.405109251,0.92434783,2.80335405,88.55079874,2.471189222,33.43939908,33.53602566,34.15991398
3225.6984,1659.787844,3332.554944,1920.620712,1996.023583,4.432504292,51.21819922,3.570373618,119.11955,6.202029312,2.407296244,0.922459681,2.783235283,88.48362249,2.471521981,33.44239145,33.55450134,34.17217744
3225.8508,1662.271534,3337.539362,1923.479651,1999.004293,4.44106044,50.96922817,3.502409067,119.4305585,6.141628843,2.411909005,0.921492731,2.765899782,88.54545857,2.472162594,33.44582192,33.60565907,34.19042751
3226.0032,1658.95635,3330.880695,1919.628458,1995.01142,4.434116027,50.55253214,3.423261349,119.3217139,6.061459291,2.408151191,0.917327164,2.738990149,88.52335102,2.472711008,33.44987557,33.53958473,34.18717325
3226.1556,1663.249547,3339.498232,1924.581093,2000.168069,4.447496393,50.37597706,3.362577331,119.7507729,6.012357304,2.415641672,0.917499445,2.72520389,88.59333084,2.47345138,33.45511159,33.62732994,34.21199829
3226.308,1661.543926,3336.071275,1922.592451,1998.110795,4.444817185,50.02739276,3.290860187,119.744476,5.943287598,2.414455383,0.914383109,2.701707614,88.71740086,2.474428798,33.46129557,33.59378847,34.21459057
3226.4604,1661.113129,3335.203942,1922.078914,1997.586596,4.445538955,49.73088864,3.223875846,119.8250514,5.881391823,2.415154743,0.912025258,2.680602853,88.61114545,2.475317533,33.46832766,33.58602446,34.22198365
3226.6128,1656.05859,3325.052974,1916.215108,1991.502007,4.433899571,49.30088623,3.150649404,119.5665641,5.805403215,2.409201731,0.907252891,2.652633258,88.58905326,2.476072661,33.47603038,33.48477935,34.21211171
3226.7652,1660.497082,3333.962148,1921.335491,1996.833143,4.447680946,49.16623743,3.102548092,119.9780468,5.768672719,2.417271871,0.908006851,2.641551354,88.74073892,2.476575567,33.4829402,33.57547904,34.23705303
3226.9176,1660.339562,3333.643398,1921.137948,1996.637322,4.449143013,48.90213315,3.048802534,120.0511786,5.718466261,2.41872294,0.906372701,2.623830088,88.6030918,2.47678108,33.49091285,33.57324096,34.24479908
3227.07,1661.517708,3336.006437,1922.485902,1998.047724,4.454163933,48.70271098,3.001314784,120.213338,5.677034695,2.422128157,0.905545909,2.60876273,88.60318351,2.477143199,33.49918229,33.59801025,34.25763462
3227.2224,1656.76625,3326.464008,1916.972876,1992.32753,4.44327557,48.35656996,2.946690418,119.9396781,5.619433931,2.41687696,0.901545944,2.584826754,88.4755701,2.477712412,33.50974553,33.50288016,34.24869779
3227.3748,1659.72763,3332.40748,1920.383996,1995.882284,4.453041428,48.28548862,2.91528068,120.2058594,5.597673619,2.422933656,0.902014042,2.574686889,88.50398807,2.47862405,33.52178123,33.56371975,34.26814335
3227.5272,1656.996618,3326.921779,1917.208777,1992.591738,4.447506933,48.07516293,2.877443425,120.0524775,5.560857888,2.420677499,0.899453386,2.556280258,88.3354801,2.479178801,33.5319713,33.50944394,34.26657531
3227.6796,1656.026832,3324.972287,1916.071287,1991.419063,4.446679932,47.94531038,2.847445599,120.017598,5.535032544,2.420991524,0.8979614,2.541463583,88.36370533,2.479827342,33.54336494,33.49078902,34.27153726
3227.832,1651.024071,3314.925352,1910.267351,1985.396481,4.435026167,47.71316422,2.815293855,119.6819395,5.499816941,2.415442515,0.894468511,2.52165731,88.29820006,2.480307798,33.554108,33.39057947,34.26120812
3227.9844,1656.120785,3325.156102,1916.148585,1991.518591,4.450488014,47.80944764,2.812420621,120.0571824,5.508524437,2.424738797,0.896916262,2.520238097,88.4548224,2.480530318,33.563831,33.49462245,34.28754757
3228.1368,1657.18362,3327.287627,1917.362612,1992.789815,4.455090247,47.80407543,2.807466447,120.1312681,5.507902945,2.428161443,0.897362629,2.513907878,88.35019019,2.480434945,33.57244962,33.51707362,34.29854087
3228.2892,1660.007526,3332.955048,1920.614233,1996.178735,4.464403486,47.87992394,2.81066091,120.3238676,5.51833602,2.434144432,0.898886981,2.511187889,88.40140383,2.480682302,33.5823122,33.57513918,34.31599107
3228.4416,1657.138228,3327.1917,1917.278848,1992.721504,4.458396159,47.81966421,2.808526569,120.096754,5.514236799,2.431740204,0.897418736,2.500522189,88.53822964,2.480985485,33.5926974,33.51805618,34.31249982
3228.594,1661.983308,3336.917272,1922.868907,1998.540903,4.473122825,48.03675207,2.830970915,120.4104204,5.546448174,2.440584212,0.900471928,2.503789002,88.5691369,2.481180266,33.60494497,33.61700611,34.33698833
3228.7464,1660.89669,3334.733274,1921.596263,1997.22749,4.47186607,48.110703,2.847458324,120.2875026,5.563270263,2.440668133,0.900392801,2.498731039,88.64783014,2.481239834,33.61379672,33.59597121,34.3397239
3228.8988,1661.146265,3335.232103,1921.869569,1997.520892,4.474200296,48.25007441,2.871017128,120.2539146,5.589310893,2.442660646,0.901159434,2.496512106,88.62100601,2.48151104,33.62500398,33.60196551,34.34734306
3229.0512,1656.798542,3326.50052,1916.82394,1992.286051,4.464167842,48.26485313,2.890986522,119.8816026,5.603247124,2.437860266,0.899619385,2.488505977,88.70056993,2.481828175,33.63494761,33.51497042,34.33771574
3229.2036,1661.947961,3336.837191,1922.766,1998.471468,4.479735123,48.57802687,2.938641802,120.1813605,5.657577966,2.446951664,0.903718691,2.497768641,88.82717455,2.481579796,33.64551827,33.6200899,34.3618677
3229.356,1662.47068,3337.884452,1923.355385,1999.093403,4.482827216,48.76389776,2.982239424,120.1408432,5.699269315,2.449198737,0.905480852,2.501178148,88.78069772,2.481302185,33.65860105,33.63160804,34.3686409
3229.5084,1664.268703,3341.492279,1925.420285,2001.248952,4.489356754,49.00433561,3.031996484,120.1873941,5.748658299,2.45326737,0.908053629,2.507228173,88.65226015,2.481448907,33.67327522,33.66892351,34.37995471
3229.6608,1660.064581,3333.049105,1920.541193,1996.18709,4.479706508,49.08219667,3.073794246,119.7972681,5.779716142,2.44842724,0.907434181,2.504721077,88.7637019,2.481434572,33.68715584,33.58481684,34.3692557
3229.8132,1663.473943,3339.892178,1924.470252,2000.28035,4.490612755,49.40704868,3.137899901,119.947619,5.843088151,2.454669141,0.911295859,2.515747087,88.92441455,2.481440476,33.70038005,33.65474002,34.38562279
3229.9656,1661.080027,3335.083565,1921.685581,1997.3954,4.485843206,49.57415156,3.193904059,119.6761069,5.888478042,2.452286651,0.912052504,2.518542251,88.8066581,2.481485414,33.71228464,33.60725189,34.38063926
3230.118,1660.304441,3333.524211,1920.77312,1996.456462,4.485443223,49.79631241,3.255661747,119.5185293,5.941453252,2.452235358,0.913799513,2.524509232,88.57976859,2.481488394,33.72449985,33.59250943,34.38126096
3230.2704,1655.370241,3323.615262,1915.049533,1990.516896,4.473818641,49.88386539,3.311352783,119.0602837,5.98014019,2.445998964,0.913415002,2.525217564,88.60667879,2.48102185,33.73468241,33.49363364,34.36592263
3230.4228,1660.397392,3333.706467,1920.84994,1996.555465,4.489135993,50.24816457,3.392338658,119.3158148,6.056179881,2.454344291,0.918922008,2.543713137,88.72340751,2.480505969,33.73835237,33.59630898,34.38556587
3230.5752,1661.265042,3335.446326,1921.838477,1997.592447,4.493198781,50.47567312,3.466553966,119.2715926,6.117281115,2.456497765,0.922270361,2.556839884,88.56763998,2.479848542,33.74027698,33.61481448,34.38923636
3230.7276,1663.750913,3340.435203,1924.699115,2000.575303,4.501646655,50.74508184,3.545132261,119.3443584,6.18402852,2.460994493,0.926599948,2.572961511,88.60365016,2.47952408,33.74280043,33.6660608,34.3983832
3230.88,1660.43275,3333.770872,1920.845376,1996.579117,4.494415196,50.83041445,3.61182129,119.0026386,6.22847768,2.456855284,0.92775214,2.580366586,88.33163091,2.479234238,33.74637299,33.59986433,34.38594148
3231.0324,1664.729709,3342.39594,1925.801113,2001.739767,4.507848197,51.12085391,3.696675385,119.2113398,6.299546477,2.463824302,0.933372328,2.600824572,88.26134221,2.479101014,33.74947638,33.68776386,34.4002565
3231.1848,1663.022513,3338.96604,1923.811182,1999.680846,4.505042255,51.22240195,3.768590463,118.9921136,6.347293088,2.461843846,0.935664157,2.612034765,88.35510064,2.478993089,33.75228649,33.65415877,34.3923243
3231.3372,1662.591281,3338.09796,1923.297294,1999.156224,4.505727558,51.34750661,3.842920816,118.8681936,6.398126943,2.461691317,0.938721272,2.625387756,88.40657028,2.4788208,33.75331087,33.64637744,34.38863573
3231.4896,1657.532183,3327.938165,1917.429771,1993.066885,4.493908466,51.30223609,3.905638691,118.4181149,6.4287328,2.454629478,0.939251045,2.631873159,88.45279387,2.478363858,33.75655457,33.54494701,34.36720676
3231.642,1661.97452,3336.854988,1922.553483,1998.402381,4.507908777,51.48241751,3.988524205,118.6583167,6.489918103,2.461482944,0.945381684,2.654754714,88.5826938,2.477652094,33.75860834,33.63580627,34.37915892
3231.7944,1661.816744,3336.535854,1922.355926,1998.206629,4.509451074,51.49283127,4.059238631,118.5749169,6.530493051,2.461465919,0.948968945,2.670686033,88.37376888,2.476751429,33.75849435,33.6335608,34.37351318
3231.9468,1662.995839,3338.900803,1923.704841,1999.618368,4.514661318,51.51756857,4.131373093,118.5932623,6.572800224,2.463384805,0.953351585,2.688762416,88.34357449,2.47592661,33.7580694,33.65837122,34.37231231
3232.0992,1658.240077,3329.349927,1918.18841,1993.893895,4.503805982,51.3348526,4.18699668,118.1942273,6.588408246,2.456477509,0.95435175,2.697166731,88.4141968,2.475414895,33.75659588,33.56306685,34.34874065
3232.2516,1661.20403,3335.298324,1921.601797,1997.451702,4.513985609,51.32252111,4.257167682,118.3605472,6.626148978,2.460887512,0.959865158,2.71844623,88.20534806,2.47512552,33.7547577,33.62401234,34.3525827
3232.404,1658.470543,3329.807608,1918.424661,1994.158825,4.508704951,51.11283619,4.310779347,118.1265867,6.637864781,2.4568196,0.962083331,2.730320146,88.09495225,2.474612756,33.74931221,33.56963564,34.33488434
3232.5564,1657.499863,3327.856142,1917.286541,1992.985483,4.50823963,50.92502897,4.365798132,118.0258838,6.651951526,2.455332485,0.965310893,2.745002397,88.19777304,2.474327645,33.74514538,33.5509438,34.32318469
3232.7088,1652.492611,3317.800198,1911.479035,1986.958444,4.496799216,50.57468237,4.406600237,117.6452579,6.64514644,2.44783672,0.966186279,2.753181932,88.31455006,2.473538066,33.74354739,33.45055083,34.29559046
3232.8612,1657.593796,3328.039486,1917.364154,1993.085717,4.512874915,50.44053104,4.46571381,118.0030704,6.667759255,2.45521714,0.972973483,2.778593068,88.28911773,2.472635632,33.74170871,33.55477723,34.30456304
3233.0136,1658.657502,3330.172512,1918.57913,1994.358321,4.517942552,50.14739597,4.510332926,118.080742,6.669521156,2.45658539,0.977376308,2.797371858,88.2154401,2.47145215,33.73846463,33.57726531,34.29778504
3233.166,1661.483862,3335.844474,1921.832985,1997.750282,4.527828207,49.87219668,4.5560281,118.2919506,6.673320647,2.460549239,0.98279359,2.818970667,88.21038869,2.47043186,33.73714598,33.63543176,34.29718773
3233.3184,1658.611977,3330.075739,1918.495635,1994.290679,4.522215791,49.39683815,4.583074804,118.1041136,6.650169284,2.456068286,0.984824363,2.830725154,88.3532299,2.46970238,33.73716891,33.57824286,34.27478003
3233.4708,1663.46136,3339.809316,1924.089369,2000.114986,4.537698888,49.07326239,4.622844032,118.4839605,6.64759843,2.462969075,0.991373337,2.855288437,88.35929522,2.469081536,33.73747576,33.67736709,34.28068435
3233.6232,1662.373799,3337.62298,1922.81602,1998.800836,4.537017272,48.54971545,4.643262698,118.447571,6.617571713,2.461059971,0.994354807,2.869345432,88.51904092,2.468357762,33.73504459,33.65629105,34.26396467
3233.7756,1662.623644,3338.121781,1923.089577,1999.094735,4.540019624,48.034622,4.663724457,118.5144059,6.588437923,2.461113291,0.998091032,2.885324186,88.40339337,2.467951147,33.73816573,33.66229274,34.25198585
3233.928,1658.272107,3329.382175,1918.040818,1993.856022,4.530466332,47.35538154,4.667233218,118.2605407,6.537148267,2.454334823,0.999006485,2.893061084,88.36232602,2.467368675,33.73919943,33.57513808,34.22212179
3234.0804,1663.426155,3339.727351,1923.98672,2000.046546,4.546861602,46.87052051,4.686990303,118.7020831,6.513542263,2.461582529,1.005482787,2.916838859,88.30840747,2.466500911,33.7435505,33.68044288,34.22789886
3234.2328,1663.94939,3340.775073,1924.576547,2000.669197,4.550590692,46.22778222,4.689862402,118.8198181,6.468236014,2.461954299,1.00909563,2.93223232,88.55375033,2.465586944,33.74728628,33.69197834,34.21584226
3234.3852,1665.749084,3344.385571,1926.642805,2002.826644,4.557833147,45.59485128,4.693124943,119.0347466,6.424490262,2.464213228,1.013445742,2.949593676,88.43159223,2.465098307,33.75161704,33.72935744,34.20851747
3234.5376,1661.541311,3335.934631,1921.760637,1997.760957,4.548666191,44.7767126,4.676969518,118.8247572,6.355051768,2.457598803,1.014120249,2.95611798,88.41106164,2.464534271,33.75553229,33.64509644,34.17802662
3234.69,1664.953813,3342.783195,1925.692179,2001.857546,4.560345908,44.11007348,4.67385875,119.1716262,6.307783927,2.462281706,1.019286694,2.975568987,88.57371164,2.464137556,33.75965161,33.71514175,34.1767068
3234.8424,1662.55789,3337.969986,1922.905707,1998.970394,4.556118123,43.27273705,4.651827755,119.1066509,6.2360565,2.458390361,1.02084998,2.984401835,88.53436963,2.463660591,33.76208867,33.66756504,34.15299458
3234.9948,1661.781741,3336.408862,1921.992619,1998.030762,4.556312452,42.46149387,4.631259832,119.1613662,6.16801927,2.456916745,1.023332932,2.995895971,88.51692839,2.463400417,33.76397702,33.65279275,34.13549155
3235.1472,1656.843262,3326.490954,1916.265355,1992.086542,4.545033681,41.53129194,4.595361554,118.9205733,6.08260515,2.449310385,1.023123808,2.999604945,88.74506184,2.462893164,33.76580023,33.55373612,34.1017495
3235.2996,1661.874958,3336.59059,1922.069408,1998.129863,4.560954823,40.82007583,4.577782573,119.4028008,6.029354036,2.45649173,1.02874886,3.020530231,87.8940881,2.46247797,33.76745694,33.65659229,34.10740222
3235.452,1662.743432,3338.331691,1923.058545,1999.167646,4.56537116,39.99853481,4.545334043,119.5879819,5.959573363,2.457538376,1.031663938,3.033606342,87.76138435,2.461860652,33.76648348,33.67512763,34.09705211
3235.6044,1665.231559,3343.324646,1925.920968,2002.152823,4.574197352,39.20929966,4.515294974,119.8902308,5.89498848,2.461014565,1.035522283,3.049551196,87.5254174,2.461567321,33.75377813,33.72646253,34.09326366
3235.7568,1661.910482,3336.654335,1922.064742,1998.153434,4.567052843,38.27776599,4.46816874,119.7741487,5.809720589,2.45594649,1.035737051,3.054821896,87.63839409,2.461484816,33.74325031,33.66014393,34.0668625
3235.9092,1666.211282,3345.286729,1927.023567,2003.318038,4.580761209,37.51245199,4.436203866,120.208388,5.750537622,2.462230789,1.040491435,3.07348559,87.72861687,2.461535271,33.73546041,33.74819779,34.07113557
3236.0616,1664.502587,3341.853748,1925.032299,2001.257353,4.577940579,36.60851829,4.387143649,120.2089689,5.670721275,2.459668372,1.041462327,3.080941109,87.77152111,2.461757092,33.72426702,33.71452907,34.05203064
3236.214,1664.070983,3340.984835,1924.518002,2000.732151,4.578609563,35.73480248,4.34048179,120.3004589,5.596185772,2.459029403,1.043180553,3.090627022,87.668544,2.462066793,33.71706039,33.70673043,34.03822182
3236.3664,1659.007371,3330.816223,1918.646671,1994.63782,4.566473007,34.76954167,4.279977833,120.0558459,5.507207306,2.451571229,1.04186546,3.091323872,87.80461831,2.46246372,33.71265647,33.60511467,34.00637889
3236.5188,1663.45359,3339.740861,1923.773558,1999.977274,4.580314132,34.02821622,4.238955046,120.4956602,5.452636618,2.458247177,1.046146139,3.10861964,87.7196179,2.462851308,33.71987312,33.69613351,34.01369366
3236.6712,1663.295579,3339.421602,1923.575805,1999.781102,4.58140251,33.20447721,4.184702218,120.6000315,5.384488269,2.458142451,1.047398663,3.116906958,87.55796481,2.46296079,33.72712506,33.69388064,34.00324949
3236.8236,1664.475608,3341.788789,1924.925507,2001.193677,4.586137149,32.41845395,4.133748284,120.7976784,5.323042286,2.460056266,1.049448893,3.127654451,87.72614357,2.463220238,33.73898717,33.7187322,33.99855167
3236.976,1659.715484,3332.229877,1919.405507,1995.464404,4.574485206,31.52556474,4.068204371,120.5608294,5.244731669,2.453233369,1.047731232,3.12723202,87.61817505,2.463533377,33.75301624,33.62325353,33.97038967
3237.1284,1662.681888,3338.183763,1922.820999,1999.024676,4.583973806,30.81770327,4.020103523,120.876367,5.196234553,2.457942281,1.050643923,3.140696214,87.63332528,2.464100706,33.76551541,33.68430492,33.97449139
3237.2808,1659.945767,3332.688673,1919.64179,1995.72886,4.577695001,30.01783175,3.958377216,120.7730776,5.132206009,2.454271973,1.049908121,3.143339824,87.35732318,2.464338129,33.77840433,33.62982734,33.95611459
3237.4332,1658.973989,3330.735946,1918.502905,1994.554243,4.576201187,29.27331055,3.901252907,120.7918581,5.076963854,2.45326869,1.050205715,3.149255974,87.72895987,2.4648611,33.79209728,33.61109858,33.94532798
3237.5856,1653.962009,3320.671792,1912.69169,1988.522099,4.56343449,28.49026674,3.834152792,120.510522,5.012599113,2.44633507,1.047759044,3.147051158,87.93507922,2.465400244,33.80600099,33.51052219,33.91883947
3237.738,1659.067369,3330.920591,1918.580556,1994.653799,4.578284805,27.96177777,3.789227203,120.9530035,4.98682416,2.45446239,1.051254187,3.162728451,88.0934758,2.465824111,33.8200443,33.61493202,33.93540268
3237.8904,1660.131622,3333.056168,1919.796336,1995.927007,4.581846316,27.40027419,3.734788381,121.0947296,4.952286682,2.456651714,1.052001252,3.170212876,87.53555139,2.466180116,33.83274473,33.63745701,33.93640239
3238.0428,1662.960061,3338.733796,1923.052309,1999.321243,4.590191503,26.89531002,3.685153251,121.3584868,4.926729473,2.461500792,1.053783235,3.180963993,87.82226046,2.466812069,33.84684229,33.69572435,33.94512265
3238.1952,1660.085168,3332.960853,1919.712907,1995.858527,4.582749016,26.31763057,3.623735441,121.2011912,4.88717288,2.457945932,1.051905113,3.180739291,87.72301268,2.467756607,33.86622123,33.63842955,33.9311795
3238.3476,1664.938343,3342.703764,1925.310279,2001.686992,4.596470114,25.93041816,3.58059282,121.5957725,4.878232608,2.465910444,1.054658439,3.194440021,87.64696292,2.468848253,33.88640564,33.73772807,33.95000842
3238.5,1663.849286,3340.516461,1924.036215,2000.371385,4.593757144,25.46862195,3.525725943,121.55187,4.854749862,2.465108607,1.053619273,3.196661034,87.5910974,2.469726912,33.906774,33.7166109,33.94521336
3238.6524,1664.098801,3341.016661,1924.310046,2000.665083,4.594695012,25.05212857,3.474971126,121.6001924,4.838703366,2.466322357,1.053372058,3.201302978,87.43563872,2.470850713,33.92948434,33.72261998,33.94627647
3238.8048,1659.742826,3332.27049,1919.258189,1995.421807,4.582835233,24.60128295,3.415282605,121.3069677,4.81261149,2.460722025,1.050057381,3.196531292,87.57470779,2.471909249,33.95157348,33.63530574,33.92929762
3238.9572,1664.900813,3342.625773,1925.207994,2001.616709,4.597009114,24.38899875,3.376892297,121.6963121,4.822665313,2.46924796,1.052330378,3.208408361,87.59277697,2.472707656,33.97451249,33.74079587,33.95272768
3239.1096,1665.423862,3343.675571,1925.798329,2002.239354,4.598303548,24.14416485,3.32985077,121.742237,4.82255392,2.470903381,1.051523342,3.210727325,87.5269443,2.473438222,33.99959455,33.75234864,33.9580265
3239.262,1667.224487,3347.2904,1927.866039,2004.397993,4.603093946,23.94068743,3.286475699,121.8778936,4.828971001,2.474459616,1.05146008,3.215181933,87.81598677,2.474524854,34.02216189,33.78979136,33.96885479
3239.4144,1663.012315,3338.833336,1922.980916,1999.327824,4.591275794,23.66686809,3.232211076,121.571848,4.819968779,2.469088659,1.047566633,3.207768797,88.12815175,2.475609737,34.04489018,33.70537604,33.95563306
3239.5668,1666.427134,3345.689134,1926.915118,2003.4271,4.600388225,23.5756508,3.195466972,121.8147092,4.839466594,2.475028306,1.048214961,3.21380446,88.21826423,2.476547952,34.06785027,33.77554348,33.97441177
3239.7192,1664.028381,3340.873039,1924.127047,2000.537159,4.59342779,23.42255965,3.148752115,121.6296742,4.844245965,2.472334023,1.045160994,3.208343377,88.21994488,2.47750629,34.09053327,33.72787818,33.96998899
3239.8716,1663.250826,3339.311874,1923.213561,1999.596262,4.590895884,23.32014151,3.106315985,121.5596416,4.856068509,2.472043164,1.043038911,3.205598645,88.53940302,2.478621139,34.1133613,33.71307606,33.97246515
3240.024,1658.307249,3329.386678,1917.482851,1993.646852,4.576768256,23.2017712,3.057215939,121.1808372,4.858202063,2.465542245,1.038128569,3.194120595,88.31256593,2.479139809,34.13404576,33.6138386,33.95858557
3240.1764,1663.34264,3339.496497,1923.290805,1999.694358,4.58996175,23.32883879,3.029616946,121.5218522,4.895621848,2.473813283,1.039036426,3.199960603,88.29707158,2.479619302,34.15536522,33.7168756,33.98662802
3240.3288,1664.211126,3341.240514,1924.280794,2000.732406,4.591560943,23.43941926,2.995569164,121.5547598,4.922997246,2.475861809,1.037169546,3.197021649,88.11181362,2.479753012,34.17288603,33.73544077,33.99828888
3240.4812,1666.700696,3346.239223,1927.145267,2003.719371,4.597597734,23.59596413,2.965164984,121.7053417,4.956126767,2.480289598,1.036215469,3.196622062,88.09945312,2.48036594,34.19269071,33.78686426,34.01670919
3240.6336,1663.37594,3339.564499,1923.286824,1999.716305,4.587590237,23.68361618,2.92495259,121.431993,4.972261709,2.476029531,1.031587129,3.184630096,88.21557299,2.481024445,34.20372062,33.72042353,34.01180372
3240.786,1667.679792,3348.205824,1928.249045,2004.884392,4.598553696,23.94073892,2.900765963,121.7140417,5.013463925,2.483022679,1.031458723,3.185837969,88.25318631,2.481724565,34.21620378,33.80863172,34.0381983
3240.9384,1665.96886,3344.77124,1926.256753,2002.821538,4.592943765,24.12221189,2.866828362,121.5581538,5.036778584,2.481024139,1.027575465,3.175179402,87.74310193,2.482536291,34.22823669,33.77489936,34.04046593
3241.0908,1665.536157,3343.902952,1925.742367,2002.295359,4.59086398,24.336239,2.835703622,121.4970832,5.063760771,2.480880998,1.024417799,3.166482124,87.84087442,2.483298068,34.25460187,33.76708341,34.04794536
3241.2432,1660.467379,3333.726833,1919.867534,1996.195692,4.575970849,24.51005208,2.797723667,121.0974648,5.077008886,2.473782177,1.018294754,3.148413716,87.97223395,2.483912182,34.26364413,33.66528233,34.03699376
3241.3956,1664.916832,3342.660613,1924.997912,2001.538732,4.587197886,24.90224679,2.779165541,121.3900888,5.120808221,2.48072386,1.017715082,3.146842908,88.04669061,2.484336494,34.27636992,33.75646074,34.06496151
3241.548,1664.758023,3342.342398,1924.800254,2001.341819,4.585696104,25.2522041,2.754034787,121.3468574,5.150639138,2.480741948,1.014212495,3.135947701,88.25309305,2.484416756,34.28569619,33.75420049,34.07457971
3241.7004,1665.938448,3344.712955,1926.15103,2002.754902,4.587896217,25.63171174,2.731376583,121.4047337,5.183389634,2.482686584,1.011460026,3.126991583,88.22303192,2.484691143,34.30287024,33.77909317,34.08954372
3241.8528,1661.173515,3335.14696,1920.627728,1997.020561,4.573746423,25.92234512,2.699100396,121.03289,5.196323735,2.475709688,1.00506079,3.106434737,88.23253661,2.484771612,34.31519774,33.68344022,34.08058971
3242.0052,1664.141941,3341.10728,1924.045601,2000.583016,4.580872389,26.37087402,2.68169588,121.2283212,5.231878227,2.480102575,1.003198156,3.099212729,88.24794577,2.484858478,34.32599885,33.74459751,34.10260885
3242.1576,1661.402852,3335.60857,1920.864573,1997.284041,4.572301317,26.73500199,2.655596674,121.0108771,5.248325853,2.475927068,0.997864918,3.080949131,88.05528866,2.484701547,34.33452475,33.69001904,34.10167823
3242.31,1660.429677,3333.655291,1919.725168,1996.107923,4.568587401,27.1391774,2.632896672,120.9248878,5.268813003,2.474311147,0.993536805,3.065514282,88.1716789,2.484866097,34.34174195,33.67125337,34.10777657
3242.4624,1655.412776,3323.583436,1913.910456,1990.070504,4.553699942,27.50311714,2.605231684,120.5437921,5.27591778,2.466611503,0.986712481,3.04230187,88.38210106,2.484634698,34.34664605,33.57049355,34.09768247
3242.6148,1660.522147,3333.842243,1919.803271,1996.206427,4.566578852,28.09249213,2.597462623,120.8992248,5.314003557,2.473853004,0.985781282,3.036985585,88.64374153,2.484402375,34.3497458,33.6750868,34.12824311
3242.7672,1661.586892,3335.980668,1921.020022,1997.480091,4.568291587,28.63727853,2.584936671,120.9598617,5.338548679,2.475008478,0.982389787,3.023955379,88.08970394,2.483978213,34.34965787,33.69764871,34.14253236
3242.9196,1664.417393,3341.664211,1924.278263,2000.876443,4.574856438,29.21885074,2.575605803,121.1521617,5.366925827,2.478724163,0.980005856,3.01377604,88.18966469,2.48362772,34.34582539,33.75601693,34.16367838
3243.072,1661.539578,3335.887104,1920.936924,1997.410516,4.565742446,29.69823812,2.557585454,120.9319842,5.375189121,2.473885397,0.974252121,2.993044638,87.89846771,2.483387343,34.33926919,33.69861624,34.16184853
3243.2244,1666.396651,3345.63938,1926.538044,2003.243021,4.577893908,30.32527717,2.553573273,121.2788635,5.405206994,2.480438165,0.973039428,2.986015452,87.94073029,2.483239937,34.33181737,33.79808904,34.19017639
3243.3768,1665.306304,3343.450935,1925.26334,2001.925906,4.573738021,30.8380693,2.540623256,121.1965621,5.414125015,2.478085057,0.968369844,2.968184687,88.017021,2.482976352,34.33632949,33.77693074,34.19460271
3243.5292,1665.555722,3343.952318,1925.537511,2002.219353,4.573287515,31.37247393,2.530012854,121.2151095,5.425401152,2.477672498,0.964490981,2.952700327,87.89423325,2.482794474,34.34322762,33.78294721,34.20407767
3243.6816,1661.195639,3335.199164,1920.482587,1996.971533,4.560174546,31.82794368,2.513637006,120.8978468,5.420671115,2.470375379,0.957961604,2.929307608,88.0878085,2.48275785,34.34780943,33.6954734,34.19508356
3243.834,1666.357902,3345.564135,1926.436317,2003.170811,4.573181242,32.48356554,2.515414438,121.2716018,5.444851137,2.477172742,0.957012784,2.923428919,87.83952565,2.482373014,34.35799053,33.80114885,34.22320256
3243.9864,1666.881193,3346.615399,1927.027146,2003.793517,4.57345847,33.05388193,2.511543776,121.3075821,5.452963302,2.477046467,0.953438479,2.909675479,87.8448545,2.48182486,34.36883235,33.81271894,34.23269194
3244.1388,1668.683193,3350.233918,1929.096281,2005.953415,4.577266908,33.64215723,2.50994411,121.4387027,5.463762742,2.478788113,0.950634054,2.898283901,88.10840459,2.48128845,34.3816102,33.85022529,34.24689343
3244.2912,1664.467144,3341.76991,1924.208139,2000.878902,4.564588698,34.0977933,2.499354555,121.1334023,5.453630081,2.47157292,0.944445415,2.876621089,88.3573294,2.480497707,34.38876672,33.76565564,34.23703294
3244.4436,1667.884793,3348.632149,1928.144928,2004.98098,4.572864547,34.69461015,2.502289408,121.3830474,5.466131425,2.475669735,0.942759525,2.869111858,88.77546427,2.479708787,34.39626276,33.83594521,34.25636147
3244.596,1665.483794,3343.812203,1925.355149,2002.088429,4.565209705,35.15871795,2.496767062,121.2106093,5.458364272,2.47111208,0.937846498,2.851793947,88.7349982,2.478696667,34.40306853,33.78819133,34.25240299
3244.7484,1664.705424,3342.250021,1924.441143,2001.146447,4.562010809,35.64969198,2.494325706,121.1559629,5.455031643,2.468957163,0.933918724,2.837652551,88.7933366,2.478081686,34.41011278,33.77335937,34.2545096
3244.9008,1659.757407,3332.316406,1918.706831,1995.192088,4.547365038,36.05496809,2.48725647,120.793925,5.437955683,2.46064126,0.927742781,2.817181236,88.77493851,2.477324977,34.41404232,33.67394108,34.2398569
3245.0532,1664.797122,3342.43533,1924.518527,2001.243999,4.56005178,36.67502741,2.499237599,121.1493515,5.453251804,2.467199435,0.927431026,2.815772976,88.62404596,2.476648003,34.41668779,33.77715892,34.26390707
3245.2056,1665.666306,3344.181044,1925.509173,2002.282595,4.561299868,37.20340946,2.506708447,121.1973428,5.454961249,2.467602534,0.924910986,2.808102453,88.62889078,2.475896763,34.41840837,33.79575392,34.27115001
3245.358,1668.157994,3349.184295,1928.375496,2005.271636,4.566984398,37.75873275,2.517481377,121.3606968,5.462075156,2.470436361,0.923391907,2.803779251,88.56561653,2.475281216,34.41263992,33.84726599,34.28441572
3245.5104,1664.830265,3342.503832,1924.514607,2001.265244,4.556731232,38.17060184,2.519868115,121.0983298,5.450255819,2.464684351,0.918735901,2.79024179,88.39817642,2.474773863,34.40771856,33.78070314,34.27441809
3245.6628,1669.137819,3351.152846,1929.479997,2006.437153,4.567370239,38.72972155,2.535889338,121.3833164,5.46358221,2.470343649,0.91858808,2.791546592,88.35166436,2.474284384,34.40469741,33.86906565,34.29353243
3245.8152,1667.425324,3347.715316,1927.486429,2004.372535,4.561545849,39.13224557,2.542996649,121.2290046,5.457141037,2.467124717,0.91522744,2.783332169,88.00659503,2.473966576,34.41282246,33.83526966,34.28856186
3245.9676,1666.992167,3346.846334,1926.971707,2003.845795,4.559220912,39.55049096,2.552598229,121.1642066,5.455360221,2.465853704,0.912686626,2.77803296,87.9662126,2.47361533,34.41880756,33.82743639,34.28823568
3246.12,1661.918884,3336.661308,1921.093107,1997.741269,4.544194808,39.85336483,2.556293359,120.756541,5.439136565,2.457793623,0.90774054,2.766127799,87.93922889,2.473321131,34.42504177,33.72544999,34.26929338
3246.2724,1666.372162,3345.602938,1926.226724,2003.088359,4.555195618,40.36642719,2.577906249,121.0268669,5.455731931,2.464016392,0.908383148,2.77310767,88.01596776,2.473094896,34.41896689,33.81678798,34.2872824
3246.4248,1666.213149,3345.284404,1926.028895,2002.891228,4.55358432,40.75913411,2.59366429,120.9568262,5.458007838,2.463494912,0.906666683,2.773545566,88.07137434,2.472491228,34.41204986,33.81452033,34.28674682
3246.5772,1667.394528,3347.657009,1927.380484,2004.305356,4.555622804,41.17189817,2.612212565,120.9788131,5.465859125,2.465035151,0.905806207,2.777152921,88.01045218,2.47208253,34.40837278,33.83945415,34.29116764
3246.7296,1662.625336,3338.082563,1921.853605,1998.566537,4.541387642,41.42721343,2.621769339,120.5646173,5.455209438,2.457849137,0.901804351,2.771660693,88.12258266,2.471410557,34.41085098,33.74362691,34.27177089
3246.882,1665.596242,3344.048079,1925.273597,2002.131749,4.548267662,41.84981889,2.645222216,120.6989128,5.472149471,2.462308593,0.902320491,2.781684321,88.19241293,2.470822583,34.41282338,33.80489009,34.28241117
3247.0344,1662.854633,3338.544481,1922.090474,1998.830234,4.539538861,42.11506624,2.659941318,120.4151134,5.471197923,2.458394116,0.899851713,2.782939211,88.1110663,2.470092583,34.4136508,33.75021074,34.27010742
3247.1868,1661.880469,3336.589434,1920.950276,1997.653233,4.535614066,42.41436271,2.678143235,120.2530606,5.477489665,2.457189434,0.89846816,2.788105371,88.26242695,2.469611666,34.41543438,33.73140815,34.26455857
3247.3392,1656.859051,3326.508648,1915.131783,1991.61118,4.520625436,42.60805395,2.690911989,119.7911869,5.471717505,2.45010414,0.895038058,2.787658001,88.34798522,2.469164455,34.41596573,33.63046491,34.24274652
3247.4916,1661.972757,3336.776375,1921.028277,1997.751929,4.533266857,43.05012799,2.722541209,120.0464041,5.502162156,2.45825706,0.897453707,2.807354234,88.73221766,2.468828664,34.41441856,33.73524159,34.26132142
3247.644,1663.038309,3338.916552,1922.245719,1999.02667,4.534857328,43.38144389,2.748605433,120.0029941,5.520386986,2.460520519,0.897839463,2.821360556,88.33126419,2.468146349,34.41149902,33.75784041,34.26365312
3247.7964,1665.871147,3344.604969,1925.505954,2002.425758,4.5412421,43.75237227,2.778199276,120.0809381,5.546066823,2.465494451,0.899291053,2.839317712,88.37209752,2.467994554,34.41016227,33.81630952,34.27293115
3247.9488,1662.990667,3338.822661,1922.162401,1998.957263,4.532026553,43.97082489,2.79850035,119.7423403,5.553993638,2.462086788,0.897720883,2.848315394,88.28000795,2.467878639,34.40831696,33.75880292,34.25942024
3248.1012,1667.851812,3348.583406,1927.767008,2004.794419,4.543883436,44.38432634,2.832530881,119.9498428,5.590385901,2.470343613,0.900553412,2.872901033,88.35843255,2.467887215,34.40797017,33.85845002,34.2768329
3248.2536,1666.760326,3346.392938,1926.491408,2003.476426,4.53951022,44.63151062,2.85639882,119.7256161,5.607870198,2.469852229,0.900239237,2.887924584,88.33077286,2.467795456,34.39987564,33.83725058,34.27046277
3248.406,1667.00976,3346.894679,1926.765668,2003.770245,4.538775546,44.90899204,2.882550896,119.5932181,5.631131721,2.471430803,0.900719952,2.906014516,88.25791461,2.467896514,34.40251708,33.84327445,34.26941795
3248.5584,1662.645673,3338.13374,1921.707433,1998.518502,4.525481426,45.06228427,2.900860259,119.1258887,5.639651008,2.466248931,0.898785096,2.916851797,88.2449694,2.468090659,34.40532681,33.75564106,34.25010079
3248.7108,1667.812256,3348.507738,1927.66487,2004.722724,4.538149039,45.4745264,2.936198472,119.3326943,5.682312742,2.475394539,0.902210415,2.946527509,88.21748591,2.46811277,34.4157214,33.86150183,34.26950336
3248.8632,1668.335823,3349.559831,1928.255983,2005.346054,4.538197067,45.75747996,2.963450608,119.2043861,5.709801945,2.4777189,0.903208954,2.968763491,88.24947024,2.467928729,34.4105431,33.87308923,34.27052827
3249.0156,1670.139207,3353.181453,1930.326344,2007.507764,4.541722016,46.0773591,2.992870353,119.1646509,5.742564114,2.482003291,0.904931308,2.993922594,88.58180869,2.467872882,34.42141806,33.91065922,34.27683542
3249.168,1665.919282,3344.709933,1925.434992,2002.429452,4.528856788,46.2385253,3.011306139,118.6931168,5.755316809,2.477376149,0.903380908,3.008790168,89.07782499,2.467673345,34.4326249,33.82593524,34.25933985
3249.3204,1669.339717,3351.578157,1929.374202,2006.53483,4.536773757,46.6266758,3.04306785,118.7619449,5.795717496,2.484220859,0.906013732,3.038769484,89.26566169,2.467344117,34.44554265,33.89634694,34.27324837
3249.4728,1666.936425,3346.753931,1926.582553,2003.640154,4.528864395,46.85607071,3.063959902,118.4151974,5.816451404,2.482433696,0.905487186,3.058563306,89.15503868,2.466751266,34.45392833,33.84850447,34.26411481
3249.6252,1666.157181,3345.190345,1925.667873,2002.697543,4.52537701,47.13804563,3.087538241,118.182938,5.843243596,2.483098238,0.905836608,3.081653979,89.19086881,2.466541006,34.46192653,33.83364269,34.26183295
3249.7776,1661.204678,3335.247957,1919.929813,1996.738651,4.510585958,47.31007774,3.103095881,117.654834,5.855341198,2.477570255,0.903925659,3.097170038,89.26932246,2.466211722,34.46876177,33.73404355,34.24327873
3249.93,1666.248666,3345.375733,1925.745123,2002.795298,4.523017417,47.78711589,3.136320136,117.8365991,5.902297973,2.487005041,0.907467254,3.131740042,89.19080384,2.465794962,34.47513925,33.83744223,34.2663764
3250.0824,1667.11851,3347.122925,1926.736311,2003.834728,4.524158355,48.15011902,3.161316819,117.724596,5.934146672,2.490223258,0.908748102,3.158565106,89.13716541,2.465017221,34.47515607,33.85606706,34.27320087
3250.2348,1669.612284,3352.130518,1929.604372,2006.826103,4.529722123,48.57428215,3.188985198,117.7287716,5.971494884,2.495862892,0.91086619,3.188587553,89.06006626,2.46463667,34.47593898,33.90766772,34.28706948
3250.3872,1666.281576,3345.444122,1925.740939,2002.816613,4.519485468,48.84698914,3.205121433,117.3236458,5.987780225,2.492782461,0.909731781,3.207541315,89.15337942,2.464328228,34.48959246,33.84098274,34.27816685
3250.5396,1670.592834,3354.100688,1930.709421,2007.992508,4.530021583,49.37961653,3.234455887,117.462164,6.030531264,2.50110289,0.91262333,3.241033609,88.78363208,2.46386035,34.50284656,33.92949958,34.30133779
3250.692,1668.878797,3350.660082,1928.714518,2005.926261,4.524222584,49.74896968,3.251544441,117.1790481,6.051213584,2.500384124,0.912148647,3.262863355,88.27293125,2.463538822,34.51218579,33.89563996,34.30089778
3250.8444,1668.445222,3349.790284,1928.19941,2005.399072,4.521908818,50.17380951,3.270406435,116.989075,6.07581118,2.501551109,0.912283256,3.287037789,88.22878321,2.463099796,34.51912333,33.88778937,34.30617206
3250.9968,1663.3675,3339.596241,1922.317014,1999.289752,4.507047292,50.47044428,3.27926866,116.4777096,6.082474715,2.495721219,0.909813413,3.301556752,88.22849556,2.462398297,34.52764617,33.78561765,34.29347578
3251.1492,1667.824706,3348.545658,1927.453866,2004.640873,4.518135328,51.08321829,3.304624721,116.6460801,6.121363524,2.504100906,0.912402351,3.333554872,88.20160043,2.461629682,34.53846456,33.87711521,34.32063581
3251.3016,1667.665624,3348.226757,1927.255883,2004.44346,4.516763573,51.56325414,3.319902161,116.4967968,6.142110886,2.505505623,0.912408627,3.355795991,88.20382607,2.460509584,34.54570468,33.87484017,34.32986888
3251.454,1668.848114,3350.601352,1928.608317,2005.858548,4.519043866,52.10481075,3.337168599,116.4460405,6.16661498,2.508865992,0.9130425,3.380375047,88.24996655,2.459242573,34.54182063,33.89981513,34.34507954
3251.6064,1664.074856,3341.018381,1923.077907,2000.115139,4.5052023,52.48120207,3.341990755,115.9834144,6.168232625,2.503219509,0.910307841,3.392522685,88.39662649,2.457821896,34.5402528,33.80381359,34.33711268
3251.7588,1667.048493,3346.989022,1926.500089,2003.682931,4.512409005,53.13896557,3.360429161,116.0734587,6.195871528,2.509078987,0.911572489,3.418743404,88.48876521,2.456502106,34.54281426,33.86518267,34.36154885
3251.9112,1664.304643,3341.480454,1923.314957,2000.378671,4.504154841,53.63196182,3.366836113,115.7699087,6.201305455,2.506271499,0.909610804,3.432777743,88.3398221,2.455108311,34.54721273,33.81040244,34.36370543
3252.0636,1663.329801,3339.523541,1922.174061,1999.200559,4.500720389,54.19939997,3.376270754,115.5955501,6.211915937,2.506046057,0.90851085,3.449702373,88.82856087,2.453997631,34.55304008,33.79156294,34.37351721
3252.216,1658.304211,3329.433726,1916.351897,1993.153602,4.486390273,54.63895836,3.376668037,115.1468644,6.20581004,2.499638829,0.905134249,3.456960125,89.04784964,2.452596739,34.55838653,33.69043627,34.36765973
3252.3684,1663.422668,3339.710289,1922.252199,1999.298818,4.499663675,55.42071935,3.395200142,115.4210349,6.233791354,2.508324332,0.907114862,3.482065355,89.28804068,2.451210605,34.56234646,33.79539637,34.40347148
3252.5208,1664.489472,3341.852138,1923.470475,2000.574238,4.502046566,56.06836552,3.404577192,115.4219469,6.244931969,2.510815013,0.906828467,3.497399457,88.56306435,2.449645984,34.56521743,33.81803211,34.42343586
3252.6732,1667.325127,3347.545329,1926.732854,2003.975639,4.509248008,56.78941703,3.417024243,115.5519618,6.261248975,2.515886007,0.907407984,3.515502032,88.27004574,2.448127878,34.56941924,33.8766021,34.45078086
3252.8256,1664.442495,3341.7577,1923.387242,2000.504132,4.500998771,57.32954718,3.417295611,115.2900773,6.255097276,2.512261868,0.904779314,3.520741663,88.15312508,2.446699109,34.57313529,33.81898961,34.45591153
3252.978,1669.308299,3351.526775,1928.995507,2006.34543,4.513791094,58.15135281,3.431463985,115.5793421,6.275089999,2.520149603,0.906146562,3.539476814,88.06677082,2.445261192,34.57524023,33.91881099,34.49229667
3253.1304,1668.216285,3349.334125,1927.719186,2005.026037,4.510482934,58.77962694,3.432851141,115.4605165,6.271767812,2.518975457,0.904176661,3.544845764,88.06648908,2.443879939,34.58343337,33.89757042,34.50555133
3253.2828,1668.466379,3349.836043,1927.993724,2005.319691,4.510825391,59.46648587,3.436423059,115.4398929,6.272344993,2.519750022,0.902835826,3.552089729,87.99828909,2.442632225,34.59447903,33.90360168,34.52433743
3253.4352,1664.098944,3341.067138,1922.932373,2000.063472,4.498736411,59.98285586,3.429593189,115.105948,6.254306594,2.513479716,0.898944994,3.548045986,88.15325804,2.441496136,34.60821623,33.81580872,34.52519308
3253.5876,1669.270576,3351.449983,1928.893721,2006.272006,4.512587552,60.8157205,3.439859394,115.448674,6.268844967,2.521430541,0.900097817,3.5602699,88.17262737,2.440102895,34.61270197,33.92185481,34.56333569
3253.74,1669.795155,3352.502732,1929.485327,2006.895313,4.513932456,61.46921009,3.439554728,115.4764824,6.264694533,2.522290424,0.898703761,3.561126026,88.08795128,2.438581544,34.6176582,33.93345953,34.58327332
3253.8924,1671.600686,3356.127268,1931.557127,2009.058173,4.518765065,62.17043797,3.441251838,115.5970808,6.264512462,2.525027685,0.89793882,3.563642945,88.72442778,2.437186937,34.61673434,33.97109315,34.60815539
3254.0448,1667.37765,3347.648043,1926.662774,2003.975403,4.507311634,62.64703226,3.430032701,115.3031738,6.24124354,2.518622133,0.893887008,3.552403804,89.13094639,2.435660477,34.62631741,33.88621484,34.60976667
3254.1972,1670.801708,3354.522049,1930.604607,2008.083358,4.516621724,63.38123057,3.432737849,115.5485888,6.244657536,2.523641093,0.89386492,3.55412315,88.93906773,2.434134046,34.6402856,33.95674867,34.6405284
3254.3496,1668.39695,3349.693339,1927.811285,2005.185839,4.510195469,63.88973433,3.423000765,115.3938987,6.225748837,2.519813437,0.890688569,3.542497939,89.08675753,2.432477234,34.65652449,33.90881762,34.64874795
3254.502,1667.617681,3348.12814,1926.896123,2004.241871,4.508202458,64.4469279,3.416178464,115.3550262,6.212344619,2.518397838,0.888375011,3.533134797,89.30912515,2.431279369,34.66839369,33.893926,34.66298564
3254.6544,1662.661518,3338.176787,1921.154496,1998.277723,4.49499051,64.81012386,3.4002245,115.0319335,6.182604803,2.510629386,0.883886059,3.513316697,89.31141021,2.429987641,34.67972081,33.79414603,34.6607056
3254.8068,1667.710663,3348.313247,1926.973589,2004.338307,4.508991913,65.47847382,3.402899445,115.4128683,6.188181842,2.517856746,0.884821785,3.5104737,89.11011141,2.428812238,34.68946713,33.89772554,34.6955647
3254.9592,1668.582021,3350.061774,1927.965474,2005.377785,4.511769186,65.94651657,3.396388484,115.5094626,6.177567709,2.518733491,0.883598286,3.497248696,89.10745021,2.42748548,34.69418014,33.91638021,34.71374256
3255.1116,1671.078749,3355.073579,1930.835417,2008.370688,4.518975076,66.45327855,3.392746728,115.7201762,6.17288782,2.522051277,0.883275158,3.486255841,88.99243896,2.426651746,34.71362064,33.96806945,34.73757188
3255.264,1667.745888,3348.381141,1926.969562,2004.357317,4.510429227,66.70826673,3.376950341,115.5271619,6.146827945,2.516574836,0.879901946,3.462202398,89.08006385,2.425923761,34.73201343,33.90126234,34.73883635
3255.4164,1672.061732,3357.04517,1931.941234,2009.536349,4.522638026,67.19638155,3.375457577,115.8673018,6.14872054,2.522617557,0.88067764,3.451138071,89.04786016,2.425348115,34.74984569,33.98993351,34.76774936
3255.5688,1670.346988,3353.601424,1929.945069,2007.467657,4.518535476,67.42547122,3.361440659,115.7892247,6.128677416,2.519566429,0.87829147,3.42684485,88.47097672,2.425002301,34.76332404,33.95601026,34.77341513
3255.7212,1669.913836,3352.730761,1929.429633,2006.939189,4.517907781,67.68051087,3.349688572,115.7991719,6.11372875,2.518464114,0.876625399,3.404309426,88.3321737,2.42471674,34.77486963,33.94814235,34.78336446
3255.8736,1664.832453,3342.527686,1923.543477,2000.824286,4.504740248,67.70860319,3.328327118,115.4874704,6.081862737,2.510356219,0.872605071,3.371255829,88.40665811,2.424365956,34.78794227,33.84578531,34.77497967
3256.026,1669.294404,3351.484917,1928.683576,2006.178583,4.517498513,68.01335487,3.325151517,115.8408947,6.084814985,2.516637715,0.87383977,3.354706367,88.30228698,2.424117805,34.81027138,33.93744245,34.80062375
3256.1784,1669.135998,3351.165711,1928.485429,2005.98008,4.517784967,68.08794431,3.312356988,115.8745551,6.071025663,2.515958228,0.872747562,3.32786307,88.30233484,2.423663211,34.83040549,33.93516001,34.80797216
3256.3308,1670.320346,3353.542387,1929.838676,2007.395301,4.521706968,68.18168089,3.301845346,115.999487,6.062705339,2.517340513,0.872443896,3.302963702,88.3773192,2.423456046,34.85340553,33.9601761,34.81967064
3256.4832,1665.543689,3343.951017,1924.304679,2001.646531,4.509484938,68.00357268,3.279318355,115.7079473,6.033328272,2.509779876,0.869104362,3.265775734,88.43947253,2.423249961,34.85897435,33.86400028,34.80832559
3256.6356,1668.520757,3349.926948,1927.728957,2005.216073,4.518292847,68.04392982,3.271684074,115.9522287,6.032937195,2.51396972,0.87008161,3.242219515,88.38218291,2.423376625,34.87124428,33.92547526,34.82430892
3256.788,1665.775285,3344.41361,1924.541695,2001.908298,4.511601933,67.81777459,3.252611216,115.7967883,6.012332715,2.509573325,0.868166653,3.207093806,88.64794159,2.423495421,34.88258065,33.87059414,34.81804436
3256.9404,1664.800377,3342.455061,1923.399958,2000.728291,4.509716278,67.61851786,3.236889469,115.7621053,5.998660278,2.507890283,0.867312044,3.174948042,89.0522398,2.424012259,34.89803007,33.85171772,34.8175775
3257.0928,1659.771131,3332.356482,1917.573954,1994.67572,4.496889357,67.20147595,3.21349027,115.4450653,5.970566686,2.500123935,0.864518213,3.134703911,89.26704239,2.424619227,34.91097742,33.75040763,34.80066056
3257.2452,1664.894876,3342.642188,1923.477866,2000.824642,4.511657407,67.07018481,3.210294215,115.8328161,5.979662273,2.507709493,0.867417633,3.112803377,89.25416703,2.425485103,34.92067785,33.85555115,34.8197583
3257.3976,1665.96337,3344.78605,1924.696755,2002.100058,4.515473105,66.72243124,3.199424313,115.9382037,5.974400975,2.509208919,0.868374409,3.083018022,88.67092215,2.426216935,34.92975927,33.87822381,34.82242334
3257.55,1668.80227,3350.484384,1927.961039,2005.503079,4.524094781,66.40190684,3.191982374,116.1642598,5.976073463,2.51342536,0.870401469,3.05633606,88.44238211,2.427218682,34.94078626,33.93689469,34.83093898
3257.7024,1665.917809,3344.691825,1924.613112,2002.027956,4.517196924,65.82429848,3.173770649,115.9890605,5.957845907,2.509069272,0.869557056,3.019166953,88.34702199,2.428540136,34.95113455,33.8791763,34.81719573
3257.8548,1670.788619,3354.469647,1930.224752,2007.872755,4.53134103,65.47160323,3.171241518,116.3480003,5.968725805,2.516491419,0.873074137,2.996315738,88.33654076,2.430085502,34.96857288,33.97917197,34.83099876
3258.0072,1669.696318,3352.27525,1928.947414,2006.551417,4.529297035,64.86203801,3.157542224,116.2884064,5.959019136,2.514981661,0.873562496,2.962848238,88.29567992,2.431642544,34.98197218,33.95789027,34.82171077
3258.1596,1669.947302,3352.777797,1929.221916,2006.844359,4.530888123,64.27810836,3.146676287,116.3188353,5.954847772,2.515550304,0.874856792,2.932007385,88.17939262,2.43346274,34.98438322,33.96392892,34.81683774
3258.312,1665.57664,3344.001384,1924.157129,2001.583225,4.519952731,63.49007382,3.127852603,116.0253581,5.934671202,2.50918834,0.873845355,2.893563102,88.41347494,2.435538975,34.98603585,33.87597638,34.79361755
3258.4644,1670.75346,3354.393545,1930.122058,2007.795609,4.534965175,62.9960156,3.129020414,116.3928029,5.949587919,2.517275742,0.8781652,2.873249491,88.36091103,2.437309349,34.99354914,33.98220779,34.8048832
3258.6168,1671.279077,3355.447422,1930.713827,2008.418545,4.537362383,62.30252244,3.122142929,116.4345804,5.948393326,2.518381395,0.880145305,2.845512297,88.5351035,2.439016657,35.00092726,33.99382983,34.79779371
3258.7692,1673.08677,3359.075348,1932.786731,2010.582213,4.543236311,61.64076158,3.118096324,116.5630654,5.952294473,2.521458739,0.882883095,2.820476897,89.01626519,2.441099198,35.00782374,34.03152708,34.79514612
3258.9216,1668.860527,3350.588878,1927.889049,2005.494767,4.532718296,60.74957929,3.103325803,116.2687875,5.935171643,2.515474692,0.882500961,2.785826389,89.40526609,2.443086698,35.00779183,33.94649444,34.76918215
3259.074,1672.288131,3357.469115,1931.833185,2009.605071,4.54299324,60.10755912,3.104898378,116.5029923,5.946234428,2.521088,0.886396209,2.766095251,89.12439703,2.445142898,35.00554082,34.0171504,34.77148434
3259.2264,1669.881721,3352.636354,1929.037879,2006.704608,4.537414954,59.24669368,3.096121449,116.3286571,5.936923987,2.517935122,0.887270401,2.73739239,89.25411607,2.447263786,35.01703983,33.96913076,34.75115279
3259.3788,1669.102231,3351.069969,1928.121927,2005.759191,4.536266979,58.43414143,3.091056005,116.2661636,5.933584961,2.517257001,0.889090883,2.712317442,89.55124963,2.449687786,35.02944093,33.95420931,34.73668722
3259.5312,1664.142102,3341.110053,1922.376442,1999.789823,4.523783802,57.46630892,3.079433072,115.9122323,5.915345233,2.510273944,0.888778713,2.681820138,89.64171831,2.451745104,35.03402587,33.85424851,34.70551559
3259.6836,1669.196118,3351.255569,1928.199046,2005.854383,4.538559907,56.83389236,3.089657807,116.2544808,5.932942945,2.518397124,0.894032092,2.671115028,89.44323742,2.453786083,35.03609535,33.95800886,34.71235108
3259.836,1670.068597,3353.00577,1929.191376,2006.894076,4.541986105,56.05363311,3.093305838,116.3056421,5.935628952,2.520204794,0.89712956,2.655146968,89.2125471,2.45552358,35.0308932,33.97669335,34.70267335
3259.9884,1672.567875,3358.022101,1932.062969,2009.888701,4.549846344,55.33278188,3.100931513,116.4700825,5.944019846,2.524462365,0.901153775,2.642924352,89.20013553,2.457724262,35.03707675,34.02847119,34.69929732
3260.1408,1669.232359,3351.323882,1928.194492,2005.871784,4.541836909,54.43042243,3.098686345,116.2279969,5.931643426,2.519908245,0.902065676,2.622473765,89.26789833,2.459839325,35.03886186,33.96154194,34.6732907
3260.2932,1673.552309,3359.995571,1933.169196,2011.05431,4.554651442,53.81211093,3.113771342,116.5177663,5.94665177,2.526895056,0.907197552,2.617436709,89.20175374,2.461849418,35.03949604,34.05036744,34.67728507
3260.4456,1671.836281,3356.548822,1931.171649,2008.983666,4.551026025,53.01601922,3.118542482,116.3865575,5.940345987,2.524767837,0.909071496,2.60393385,88.59210406,2.464090969,35.03566054,34.01638055,34.65789408
3260.598,1671.402971,3355.677391,1930.65579,2008.454446,4.550884142,52.28380527,3.126876728,116.3445871,5.938578265,2.524564506,0.911643633,2.593650353,88.506677,2.466113157,35.02881065,34.00849533,34.64369686
3260.7504,1666.31726,3345.465321,1924.765815,2002.334614,4.538074403,51.43086971,3.127985848,115.9790663,5.920213282,2.517312177,0.911673423,2.577745608,88.51889961,2.467900747,35.02505854,33.90595297,34.61119415
3260.9028,1670.783317,3354.430332,1929.909145,2007.692761,4.551269903,50.93791225,3.150914167,116.2792143,5.935621632,2.524426408,0.916921768,2.581078955,88.4503981,2.469410001,35.02620837,33.99776968,34.61689572
3261.0552,1670.624865,3354.110727,1929.710858,2007.493968,4.551857235,50.33208804,3.166575305,116.2579774,5.934565831,2.524525566,0.919615624,2.578904106,88.5705148,2.470632692,35.02616024,33.99547986,34.60457693
3261.2076,1671.810345,3356.489336,1931.064975,2008.910161,4.556092885,49.80121942,3.186120905,116.3312983,5.93810087,2.526617913,0.923016664,2.580085619,88.56022374,2.47173864,35.02673138,34.02053708,34.59804612
3261.36,1667.029491,3346.889349,1925.527497,2003.156993,4.544059224,49.12499204,3.195447886,115.9902899,5.920266539,2.519660215,0.923086729,2.573095387,88.59844758,2.472838996,35.01335614,33.92418697,34.56822395
3261.5124,1670.009225,3352.870271,1928.954037,2006.729273,4.553157487,48.76185188,3.222890875,116.1912988,5.929533977,2.524346265,0.927361772,2.581747063,88.62782267,2.474107452,35.00615448,33.98576784,34.57047243
3261.6648,1667.261298,3347.351795,1925.764857,2003.419086,4.546624753,48.26323548,3.240329409,115.9947798,5.918255038,2.520338197,0.92842149,2.582668403,88.55512592,2.475020465,35.00114631,33.93078583,34.55037896
3261.8172,1666.285491,3345.391195,1924.622525,2002.23832,4.544913487,47.85312629,3.262417636,115.9234928,5.912841523,2.518955553,0.930421524,2.587697158,88.93227872,2.476085122,35.00150978,33.91187251,34.53794688
3261.9696,1661.2517,3335.283392,1918.792962,1996.181354,4.53213149,47.36108018,3.277735155,115.5718406,5.892564287,2.511386413,0.930100424,2.588104721,89.31456304,2.476719869,35.00060204,33.81037899,34.50956407
3262.122,1666.379889,3345.577722,1924.700807,2002.335196,4.547055274,47.25493308,3.316101785,115.930932,5.907479604,2.51906474,0.935296977,2.608660568,89.30971186,2.477145704,34.99884706,33.91570594,34.52362767
3262.2744,1667.449178,3347.723036,1925.920664,2003.611901,4.550892975,47.07016118,3.347473915,116.0095743,5.907604337,2.520554976,0.938150262,2.624545575,88.61847699,2.477134822,34.99653938,33.93841551,34.52189941
3262.4268,1670.290434,3353.425909,1929.187239,2007.017859,4.559557803,46.97470393,3.383471051,116.2138247,5.913548145,2.524665806,0.941931339,2.644451982,88.47971948,2.477149892,34.99620883,33.99718727,34.52802955
3262.5792,1667.403216,3347.627777,1925.837415,2003.540504,4.552582875,46.7514836,3.408697297,116.0212406,5.898836659,2.520074322,0.942414734,2.656167835,88.44436051,2.477136128,34.99961516,33.93936298,34.51164784
3262.7316,1672.278155,3357.413647,1931.452893,2009.390177,4.566783393,46.84076244,3.451863155,116.3721501,5.910850736,2.527116616,0.947065493,2.683061683,88.41245906,2.477243598,35.01096484,34.03953295,34.52814711
3262.884,1671.184659,3355.216767,1930.17503,2008.068323,4.564673568,46.79844148,3.4834684,116.3089427,5.90155138,2.52510518,0.948261886,2.70116084,88.33858807,2.476989484,35.01342751,34.01821011,34.52122134
3263.0364,1671.435638,3355.719176,1930.450011,2008.361994,4.566225833,46.83256132,3.518636269,116.3408369,5.896734874,2.525086585,0.950132716,2.722238977,88.18157321,2.47673159,35.01627465,34.02425615,34.5203712
3263.1888,1667.060841,3346.934477,1925.382307,2003.097401,4.555132636,46.77131042,3.544531591,116.0518528,5.875365088,2.518052239,0.94927175,2.736723041,88.44384046,2.476399219,35.0173673,33.93614404,34.50130334
3263.3412,1672.242004,3357.335165,1931.351348,2009.315037,4.570127237,47.06850491,3.591698565,116.4308166,5.887065516,2.525377208,0.953558356,2.769421511,88.38349454,2.475535918,35.01404034,34.04256078,34.52233989
3263.4936,1672.767808,3358.389377,1931.94381,2009.939009,4.572384889,47.27021877,3.62924545,116.4864623,5.882259485,2.525647208,0.955077361,2.795303269,88.56930028,2.47448778,35.01197548,34.05420013,34.52507747
3263.646,1674.576831,3362.019889,1934.018359,2012.104887,4.578147922,47.54124778,3.670030757,116.6324429,5.881839702,2.527827612,0.957226439,2.823821766,89.04618839,2.473590862,35.00855369,34.09196101,34.53349409
3263.7984,1670.34655,3353.525385,1929.117886,2007.014155,4.567406327,47.66561765,3.697855736,116.358522,5.860071519,2.520871498,0.955833141,2.842393019,89.46404434,2.472543545,35.00266476,34.00677405,34.51788222
3263.9508,1673.776935,3360.411075,1933.064858,2011.128126,4.577610651,48.07538197,3.74262632,116.6203273,5.864669599,2.525423025,0.958540903,2.875018593,89.20917283,2.471418573,34.99574198,34.07755214,34.53432721
3264.1032,1671.368116,3355.573507,1930.268095,2008.226011,4.571847667,48.34187755,3.774424373,116.4760808,5.848653644,2.521141213,0.957809365,2.897810835,89.48023399,2.470038509,34.98773623,34.0294439,34.52759849
3264.2556,1670.587671,3354.005191,1929.351877,2007.280411,4.570545213,48.67610875,3.809678001,116.4461573,5.838141373,2.519294876,0.957908119,2.923524486,89.68563902,2.468902388,34.99291379,34.01449263,34.52782802
3264.408,1665.622865,3344.036021,1923.603021,2001.307026,4.557794897,48.90182749,3.834609257,116.1252591,5.812762105,2.511126107,0.955496334,2.942023766,89.8993775,2.467413383,34.9925276,33.91435099,34.51134775
3264.5604,1670.68112,3354.18997,1929.429582,2007.376634,4.572458686,49.46047826,3.880517593,116.5044263,5.821865729,2.518048223,0.958522454,2.978512356,89.50977441,2.465925173,34.99367616,34.01829217,34.53637454
3264.7128,1671.554117,3355.941287,1930.422763,2008.417537,4.575661301,49.9084392,3.91578383,116.59215,5.816233663,2.518654524,0.959028213,3.007619764,89.33174707,2.464109598,34.99075279,34.03700649,34.54468018
3264.8652,1674.055373,3360.961626,1933.296387,2011.414823,4.583331907,50.41272021,3.954160724,116.7935652,5.816186276,2.521712938,0.960369309,3.039486386,89.25903776,2.462589202,34.9897342,34.08887292,34.55966953
3265.0176,1670.71666,3354.257191,1929.425621,2007.395206,4.575030052,50.74342345,3.978109421,116.5875738,5.79576828,2.515978621,0.958282404,3.060448356,89.27162202,2.461084056,34.99015461,34.02182154,34.55106359
3265.17,1675.040259,3362.936207,1934.403625,2012.581922,4.587719778,51.31603622,4.017850445,116.9162188,5.80170634,2.52180195,0.960344508,3.094597661,89.26919864,2.45962604,34.99083694,34.11080137,34.57356958
3265.3224,1673.322532,3359.486209,1932.40491,2010.509922,4.583873852,51.70724893,4.042430754,116.8229775,5.786692832,2.518539473,0.958862033,3.117259942,88.85281646,2.458336344,34.99514522,34.07675085,34.57172813
3265.4748,1672.888687,3358.613828,1931.888802,2009.980463,4.583556532,52.13364068,4.069023236,116.8187569,5.776107455,2.517231104,0.958036085,3.141814413,88.67801687,2.456983204,35.00035795,34.06884832,34.57497564
3265.6272,1667.798321,3348.392686,1925.995107,2003.856088,4.570478912,52.40406779,4.082631256,116.4887465,5.749391802,2.508945779,0.954467162,3.156997755,88.70971205,2.455603513,34.99840576,33.96612064,34.55928863
3265.7796,1672.268251,3357.365535,1931.141671,2009.218278,4.583578193,52.94974455,4.115174679,116.8250994,5.755550051,2.515109374,0.956149792,3.188457305,88.7100375,2.454155172,35.00179657,34.05809692,34.58211182
3265.932,1672.109578,3357.045695,1930.943169,2009.019253,4.583978223,53.33912685,4.134628772,116.8372032,5.745830615,2.514343353,0.955102668,3.210434502,88.84842239,2.452410976,35.00560216,34.0557997,34.58610672
3266.0844,1673.296052,3359.426477,1932.298032,2010.436388,4.588069471,53.75621997,4.156072955,116.9420587,5.740852666,2.515635298,0.954761636,3.234272619,88.83630083,2.450827344,35.01039762,34.08089805,34.5951988
3266.2368,1668.51091,3349.81822,1926.756874,2004.678668,4.575795216,53.96504849,4.161626947,116.6286202,5.715489624,2.507980316,0.950974337,3.245813227,88.7167204,2.449238284,35.01092955,33.98437365,34.5797835
3266.3892,1671.493294,3355.804616,1930.185374,2008.253355,4.584813981,54.37778019,4.182513888,116.856143,5.716871575,2.512078419,0.951485312,3.270024808,88.7931567,2.447778353,35.01216072,34.04606043,34.59504478
3266.5416,1668.742942,3350.281586,1926.993908,2004.940306,4.5781069,54.58756303,4.187851836,116.6819669,5.69873662,2.507584948,0.948687546,3.282182369,88.63553308,2.446205143,35.01153122,33.99097753,34.58679052
3266.694,1667.766303,3348.319593,1925.850559,2003.758242,4.576259265,54.82775505,4.195885147,116.630582,5.686709211,2.505788535,0.946861593,3.296774295,89.25085715,2.444985273,35.01511946,33.97202729,34.58527949
3266.8464,1662.728081,3338.203316,1920.016945,1997.696224,4.563243598,54.90079492,4.191338141,116.2942058,5.660813566,2.49792286,0.942707676,3.302044713,89.42333578,2.443806685,35.01889035,33.87035035,34.56689156
3266.9988,1667.860898,3348.50716,1925.928119,2003.854145,4.578086473,55.22870864,4.206485785,116.6668969,5.669662662,2.505434781,0.944260079,3.32406745,89.22705579,2.442640508,35.02252801,33.97586072,34.58910766
3267.1512,1668.931215,3350.654901,1927.148275,2005.13118,4.581748358,55.39054232,4.209018633,116.7543858,5.664772671,2.50687859,0.943485086,3.336671044,88.41385256,2.441345187,35.02281528,33.99860721,34.59448463
3267.3036,1671.775087,3356.363361,1930.416419,2008.539038,4.590268965,55.57832304,4.21423319,116.9647513,5.66602829,2.511024683,0.943702784,3.351657193,88.54356826,2.440408247,35.02622365,34.05747985,34.6065232
3267.456,1668.885405,3350.560772,1927.063924,2005.058328,4.583046998,55.54620576,4.203707667,116.7731813,5.647979773,2.506593411,0.940696321,3.354102253,88.40384908,2.439798625,35.02902504,33.99954967,34.59480131
3267.6084,1673.76481,3360.355931,1932.682364,2010.911608,4.597137967,55.6906396,4.208380246,117.1231314,5.656551516,2.513933584,0.942104023,3.368933412,88.42680042,2.439317031,35.03593942,34.09989392,34.61340857
3267.7608,1672.670492,3358.157871,1931.403051,2009.587889,4.594826137,55.60969684,4.196815747,117.0542424,5.64507091,2.512339028,0.940156302,3.370752814,88.42391307,2.438673701,35.02876622,34.07852995,34.60735256
3267.9132,1672.921862,3358.661507,1931.67754,2009.880869,4.596212906,55.53876742,4.187042832,117.078545,5.638196803,2.512810284,0.938987508,3.374210123,88.23380215,2.438464081,35.02386127,34.08458339,34.60620805
3268.0656,1668.543357,3349.869935,1926.60591,2004.611333,4.58486523,55.27503287,4.163603061,116.7780964,5.615699595,2.506371218,0.935264992,3.36706313,88.53631391,2.438378828,35.01760419,33.9963117,34.58588609
3268.218,1673.72933,3360.28066,1932.577959,2010.832607,4.599741061,55.2295016,4.158739369,117.1451531,5.625622575,2.514410228,0.937030923,3.375577449,88.44350361,2.43803746,35.01487008,34.10291376,34.60355282
3268.3704,1674.255815,3361.336743,1933.169986,2011.455953,4.60179141,54.9952263,4.140333368,117.1852974,5.619981255,2.515494728,0.936228693,3.373430966,88.62722529,2.437675167,35.0168747,34.11457042,34.60199
3268.5228,1676.066667,3364.971408,1935.245021,2013.622344,4.60736829,54.77189062,4.123864296,117.3146643,5.618816105,2.518553282,0.936196081,3.372866115,88.41822852,2.437769332,35.01641727,34.15239494,34.6051479
3268.6752,1671.832844,3356.47042,1930.3406,2008.52664,4.596328681,54.32442429,4.091756274,117.0205901,5.597568278,2.512564939,0.932852928,3.359269754,88.54650779,2.43809528,35.01065955,34.06705365,34.5832476
3268.8276,1675.266502,3363.363152,1934.289197,2012.642548,4.606326914,54.04476875,4.0753147,117.2620816,5.602469013,2.518188742,0.933985824,3.358091228,88.62364754,2.438312037,35.00466189,34.13795387,34.59153708
3268.98,1672.855756,3358.522325,1931.489783,2009.737086,4.600245994,53.55197206,4.043950625,117.0939885,5.588077616,2.515057999,0.93192336,3.34428274,88.66607463,2.438642078,34.99917613,34.08975705,34.57557093
3269.1324,1672.074825,3356.953616,1930.572099,2008.789615,4.598629265,53.08299847,4.015653465,117.0395207,5.579316034,2.514404082,0.930852061,3.332769893,89.43157105,2.439392336,35.00371706,34.07477594,34.56582314
3269.2848,1667.105795,3346.976664,1924.818711,2002.810585,4.585454977,52.44863305,3.975951095,116.6915067,5.556644036,2.507469764,0.927553002,3.311811618,89.61622843,2.439900084,34.99996939,33.97445346,34.53866792
3269.4372,1672.16872,3357.140512,1930.648036,2008.883608,4.599777956,52.04695029,3.956800776,117.0449954,5.567719655,2.515679944,0.930117382,3.30773786,88.55326305,2.440486283,34.99204744,34.07857549,34.55243179
3269.5896,1673.042646,3358.894324,1931.640927,2009.924165,4.602533834,51.48691955,3.926535864,117.1049701,5.565021836,2.517604484,0.930452461,3.294241738,88.78741871,2.440751664,34.98291302,34.09731964,34.54891592
3269.742,1675.546263,3363.920009,1934.515454,2012.9226,4.609749547,50.95634295,3.899654096,117.2792471,5.567975841,2.521997234,0.931800345,3.283073991,88.53792427,2.441530629,34.97247366,34.14927465,34.55188801
3269.8944,1672.204694,3357.210576,1930.641346,2008.898898,4.60087199,50.23083494,3.859030634,117.0449071,5.55168421,2.517604912,0.930003103,3.259776573,88.62080749,2.442555429,34.96236828,34.08210114,34.5305834
3270.0468,1676.532227,3365.898086,1935.621597,2014.088477,4.613039239,49.68087351,3.834981811,117.348137,5.561235393,2.52479371,0.932773285,3.249368581,88.70259067,2.443685335,34.95225063,34.1712353,34.5405347
3270.1992,1674.813045,3362.445879,1933.620746,2012.013926,4.608564692,48.93680323,3.797100755,117.2286533,5.55094187,2.522891558,0.932281395,3.226559373,88.7649607,2.445035496,34.94107438,34.13712115,34.52535519
3270.3516,1674.378875,3361.573535,1933.103445,2011.483095,4.607618121,48.21628063,3.762186916,117.1998301,5.545036273,2.522932091,0.932626006,3.205593992,88.69642915,2.446504205,34.93138922,34.1292013,34.51534297
3270.504,1669.284028,3351.344178,1927.205179,2005.353177,4.593825364,47.34469571,3.716430005,116.8452593,5.523620868,2.515947057,0.930500403,3.175156304,88.70082246,2.447725277,34.92383189,34.0262883,34.48610595
3270.6564,1673.757956,3360.325664,1932.35413,2010.718473,4.606281832,46.70166623,3.691068734,117.161418,5.533877488,2.523376334,0.934042376,3.161492873,88.66859052,2.449048228,34.91360194,34.11842415,34.49719564
3270.8088,1673.599148,3360.006246,1932.154671,2010.518423,4.605959731,45.91645125,3.655241249,117.1537833,5.528849823,2.523818726,0.935120593,3.138536288,88.38859619,2.450068214,34.90150748,34.11611954,34.48928322
3270.9612,1674.786665,3362.389792,1933.509572,2011.935781,4.60932202,45.16214048,3.622695752,117.2414994,5.528384944,2.526288108,0.937076501,3.11773655,88.42731335,2.451207409,34.89475272,34.14125903,34.48709038
3271.1136,1669.997227,3352.773686,1927.964145,2006.172971,4.596219674,44.24184786,3.577615582,116.9119209,5.508223648,2.519737881,0.935797358,3.085688599,88.47288366,2.452290079,34.89089161,34.04456034,34.46000237
3271.266,1672.982182,3358.76589,1931.394049,2009.749634,4.604441582,43.51273404,3.549932781,117.1284228,5.513766892,2.524888986,0.939172188,3.067691368,88.59166065,2.453582867,34.88946937,34.10635301,34.466014
3271.4184,1670.229268,3353.238459,1928.19987,2006.433486,4.596840999,42.63375142,3.510708175,116.9439954,5.500583424,2.521370785,0.939432866,3.039053248,88.59632295,2.454664611,34.88884623,34.05116923,34.44809578
3271.5708,1669.251611,3351.27514,1927.055125,2005.249981,4.594081054,41.80471764,3.476080868,116.8845895,5.493408118,2.520505885,0.940809987,3.013639174,88.40851441,2.456004883,34.88696778,34.03218207,34.43791061
3271.7232,1664.208723,3341.150282,1921.217211,1999.182951,4.580077272,40.87918132,3.43358736,116.5405904,5.472801451,2.513460297,0.939997015,2.981153929,88.29955724,2.457113215,34.88537867,33.93032171,34.41112939
3271.8756,1669.345874,3351.463457,1927.131495,2005.345083,4.593980046,40.21355526,3.413415783,116.9101201,5.485417282,2.521697947,0.945185633,2.967692444,88.42892954,2.458331321,34.88157074,34.03601551,34.42906746
3272.028,1670.416881,3353.613269,1928.351865,2006.622762,4.596636378,39.4583849,3.385609075,116.9949835,5.484706145,2.523753235,0.948164089,2.94728466,88.34155075,2.459295943,34.8759033,34.05879891,34.43049584
3272.1804,1673.262989,3359.326885,1931.621536,2010.032914,4.604136497,38.75500619,3.36226719,117.2050591,5.489869686,2.528458517,0.952242816,2.930326449,88.25339592,2.460397249,34.87066195,34.11777244,34.43992886
3272.3328,1670.370422,3353.519252,1928.266455,2006.549417,4.595826518,37.92526278,3.328030472,117.0141901,5.47607542,2.524468219,0.953125326,2.903820848,88.23813335,2.46158293,34.86357279,34.05973636,34.42555913
3272.4852,1675.253819,3363.323061,1933.887961,2012.406938,4.608866237,37.29351191,3.311004066,117.3698491,5.487263125,2.532151942,0.958611825,2.892437884,88.09061703,2.462983952,34.85629075,34.1602549,34.44540268
3272.6376,1674.158168,3361.123035,1932.60743,2011.082155,4.605452488,36.53580174,3.282898285,117.3077159,5.478793448,2.530780296,0.960744647,2.871130853,88.22063125,2.464195391,34.84553293,34.13884979,34.44037682
3272.79,1674.409391,3361.627063,1932.881688,2011.375305,4.60573987,35.81964216,3.258333795,117.3408804,5.474598102,2.531414043,0.96371261,2.852635006,87.68700113,2.465528642,34.83487431,34.14491062,34.44153563
3272.9424,1670.026622,3352.827664,1927.806509,2006.101814,4.593277646,35.0202077,3.225585947,117.0493812,5.454917133,2.524994472,0.964044354,2.827063119,87.90163715,2.4668174,34.82466373,34.05647936,34.42389138
3273.0948,1675.216829,3363.247477,1933.781934,2012.327723,4.607118894,34.46722104,3.213463499,117.4288902,5.465581687,2.53292525,0.969951957,2.820360403,87.75013697,2.467580677,34.8108995,34.16326674,34.44884638
3273.2472,1675.743411,3364.30438,1934.373999,2012.951553,4.608132471,33.83560789,3.193183655,117.4816038,5.46073481,2.533762914,0.97317695,2.806665984,88.27841025,2.468137549,34.79477035,34.17494072,34.45485808
3273.3996,1677.555506,3367.942142,1936.450003,2015.119578,4.612688218,33.24251749,3.17584149,117.6252173,5.459705649,2.53651749,0.977161499,2.795992767,88.27063562,2.468862957,34.78424623,34.21282887,34.46686424
3273.552,1673.317563,3359.433546,1931.542205,2010.020099,4.60062104,32.5384328,3.147261822,117.3454218,5.438484156,2.530103061,0.977616374,2.776245986,88.48248744,2.469448799,34.77427386,34.12733325,34.45390218
3273.7044,1676.753921,3366.332258,1935.49296,2014.13909,4.609656626,32.0288418,3.134660921,117.6043206,5.440999724,2.535195943,0.982498546,2.772534579,88.62888471,2.469868725,34.7641023,34.1983556,34.47501472
3273.8568,1674.340686,3361.487045,1932.691514,2011.231501,4.602608649,31.42195722,3.111583331,117.4534554,5.424176077,2.531420841,0.983935707,2.760228237,88.66476782,2.470083612,34.75401892,34.15007019,34.47198679
3274.0092,1673.558711,3359.916829,1931.772983,2010.283373,4.600036104,30.86714145,3.092169678,117.4168855,5.412259317,2.53007502,0.986286318,2.751888711,88.83704439,2.470531522,34.74506044,34.13505925,34.47648373
3274.1616,1668.58492,3349.930933,1926.015761,2004.299961,4.585923406,30.26746086,3.0660503,117.0848906,5.38642154,2.522330727,0.986083452,2.738188762,88.60368952,2.470573176,34.73706906,34.03455594,34.46417534
3274.314,1673.652009,3360.103612,1931.848488,2010.37757,4.5993967,29.92964951,3.060895918,117.4548099,5.391834857,2.529616968,0.991593993,2.745217546,88.47828395,2.470489843,34.72724681,34.1388588,34.49650044
3274.4664,1674.526386,3361.858824,1932.841794,2011.418984,4.601333602,29.54983069,3.049068638,117.5292284,5.383405197,2.530511394,0.994525026,2.746986502,88.44326727,2.469997841,34.7160726,34.15763278,34.51189235
3274.6188,1677.031916,3366.888817,1935.717904,2014.419714,4.607759075,29.21759144,3.040409003,117.7176896,5.379634511,2.533839684,0.998331668,2.753041561,88.0807516,2.469619696,34.70540605,34.20967638,34.5346808
3274.7712,1673.687097,3360.173371,1931.841173,2010.393048,4.59812985,28.7950439,3.021042731,117.4953614,5.356422239,2.528306226,0.998568751,2.750982379,87.55378147,2.469185158,34.69248405,34.14238074,34.53344569
3274.9236,1678.018235,3368.868537,1936.824287,2015.586436,4.609643726,28.55850587,3.01654199,117.8104768,5.356217538,2.534274925,1.003120051,2.765695251,87.86440953,2.468687303,34.68069804,34.23166923,34.56578874
3275.076,1676.297324,3365.413315,1934.821944,2013.510247,4.604567542,28.22891957,3.001100507,117.7008561,5.336037734,2.531087887,1.003972272,2.771867362,87.90969768,2.468247332,34.6689491,34.19749145,34.5731993
3275.2284,1675.862595,3364.540285,1934.304054,2012.978873,4.603065891,27.93448129,2.987986242,117.6810989,5.319247021,2.529819627,1.005484166,2.781729607,87.67089692,2.467403973,34.65816671,34.18955428,34.58638596
3275.3808,1670.763087,3354.302018,1928.401849,2006.84421,4.588786957,27.58988148,2.967353388,117.3321551,5.287200448,2.521463134,1.004061906,2.785293071,87.74271784,2.466444102,34.64977884,34.08645596,34.58068713
3275.5332,1675.240904,3363.291631,1933.553714,2012.213221,4.600880226,27.48482601,2.966010047,117.6515535,5.284370156,2.527434642,1.008011121,2.808846546,87.53974937,2.465270552,34.64424,34.17875139,34.6163467
3275.6856,1675.081911,3362.97217,1933.35384,2012.012707,4.600275551,27.33125663,2.957199029,117.6438605,5.266477877,2.526369913,1.009027116,2.826113122,87.79649596,2.463774179,34.63907574,34.17643938,34.63308945
3275.838,1676.27048,3365.35813,1934.70926,2013.430728,4.603417585,27.21020015,2.950492306,117.7301284,5.252031684,2.527317892,1.010716843,2.847223834,87.83319417,2.46220076,34.63832685,34.20162001,34.65568494
3275.9904,1671.476836,3355.733914,1929.160039,2007.66317,4.590172005,26.99810366,2.932821157,117.3957563,5.218103834,2.519231424,1.008680628,2.8594385,87.82357149,2.46043722,34.63278186,34.10474703,34.65380273
3276.1428,1674.464555,3361.731907,1932.591677,2011.241897,4.598366706,26.9654539,2.929535275,117.604711,5.207255421,2.522795706,1.010960236,2.888354379,87.75767446,2.458718199,34.62664112,34.1666456,34.68490922
3276.2952,1671.70935,3356.200143,1929.395103,2007.922641,4.590811852,26.85127462,2.915948032,117.4097501,5.177929134,2.517692439,1.009639938,2.908727222,87.66180535,2.456844868,34.62021912,34.11136093,34.69248167
3276.4476,1670.731003,3354.235677,1928.249221,2006.737569,4.588146262,26.78332189,2.905474144,117.3381852,5.153586717,2.515240786,1.009225274,2.933644821,87.59047966,2.455046079,34.61784968,34.09233686,34.70758333
3276.6,1665.683832,3344.102457,1922.407276,2000.66535,4.574295283,26.68694227,2.889093887,116.978097,5.116761599,2.506617779,1.0061691,2.952414819,87.54755907,2.453005637,34.61611039,33.99029307,34.70613498
3276.7524,1670.825768,3354.425352,1928.324825,2006.831327,4.588444627,26.84557764,2.893311502,117.3270907,5.111423962,2.513222514,1.008808091,2.991547272,87.83377741,2.451010543,34.61036036,34.09617029,34.74713727
3276.9048,1671.897969,3356.577669,1929.545567,2008.109231,4.591411045,26.97570088,2.891622537,117.3877613,5.093765973,2.513667197,1.008803666,3.02435936,87.68369364,2.448664791,34.60388789,34.1189906,34.77136094
3277.0572,1674.746875,3362.296983,1932.816863,2011.52114,4.599271006,27.15128709,2.893035018,117.5715851,5.081205304,2.516763792,1.009708223,3.061410496,87.70908797,2.446509908,34.59850254,34.17806502,34.80276995
3277.2096,1671.852045,3356.484913,1929.459284,2008.034241,4.591380519,27.24310026,2.884351119,117.3509696,5.050944795,2.511216203,1.007028368,3.088524329,87.80958867,2.444425076,34.59920432,34.11992304,34.81079437
3277.362,1676.74014,3366.298178,1935.083814,2013.895178,4.604928566,27.51145003,2.890264556,117.6722201,5.044263451,2.517310747,1.008690324,3.130977747,87.62587847,2.442389086,34.60071446,34.22061587,34.85027845
3277.5144,1675.643915,3364.097051,1933.802009,2012.568434,4.60208397,27.68733158,2.885583016,117.5727411,5.019258774,2.514416978,1.006640419,3.162837191,87.74868385,2.440270333,34.60531905,34.19916964,34.86541877
3277.6668,1675.895791,3364.602418,1934.075932,2012.860766,4.60298174,27.89518412,2.883277145,117.5665537,4.998150673,2.513537496,1.005279044,3.19768697,87.70182982,2.438251542,34.61243335,34.20523786,34.8858441
3277.8192,1671.509564,3355.796117,1928.997121,2007.58235,4.591160874,28.05202946,2.874267649,117.2325605,4.963778846,2.505679506,1.001018707,3.2234548,87.7961392,2.436375482,34.62228685,34.11664702,34.88740241
3277.9716,1676.704828,3366.226017,1934.975771,2013.811839,4.605690478,28.44375708,2.885238239,117.5641165,4.959679609,2.51213267,1.002187272,3.266599918,87.56130504,2.43402473,34.63588692,34.22361972,34.9267816
3278.124,1677.232333,3367.284715,1935.567744,2014.435116,4.607424885,28.78165306,2.889412368,117.5662481,4.942396011,2.511577723,1.000454872,3.300311577,87.61420857,2.431615713,34.65202066,34.23531102,34.94704003
3278.2764,1679.046519,3370.926598,1937.644554,2016.603681,4.612732891,29.15073722,2.89610305,117.6572186,4.929122723,2.512945016,0.9994093,3.336205953,87.43123168,2.429590289,34.66892883,34.2732628,34.9721244
3278.4288,1674.805311,3362.4114,1932.733231,2011.499349,4.601437279,29.41888533,2.89250166,117.3227064,4.898328549,2.505247129,0.994713021,3.359371543,87.51738177,2.427475657,34.685188,34.18761285,34.97293803
3278.5812,1678.245238,3369.317163,1936.68593,2015.620271,4.611269525,29.86162431,2.904279802,117.5216402,4.891832657,2.509026363,0.994415121,3.395403496,87.6645123,2.425361944,34.70247025,34.25875733,35.00338914
3278.7336,1675.830385,3364.468612,1933.882255,2012.709419,4.605027262,30.20561429,2.906080893,117.3095535,4.868622306,2.504055898,0.990597138,3.418891824,87.8028528,2.423359391,34.7140563,34.21038334,35.01032902
3278.886,1675.048238,3362.897945,1932.962664,2011.759483,4.603258243,30.591085,2.911409565,117.2101853,4.850908455,2.501524814,0.987698438,3.444637043,87.75466996,2.421916156,34.72720271,34.19534257,35.02334242
3279.0384,1670.070505,3352.904037,1927.201454,2005.770659,4.589905963,30.92694604,2.911314446,116.8147086,4.822561785,2.492721618,0.982286366,3.460090082,87.49941615,2.420161449,34.737995,34.09465842,35.01916698
3279.1908,1675.142505,3363.08639,1933.037441,2011.851913,4.604086851,31.51368767,2.93338007,117.1160461,4.827211061,2.498914175,0.982701115,3.491585558,87.67042948,2.418587196,34.74558391,34.19914211,35.05319973
3279.3432,1676.018025,3364.843715,1934.031079,2012.893367,4.606688015,32.0478684,2.949913351,117.1217833,4.821361048,2.498848004,0.980621655,3.512509699,87.67209476,2.416936011,34.75290015,34.21794593,35.06991888
3279.4956,1678.526134,3369.878692,1936.9087,2015.895613,4.613757999,32.62693049,2.970390511,117.2400417,4.821412775,2.50121851,0.979501446,3.534916031,87.71533918,2.415854628,34.75876,34.27007811,35.0925355
3279.648,1675.178671,3363.157779,1933.029333,2011.865337,4.604726985,33.09938479,2.981279501,116.9480208,4.805659278,2.494865889,0.974991327,3.543052709,87.49212896,2.414973854,34.76388278,34.20266035,35.0918368
3279.8004,1679.513943,3371.861031,1938.015325,2017.062005,4.616777959,33.75263645,3.008928998,117.1884266,4.815412173,2.499974614,0.975021452,3.561835419,87.6120109,2.414261277,34.76896356,34.29210316,35.11983689
3279.9528,1677.791767,3368.4031,1936.011565,2014.98378,4.612192126,34.28699993,3.026254007,117.0052894,4.808703129,2.496075947,0.971567134,3.565870587,87.58534784,2.413982162,34.77281563,34.25786174,35.12377863
3280.1052,1677.356896,3367.529608,1935.493189,2014.45155,4.61114086,34.85461122,3.046948931,116.9107601,4.806990943,2.494100188,0.968915341,3.570276368,87.75148357,2.413927575,34.78067443,34.24990726,35.13226967
3280.2576,1672.253027,3357.282439,1929.587247,2008.312056,4.597215238,35.3401789,3.061014429,116.4892184,4.793711411,2.485192165,0.963630246,3.562232379,87.70173074,2.413810585,34.78643473,34.14662362,35.12182091
3280.41,1676.734869,3366.279921,1934.742326,2013.68497,4.609525455,36.06424311,3.097373376,116.7315798,4.812793448,2.490572171,0.964046876,3.567792557,87.68835833,2.413814113,34.79426495,34.23907863,35.14687614
3280.5624,1676.575714,3365.959951,1934.54243,2013.484398,4.60904713,36.70146588,3.126928213,116.6496124,4.820385411,2.489076515,0.961867916,3.560871611,87.54748809,2.413703466,34.8013014,34.23675923,35.15304309
3280.7148,1677.765288,3368.347741,1935.898814,2014.903612,4.612266538,37.37449223,3.160352495,116.660502,4.833409159,2.489593725,0.96056626,3.554023299,87.5955377,2.413906214,34.80787464,34.26198098,35.16394594
3280.8672,1672.967286,3358.714638,1930.346331,2009.132045,4.599018824,37.91603098,3.183550552,116.2542621,4.830425458,2.481233813,0.955940871,3.532091766,87.44702941,2.414362391,34.81145977,34.16493371,35.15112538
3281.0196,1675.957457,3364.717378,1933.780345,2012.713852,4.607083057,38.64346566,3.224934378,116.3872096,4.853946052,2.484473863,0.95604183,3.520065997,87.50048554,2.415132483,34.81504688,34.22693818,35.16710476
3281.172,1673.199555,3359.180066,1930.582094,2009.392686,4.599320526,39.23746959,3.256132871,116.1205148,4.862079065,2.479209455,0.952973513,3.493526581,87.40477897,2.415933525,34.81619508,34.17155263,35.16018671
3281.3244,1672.220034,3357.21311,1929.435849,2008.207382,4.596379777,39.87513788,3.292103633,115.9766875,4.877038259,2.476599411,0.951056893,3.467876119,87.32180309,2.417121411,34.81767308,34.15249164,35.15958191
3281.4768,1667.167967,3347.069957,1923.590745,2002.131544,4.582127914,40.42058994,3.321755382,115.5499739,4.882025389,2.467987431,0.946960325,3.431338216,87.31791582,2.418469086,34.81787115,34.05026443,35.14211441
3281.6292,1672.313862,3357.400637,1929.512589,2008.303317,4.595670599,41.21913724,3.375665137,115.8294446,4.921524468,2.47455934,0.949004021,3.409683266,87.51540199,2.419948482,34.81573546,34.15632508,35.16251808
3281.7816,1673.386309,3359.55332,1930.73482,2009.583606,4.597917347,41.91940097,3.422839166,115.8267476,4.950874449,2.475142002,0.948874151,3.37731655,87.59000545,2.42138095,34.8108453,34.1791823,35.1660631
3281.934,1676.236983,3365.276048,1934.008923,2012.999587,4.604988814,42.66422332,3.474899711,115.9469563,4.987032631,2.47837843,0.949901573,3.34603312,87.57366456,2.423291318,34.80482905,34.23835761,35.17598628
3282.0864,1673.338764,3359.457091,1930.650101,2009.511778,4.596230314,43.26046357,3.515976296,115.6693817,5.007185368,2.473130248,0.947798489,3.301447102,87.64303264,2.425470284,34.79964201,34.18010973,35.16305322
3282.2388,1678.230236,3369.277018,1936.279067,2015.378978,4.608740456,44.04564027,3.575761969,115.9308681,5.053690932,2.479465308,0.950450993,3.267771139,87.5744288,2.427916577,34.79152799,34.28097685,35.17921131
3282.3912,1677.132037,3367.071864,1934.997457,2014.053263,4.604791874,44.66772879,3.623389139,115.7786976,5.083095462,2.476969923,0.949834292,3.220627128,87.67865573,2.430477386,34.78178537,34.25948948,35.17164225
3282.5436,1677.383082,3367.575506,1935.272578,2014.347915,4.604514695,45.3200494,3.674660441,115.71986,5.117641837,2.476488534,0.950117859,3.174253781,87.67600965,2.43318566,34.77202783,34.2655651,35.16893352
3282.696,1672.991827,3358.759095,1930.191728,2009.067864,4.591416223,45.83978902,3.716466135,115.3414839,5.139027236,2.469186542,0.947895629,3.118060705,87.80663189,2.436244608,34.7615772,34.17681468,35.14739207
3282.8484,1678.190349,3369.195473,1936.175376,2015.304634,4.604434516,46.59631777,3.781104828,115.627096,5.192248145,2.476141182,0.951439987,3.077549742,87.7297372,2.439041713,34.75127703,34.2839727,35.16194128
3283.0008,1678.716908,3370.252253,1936.76907,2015.93117,4.604578467,47.2130679,3.835690381,115.5919183,5.231872073,2.476242516,0.952455684,3.027573349,87.71551066,2.441742907,34.74115497,34.29568132,35.15760519
3283.1532,1680.531241,3373.894415,1938.848558,2018.104222,4.608238847,47.85829844,3.893703624,115.6460275,5.276115365,2.478265176,0.954313714,2.979066969,87.65665155,2.444685153,34.73103014,34.33369673,35.15804725
3283.3056,1676.284792,3365.368733,1933.935597,2012.999026,4.595272264,48.32393128,3.938052156,115.2836033,5.301621668,2.471362119,0.95281823,2.9195586,87.73275095,2.44765939,34.72004277,34.24789245,35.13450296
3283.458,1679.726126,3372.277327,1937.89229,2017.126208,4.603262959,48.97855103,4.000830582,115.4533038,5.352149699,2.475866925,0.955954664,2.873545494,87.72882049,2.450392172,34.70849465,34.31915906,35.14043745
3283.6104,1677.307486,3367.421232,1935.088422,2014.21641,4.595178596,49.4509172,4.049724617,115.2212492,5.384157133,2.471754034,0.955848828,2.817337392,87.75302808,2.453037808,34.69330556,34.27069648,35.12310939
3283.7628,1676.522948,3365.845821,1934.169851,2013.269073,4.591519519,49.95739609,4.102450043,115.1028971,5.421405397,2.470074782,0.956763859,2.764194201,87.81901253,2.456076044,34.681768,34.25562588,35.11197808
3283.9152,1671.539057,3355.839646,1928.406703,2007.2792,4.576245903,50.31965148,4.144404135,114.6986254,5.444868046,2.462249165,0.955359948,2.705330572,87.85955809,2.458984001,34.66902071,34.15476089,35.08367083
3284.0676,1676.613568,3366.027079,1934.248162,2013.368795,4.588272946,50.93136089,4.209793658,114.9911656,5.500378192,2.46935114,0.95990531,2.666274529,87.78455834,2.461837483,34.65530223,34.25942543,35.09456837
3284.22,1677.487857,3367.782008,1935.244293,2014.414897,4.588714658,51.39305331,4.263873703,114.9984375,5.541735533,2.470315138,0.962118165,2.621976671,87.74712626,2.464429022,34.64048506,34.27825907,35.08840572
3284.3724,1679.996132,3372.817388,1938.125621,2017.423331,4.593588195,51.88878675,4.321627228,115.1196488,5.58796235,2.473712507,0.965315277,2.581838613,87.74010783,2.467376918,34.62564793,34.33047984,35.08867721
3284.5248,1676.643681,3366.086578,1934.245738,2013.393958,4.582417525,52.19219777,4.36397354,114.8406596,5.614113649,2.468493673,0.965170846,2.534417333,87.72271692,2.470299336,34.61034174,34.26293995,35.06557574
3284.6772,1680.980594,3374.793202,1939.236874,2018.598696,4.59216056,52.6902468,4.424454212,115.0939281,5.664133033,2.474660306,0.969537441,2.503887781,87.75588186,2.473055312,34.59598821,34.35253709,35.07311653
3284.8296,1679.254755,3371.328043,1937.233861,2016.523021,4.585346457,52.98503901,4.468476264,114.9335766,5.693054211,2.471916298,0.970432788,2.466045176,87.71187601,2.475727603,34.58025412,34.31823204,35.05650309
3284.982,1678.817323,3370.449529,1936.717189,2015.994557,4.582032406,53.3042804,4.515080937,114.8633323,5.725346062,2.471086774,0.972077327,2.432602909,87.73591992,2.478295533,34.56392908,34.31026024,35.04508014
3285.1344,1673.706787,3360.189135,1930.80958,2009.854605,4.565891067,53.45347007,4.547679093,114.4761253,5.740480455,2.463408201,0.971007462,2.395407188,87.68062259,2.480572563,34.5487148,34.20679128,35.01469544
3285.2868,1678.190209,3369.189889,1935.97008,2015.23606,4.575745942,53.84760804,4.602252909,114.7531957,5.785114812,2.469934898,0.975486612,2.38007492,87.73510733,2.482794223,34.53604457,34.29940586,35.02308286
3285.4392,1678.028579,3368.865088,1935.77223,2015.039782,4.572887869,54.06866251,4.642452526,114.7157475,5.812394858,2.469659577,0.97725262,2.361311005,87.68998685,2.484345391,34.52365499,34.29707907,35.01273034
3285.5916,1679.216835,3371.250363,1937.131662,2016.464559,4.573702262,54.31800476,4.685304898,114.7727385,5.843019179,2.471385807,0.979765686,2.347787567,87.73300851,2.485709654,34.51414994,34.32234196,35.00800909
3285.744,1674.412327,3361.604367,1931.577836,2010.692998,4.558193743,54.36480254,4.710673778,114.4215793,5.85165552,2.464294206,0.978733889,2.328785388,87.69442494,2.487055057,34.50643404,34.2251204,34.97913114
3285.8964,1677.402693,3367.607621,1935.016265,2014.282111,4.563827909,54.62174501,4.754334229,114.6093535,5.883803455,2.468711165,0.982142352,2.32906247,87.6133181,2.488180824,34.49975316,34.28723077,34.98253077
3286.0488,1674.640032,3362.06092,1931.818187,2010.962858,4.553811319,54.67861111,4.780655453,114.4060099,5.894438275,2.464667813,0.982138264,2.324422682,87.6121671,2.488757821,34.49182549,34.23174433,34.96272105
3286.2012,1673.657287,3360.087641,1930.67343,2009.781123,4.548603231,54.77632514,4.810515853,114.3269274,5.909560685,2.4632551,0.983109869,2.326225511,87.48392018,2.489448305,34.48532025,34.21264643,34.9503934
3286.3536,1668.598494,3349.931162,1924.826803,2003.705018,4.532227592,54.7164032,4.826291846,113.9729159,5.908255403,2.455865331,0.981609936,2.326405496,87.6029655,2.48982631,34.47917372,34.11023579,34.92140388
3286.506,1673.746424,3360.266033,1930.754684,2009.886121,4.543403793,54.93111688,4.865454248,114.3246922,5.937986998,2.463552215,0.985910709,2.350707485,87.61318294,2.489905551,34.47333482,34.21647986,34.93526647
3286.6584,1674.81743,3362.415953,1931.979916,2011.171854,4.543452319,54.98620833,4.890235364,114.4017089,5.951166188,2.465264684,0.987731102,2.37325352,87.5665501,2.489454409,34.4674722,34.239374,34.93261879
3286.8108,1677.668196,3368.138983,1935.258336,2014.59494,4.548309095,55.08592018,4.918568191,114.6027425,5.968909774,2.469604246,0.990505297,2.402126849,87.52170823,2.489089072,34.46297226,34.29865019,34.93766336
3286.9632,1674.765169,3362.310519,1931.899545,2011.108748,4.537556992,54.99168745,4.928930447,114.4120505,5.964902012,2.465468922,0.989788187,2.425585814,87.58463314,2.488647472,34.45987286,34.24029642,34.91935202
3287.1156,1679.658512,3372.13429,1937.534329,2016.984924,4.547873913,55.12524815,4.95782459,114.7588388,5.984632323,2.472813963,0.993424748,2.468050456,87.71123457,2.487915277,34.45706479,34.34133783,34.93422808
3287.268,1678.557102,3369.922811,1936.254046,2015.662426,4.541975348,55.05711602,4.96797724,114.6972383,5.981752949,2.471327533,0.993427966,2.504399532,87.69162166,2.486926879,34.45540973,34.31980932,34.92481236
3287.4204,1678.806099,3370.422446,1936.531494,2015.961561,4.53972281,55.02607337,4.980745152,114.7293963,5.982191881,2.47182382,0.994126797,2.545869311,87.62501692,2.485757793,34.45560321,34.32589233,34.92134394
3287.5728,1674.408879,3361.594186,1931.449469,2010.681488,4.524849579,54.82858359,4.977519802,114.4460977,5.964374262,2.465482503,0.991968581,2.583079338,87.60574416,2.48465746,34.45732731,34.23698234,34.89897641
3287.7252,1679.609643,3372.035123,1937.439079,2016.927331,4.535803025,54.90831167,4.996692682,114.8242319,5.97626543,2.473282529,0.995203238,2.641828263,87.56461757,2.482971061,34.46086296,34.34432568,34.91748337
3287.8776,1680.134528,3373.088618,1938.035186,2017.55836,4.534104468,54.82083494,4.999692831,114.8847459,5.969870855,2.474202447,0.995562186,2.695738369,87.82138241,2.480865806,34.4610099,34.35605162,34.91704342
3288.03,1681.948295,3376.729707,1940.118044,2019.737121,4.535886841,54.77415198,5.005292637,115.0340843,5.966979955,2.477009109,0.996573954,2.753694535,87.66401519,2.478833669,34.46237678,34.39413066,34.92230535
3288.1824,1677.696182,3368.192744,1935.203866,2014.631726,4.521311882,54.53518626,4.992074851,114.7684023,5.941936223,2.470864146,0.993887563,2.802822987,87.73038009,2.47658979,34.46355215,34.30817205,34.90277842
3288.3348,1681.138417,3375.103172,1939.165081,2018.766035,4.527443536,54.54120725,4.997784036,115.0306121,5.941427509,2.476020668,0.995467171,2.868087812,87.87720441,2.474126729,34.46498325,34.37956079,34.91618644
3288.4872,1678.71578,3370.239109,1936.361269,2015.857588,4.517800115,54.360211,4.985164031,114.8915439,5.919450372,2.47252168,0.993472188,2.924407536,87.87625958,2.471395723,34.46675882,34.33100963,34.90565494
3288.6396,1677.928658,3368.658548,1935.443958,2014.913123,4.512552827,54.23313939,4.976189235,114.864617,5.90238019,2.471413942,0.992339754,2.984479214,87.98113276,2.468917891,34.46872394,34.31590919,34.9022412
3288.792,1672.938724,3358.640296,1929.678823,2008.921887,4.495954495,53.96142565,4.952643648,114.5509802,5.869327194,2.464108907,0.988623769,3.037698471,87.99480405,2.466326288,34.46920038,34.21486337,34.88160683
3288.9444,1678.01578,3368.832819,1935.525798,2015.019694,4.506329543,53.99640833,4.953407161,114.9287583,5.868690782,2.471612778,0.990584234,3.110165504,87.89096392,2.463754296,34.46893879,34.31970874,34.90403495
3289.0968,1678.889175,3370.58595,1936.524175,2016.069731,4.505399386,53.88779078,4.939610702,115.0195759,5.852242963,2.472920089,0.989965827,3.175061567,87.78326421,2.46109208,34.46659012,34.33857222,34.90931441
3289.2492,1681.397964,3375.622343,1939.408957,2019.083637,4.508855515,53.83758643,4.929555637,115.2219454,5.8411755,2.476618022,0.990215933,3.242379266,87.76071649,2.458611866,34.46389776,34.39088157,34.92170263
3289.4016,1678.041162,3368.882801,1935.528034,2015.053907,4.496573646,53.61063445,4.901743439,115.0212736,5.809787129,2.471655061,0.986926925,3.297280362,87.77322841,2.456207569,34.46093704,34.32321955,34.90995817
3289.554,1682.380249,3377.593733,1940.523904,2020.265697,4.504888279,53.64350054,4.893564755,115.3464489,5.804375295,2.477984232,0.987936661,3.364651535,87.68039753,2.453754751,34.45880444,34.41297102,34.9309901
3289.7064,1680.651564,3374.122825,1938.520963,2018.191023,4.496967636,53.49548106,4.867289055,115.2543526,5.778153846,2.47535349,0.985299711,3.418626231,87.70039828,2.451388605,34.45625164,34.37860234,34.92712669
3289.8588,1680.212387,3373.240764,1938.005321,2017.66479,4.492486943,53.39982988,4.844140606,115.2493434,5.756573692,2.474599429,0.983345992,3.473312837,87.63370828,2.44917382,34.45371067,34.37061323,34.92888561
3290.0112,1675.09628,3362.969159,1932.095103,2011.522319,4.475460642,53.15557317,4.806222936,114.9230594,5.718767402,2.466945562,0.978605479,3.51647779,87.69140566,2.446814335,34.45365164,34.26695894,34.91139096
3290.1636,1679.582273,3371.974979,1937.260192,2016.910491,4.484033095,53.21511971,4.792314573,115.2542524,5.713184568,2.473407103,0.979333945,3.574804403,87.87543296,2.444657284,34.45474014,34.3597331,34.93455674
3290.316,1679.419429,3371.647663,1937.063297,2016.716175,4.48018568,53.12755019,4.76383181,115.2658857,5.69167594,2.473014181,0.977303376,3.62110526,88.2377144,2.44220106,34.45517051,34.35739891,34.93860345
3290.4684,1680.60762,3374.032718,1938.424693,2018.144216,4.479932295,53.09456387,4.738699836,115.3685117,5.675379667,2.474595074,0.976011169,3.667363427,88.06519683,2.439790926,34.45654069,34.38270294,34.94840285
3290.6208,1675.798097,3364.376595,1932.868204,2012.369911,4.463671638,52.88522883,4.696564059,115.0575545,5.639598281,2.46733031,0.971200594,3.697859786,88.03363035,2.437437044,34.45746917,34.28530709,34.93326718
3290.7732,1678.79002,3370.382856,1936.309862,2015.963877,4.468169654,52.94013667,4.674997677,115.2786147,5.631250483,2.471523083,0.970836404,3.73862392,88.00861833,2.43555501,34.45754741,34.34752335,34.95079231
3290.9256,1676.024192,3364.829707,1933.110546,2012.643653,4.457354978,52.82566573,4.63727552,115.1024102,5.60434938,2.467225786,0.967109183,3.763676094,87.9874281,2.433586041,34.45654834,34.29193603,34.94438214
3291.078,1675.0398,3362.853021,1931.965873,2011.462642,4.451277375,52.7758911,4.60418905,115.0466877,5.584230864,2.465540426,0.964399403,3.789040072,87.89759061,2.432114307,34.45889393,34.27280121,34.94539983
3291.2304,1669.976076,3352.686569,1926.116097,2005.382997,4.43434784,52.59278275,4.559140372,114.7099874,5.550818105,2.457850549,0.959370413,3.801917907,87.98851881,2.430874634,34.46060673,34.17020715,34.92929339
3291.3828,1675.127708,3363.028732,1932.048509,2011.570424,4.444540466,52.72445978,4.540389701,115.0727267,5.552257112,2.465192859,0.960275172,3.829945796,88.13338743,2.429997752,34.46099093,34.27663465,34.95588576
3291.5352,1676.199143,3365.179401,1933.275028,2012.858199,4.443929575,52.72374303,4.509885838,115.154359,5.540541229,2.46653256,0.958869808,3.845280958,88.1455653,2.429066761,34.46022795,34.2995657,34.96536132
3291.6876,1679.051853,3370.906207,1936.556065,2016.285034,4.448043514,52.78529103,4.484085671,115.3567314,5.535660869,2.470491426,0.958502198,3.860984465,88.17039928,2.428473784,34.45930146,34.35894278,34.98211054
3291.84,1676.14604,3365.072058,1933.195425,2012.796773,4.436883023,52.67336401,4.443191591,115.1619692,5.512741572,2.465975791,0.954871594,3.860610878,88.08122354,2.428128303,34.45932069,34.3004831,34.97468531
3291.9924,1681.043124,3374.903194,1938.834294,2018.678563,4.446362733,52.81519052,4.423441987,115.5001269,5.517450606,2.472938563,0.955792552,3.870773311,88.12550447,2.428053951,34.45606285,34.4016988,34.99920894
3292.1448,1679.940525,3372.689217,1937.553444,2017.355622,4.439969931,52.77957443,4.38833855,115.4243798,5.503482074,2.471069014,0.953316546,3.864189933,88.11971653,2.428165731,34.45273552,34.38012916,34.99868672
3292.2972,1680.189467,3373.188619,1937.831351,2017.655644,4.437134723,52.79335706,4.357124782,115.4400248,5.494919443,2.471183629,0.951646957,3.857352608,87.98542202,2.428601524,34.45000442,34.38621957,35.00362739
3292.4496,1675.788412,3364.352575,1932.746133,2012.371667,4.42200526,52.65551085,4.314008741,115.1357553,5.471610581,2.464462258,0.947430246,3.837111227,87.87506716,2.429357406,34.44774367,34.29715,34.98909973
3292.602,1680.993397,3374.801842,1938.739827,2018.622996,4.432240402,52.80240832,4.296333049,115.4903358,5.480931927,2.471887038,0.948897534,3.832236073,87.90571437,2.430132563,34.44739414,34.40467867,35.01390211
3292.7544,1681.518705,3375.856078,1939.33634,2019.254682,4.430153329,52.79709721,4.266916896,115.522975,5.475468459,2.472436556,0.947809924,3.81408995,87.68367168,2.430806431,34.45176357,34.41642191,35.01912123
3292.9068,1683.333969,3379.50005,1941.42059,2021.435388,4.431450892,52.83259896,4.241272908,115.6434679,5.474946871,2.474891006,0.947521651,3.796609885,87.62107965,2.432042173,34.45694457,34.45456459,35.02939034
3293.0592,1679.078345,3370.95596,1936.503116,2016.325838,4.416733337,52.67702113,4.201006139,115.3463619,5.455335816,2.468431159,0.94389274,3.764123885,87.7130643,2.433146111,34.46004305,34.36845166,35.01413705
3293.2116,1682.523464,3377.872049,1940.466932,2020.463652,4.422272618,52.74883494,4.181937604,115.5774252,5.462228608,2.473327299,0.944872867,3.745011481,87.80104587,2.434486386,34.46349143,34.43996252,35.02976072
3293.364,1680.098884,3373.003995,1937.661174,2017.552784,4.412389647,52.63587858,4.149062775,115.4045843,5.450777344,2.469607714,0.942639004,3.711384384,87.7718001,2.435727134,34.46418061,34.39132277,35.02067013
3293.5164,1679.311184,3371.422179,1936.743161,2016.607506,4.406819057,52.56628271,4.121001088,115.3439591,5.445141414,2.468311502,0.941439705,3.680048505,87.8721157,2.437537067,34.46417889,34.37619251,35.0179269
3293.6688,1674.317266,3361.395878,1930.974003,2010.611074,4.390252264,52.34571188,4.083328862,114.9950631,5.42594416,2.460853823,0.938048252,3.638519878,87.82904949,2.439299611,34.46201489,34.27496585,34.99725116
3293.8212,1679.398762,3371.597214,1936.824605,2016.71355,4.400210349,52.39655073,4.072574891,115.3397363,5.439860233,2.468257927,0.94072878,3.616892414,87.84478994,2.441357838,34.45680634,34.37999205,35.01755447
3293.9736,1680.273191,3373.352364,1937.823289,2017.763875,4.399216178,52.29812084,4.052469337,115.3961204,5.440264643,2.469501835,0.941215961,3.585513496,87.94662369,2.443284604,34.45051943,34.39888536,35.01994008
3294.126,1682.784375,3378.393498,1940.70963,2020.779689,4.402522113,52.23678584,4.037244918,115.5656158,5.446122661,2.473177165,0.942756974,3.557998499,87.918823,2.445565044,34.44461672,34.4512833,35.02859132
3294.2784,1679.425119,3371.649008,1936.825738,2016.74597,4.390449162,51.98146484,4.008859919,115.3327782,5.433091959,2.468248767,0.941129359,3.519012535,87.91923269,2.447963113,34.43813274,34.38349915,35.01227262
3294.4308,1683.768115,3380.36772,1941.824567,2021.961479,4.398531725,51.92957697,4.001742354,115.6311744,5.445294194,2.474696781,0.944190864,3.497817796,87.96587423,2.450260409,34.4320238,34.47340495,35.02673286
3294.5832,1682.038311,3376.894544,1939.819916,2019.884454,4.390732759,51.68379928,3.981320466,115.5131021,5.438118928,2.472237162,0.943952092,3.46496004,88.04715641,2.452713048,34.42522653,34.43897264,35.01540573
3294.7356,1681.599064,3376.012312,1939.303575,2019.357192,4.386287072,51.46574157,3.965164591,115.4847921,5.435102885,2.471691852,0.944565465,3.436359223,87.91609934,2.455230521,34.41827065,34.43096621,35.00889669
3294.888,1676.479046,3365.732873,1933.389017,2013.208917,4.369655851,51.086248,3.939142191,115.1365998,5.416663251,2.464278237,0.942705016,3.399496972,87.83584312,2.457688858,34.4126758,34.3271266,34.98242284
3295.0404,1680.969113,3374.746855,1938.557105,2018.600765,4.378193896,50.9497581,3.938913156,115.4524433,5.428659388,2.471037615,0.946681495,3.385417385,87.81921806,2.460175893,34.40817567,34.42006033,34.99536851
3295.1928,1680.806523,3374.420078,1938.359594,2018.405386,4.374662844,50.65554626,3.92904402,115.4502717,5.425391286,2.47097284,0.948189572,3.363469444,87.85304311,2.462282866,34.40284524,34.41771875,34.98851757
3295.3452,1681.996068,3376.80787,1939.721433,2019.833751,4.374639768,50.38557777,3.923459165,115.5428388,5.426124974,2.472920681,0.950593449,3.347054079,87.85669953,2.46430219,34.39881922,34.44306391,34.98682915
3295.4976,1677.182916,3367.144528,1934.160786,2014.053788,4.35897098,49.92028236,3.904699778,115.2248746,5.407090503,2.466068285,0.949716904,3.321365216,87.81154624,2.466012286,34.39715762,34.34549377,34.95940232
3295.65,1680.177648,3373.156459,1937.604301,2017.649906,4.36365414,49.64149231,3.906825362,115.4478717,5.412263426,2.470756107,0.953615574,3.316925344,87.92647204,2.467723291,34.39481508,34.40781593,34.96394529
3295.8024,1677.409849,3367.599427,1934.402421,2014.326086,4.353377959,49.17752381,3.896562119,115.2764622,5.3985991,2.466998724,0.954362137,3.30381118,88.00266273,2.469245017,34.39100611,34.35212772,34.94364455
3295.9548,1676.424953,3365.621799,1933.256562,2013.143259,4.34776429,48.74553283,3.891574873,115.2295316,5.390137145,2.465891832,0.956263536,3.297638782,87.98600142,2.470822167,34.38720033,34.33295599,34.93033764
3296.1072,1671.357383,3355.447748,1927.402411,2007.057595,4.331669,48.17212731,3.878167902,114.9038456,5.367870926,2.458795642,0.955982878,3.285873938,88.04620395,2.472433127,34.38261954,34.2301785,34.89939203
3296.2596,1676.513679,3365.799378,1933.338229,2013.249019,4.342326327,47.84173083,3.89119892,115.2858613,5.376868015,2.466776149,0.961900254,3.299896781,88.07475433,2.473907614,34.37763878,34.33678942,34.91197856
3296.412,1677.586435,3367.952847,1934.564971,2014.536597,4.342536776,47.37481179,3.895866614,115.3888342,5.372191956,2.468766015,0.965611141,3.308284395,88.08241313,2.475077293,34.37149198,34.3597574,34.9070671
3296.5644,1680.441937,3373.685405,1937.847602,2017.965005,4.347408356,46.93824745,3.90548097,115.6166396,5.372498063,2.473405535,0.97046304,3.323623318,87.95237628,2.476265921,34.36606318,34.41923536,34.90951088
3296.7168,1677.534137,3367.84746,1934.484135,2014.472562,4.337373324,46.32398147,3.902040322,115.4500057,5.353647746,2.469583691,0.972064514,3.330287343,87.85944529,2.477395476,34.3609346,34.36066979,34.88719056
3296.8692,1682.435688,3377.687735,1940.126169,2020.357919,4.347641707,45.88752842,3.918188181,115.8256263,5.357991978,2.477287449,0.978391715,3.358367098,87.95536495,2.4783056,34.355972,34.46205978,34.89836319
3297.0216,1681.33256,3375.472909,1938.8439,2019.032595,4.342384956,45.27558018,3.920882112,115.7896929,5.342660951,2.476165222,0.981291168,3.377199185,87.87772778,2.478952197,34.35150499,34.44044901,34.8837008
3297.174,1681.582072,3375.973674,1939.12144,2019.331603,4.340629855,44.68793112,3.927377136,115.848774,5.330948813,2.477040231,0.985043476,3.401794607,87.81174697,2.479595016,34.34864966,34.4465468,34.8746995
3297.3264,1677.177747,3367.131328,1934.032263,2014.041905,4.32694125,43.96809721,3.923622558,115.5885081,5.303830652,2.471043153,0.986110687,3.418723896,87.71567536,2.479970505,34.34594884,34.35731766,34.84593971
3297.4788,1682.387465,3377.590359,1940.029301,2020.296893,4.33832232,43.47852247,3.943588608,115.9940608,5.305407771,2.479179061,0.992918353,3.458952728,87.67147403,2.480051461,34.34385874,34.46503165,34.85977328
3297.6312,1682.913636,3378.646633,1940.625551,2020.927524,4.337721177,42.862402,3.953186749,116.0778188,5.291667785,2.480397645,0.996989968,3.491039907,87.82083964,2.479759993,34.34226507,34.47679221,34.85386482
3297.7836,1684.730822,3382.294775,1942.710532,2023.108457,4.340464647,42.2708445,3.96590547,116.252242,5.281251296,2.483515315,1.001844102,3.527625599,87.8176944,2.479663528,34.34166624,34.51499852,34.85381216
3297.936,1680.472075,3373.744765,1937.789142,2017.993102,4.327546234,41.51931693,3.963925194,116.0089271,5.251023426,2.477673658,1.003078186,3.552571738,87.84289167,2.479019723,34.34017466,34.42873126,34.82793095
3298.0884,1683.920478,3380.667792,1941.754906,2022.13265,4.334637272,40.94548233,3.979517205,116.3004338,5.243100841,2.483169925,1.008867899,3.59577246,87.83697703,2.478469515,34.33887537,34.50036426,34.83689422
3298.2408,1681.4943,3375.796914,1938.946609,2019.217695,4.326632576,40.22274616,3.980918111,116.1873846,5.216240326,2.480005394,1.01112803,3.627514449,87.91535588,2.477867737,34.33827488,34.45163592,34.82084231
3298.3932,1680.706371,3374.215024,1938.027294,2018.269912,4.322913478,39.53508181,3.985879875,116.1882037,5.19381909,2.479247907,1.014347988,3.663486236,87.94232091,2.477428912,34.33957778,34.43647583,34.8124166
3298.5456,1675.708766,3364.18175,1932.253569,2012.266689,4.308531887,38.75125309,3.980717552,115.8975633,5.157949152,2.472248732,1.01496953,3.689954353,87.64410596,2.476378266,34.34083979,34.33506833,34.78649014
3298.698,1680.795027,3374.393095,1938.107193,2018.372064,4.320473366,38.2135245,3.998712041,116.30364,5.151973329,2.480042005,1.021501364,3.737165956,87.65939428,2.475406982,34.34306234,34.44027537,34.80719804
3298.8504,1681.670758,3376.15134,1939.105641,2019.421025,4.321770933,37.58614684,4.006434442,116.4178079,5.132764495,2.481593467,1.025398283,3.774270481,87.49154539,2.474077645,34.3424261,34.45919851,34.81054924
3299.0028,1684.184629,3381.198356,1941.992965,2022.437015,4.327364366,36.99727611,4.017056081,116.6455642,5.11800442,2.485544743,1.0302113,3.81386757,87.33564275,2.47283401,34.34218123,34.51168504,34.82202981
3299.1552,1680.823193,3374.450012,1938.105554,2018.397633,4.317899236,36.28071472,4.012391662,116.4667908,5.084800327,2.480808297,1.03134062,3.838733516,87.33656846,2.471548606,34.34191431,34.44377875,34.80894159
3299.3076,1685.170474,3383.177859,1943.106661,2023.614874,4.328444973,35.75028804,4.023517688,116.8216325,5.073807083,2.487371889,1.036902273,3.877393377,87.00337771,2.469983955,34.34287782,34.53383888,34.83216474
3299.46,1683.439902,3379.703703,1941.099654,2021.53359,4.323395439,35.0947973,4.01884426,116.7555463,5.043995243,2.484948235,1.03862336,3.900683139,87.0280083,2.46860425,34.34412869,34.49934294,34.82990446
3299.6124,1683.000981,3378.822695,1940.581914,2021.003275,4.321706787,34.47554333,4.015870882,116.7786822,5.017667475,2.484400503,1.041008301,3.924702488,86.9180193,2.467363633,34.34665366,34.49131919,34.83437651
3299.7648,1677.877417,3368.536739,1934.662356,2014.847263,4.30810919,33.77934605,4.000945482,116.4749955,4.977368711,2.47688167,1.040336181,3.935339557,87.07741812,2.465899303,34.3525471,34.38729426,34.81961591
3299.9172,1682.372033,3377.560485,1939.832637,2020.240515,4.319566479,33.33093936,4.006897798,116.8342216,4.965702455,2.483419907,1.045180981,3.962116753,87.05881868,2.464223647,34.35927257,34.48038757,34.8499158
3300.0696,1682.210137,3377.235753,1939.633753,2020.041919,4.319195714,32.81274648,4.000935574,116.8682492,4.940411245,2.483031204,1.046956442,3.975195372,87.05595189,2.462301619,34.36669149,34.4780386,34.86111129
3300.222,1683.401531,3379.627922,1940.995209,2021.468306,4.322353262,32.33745893,3.996561997,116.995366,4.918953246,2.484599891,1.04939865,3.987901307,86.9421469,2.460786221,34.37566836,34.50342489,34.87946873
3300.3744,1678.585238,3369.958953,1935.429603,2015.680463,4.310106824,31.76003556,3.976413521,116.7043082,4.879768419,2.477264907,1.047943549,3.983273143,87.00427982,2.459189897,34.38526407,34.40568047,34.8729243
3300.5268,1681.583426,3375.978526,1938.87398,2019.276082,4.318144517,31.38276067,3.97178023,116.9523157,4.863515953,2.48134423,1.050909371,3.989556854,86.91424596,2.457870002,34.39279158,34.46810853,34.90313281
3300.6792,1678.814285,3370.419509,1935.668582,2015.946132,4.31141932,30.91334561,3.951990368,116.7982765,4.830522791,2.476885221,1.050106645,3.979037669,87.03841139,2.456387112,34.39984634,34.41231943,34.90944446
3300.8316,1677.829575,3368.442972,1934.520508,2014.75881,4.309373954,30.49917819,3.934830071,116.7662918,4.802869129,2.475022302,1.05022059,3.968710485,86.91213134,2.455265711,34.40838808,34.39311079,34.92470867
3300.984,1672.758809,3358.263231,1928.66102,2008.664619,4.297012568,30.04313932,3.907549882,116.4460589,4.764278975,2.467077032,1.047571071,3.945354928,86.92035434,2.454077866,34.41714797,34.29014988,34.92324812
3301.1364,1677.920563,3368.626575,1934.599105,2014.857145,4.311340294,29.85535333,3.902895337,116.8288088,4.756730329,2.474071329,1.050796824,3.938131653,86.95882877,2.453199399,34.42588231,34.39694422,34.96826868
3301.2888,1678.995382,3370.784943,1935.825008,2016.141835,4.315345962,29.62918575,3.888191486,116.9231979,4.738438123,2.474988224,1.051249449,3.917962104,86.96537722,2.451983655,34.43227948,34.41994911,34.99632138
3301.4412,1681.854481,3376.525488,1939.108098,2019.568978,4.324035233,29.45990462,3.876344255,117.1394181,4.725628533,2.47849318,1.052622992,3.89795154,87.00089902,2.451022887,34.43954735,34.47952796,35.03283262
3301.5936,1678.945462,3370.685853,1935.740734,2016.069704,4.317939981,29.20844477,3.850238171,116.9521591,4.69693344,2.473457176,1.050239309,3.861574053,86.87455182,2.450255956,34.44999264,34.42085649,35.04537438
3301.746,1683.85242,3380.537771,1941.38466,2021.955539,4.332130355,29.159403,3.840658756,117.3025064,4.691680449,2.47980758,1.052321379,3.836260419,86.94099523,2.44954624,34.46128336,34.52242076,35.09245702
3301.8984,1682.749661,3378.324459,1940.09977,2020.624949,4.330874063,29.02366004,3.816224207,117.2328603,4.669893659,2.477271587,1.050500811,3.794359295,86.95310289,2.448857174,34.47298993,34.50076886,35.11457462
3302.0508,1683.000707,3378.829081,1940.375673,2020.919917,4.333139906,28.9330858,3.793854949,117.2553139,4.652294349,2.476687599,1.04936512,3.752269391,86.96730152,2.448496333,34.4861158,34.50687405,35.14290647
3302.2032,1678.594002,3369.982721,1935.281371,2015.621754,4.323507332,28.79258719,3.761148839,116.9492999,4.622841486,2.469199276,1.045178331,3.697746199,86.96578941,2.448326381,34.49985775,34.41748533,35.15174836
3302.3556,1683.809481,3380.454122,1941.280423,2021.8773,4.338913363,28.90222364,3.751172807,117.303032,4.622970236,2.475729797,1.046602475,3.659916136,87.03274748,2.448125885,34.51458921,34.52538464,35.20084629
3302.508,1684.337457,3381.5148,1941.875201,2022.504087,4.342324683,28.96280855,3.731048933,117.3264887,4.611312295,2.475319313,1.044966991,3.610083611,87.05513907,2.447652706,34.5296745,34.53716251,35.23011877
3302.6604,1686.157554,3385.16957,1943.959657,2024.682362,4.349089423,29.0674494,3.713745346,117.4377251,4.60386857,2.476760313,1.044020411,3.561062412,87.05587761,2.447630722,34.54520583,34.57543245,35.26469487
3302.8128,1681.89658,3376.615839,1939.033225,2019.558655,4.340165059,29.08358657,3.68337416,117.1237244,4.580431406,2.469224062,1.039242132,3.498132169,87.02755272,2.447458864,34.55988417,34.48901086,35.27399748
3302.9652,1685.34929,3383.5483,1942.99966,2023.697061,4.351241019,29.29518655,3.671977382,117.3391799,4.580762313,2.47290291,1.039024617,3.449379043,86.95356235,2.447539549,34.57560083,34.56076598,35.3142249
3303.1176,1682.922438,3378.676804,1940.187692,2020.775516,4.34713997,29.42207428,3.648152853,117.1435231,4.565829432,2.46791992,1.03511509,3.387596714,86.9992852,2.447549713,34.59054257,34.51194906,35.33002136
3303.27,1682.135223,3377.097088,1939.265922,2019.822684,4.34730645,29.59802781,3.628823786,117.0593013,4.556380419,2.465310895,1.032161821,3.328589823,87.04254888,2.448081105,34.60284789,34.49675913,35.35208173
3303.4224,1677.134737,3367.058721,1933.486663,2013.810587,4.336674639,29.72720964,3.60232641,116.6773673,4.537180353,2.456507213,1.026589055,3.261823397,87.16462733,2.448343941,34.61357491,34.3951708,35.35594462
3303.5748,1682.226644,3377.282133,1939.342251,2019.916575,4.352320256,30.10686638,3.602601428,116.9863331,4.549628662,2.462423309,1.027109695,3.216891466,87.29665467,2.448779405,34.62305003,34.50055868,35.39845597
3303.7272,1683.104411,3379.045135,1940.339606,2020.962372,4.357141779,30.43903846,3.595914804,116.9980094,4.552396816,2.462153034,1.025027971,3.164912811,87.25827003,2.449262418,34.63147133,34.51951164,35.4225481
3303.8796,1685.621697,3384.099681,1943.227064,2023.976762,4.366227782,30.81868983,3.594742717,117.1210429,4.56085473,2.464251525,1.023958122,3.117495557,87.34495808,2.449705591,34.63902075,34.57208676,35.45219127
3304.032,1682.258652,3377.348713,1939.335496,2019.930447,4.360076133,31.10228232,3.582934094,116.8336136,4.554393174,2.457723316,1.019355872,3.06095647,87.63196779,2.450192085,34.64522836,34.50405834,35.45711435
3304.1844,1686.610849,3386.087075,1944.338168,2025.147977,4.373930559,31.56893841,3.592995532,117.0749621,4.572179781,2.462414554,1.019519979,3.023495125,87.54853667,2.450622835,34.65116671,34.59427279,35.49015063
3304.3368,1684.879982,3382.6129,1942.328305,2023.061505,4.371973892,31.93085795,3.591769123,116.8926293,4.574337066,2.458196904,1.016048543,2.976935186,87.58973112,2.451185125,34.65577545,34.55971322,35.497767
3304.4892,1684.441843,3381.734037,1941.808685,2022.527252,4.373342604,32.32560685,3.595602115,116.7979712,4.5810941,2.455846795,1.013436219,2.935526184,87.65980662,2.451829781,34.66491702,34.55167215,35.50928165
3304.6416,1679.31501,3371.44202,1935.883885,2016.363181,4.362547848,32.64097782,3.592003449,116.3749011,4.576532283,2.446670149,1.008095023,2.889211088,87.68351337,2.452345599,34.67251495,34.4474619,35.50036625
3304.794,1683.81448,3380.476057,1941.056078,2021.757422,4.376784515,33.17669903,3.615958108,116.6103785,4.602264048,2.451550212,1.008764012,2.867984358,87.63979563,2.452872914,34.67764983,34.54071478,35.52585662
3304.9464,1683.653394,3380.153423,1940.855784,2021.555763,4.378901858,33.63225892,3.632542249,116.5201466,4.61673595,2.449655453,1.006731787,2.842353664,87.52404482,2.452845126,34.68041183,34.53835841,35.53097147
3305.0988,1684.846722,3382.549945,1942.216862,2022.980411,4.384504282,34.12083118,3.654964979,116.5219081,4.636117387,2.449720344,1.005633036,2.823221223,87.47498456,2.453357648,34.68201161,34.56378583,35.53991088
3305.2512,1680.027179,3372.874836,1936.646549,2017.185504,4.374421984,34.48973077,3.666816547,116.1066641,4.639848136,2.441032336,1.001065093,2.797636928,87.4680803,2.453690816,34.68216981,34.46586711,35.52340083
3305.4036,1683.028723,3378.90158,1940.092019,2020.781376,4.384642759,35.02955749,3.702434561,116.227253,4.668219243,2.443745929,1.001484887,2.794663785,87.46564375,2.4540863,34.68077089,34.52840107,35.53422951
3305.556,1680.257945,3373.339617,1936.883584,2017.446622,4.379780327,35.45225727,3.727915001,115.9482516,4.681607271,2.438078569,0.998593727,2.785833688,87.46344209,2.454310995,34.67680789,34.47251109,35.52045079
3305.7084,1679.273079,3371.363106,1935.733832,2016.256246,4.379537846,35.91417287,3.760572093,115.7910474,4.701286532,2.435025216,0.996934069,2.784845613,87.37203298,2.454851836,34.67247412,34.45326553,35.51197126
3305.8608,1674.198573,3361.176105,1929.869799,2010.155558,4.368628689,36.28847637,3.786925537,115.3496505,4.710934185,2.426112297,0.993021926,2.781573281,87.34305291,2.455126041,34.66781264,34.3501212,35.4848813
3306.0132,1679.36523,3371.549594,1935.810945,2016.351196,4.384410097,36.88046912,3.843002218,115.6090024,4.752586305,2.432213124,0.995616632,2.80615687,87.59043092,2.455070678,34.66147901,34.45709897,35.49452286
3306.1656,1680.441361,3373.710805,1937.037052,2017.635579,4.389498014,37.3826408,3.892418762,115.5850295,4.784018317,2.432461135,0.995954231,2.828354323,87.53234758,2.45465017,34.65250684,34.48014078,35.48566511
3306.318,1683.303258,3379.457175,1940.3217,2021.064149,4.399222636,37.92189505,3.94882311,115.6829661,4.821592499,2.435329583,0.997525435,2.858311339,87.55551404,2.454466811,34.64295756,34.53982052,35.48228931
3306.4704,1680.39204,3373.613242,1936.951766,2017.561251,4.393839767,38.32499495,3.993680173,115.3837566,4.843202728,2.429872307,0.995819832,2.881975665,87.52379158,2.454392009,34.63177829,34.48104316,35.45410009
3306.6228,1685.303428,3383.474234,1942.598892,2023.450703,4.408837333,38.88266562,4.061623051,115.6205233,4.888784037,2.435863426,0.999155281,2.927982239,87.33920074,2.454301407,34.61882398,34.58278173,35.45413468
3306.7752,1684.199895,3381.259453,1941.3129,2022.118465,4.408056109,39.2935354,4.116851678,115.4446512,4.917331232,2.433180276,0.999067388,2.966931045,87.39913432,2.454073131,34.603922,34.5610887,35.42837037
3306.9276,1684.451295,3381.76488,1941.588724,2022.413085,4.410778958,39.72396088,4.177295911,115.3614992,4.950279753,2.4324951,0.999958282,3.012189195,87.38754934,2.45394725,34.5887229,34.56720129,35.4065328
3307.08,1680.04088,3372.911077,1936.491046,2017.110583,4.401267888,40.02672244,4.227208568,114.9587546,4.969804322,2.42517168,0.998255801,3.052180449,87.57897541,2.453747565,34.57213201,34.477653,35.36385204
3307.2324,1685.260811,3383.391492,1942.493827,2023.370709,4.416907895,40.51132775,4.303307484,115.2152011,5.018258955,2.4320142,1.002704058,3.116828443,87.31565802,2.453474823,34.55476504,34.58573763,35.357599
3307.3848,1685.789147,3384.452883,1943.08902,2023.998062,4.420211429,40.86543984,4.368144356,115.1510687,5.0528809,2.432178195,1.004519276,3.175580439,87.36541506,2.452863608,34.53602721,34.59753282,35.33060817
3307.5372,1687.610693,3388.110566,1945.174849,2026.17811,4.426879266,41.23493434,4.437045529,115.1756931,5.091294514,2.434260525,1.007240624,3.239247142,87.13135599,2.452606077,34.51734555,34.63586639,35.3078662
3307.6896,1683.345922,3379.549132,1940.245414,2021.050788,4.417574084,41.43970241,4.490026217,114.785575,5.110973479,2.427608741,1.006427474,3.292613817,87.20026209,2.452615791,34.49854295,34.54929046,35.25882746
3307.842,1686.801417,3386.487189,1944.214483,2025.192596,4.428476898,41.78174331,4.563028425,114.9246718,5.153034014,2.432308086,1.010530087,3.364514203,87.26251242,2.452598789,34.47899102,34.6211677,35.24043394
3307.9944,1684.37227,3381.611007,1941.400928,2022.26927,4.42390615,41.96205355,4.620132214,114.6640429,5.176734252,2.428572487,1.011203434,3.426021039,87.43654003,2.452099807,34.45907336,34.57226217,35.19646653
3308.1468,1683.584149,3380.029407,1940.478781,2021.316175,4.423625021,42.16322565,4.681374246,114.5165431,5.204985742,2.427282975,1.012966414,3.491874224,87.30497194,2.451784203,34.43958946,34.55704239,35.15858658
3308.2992,1678.579081,3369.981696,1934.696166,2015.300211,4.412239705,42.23239986,4.729703497,114.0839634,5.219566503,2.420051719,1.012301137,3.549286705,87.27008206,2.451127341,34.41890126,34.4552732,35.1017609
3308.4516,1683.675001,3380.21311,1940.555802,2021.411583,4.427337271,42.48291101,4.802498205,114.3432501,5.263386482,2.427736786,1.017983846,3.627931879,87.21057287,2.45057331,34.39661571,34.56084188,35.08791104
3308.604,1684.55311,3381.976665,1941.554221,2022.459148,4.43131091,42.60076147,4.861640108,114.3184196,5.293206675,2.429476293,1.021202627,3.69724189,87.14957824,2.449752433,34.37357171,34.57982464,35.05567604
3308.7564,1687.072144,3387.034607,1944.443931,2025.476777,4.439607457,42.73814692,4.923601695,114.4069494,5.327124493,2.433675302,1.02545261,3.768897188,86.81871246,2.449147848,34.35027896,34.63248831,35.03077563
3308.9088,1683.705801,3380.276833,1940.550354,2021.428427,4.432443431,42.70665726,4.966346435,114.0980127,5.341330507,2.429457253,1.026136844,3.825672521,86.91207888,2.448471493,34.32706528,34.56433773,34.98049777
3309.0612,1688.061331,3389.021809,1945.556591,2026.6508,4.445610682,42.80481713,5.025689257,114.3182752,5.376731221,2.436641476,1.031604451,3.895649144,86.78421593,2.447876877,34.30533328,34.65470647,34.96552314
3309.2136,1686.328588,3385.543717,1943.545874,2024.563689,4.442759931,42.72834887,5.064734695,114.1282302,5.39147019,2.435098513,1.033355688,3.949650041,86.66258075,2.447324954,34.28443084,34.62008323,34.9243596
3309.366,1685.889704,3384.663235,1943.026308,2024.02989,4.443337185,42.66058467,5.104698662,114.0281147,5.408800442,2.435507516,1.03588735,4.003732969,86.65997691,2.446891768,34.2660693,34.61202482,34.88967547
3309.5184,1680.758088,3374.361426,1937.098182,2017.862115,4.431537149,42.44450923,5.127167439,113.6133871,5.409528051,2.429260779,1.03554378,4.043720156,86.66830682,2.446482381,34.24830158,34.50762922,34.83471141
3309.6708,1685.26102,3383.402332,1942.274048,2023.261334,4.445090517,42.39279565,5.170041323,113.8581591,5.437077672,2.437273119,1.041146125,4.099364878,86.74401685,2.445966916,34.23127816,34.60104165,34.82591098
3309.8232,1685.099389,3383.078456,1942.074063,2023.060508,4.446319772,42.19449148,5.194959695,113.7910361,5.447893948,2.438659708,1.043854344,4.140408814,86.56028882,2.44507664,34.21506503,34.59867786,34.79744756
3309.9756,1686.293364,3385.47616,1943.436392,2024.487116,4.451157332,42.00661039,5.220037738,113.8179615,5.461274368,2.442097113,1.047332235,4.180473593,86.52543962,2.444645212,34.20280667,34.6241464,34.77672781
3310.128,1681.469338,3375.791873,1937.862936,2018.688694,4.440153503,41.64968591,5.223053988,113.4404137,5.453629827,2.436887345,1.047004125,4.201882909,86.49742162,2.444219837,34.19174111,34.52605337,34.73005424
3310.2804,1684.473146,3381.823095,1941.310885,2022.287961,4.449838369,41.42613129,5.240946451,113.5980306,5.467157279,2.443258538,1.051411606,4.233469252,86.42065316,2.444183164,34.183443,34.58869322,34.72322364
3310.4328,1681.699705,3376.25566,1938.100714,2018.951355,4.444283998,41.0423268,5.237251159,113.3685169,5.460330195,2.441317561,1.052128282,4.246721449,86.29435428,2.443782608,34.1757759,34.53270235,34.69172235
3310.5852,1680.71373,3374.276823,1936.950493,2017.760669,4.443466575,40.68243791,5.234702467,113.2626957,5.457481045,2.442060114,1.053846809,4.25959094,86.4301504,2.443646018,34.16855698,34.51341987,34.67054242
3310.7376,1675.634592,3364.080356,1931.08305,2011.656063,4.431785983,40.20171123,5.215343228,112.8848726,5.439761082,2.43696499,1.052915194,4.257931633,86.33392019,2.443317361,34.1627436,34.41009211,34.63237757
3310.89,1680.805374,3374.46207,1937.028246,2017.857059,4.447114275,39.90839257,5.217750747,113.2071113,5.451176367,2.447035235,1.058236309,4.272039221,86.54123731,2.442928501,34.1584356,34.51725331,34.64701234
3311.0424,1681.88211,3376.624374,1938.255456,2019.14318,4.451559527,39.49699476,5.203295652,113.2577669,5.447670061,2.451245266,1.060885635,4.271519793,86.41716146,2.44240857,34.15363244,34.54033204,34.64496197
3311.1948,1684.746162,3382.374979,1941.542478,2022.575039,4.460750418,39.11176242,5.190161682,113.4315463,5.448320595,2.458134647,1.064534084,4.270699631,86.38872749,2.442254119,34.15090456,34.60011267,34.65353099
3311.3472,1681.832175,3376.52533,1938.170704,2019.070186,4.454677226,38.58111833,5.156159568,113.2176847,5.429121194,2.456641304,1.064435173,4.251573343,86.33880979,2.44207337,34.15042744,34.54122943,34.63715225
3311.4996,1686.747528,3386.394227,1943.821629,2024.964638,4.469338207,38.19445809,5.13818275,113.5364538,5.432013614,2.466715422,1.069071554,4.243032585,86.3687697,2.441848995,34.15224967,34.64314231,34.66169847
3311.652,1685.64284,3384.177013,1942.535032,2023.631901,4.468085762,37.66024965,5.098854306,113.4515084,5.414247518,2.468018861,1.069795032,4.21556127,86.31005015,2.441707372,34.15623231,34.62140818,34.66026392
3311.8044,1685.894275,3384.682421,1942.811198,2023.927164,4.470452804,37.14545322,5.06039006,113.4597129,5.399517993,2.471345046,1.071266399,4.187164655,86.38158614,2.44185541,34.16222293,34.6275282,34.66714563
3311.9568,1681.479896,3375.820507,1937.710491,2018.62114,4.460407234,36.51818921,5.005510052,113.1564493,5.36889693,2.467867068,1.069695228,4.143906532,86.3661564,2.442196043,34.16961398,34.53782039,34.65423642
3312.1092,1686.704083,3386.309409,1943.717273,2024.886509,4.475787133,36.07776417,4.973429953,113.5084239,5.366846522,2.478608833,1.074057842,4.116993567,86.32901837,2.442427807,34.17869808,34.6460904,34.69012877
3312.2616,1687.232654,3387.371149,1944.31307,2025.514907,4.478655831,35.52785986,4.925200152,113.5469859,5.348924044,2.482474102,1.075353784,4.075624824,86.37126803,2.442438,34.18275727,34.65790298,34.70593787
3312.414,1689.055556,3391.031452,1946.400426,2027.697129,4.484967399,34.99937246,4.878810009,113.6733918,5.334413474,2.488255364,1.077400335,4.034723839,86.38836438,2.442828894,34.18798771,34.69630026,34.72892397
3312.5664,1684.786939,3382.462126,1941.468088,2022.566479,4.475121762,34.34289363,4.81386507,113.3894165,5.300446153,2.485059909,1.075516574,3.977824485,86.3761697,2.443080944,34.19412478,34.6095701,34.72469507
3312.7188,1688.245181,3389.405606,1945.439885,2026.711973,4.485717231,33.84443186,4.768587613,113.6272753,5.290288494,2.493233894,1.078416019,3.935592793,86.47950332,2.443698133,34.20113085,34.68156958,34.75814491
3312.8712,1685.81375,3384.52468,1942.624775,2023.787015,4.480659305,33.22859542,4.705681124,113.4687394,5.261465337,2.492695873,1.077490393,3.878304407,86.42495981,2.443962454,34.20827202,34.63257559,34.76538641
3313.0236,1685.024737,3382.941147,1941.702281,2022.833803,4.479924727,32.64983578,4.64685068,113.4210801,5.237826483,2.494562566,1.077550654,3.823950286,86.53124669,2.444701518,34.21575765,34.61732612,34.78080266
3313.176,1680.015126,3372.884099,1935.916311,2016.814054,4.46784724,31.99955913,4.576646991,113.090938,5.201471604,2.49014122,1.074852814,3.759940952,86.42012923,2.445189222,34.22274539,34.51537624,34.77754259
3313.3284,1685.115049,3383.123394,1941.780059,2022.931052,4.482370388,31.56891579,4.535164699,113.4447758,5.19754774,2.500576577,1.078493727,3.718706531,86.44893456,2.445881057,34.22720134,34.62112592,34.8216981
3313.4808,1685.99351,3384.887435,1942.779578,2023.980564,4.485537029,31.07065808,4.482850353,113.5159927,5.181076514,2.504693493,1.079380101,3.668529664,86.43885995,2.4464303,34.23134545,34.64013867,34.84685394
3313.6332,1688.51427,3389.948622,1945.671621,2027.001714,4.493011376,30.61371467,4.43622504,113.6970341,5.170502244,2.511196568,1.081314387,3.623394769,86.48093358,2.447291479,34.23561524,34.69289109,34.87898026
3313.7856,1685.144597,3383.183863,1941.776128,2022.951643,4.484782479,30.06132943,4.375886016,113.4797731,5.142913761,2.50888697,1.07949785,3.567483986,86.38864712,2.448278782,34.23897387,34.62461854,34.88384326
3313.938,1689.503322,3391.934996,1946.786167,2028.179511,4.496957421,29.68504253,4.34031854,113.781082,5.141503199,2.517900258,1.082632499,3.532054735,86.22270483,2.449380095,34.24354731,34.71514176,34.92243623
3314.0904,1687.768561,3388.452522,1944.774834,2026.09242,4.492902036,29.21268166,4.290914307,113.6701955,5.12249225,2.517770377,1.081887508,3.485662916,86.31025349,2.45073821,34.2477404,34.68045503,34.93294528
3314.2428,1687.328737,3387.569821,1944.255631,2025.5599,4.492249865,28.77855855,4.247631027,113.6447142,5.108768874,2.519491293,1.082019693,3.444757484,86.07048583,2.452206896,34.25228831,34.67237943,34.94825602
3314.3952,1682.192134,3377.257589,1938.324505,2019.38928,4.478983158,28.28628263,4.195659883,113.3028418,5.08222955,2.514097803,1.079161377,3.396879598,86.11121832,2.453565813,34.25563798,34.56779862,34.94182383
3314.5476,1686.698185,3386.30438,1943.504551,2024.794764,4.491075059,28.01939535,4.175728985,113.6105832,5.088575323,2.522828317,1.082502354,3.375239177,86.19465189,2.455066548,34.2592871,34.66137073,34.97688091
3314.7,1686.535656,3385.978252,1943.305392,2024.596082,4.490622746,27.69781013,4.147457331,113.6037923,5.082262367,2.524463412,1.082868456,3.347091143,86.31541323,2.456176795,34.26207651,34.65899964,34.99019001
3314.8524,1687.72985,3388.375935,1944.669591,2026.026193,4.493719225,27.41892922,4.126474661,113.6861496,5.08189277,2.528031427,1.08418899,3.325832933,86.18727936,2.457705745,34.26558652,34.68450938,35.00793339
3315.0048,1682.900879,3378.681184,1939.093649,2020.22589,4.480738733,27.0606292,4.094329596,113.3603412,5.065104749,2.522497589,1.081718628,3.296398874,86.13440972,2.459041709,34.26729307,34.58624212,34.99734503
3315.1572,1685.906302,3384.715124,1942.544979,2023.830751,4.488391365,26.89338296,4.090644532,113.5589186,5.076383675,2.528428178,1.084379472,3.29133124,86.17786359,2.460733743,34.26952316,34.64898788,35.01853652
3315.3096,1683.129525,3379.140395,1939.334,2020.494554,4.480591011,26.65585202,4.076454702,113.365724,5.072032311,2.525592443,1.083377717,3.278885815,86.32232599,2.462137616,34.27025193,34.59289612,35.01246179
3315.462,1682.14168,3377.157195,1938.18435,2019.306074,4.477442931,26.47587908,4.071130139,113.2910473,5.075308007,2.525321403,1.083592639,3.275059053,86.19183183,2.463684351,34.27053005,34.57357671,35.01250955
3315.6144,1677.057134,3366.949202,1932.314547,2013.200086,4.463213625,26.26760238,4.060150756,112.9408234,5.068226368,2.518758623,1.081169911,3.267460154,86.28273087,2.464983516,34.2726465,34.4700655,34.99295405
3315.7668,1682.231086,3377.336617,1938.265075,2019.40952,4.47589303,26.3096605,4.084689694,113.2821242,5.096933446,2.527236017,1.085365186,3.289509374,86.3646758,2.466351024,34.2729112,34.57741007,35.01645554
3315.9192,1683.307468,3379.497492,1939.49467,2020.700449,4.477500978,26.32362519,4.103439807,113.3478781,5.115136894,2.529408435,1.086913733,3.307659854,86.38965949,2.467493351,34.2710675,34.60052563,35.02038895
3316.0716,1686.172629,3385.24959,1942.785459,2024.138925,4.483760618,26.39454038,4.131065803,113.5325622,5.140896871,2.534152307,1.089683493,3.334213106,86.33219975,2.468916535,34.26883065,34.66040706,35.03048065
3316.224,1683.254818,3379.391472,1939.41324,2020.635443,4.474583036,26.3968458,4.148149942,113.3263457,5.150701026,2.530123961,1.088778134,3.352932714,86.27959404,2.470285884,34.2648832,34.60141781,35.01326478
3316.3764,1688.172884,3389.265022,1945.069616,2026.538811,4.48602636,26.59052174,4.194075549,113.6460043,5.188561606,2.53760167,1.093024482,3.395619528,86.28168807,2.471575811,34.26053047,34.70350483,35.02784031
3316.5288,1687.065794,3387.042144,1943.784049,2025.209454,4.48143026,26.70870956,4.22864763,113.5580938,5.20947319,2.535940652,1.0934448,3.429702292,86.32914139,2.472746258,34.25622731,34.68172937,35.01399242
3316.6812,1687.315941,3387.544112,1944.062293,2025.509463,4.480385427,26.87120588,4.270746557,113.5600577,5.236275962,2.536224261,1.094824406,3.470547143,86.3033598,2.474147675,34.25272665,34.68785657,35.00448866
3316.8336,1682.896317,3378.670775,1938.960231,2020.203877,4.466841358,26.98661745,4.304525171,113.2485547,5.249829099,2.529376799,1.093184201,3.504492337,86.27464293,2.475566849,34.25005687,34.59798893,34.97299051
3316.986,1688.123327,3389.164461,1944.972889,2026.478911,4.478632963,27.33132415,4.371249785,113.5891113,5.296401534,2.536727947,1.097773895,3.564360636,86.26056669,2.476888769,34.24699362,34.70644397,34.98291055
3317.1384,1688.650758,3390.223003,1945.571084,2027.112582,4.477869897,27.62605184,4.428960944,113.6143569,5.329268506,2.536903116,1.099307239,3.616538709,86.37094036,2.477785434,34.2434881,34.71827354,34.97093041
3317.2908,1690.473589,3393.882249,1947.661827,2029.301355,4.480504084,27.95992999,4.492910402,113.7265614,5.367214055,2.538953937,1.101724747,3.673529841,86.35937053,2.478786274,34.24045397,34.75673408,34.96376962
3317.4432,1686.199774,3385.301549,1942.728342,2024.17151,4.466964273,28.20547536,4.542539441,113.4286643,5.386415682,2.5318107,1.100193721,3.718160962,86.364403,2.479857854,34.23825009,34.6698492,34.92838141
3317.5956,1689.659274,3392.246625,1946.704798,2028.325225,4.473778539,28.62897269,4.617823234,113.6535514,5.431783576,2.536111301,1.103661969,3.782002422,86.27729724,2.480890385,34.23660243,34.74197037,34.92685262
3317.748,1687.224157,3387.35736,1943.889943,2025.402883,4.46496025,28.96668639,4.678636284,113.4819606,5.458784396,2.531519223,1.103285472,3.83360406,86.41179322,2.481502599,34.23251909,34.69288731,34.89792324
3317.9004,1686.432822,3385.768229,1942.968944,2024.453875,4.46043642,29.34870637,4.745282434,113.4220118,5.491479016,2.529343679,1.103956711,3.889546641,86.52660036,2.482455856,34.2288573,34.67760748,34.87595764
3318.0528,1681.417365,3375.698516,1937.181285,2018.434248,4.444634254,29.67793607,4.800649569,113.081031,5.510396068,2.520763152,1.101764791,3.935629927,86.45932315,2.482890831,34.22373405,34.57547622,34.8346506
3318.2052,1686.51991,3385.942173,1943.05091,2024.561001,4.455374332,30.23464597,4.886286036,113.428285,5.562103188,2.527181912,1.105960106,4.003994103,86.36232816,2.48356644,34.21800379,34.68140617,34.84079381
3318.3576,1687.39749,3387.703559,1944.053098,2025.616128,4.45486754,30.73444794,4.959832309,113.4945502,5.59960754,2.527201747,1.107273307,4.0615586,86.59638002,2.483922184,34.21368819,34.70044818,34.82801974
3318.51,1689.918748,3392.76487,1946.949031,2028.644441,4.458672212,31.27299196,5.037644711,113.6740197,5.642012518,2.529668008,1.109579786,4.121088094,86.59812027,2.484600528,34.20959594,34.75328861,34.82352466
3318.6624,1686.544683,3385.990443,1943.052954,2024.595761,4.446922897,31.70564493,5.097004228,113.4593233,5.664055261,2.52332184,1.107946956,4.163815256,86.5686142,2.485172524,34.20305189,34.68489338,34.79258109
3318.8148,1690.9055,3394.744942,1948.068186,2029.832368,4.455546396,32.29844333,5.177708097,113.7721475,5.710158295,2.528532972,1.111181234,4.219918128,86.37709359,2.485479623,34.19859358,34.77557043,34.79956375
3318.9672,1689.167794,3391.255754,1946.057396,2027.747994,4.44813472,32.7745853,5.238903333,113.6764718,5.734944343,2.524642119,1.110358971,4.258352625,86.92487092,2.485917207,34.19251331,34.7408196,34.77906318
3319.1196,1688.72613,3390.368571,1945.539681,2027.219364,4.444166294,33.27327784,5.30244009,113.6709113,5.762952115,2.522715535,1.110304582,4.296646605,86.78340068,2.486381295,34.18837287,34.73272625,34.76573678
3319.272,1683.583843,3380.044186,1939.606408,2021.047875,4.427821854,33.67908549,5.349361334,113.3527109,5.773578629,2.513773061,1.107046071,4.320025485,87.10312336,2.486855371,34.18632468,34.62795973,34.73174505
3319.4244,1688.092317,3389.095129,1944.79149,2026.461606,4.436839754,34.28056804,5.421730834,113.6942772,5.813693245,2.51924692,1.109807813,4.360209354,86.96588479,2.487272604,34.18510456,34.72169109,34.74658795
3319.5768,1687.928411,3388.765577,1944.593735,2026.266388,4.433591925,34.78586098,5.476912639,113.7249061,5.836201015,2.517753908,1.10937424,4.384861778,87.1192445,2.487217497,34.18424051,34.71931234,34.74118455
3319.7292,1689.122397,3391.162203,1945.960311,2027.701161,4.433959953,35.31163414,5.533472404,113.8509689,5.861575449,2.518336364,1.109705842,4.40790943,86.96976264,2.487215953,34.18496204,34.744863,34.74421334
3319.8816,1684.288288,3381.456551,1940.382094,2021.899431,4.418549843,35.70309919,5.567558621,113.5741322,5.864423767,2.509989266,1.105975248,4.410670146,86.96037045,2.486913732,34.18317201,34.64642132,34.72084641
3320.034,1687.295161,3387.492841,1943.836984,2025.51027,4.423778254,36.24318811,5.620049829,113.8352584,5.890222721,2.513438162,1.107083449,4.423530552,86.96524187,2.486742219,34.18575737,34.70927296,34.73881434
3320.1864,1684.515114,3381.911049,1940.625077,2022.174159,4.413878451,36.65093961,5.650130137,113.7091965,5.894146322,2.508323798,1.1042748,4.416578153,86.9615226,2.486170204,34.18887064,34.65308039,34.73154405
3320.3388,1683.525528,3379.923882,1939.475797,2020.987372,4.408700491,37.08700204,5.681873634,113.7081808,5.902175101,2.505943224,1.102469704,4.408800514,86.95328382,2.485933084,34.19319413,34.63372421,34.73513477
3320.4912,1678.435937,3369.705357,1933.603127,2014.878769,4.392774565,37.42366361,5.695543621,113.4342374,5.893771005,2.497501715,1.097805345,4.386438183,87.00696192,2.485730352,34.19925766,34.53002977,34.72150759
3320.6436,1683.613456,3380.099565,1939.55844,2021.095309,4.403748266,37.96111147,5.734085525,113.8635254,5.916235253,2.504448813,1.099481523,4.381601889,87.14967425,2.485490486,34.20581398,34.63755807,34.76106566
3320.796,1684.690111,3382.260697,1940.78957,2022.389005,4.404006259,38.39566494,5.754359643,114.0191761,5.922160636,2.505336578,1.0983111,4.362107773,87.10571407,2.485063898,34.21288084,34.66071092,34.78325062
3320.9484,1687.557078,3388.016148,1944.083192,2025.831857,4.408982137,38.85729039,5.776281465,114.3000209,5.932143362,2.508958454,1.098149661,4.341946935,86.9585601,2.484792769,34.22182708,34.72069369,34.81606824
3321.1008,1684.636368,3382.152005,1940.709302,2022.32682,4.39887215,39.17262604,5.775041805,114.1919983,5.920038017,2.504043521,1.094120241,4.30287442,87.08385527,2.484492576,34.2332409,34.66159906,34.82367379
3321.2532,1689.55811,3392.032742,1946.369865,2028.236094,4.409344999,39.63025572,5.791967213,114.6224666,5.930906637,2.510948839,1.094952007,4.275292962,86.94517029,2.484099561,34.24555279,34.76386102,34.87158163
3321.4056,1688.449799,3389.807286,1945.083794,2026.906461,4.404146527,39.9302071,5.785096152,114.6464489,5.918903382,2.508968008,1.091801845,4.228452996,87.22995602,2.483667874,34.25905459,34.74204519,34.89299312
3321.558,1688.699891,3390.309035,1945.362515,2027.20741,4.40255274,40.24235579,5.779204346,114.7653706,5.909769116,2.50908928,1.089444504,4.180995797,87.25056039,2.483372815,34.27495687,34.74818063,34.92228664
3321.7104,1684.276441,3381.427979,1940.257259,2021.89789,4.388809759,40.42246609,5.754047431,114.5682149,5.882688962,2.502327056,1.084012049,4.120273223,87.20247589,2.483236205,34.29096404,34.65815435,34.931062
3321.8628,1689.507699,3391.93016,1946.273956,2028.178225,4.400318582,40.7824413,5.753555064,115.0309822,5.885300593,2.510051544,1.08465097,4.07953105,87.0777231,2.48294673,34.30749214,34.76679576,34.98630385
3322.0152,1690.035587,3392.989659,1946.872491,2028.812282,4.399631177,41.00796204,5.734031478,115.1745714,5.869999342,2.510843516,1.082227121,4.025891776,87.27126722,2.482232887,34.32383355,34.77864378,35.02052049
3322.1676,1691.859985,3396.652098,1948.964523,2031.00263,4.402369014,41.24680936,5.71645389,115.407962,5.857857207,2.51362328,1.080604461,3.973279054,87.09035787,2.481820514,34.34189869,34.8171692,35.0612954
3322.32,1687.582766,3388.064666,1944.027603,2025.868157,4.389260208,41.32277995,5.676750988,115.2260404,5.823708132,2.50738582,1.075085808,3.90537409,87.18394386,2.481063608,34.35980488,34.7301313,35.0749043
3322.4724,1691.045311,3395.015938,1948.006463,2030.024743,4.3963597,41.5442133,5.657795489,115.5730882,5.813766342,2.512768767,1.074486148,3.854607093,87.148472,2.480371792,34.37896082,34.80237601,35.12418595
3322.6248,1688.608435,3390.123284,1945.189439,2027.099266,4.388154769,41.6069902,5.617310377,115.5174078,5.782660411,2.509433236,1.07012929,3.789328648,87.34719309,2.479426244,34.39681592,34.75320585,35.14726233
3322.7772,1687.816722,3388.533539,1944.267501,2026.14869,4.384236363,41.69584142,5.580403543,115.573973,5.75646967,2.508584253,1.066808457,3.727726291,87.47841486,2.479003214,34.41615731,34.73789779,35.17783333
3322.9296,1682.797456,3378.456385,1938.475601,2020.123129,4.369326952,41.66391997,5.527528638,115.3391567,5.715415997,2.501477237,1.060818992,3.658827182,87.37911859,2.478200793,34.43404262,34.63558732,35.18912287
3323.082,1687.904594,3388.709447,1944.348644,2026.253808,4.380741347,41.83532384,5.503587487,115.7929771,5.707640609,2.509492636,1.06129193,3.617872047,87.30574531,2.477563624,34.45182514,34.74169975,35.24411522
3323.2344,1688.783335,3390.473409,1945.350946,2027.308496,4.381191797,41.88547832,5.464243478,115.9542966,5.685221013,2.511240345,1.059133117,3.570244856,87.36628054,2.476593253,34.46898873,34.76077324,35.27938254
3323.3868,1691.307121,3395.54003,1948.248243,2030.337981,4.385905719,41.96596192,5.430053229,116.2266503,5.668404685,2.515441747,1.058072143,3.528866445,87.47473368,2.476011528,34.48322841,34.8137039,35.32084977
3323.5392,1687.930744,3388.761229,1944.349,2026.284571,4.375306739,41.89219498,5.377461272,116.0918308,5.632113818,2.510869365,1.053404357,3.478243822,87.43681013,2.475365791,34.49591365,34.74518806,35.33544308
3323.6916,1692.295635,3397.524118,1949.366977,2031.524123,4.384791745,41.97689354,5.349751275,116.4826512,5.622258294,2.517835679,1.053804018,3.452558729,87.32535344,2.474682233,34.50802621,34.83602079,35.3811319
3323.844,1690.556991,3394.033286,1947.354253,2029.436606,4.378475931,41.90067027,5.303484511,116.451509,5.592413392,2.515728776,1.050506698,3.417326385,87.25155197,2.474080276,34.517681,34.80120755,35.39916707
3323.9964,1690.115449,3393.146566,1946.835611,2028.90616,4.375517644,41.84761441,5.262566877,116.5065975,5.567575854,2.515546684,1.048147799,3.389335625,87.20549631,2.47371412,34.52938333,34.793098,35.42132778
3324.1488,1684.969412,3382.814903,1940.897802,2022.728155,4.360376886,41.66484652,5.207685988,116.2327845,5.528074533,2.508357463,1.042997497,3.357489407,87.28226497,2.473243192,34.5404094,34.68814711,35.4213691
3324.3012,1689.482083,3391.874463,1946.085726,2028.144954,4.370246356,41.68454159,5.184162558,116.6125693,5.522366921,2.515531442,1.0441548,3.35917831,87.2132938,2.472926753,34.55467117,34.78203877,35.45880748
3324.4536,1689.318528,3391.545835,1945.887224,2027.948134,4.368039685,41.57521806,5.147286279,116.6645798,5.502261796,2.515733025,1.04256777,3.357264544,87.14525577,2.472080886,34.56625256,34.77965315,35.47408557
3324.606,1690.513967,3393.945568,1947.254118,2029.382717,4.36933867,41.49385882,5.117128761,116.8060993,5.487902769,2.517923975,1.041998581,3.364502919,86.79242982,2.471260176,34.57682795,34.80524531,35.49310395
3324.7584,1685.676326,3384.233022,1941.671631,2023.57487,4.35502289,41.2609923,5.071236208,116.5272494,5.455216949,2.511095466,1.037868541,3.365401266,86.85835057,2.470199342,34.58447568,34.70662945,35.48437868
3324.9108,1688.686087,3390.275226,1945.128295,2027.187501,4.360955645,41.20272503,5.053601854,116.778738,5.451147841,2.515887548,1.038946564,3.396923327,86.92047584,2.469434852,34.58957343,34.76958677,35.50468421
3325.0632,1685.904139,3384.689747,1941.913758,2023.84749,4.351919351,41.00150382,5.020993895,116.6257362,5.429663869,2.512013207,1.036608209,3.422198749,86.91175226,2.468440376,34.59168009,34.71329285,35.49831805
3325.2156,1684.914103,3382.701769,1940.763246,2022.658657,4.347477973,40.8457461,4.996469459,116.5911473,5.415727557,2.510751153,1.035528362,3.458066342,86.87978673,2.467778393,34.59270243,34.69389911,35.49741664
3325.368,1679.820653,3372.475619,1934.886221,2016.54397,4.332422386,40.58889577,4.961231412,116.2657598,5.390338323,2.503328367,1.032039152,3.492094197,86.86417409,2.467126348,34.59205838,34.59002041,35.47657318
3325.5204,1685.002719,3382.879013,1940.845062,2022.764705,4.343844761,40.56691218,4.960214271,116.6345585,5.40211643,2.511126114,1.035195182,3.563717796,86.9166672,2.466701948,34.58948531,34.69773103,35.49476675
3325.6728,1686.080516,3385.042519,1942.076597,2024.058555,4.344684762,40.44322083,4.948706381,116.7123146,5.402424261,2.512762329,1.035956046,3.632971771,86.96228311,2.465920567,34.5840953,34.7209195,35.49303796
3325.8252,1688.950071,3390.803217,1945.372021,2027.503415,4.350114645,40.36481908,4.945417944,116.90851,5.410349717,2.517005608,1.037976005,3.712935955,86.99071751,2.465478035,34.57773201,34.78100165,35.49676408
3325.9776,1686.02714,3384.934679,1941.995549,2023.994741,4.340589945,40.1492784,4.927768395,116.6997758,5.401271731,2.512567974,1.036567633,3.785595057,86.90026858,2.46507162,34.56984505,34.72179942,35.47361263
3326.13,1690.953047,3394.823766,1947.659598,2029.908341,4.35122912,40.11612862,4.938532501,117.0216934,5.421379081,2.519730288,1.040312427,3.889476285,86.69084907,2.464759165,34.55969226,34.82423363,35.47965912
3326.2824,1689.84389,3392.596607,1946.372448,2028.577163,4.3463216,39.94025719,4.934429449,116.922321,5.423603604,2.517857983,1.040488558,3.984591631,86.54161811,2.464297398,34.54829013,34.80237436,35.45777983
3326.4348,1690.094214,3393.098787,1946.651169,2028.878016,4.344886198,39.79970513,4.937110306,116.9125331,5.431917364,2.517961243,1.041639404,4.088625064,86.49427865,2.464058198,34.53805859,34.8085146,35.43967701
3326.5872,1685.66709,3384.210349,1941.542376,2023.563853,4.331414305,39.55020373,4.927450345,116.5738453,5.426773784,2.511065759,1.039984017,4.185747042,86.52265447,2.464135135,34.52600747,34.71832595,35.39924382
3326.7396,1690.902536,3394.720885,1947.562973,2029.849266,4.342768396,39.5257295,4.949152929,116.8893371,5.456676157,2.518495278,1.044487483,4.317068529,86.61451699,2.464139682,34.51520051,34.82714958,35.39687651
3326.892,1691.430689,3395.78089,1948.161844,2030.483814,4.342046528,39.38954684,4.958405363,116.8742828,5.472803986,2.518889796,1.04617135,4.440231215,86.65611303,2.463985313,34.50325585,34.8390116,35.37220732
3327.0444,1693.256384,3399.445887,1950.255232,2032.676012,4.344644963,39.28260115,4.973462175,116.9454911,5.494419191,2.521185223,1.048759795,4.570658412,86.74436886,2.463896073,34.49024297,34.87759706,35.35159073
3327.1968,1688.975392,3390.850862,1945.315042,2027.537428,4.33155259,39.03216608,4.972087887,116.5928836,5.497179491,2.51436726,1.047636474,4.687187203,86.69558666,2.463540769,34.47512287,34.79040113,35.30262471
3327.3492,1692.440455,3397.807129,1949.296607,2031.697728,4.3383054,38.96122041,4.99617343,116.7666947,5.528002768,2.519030543,1.051433309,4.830500512,86.69020911,2.463298246,34.45949613,34.86276407,35.28518372
3327.5016,1690.001198,3392.909664,1946.477811,2028.770189,4.329912617,38.75462846,5.004319935,116.5309346,5.540494059,2.514880999,1.051623918,4.959022985,86.61395839,2.462894392,34.44205938,34.8135013,35.24018335
3327.654,1689.208426,3391.317754,1945.555375,2027.819228,4.325724873,38.58990556,5.01816885,116.4061079,5.559345178,2.513156505,1.052851416,5.093583331,86.77082663,2.463126288,34.42761018,34.79815916,35.20135927
3327.8064,1684.184577,3381.231407,1939.759759,2021.78912,4.310703427,38.33685698,5.018859337,115.9861874,5.565158966,2.505122712,1.051374212,5.214850316,86.71049384,2.463093882,34.41074215,34.69566361,35.14249189
3327.9588,1689.295379,3391.491836,1945.636857,2027.925373,4.321653563,38.32838586,5.048497439,116.2558662,5.606611291,2.51214784,1.05608861,5.365537418,86.78068002,2.463449077,34.39376283,34.80195266,35.12885628
3328.1112,1690.17427,3393.256156,1946.639994,2028.981464,4.321803798,38.22916289,5.064818687,116.2311367,5.63471665,2.512874348,1.058097136,5.501461163,86.72937986,2.463804112,34.37661243,34.82105186,35.0956887
3328.2636,1692.699537,3398.325822,1949.539389,2032.013997,4.326169017,38.16653548,5.085488351,116.3185786,5.668615257,2.516054221,1.061087584,5.641087957,86.65212817,2.464159207,34.35789407,34.87406706,35.07005891
3328.416,1689.319768,3391.54033,1945.637752,2027.95781,4.315433588,37.968583,5.087729392,116.000299,5.682827433,2.510468759,1.060324172,5.759160566,86.58476413,2.46461021,34.33954608,34.80542542,35.01727301
3328.5684,1693.687569,3400.309192,1950.65929,2033.202346,4.324506636,37.94919122,5.111125353,116.2124097,5.723702978,2.516429208,1.064241615,5.897465986,86.1749447,2.464860164,34.32150649,34.89640927,35.00125909
3328.7208,1691.946795,3396.814266,1948.645486,2031.113798,4.317981793,37.79006972,5.115693524,116.0057874,5.744023879,2.513331115,1.064285124,6.012530771,85.97793533,2.465433366,34.30292044,34.86152962,34.95708985
3328.8732,1691.504169,3395.925565,1948.126769,2030.583635,4.314770787,37.66000767,5.122805444,115.8888734,5.768651154,2.512191995,1.065046916,6.12856625,86.05751737,2.466075536,34.28625053,34.85340026,34.91955285
3329.0256,1686.353152,3385.584163,1942.185305,2024.401266,4.299562881,37.4348812,5.113445777,115.4492573,5.777177725,2.504089403,1.062677479,6.222668644,86.06201604,2.466835261,34.26987336,34.74826203,34.86065438
3329.178,1690.868707,3394.649812,1947.376984,2029.823334,4.309073456,37.44781371,5.127917999,115.6712126,5.818545374,2.510410331,1.065986253,6.339170605,85.74835672,2.467604127,34.25445601,34.84231185,34.85087044
3329.3304,1690.704175,3394.319579,1947.178674,2029.627153,4.306696771,37.36320206,5.126027518,115.5732232,5.84357972,2.50981966,1.06619491,6.432745088,85.90031497,2.468103029,34.23939678,34.83991797,34.82029639
3329.4828,1691.899744,3396.719955,1948.546804,2031.063722,4.307809058,37.30455137,5.125777977,115.5701736,5.872597535,2.511302046,1.067123906,6.525831743,85.83304136,2.468679009,34.22612312,34.86555083,34.79782302
3329.6352,1687.057281,3386.99817,1942.960941,2025.251856,4.293557899,37.1085854,5.105001069,115.1569959,5.879885465,2.503867213,1.06412172,6.59081387,85.78751607,2.468849933,34.2088408,34.76676091,34.74777835
3329.7876,1690.068627,3393.04404,1946.420236,2028.868257,4.299361179,37.09629331,5.10194019,115.2845518,5.912863287,2.508181575,1.065665193,6.671549836,85.85247996,2.469354771,34.19437577,34.82982522,34.74012066
3329.94,1687.283524,3387.45276,1943.203899,2025.526236,4.290445508,36.95363555,5.079317592,115.0191122,5.924742182,2.503935556,1.063433751,6.724002106,85.86232526,2.469735928,34.18103032,34.77343215,34.70618143
3330.0924,1686.291802,3385.461964,1942.052946,2024.337137,4.286124908,36.85237081,5.058993308,114.8786576,5.941858409,2.502403394,1.062139523,6.776014997,85.76726818,2.470491913,34.17033227,34.75400372,34.68328736
3330.2448,1681.193309,3375.226306,1936.172324,2018.218051,4.271411564,36.67961353,5.022977932,114.4602482,5.943637263,2.494810616,1.058002376,6.80308414,85.72252132,2.471167545,34.16137474,34.64994433,34.64296651
3330.3972,1686.378715,3385.637089,1942.135412,2024.444547,4.282950603,36.77521789,5.009788774,114.7473269,5.979540252,2.502561563,1.059728683,6.851145558,85.75863678,2.471951947,34.15565952,34.7578418,34.65990738
3330.5496,1687.456504,3387.801307,1943.368034,2025.74002,4.284124724,36.79659319,4.981288916,114.7570278,5.999893116,2.504252585,1.058642613,6.873966727,85.80622869,2.472397648,34.15111322,34.78107111,34.65963447
3330.702,1690.327526,3393.565712,1946.665901,2029.188233,4.289898928,36.85951537,4.954768331,114.891949,6.025292333,2.508657161,1.058483539,6.896281683,85.89123647,2.473156026,34.14940221,34.84125855,34.6709015
3330.8544,1687.401348,3387.691452,1943.287418,2025.677088,4.28098349,36.79798155,4.90852282,114.635968,6.028847894,2.504495924,1.054532137,6.88916854,85.84329195,2.47402651,34.14895809,34.7819553,34.65609756
3331.0068,1692.330416,3397.587746,1948.955443,2031.595962,4.292078144,36.93450482,4.878286153,114.9215433,6.057680122,2.512075518,1.05500571,6.897391089,85.8106875,2.475007971,34.15126047,34.88456943,34.68578901
3331.1592,1691.219513,3395.357971,1947.667639,2030.264011,4.287874543,36.93904697,4.828335266,114.8003544,6.063785332,2.510730622,1.051578684,6.87558988,85.87279805,2.475775664,34.1551808,34.86267521,34.68810466
3331.3116,1691.469209,3395.859809,1947.946746,2030.565423,4.287138625,36.97914312,4.779469744,114.7750599,6.073612658,2.51145193,1.048816997,6.852747314,85.80894793,2.476817937,34.16237898,34.86882964,34.69951884
3331.464,1687.037652,3386.963415,1942.834749,2025.24713,4.274557962,36.94101014,4.714810992,114.4347775,6.065814177,2.50524532,1.042925523,6.804037638,85.69166856,2.477950153,34.17112908,34.77848862,34.69073818
3331.6164,1692.276536,3397.481862,1948.859526,2031.537986,4.2865747,37.17735024,4.670973912,114.7579031,6.090328191,2.513441868,1.04245305,6.776609484,85.69723027,2.478867797,34.18275942,34.88750539,34.7354876
3331.7688,1692.80431,3398.542127,1949.458965,2032.17326,4.286697134,37.33111453,4.611969593,114.7643857,6.096998626,2.514663369,1.038886652,6.723789423,85.93973718,2.479268862,34.19623129,34.89939296,34.75955343
3331.9212,1694.630695,3402.209549,1951.553915,2034.367461,4.290130242,37.52212077,4.554302901,114.8620185,6.107273607,2.517841902,1.035972181,6.671307201,85.97292724,2.480081435,34.21290962,34.93805085,34.79162981
3332.0736,1690.345446,3393.607017,1946.610594,2029.224753,4.278099066,37.58597888,4.478433773,114.5480215,6.094598153,2.511953236,1.029204855,6.591706852,86.09512364,2.480281443,34.22566757,34.85070954,34.79561191
3332.226,1693.812572,3400.568509,1950.594929,2033.38857,4.285755957,37.86763033,4.418759631,114.7666451,6.107379884,2.517595407,1.026780687,6.531295586,85.96353516,2.480584386,34.2406189,34.92320392,34.84116382
3332.3784,1691.370617,3395.666689,1947.774362,2030.458614,4.278488277,38.02333063,4.342189591,114.5877769,6.097794894,2.514466459,1.020680504,6.444836286,86.38693058,2.480860441,34.25541436,34.8738621,34.85957016
3332.5308,1690.57651,3394.073174,1946.851405,2029.506841,4.275417133,38.23011161,4.268479535,114.5231783,6.0931617,2.513789169,1.015463134,6.361090479,86.42118017,2.4815634,34.27176061,34.85850019,34.88717691
3332.6832,1685.547927,3383.978369,1941.052005,2023.471653,4.261673034,38.37281139,4.183185134,114.1736234,6.072612042,2.506795938,1.00755467,6.257124195,86.46532315,2.481690136,34.28892213,34.75583385,34.89611557
3332.8356,1690.662252,3394.246952,1946.93304,2029.612837,4.273667303,38.82781861,4.121150665,114.5167147,6.086854859,2.514829567,1.005348986,6.180711222,86.58213158,2.481933963,34.30807348,34.86231372,34.95701622
3332.988,1691.54127,3396.012569,1947.936847,2030.669587,4.275008267,39.21450243,4.048400258,114.5750006,6.085140993,2.51653855,1.00051475,6.085127021,86.58164681,2.481842386,34.32705276,34.88145249,34.99862632
3333.1404,1694.068017,3401.086243,1950.838153,2033.704382,4.280540189,39.65884585,3.979318283,114.7465738,6.088695569,2.520668055,0.996592134,5.994471698,86.54793686,2.482003663,34.34676941,34.93456585,35.04810546
3333.2928,1690.68496,3394.295131,1946.933873,2029.644521,4.271144325,39.98239498,3.896173564,114.5189771,6.070567797,2.515969788,0.989141435,5.883190757,86.6209311,2.481765029,34.36710083,34.86581078,35.06988708
3333.4452,1695.055757,3403.071011,1951.958654,2034.89302,4.281366045,40.55181147,3.830967944,114.8203239,6.079212785,2.522717564,0.986053415,5.79726667,86.59846276,2.481460621,34.38805153,34.95695649,35.12873119
3333.5976,1693.313049,3399.573132,1949.943385,2032.802308,4.276145325,40.98885729,3.751984103,114.7090681,6.065461401,2.520334515,0.979378811,5.691149091,86.91927496,2.481276642,34.40846259,34.9220197,35.15891915
3333.75,1692.869538,3398.683576,1949.424183,2032.271255,4.274192428,41.47909953,3.676484915,114.6867886,6.05616651,2.519835568,0.973430348,5.590859669,86.88306192,2.480906013,34.42970688,34.91387884,35.19473564
3333.9024,1687.713839,3388.33362,1943.478609,2026.083287,4.260328283,41.88775309,3.591881147,114.3457134,6.030192829,2.512267624,0.964725443,5.475391877,87.01862827,2.480572909,34.45129268,34.80855997,35.20884951
3334.0548,1692.232533,3397.406439,1948.673539,2031.509331,4.270899201,42.6220125,3.531105512,114.6615984,6.039007074,2.518961415,0.961459496,5.391909307,87.09692716,2.47999499,34.47141126,34.90277255,35.26746399
3334.2072,1692.067369,3397.075717,1948.474876,2031.312447,4.269652672,43.26929398,3.462082557,114.6606997,6.031244964,2.518626731,0.955517827,5.294311859,87.28745503,2.478968323,34.49068431,34.90037312,35.30413168
3334.3596,1693.26339,3399.477763,1949.843674,2032.749652,4.271829369,43.97745813,3.397364929,114.7517988,6.028590616,2.520249282,0.95035729,5.204231891,87.1493615,2.47806981,34.51072967,34.92604769,35.34593519
3334.512,1688.416497,3389.747748,1944.253831,2026.932388,4.25874111,44.55138691,3.321746155,114.4325992,6.004810663,2.512818561,0.941812168,5.098898337,87.2011716,2.476814924,34.53063878,34.82708231,35.35952291
3334.6644,1691.429741,3395.798102,1947.715107,2030.551151,4.265472804,45.39745226,3.265898736,114.6449407,6.009874792,2.516936796,0.93770206,5.023702873,87.27437186,2.47548658,34.55038131,34.89024903,35.40700198
3334.8168,1688.641865,3390.201817,1944.49628,2027.205686,4.25758136,46.10543985,3.200392173,114.4636393,5.994512672,2.512364821,0.930419679,4.934670621,87.23150159,2.473916533,34.56694483,34.8337498,35.42737612
3334.9692,1687.648813,3388.208886,1943.344178,2026.014891,4.254223436,46.88506471,3.140663318,114.4029211,5.985946605,2.510387794,0.924198506,4.855095798,87.2043625,2.472862929,34.58367855,34.81427773,35.45462158
3335.1216,1682.545704,3377.964385,1937.459238,2019.889996,4.240519184,47.57636454,3.076270893,114.0622736,5.96347959,2.5022321,0.915808703,4.76639492,87.07083026,2.47135339,34.59905325,34.71002684,35.46261073
3335.274,1687.734807,3388.383028,1943.425834,2026.120866,4.252773065,48.62223249,3.038234082,114.416302,5.979338801,2.509229834,0.913229605,4.713873742,86.97000982,2.469826306,34.6135593,34.81809783,35.51445655
3335.4264,1688.813011,3390.548403,1944.658799,2027.416605,4.254697962,49.57104123,2.996045783,114.4905681,5.981236337,2.510053867,0.908537883,4.652817212,86.9998777,2.46793015,34.62696261,34.84135283,35.54673776
3335.5788,1691.685887,3396.316831,1947.958354,2030.866844,4.261151745,50.59375441,2.959805293,114.6845762,5.990267157,2.513473757,0.904905352,4.601309895,87.13011428,2.466409158,34.63959777,34.90162856,35.58544141
3335.7312,1688.756895,3390.437113,1944.577114,2027.351961,4.252976677,51.46104541,2.915434757,114.4830385,5.979642505,2.508219922,0.898229754,4.537989077,87.04332984,2.464855594,34.65021055,34.84220553,35.59741274
3335.8836,1693.689461,3400.340646,1950.248366,2033.274899,4.264559182,52.61119843,2.891151349,114.8093874,5.999310766,2.514518768,0.8959556,4.505310737,87.12750051,2.463173386,34.66007422,34.94497815,35.64109943
3336.036,1692.577189,3398.108229,1948.959161,2031.941014,4.260898537,53.58774085,2.858476926,114.724234,5.998338388,2.511792426,0.890551316,4.460888438,87.13548068,2.461358048,34.66898012,34.92302563,35.65709685
3336.1884,1692.82659,3398.609565,1949.237888,2032.241835,4.260633748,54.62319105,2.830561898,114.72923,6.003184679,2.511029355,0.885948926,4.424854895,87.01524216,2.459666102,34.67712334,34.92916887,35.6777284
3336.3408,1688.390984,3389.70503,1944.121936,2026.918324,4.248542601,55.51862204,2.797829463,114.4147517,5.992527081,2.503278912,0.879010889,4.379952531,87.14938938,2.45827316,34.68432696,34.83864893,35.67693609
3336.4932,1693.633606,3400.231019,1950.150147,2033.213592,4.260750408,56.75345949,2.789490503,114.7506547,6.019257081,2.5098007,0.877467194,4.368554241,86.79469243,2.456684967,34.6901064,34.94783057,35.71546766
3336.6456,1694.161345,3401.291147,1950.749431,2033.848633,4.261074226,57.83774612,2.776506264,114.7653364,6.030319593,2.509305054,0.873613505,4.348336971,86.90365419,2.454784791,34.69372512,34.95971444,35.73239308
3336.798,1695.988717,3404.96049,1952.845217,2036.043906,4.264631228,58.97875386,2.767891861,114.8653662,6.047323393,2.510703391,0.870503088,4.335020097,87.25395904,2.453253401,34.69780975,34.99841409,35.75387028
3336.9504,1691.699544,3396.349927,1947.898091,2030.896261,4.252765265,59.91748565,2.750876616,114.5482205,6.043864761,2.503031504,0.864295783,4.308664157,86.68112795,2.451308187,34.70036368,34.91089668,35.74820723
3337.1028,1695.168971,3403.315958,1951.884572,2035.062905,4.260337654,61.13582967,2.752734485,114.74946,6.0714665,2.506818701,0.862345164,4.309017497,86.85571387,2.44940967,34.70259888,34.98349123,35.77357609
3337.2552,1692.724575,3398.409066,1949.061661,2032.129957,4.253031167,62.14457672,2.746854851,114.5476371,6.079091364,2.501849934,0.857468974,4.297184598,86.89616233,2.447297838,34.70270946,34.93403892,35.77259761
3337.4076,1691.929344,3396.813132,1948.137615,2031.176834,4.249860346,63.21217156,2.745892955,114.4545289,6.093902757,2.499317823,0.853542466,4.292033085,87.01319006,2.445984946,34.70709782,34.91862477,35.77785033
3337.56,1686.896277,3386.709073,1942.333916,2025.136133,4.236051325,64.10571243,2.741071776,114.0725512,6.094510086,2.490543604,0.84767073,4.277778808,86.83577809,2.444354069,34.70978163,34.81575593,35.76396785
3337.7124,1692.014312,3396.984942,1948.218435,2031.281934,4.247719065,65.34028494,2.760393407,114.3713896,6.134671708,2.496815616,0.847402388,4.293640128,86.93300019,2.442906563,34.71287663,34.92239596,35.79162796
3337.8648,1692.893689,3398.751031,1949.222527,2032.339152,4.248763547,66.39018668,2.775814149,114.3817884,6.160445519,2.496861654,0.845221546,4.300204913,86.9770741,2.441316461,34.71533194,34.94154506,35.80013536
3338.0172,1695.422127,3403.827882,1952.125405,2035.376091,4.25393786,67.49416609,2.795586461,114.5008826,6.193473489,2.499376443,0.843967233,4.311339822,86.96412794,2.4401431,34.71738905,34.99472827,35.81523828
3338.1696,1692.036053,3397.030435,1948.218254,2031.312616,4.244243902,68.3554218,2.806504071,114.2178493,6.206105524,2.493210387,0.839821725,4.307201407,87.11694033,2.438990308,34.71824995,34.92583472,35.80467847
3338.322,1696.410096,3405.812677,1953.246182,2036.565344,4.253946755,69.48468954,2.834328393,114.4529093,6.249989679,2.498586942,0.839837489,4.323739033,87.29023438,2.438119815,34.71925022,35.01712144,35.82609677
3338.4744,1694.665758,3402.311316,1951.229469,2034.472907,4.24826727,70.35412365,2.852622139,114.2727667,6.272453765,2.494990976,0.836875234,4.324762752,86.97470517,2.437408317,34.71885016,34.98211016,35.82094733
3338.6268,1694.221669,3401.420433,1950.70986,2033.941485,4.245804103,71.25991365,2.873736495,114.178258,6.300737902,2.493366453,0.834623609,4.328282776,86.95923725,2.436846902,34.72028985,34.97394259,35.82118044
3338.7792,1689.061666,3391.06161,1944.760344,2027.74856,4.231493618,71.9328405,2.888184756,113.7652028,6.311970671,2.484864175,0.830206349,4.319119026,86.94594163,2.436446734,34.72009814,34.86843164,35.80076414
3338.9316,1693.583894,3400.141425,1949.958811,2033.179376,4.241400219,72.91864129,2.923405616,114.0022417,6.360702811,2.490775013,0.831028895,4.333674939,86.84850085,2.436195032,34.71961218,34.96280056,35.82090971
3339.084,1693.41856,3399.810213,1949.76018,2032.982713,4.239546986,73.66415599,2.951911526,113.9232775,6.392257205,2.489861031,0.829724103,4.335546331,86.95156734,2.435625864,34.71888937,34.96039326,35.82052144
3339.2364,1694.615523,3402.214052,1951.130112,2034.421579,4.241063134,74.44393823,2.982972172,113.9346522,6.429737632,2.491029286,0.82914847,4.338439462,86.96429644,2.435466926,34.71874845,34.98611071,35.82613393
3339.3888,1689.764767,3392.476147,1945.536879,2028.600104,4.227400865,74.93982623,3.00320215,113.5381419,6.444983723,2.483374042,0.825636291,4.323372859,86.95254554,2.435337023,34.71861451,34.88697623,35.80591592
3339.5412,1692.780523,3398.531556,1949.000896,2032.222635,4.233377819,75.69706542,3.038777672,113.668506,6.491249179,2.487464112,0.826259659,4.32416314,86.89991318,2.435636428,34.71879377,34.95025896,35.81945137
3339.6936,1689.990553,3392.931038,1945.780469,2028.875301,4.224819523,76.16948579,3.064009628,113.4078722,6.515848494,2.483094184,0.824112008,4.307927615,87.04114429,2.435581783,34.71782417,34.8936724,35.80802338
3339.846,1688.996885,3390.936891,1944.6282,2027.684503,4.220754672,76.68357815,3.092608743,113.2673965,6.547615507,2.481455251,0.822948092,4.293161534,86.82521057,2.436241725,34.71766252,34.8741796,35.80454291
3339.9984,1683.889935,3380.684638,1938.740003,2021.555577,4.206452521,76.95144826,3.114518497,112.8524688,6.562825686,2.473858843,0.819997065,4.265958811,86.75809585,2.436961941,34.71736574,34.76976421,35.78306801
3340.1508,1689.083566,3391.11245,1944.71128,2027.792725,4.217955706,77.54190833,3.157275767,113.131419,6.616695124,2.481605208,0.822585274,4.26073184,86.7754809,2.437688948,34.71595734,34.8780419,35.80604925
3340.3032,1690.163074,3393.280461,1945.945836,2029.090715,4.219234999,77.8818623,3.193182697,113.136388,6.653781412,2.483394945,0.823395816,4.243370751,86.78347912,2.438181194,34.71565109,34.90135986,35.81100745
3340.4556,1693.038742,3399.05456,1949.248422,2032.545074,4.225010187,78.26292294,3.232255272,113.2621638,6.697768438,2.487913164,0.825180635,4.227102458,86.92966859,2.439357662,34.71605468,34.96176547,35.82408785
3340.608,1690.107933,3393.17121,1945.865835,2029.028615,4.216289966,78.34822238,3.259611419,112.9999299,6.718646581,2.483963427,0.824169211,4.19333644,86.86644601,2.440640966,34.7163993,34.90226823,35.81247893
3340.7604,1695.045076,3403.084083,1951.541844,2034.957905,4.227214551,78.69491608,3.301080144,113.2672179,6.769320945,2.491744693,0.827228244,4.173538662,87.01587847,2.442057512,34.71626154,35.00525173,35.83547332
3340.9128,1693.932582,3400.851324,1950.252849,2033.624454,4.223030302,78.73658611,3.329872575,113.1304985,6.795792925,2.490695765,0.827347022,4.13612641,87.08333262,2.443364107,34.71620368,34.98329786,35.83272795
3341.0652,1694.18292,3401.354689,1950.532909,2033.927169,4.222228805,78.80775445,3.360317737,113.0859925,6.827243735,2.491720704,0.828170786,4.09900193,86.93180285,2.445251698,34.71569807,34.98949211,35.83631163
3341.2176,1689.744559,3392.4447,1945.414733,2028.600908,4.209765298,78.60930302,3.380875652,112.7316764,6.838318216,2.485905199,0.826833656,4.049084627,86.95762506,2.447151512,34.71593581,34.89885843,35.8197297
3341.37,1694.992319,3402.981165,1951.448156,2034.903065,4.22153367,78.72124174,3.419526038,113.0326169,6.884364933,2.494473424,0.83061158,4.019536306,86.82171113,2.448951611,34.71571641,35.00827531,35.8452785
3341.5224,1695.521478,3404.044237,1952.049073,2035.540324,4.221575835,78.56251656,3.448087982,113.02224,6.909722174,2.496149104,0.832211299,3.977793253,86.8954998,2.450570386,34.71496469,35.02022857,35.85045991
3341.6748,1697.351382,3407.718783,1954.147553,2037.739192,4.224848976,78.43390474,3.478217849,113.1009276,6.939387882,2.499781142,0.834480767,3.937071504,87.19540103,2.452504411,34.71432916,35.05904736,35.86163094
3341.8272,1693.059857,3399.103543,1949.198447,2032.58905,4.212875363,78.00381325,3.494655068,112.7739156,6.943083473,2.494418016,0.833731999,3.880471417,87.05613478,2.454378152,34.71495462,34.97143188,35.8468396
3341.9796,1696.533233,3406.077624,1953.188883,2036.760884,4.220305444,77.84242106,3.524598147,112.972827,6.974559683,2.500553891,0.836959438,3.839132644,87.39530962,2.456405689,34.71561472,35.04420715,35.86623796
3342.132,1694.088068,3401.169234,1950.365407,2033.827238,4.213026461,77.38773996,3.541202996,112.7799448,6.980677174,2.497987428,0.837277325,3.782954527,87.08007371,2.458298618,34.71571174,34.99472565,35.86046485
3342.2844,1693.293466,3399.574613,1949.442101,2032.875102,4.209897494,76.97805207,3.5603313,112.7004201,6.991970642,2.497868597,0.838463719,3.729541987,87.11177341,2.460349015,34.71591409,34.97934382,35.86208077
3342.4368,1688.257667,3389.465009,1943.63584,2026.831065,4.196328211,76.32629122,3.569959592,112.343995,6.983085825,2.491496987,0.837698808,3.66736202,87.18259876,2.462116997,34.71584043,34.87635552,35.84527646
3342.5892,1693.381207,3399.751884,1949.525452,2032.98343,4.20825266,76.0146011,3.598926617,112.6775494,7.009349783,2.500117138,0.842296987,3.629113256,86.95994648,2.463878737,34.71575426,34.98323738,35.87251463
3342.7416,1694.2627,3401.522064,1950.53131,2034.042859,4.209744044,75.4651755,3.618302447,112.7342585,7.015392672,2.502471455,0.84492937,3.582894806,87.0274752,2.465127137,34.71595544,35.00247526,35.88124041
3342.894,1696.794594,3406.605684,1953.43717,2037.083576,4.215398205,74.96660574,3.640436445,112.9050075,7.026256745,2.507239047,0.848428941,3.540946458,87.31205198,2.466948597,34.71583794,35.05580534,35.8971638
3343.0464,1693.407156,3399.80522,1949.528337,2033.017786,4.206385117,74.19625694,3.648997241,112.6854022,7.010928041,2.503226079,0.848964288,3.487276765,87.09202739,2.46855614,34.71642571,34.98684277,35.88777829
3343.1988,1697.786021,3408.596866,1954.560296,2038.275576,4.216819716,73.71431303,3.67146328,112.9940511,7.022105594,2.510613178,0.853456536,3.45224708,87.35458895,2.470135575,34.71602931,35.07833103,35.9121874
3343.3512,1696.04149,3405.094743,1952.542774,2036.181885,4.212067144,72.96307581,3.679527722,112.8981486,7.00653126,2.5089102,0.854826401,3.40538591,87.27107775,2.471712398,34.71595407,35.04329713,35.91049632
3343.5036,1695.598203,3404.205075,1952.023227,2035.65032,4.210589586,72.26315375,3.689306383,112.8926056,6.994460805,2.509078831,0.856823679,3.362780396,86.88214733,2.473122422,34.71685695,35.03514934,35.91453385
3343.656,1690.435122,3393.839558,1946.069961,2029.452259,4.197480638,71.34295271,3.68777924,112.5776943,6.960352751,2.502211759,0.856476254,3.313333531,87.06392123,2.474100327,34.71649193,34.92948292,35.89813101
3343.8084,1694.961998,3402.928144,1951.271756,2034.887068,4.20869113,70.77342707,3.704580679,112.9219581,6.958954818,2.509556222,0.861174747,3.289467865,87.00709494,2.474892038,34.71631121,35.02403256,35.92330512
3343.9608,1694.797423,3402.597782,1951.072642,2034.689411,4.208340641,69.98968065,3.710057202,112.9586309,6.935713983,2.509899596,0.863527631,3.259383477,87.12296819,2.475227436,34.71687076,35.02163058,35.92808458
3344.1132,1695.996128,3405.004412,1952.442931,2036.128349,4.211426346,69.26118063,3.717628605,113.0904063,6.915905976,2.512184743,0.866557253,3.234838694,86.96551069,2.475603581,34.71670406,35.04739458,35.93865526
3344.2656,1691.142074,3395.259064,1946.845181,2030.300585,4.199514912,68.28846604,3.711160221,112.8221586,6.869608185,2.505434326,0.866467286,3.201013046,86.69538367,2.475713545,34.71669256,34.94808083,35.92314915
3344.418,1694.160698,3401.319355,1950.310297,2033.924062,4.207343614,67.61987655,3.719637335,113.0903632,6.849474053,2.510175683,0.870423021,3.188745147,86.62716191,2.476031919,34.71815755,35.01145165,35.94138401
3344.5704,1691.368731,3395.713851,1947.086277,2030.571555,4.200794268,66.7223964,3.714605067,112.9743445,6.804020427,2.506237384,0.871369265,3.167891708,86.49631813,2.475798226,34.71803027,34.95473551,35.93454249
3344.7228,1690.374371,3393.717291,1945.931545,2029.377024,4.198802611,65.89816747,3.712977782,112.9826326,6.763588741,2.504874379,0.873241673,3.153903039,86.51449305,2.475979765,34.71888506,34.93516809,35.93526366
3344.8752,1685.263281,3383.455586,1940.037504,2023.239946,4.186728437,64.90418565,3.701859276,112.7202969,6.704172577,2.497337081,0.873047993,3.136040675,86.32785618,2.475463665,34.71963431,34.83052218,35.91777995
3345.0276,1690.460969,3393.890313,1946.010408,2029.478572,4.200582633,64.29029811,3.711613365,113.158649,6.679592303,2.504894385,0.878294292,3.146471084,86.4232948,2.474699897,34.71950103,34.93892466,35.94422366
3345.18,1691.541078,3396.058199,1947.243227,2030.773648,4.204342439,63.51243814,3.711803465,113.3257664,6.636338975,2.506277433,0.88145213,3.153123254,86.61309336,2.473427422,34.71929355,34.96221178,35.95243388
3345.3324,1694.41866,3401.83476,1950.545212,2034.226543,4.21265781,62.80652513,3.715612447,113.6170972,6.598127372,2.510237433,0.885556984,3.166821965,86.74237604,2.472427601,34.71989728,35.02264178,35.96808128
3345.4848,1691.484937,3395.944099,1947.157415,2030.702628,4.206574845,61.89175772,3.706425099,113.521572,6.535780519,2.505519784,0.886625252,3.172257662,86.7508869,2.471170393,34.72017905,34.96295395,35.95848154
3345.6372,1696.425395,3405.862082,1952.833873,2036.631748,4.220243879,61.2837544,3.713216063,113.9613864,6.499961431,2.512298368,0.891802707,3.199533353,87.02682151,2.469965757,34.7204083,35.06601629,35.98223717
3345.7896,1695.311178,3403.62426,1951.540544,2035.291919,4.218879243,60.47169729,3.706231174,113.9966454,6.439777103,2.510042086,0.893749615,3.21771602,86.78575951,2.468340636,34.72131174,35.04391777,35.97987201
3345.942,1695.560763,3404.124475,1951.8171,2035.589306,4.220957797,59.72706429,3.701794255,114.1254377,6.383687609,2.509729936,0.896362978,3.241386645,86.78902555,2.467135573,34.72218728,35.05000802,35.98323908
3346.0944,1691.117783,3395.203517,1946.691744,2030.252943,4.211438974,58.83219954,3.686713722,113.9393637,6.309093039,2.50241755,0.896467593,3.258854031,86.75210927,2.465579406,34.72224218,34.95909859,35.96617292
3346.2468,1696.368738,3405.744614,1952.725116,2036.55419,4.226273318,58.30733781,3.691814923,114.4091214,6.268461649,2.509323234,0.901678459,3.301938653,86.94343437,2.463925475,34.72218837,35.06857864,35.99014992
3346.3992,1696.897213,3406.804499,1953.322332,2037.185808,4.229411298,57.63602665,3.686139709,114.5611256,6.209703941,2.509194923,0.904343023,3.338477311,87.12216472,2.462019628,34.72181926,35.08042377,35.99356245
3346.5516,1698.72743,3410.477831,1955.417991,2039.380161,4.235817339,57.02423637,3.683054194,114.8017512,6.155147953,2.51094496,0.907672341,3.379733599,87.16659299,2.46030597,34.72149738,35.11917686,36.00235154
3346.704,1694.43126,3401.851415,1950.461465,2034.219564,4.226948415,56.21766987,3.666676393,114.6286245,6.078084213,2.503610687,0.907722101,3.410114338,86.80733098,2.458450992,34.72156585,35.03127836,35.9845878
3346.8564,1697.906357,3408.827027,1954.450321,2038.388488,4.237547296,55.70381572,3.667148251,114.9807286,6.028499458,2.507690645,0.91192275,3.46015024,87.16821762,2.456525513,34.72179316,35.1040473,35.99949039
3347.0088,1695.458119,3403.910555,1951.620859,2035.44625,4.233367747,55.00816082,3.654896402,114.9317578,5.957732182,2.502995257,0.912934964,3.499442923,86.89395211,2.454362577,34.72144168,35.05435029,35.98864774
3347.1612,1694.661788,3402.310528,1950.692803,2034.487123,4.233339557,54.38017231,3.646503666,114.9939478,5.89297492,2.500721062,0.914839156,3.543473535,86.93031222,2.452574939,34.72191192,35.03881135,35.98457464
3347.3136,1689.620897,3392.18879,1944.878744,2028.43218,4.222778393,53.63303591,3.629457473,114.765768,5.814270953,2.492183068,0.9144581,3.579873452,86.92554682,2.450557418,34.72248547,34.93552017,35.96170503
3347.466,1694.747797,3402.480417,1950.768353,2034.583723,4.237765324,53.25681757,3.635148377,115.221807,5.772834155,2.498647933,0.91956724,3.640365396,86.93207782,2.44855551,34.72246938,35.04246756,35.98198129
3347.6184,1695.629314,3404.248703,1951.771225,2035.638508,4.242190236,52.76404074,3.632108211,115.3866987,5.717883901,2.498861558,0.922374601,3.692648367,87.00296157,2.446536696,34.72310143,35.06162749,35.98349936
3347.7708,1698.162704,3409.333369,1954.675489,2038.676393,4.250751565,52.32928611,3.633069822,115.6620984,5.669242075,2.501531337,0.926116167,3.748474157,87.19168907,2.444800247,34.72380604,35.11494441,35.99180953
3347.9232,1694.772156,3402.524782,1950.760948,2034.602507,4.244469552,51.71533018,3.621877866,115.5321587,5.601563453,2.495502266,0.926669598,3.790663299,87.02717538,2.443108905,34.72507976,35.04577084,35.97422674
3348.0756,1699.154594,3411.321669,1955.793405,2039.860245,4.257648201,51.37342397,3.628565242,115.9243031,5.562780491,2.50098653,0.931491195,3.849205749,87.10012455,2.441523678,34.72472385,35.13734048,35.98955373
3348.228,1697.408869,3407.815317,1953.77215,2037.76109,4.255436617,50.85320813,3.62249625,115.8963918,5.504755903,2.497476289,0.932970697,3.893040123,87.21343964,2.440097437,34.72444568,35.1021839,35.97818606
3348.3804,1696.96565,3406.923962,1953.250092,2037.225658,4.256462446,50.38030594,3.61966971,115.9542135,5.4523164,2.495926515,0.935183884,3.938441451,87.23051773,2.438855782,34.72419426,35.09396985,35.97222985
3348.5328,1691.799026,3396.549617,1947.291165,2031.019719,4.24565185,49.78868757,3.607346284,115.6840945,5.3869416,2.487476839,0.93476459,3.971609821,86.9396195,2.437599706,34.72378187,34.98808408,35.94555651
3348.6852,1696.330666,3405.646005,1952.495013,2036.456641,4.259194896,49.54347583,3.617422054,116.0627711,5.358753035,2.493414233,0.93962193,4.024543572,87.16951512,2.436411466,34.72299031,35.08277804,35.96065318
3348.8376,1696.167267,3405.316373,1952.294855,2036.25716,4.26094272,49.18334472,3.617947993,116.1148346,5.31810666,2.492503434,0.941840077,4.064860052,87.22732178,2.434836138,34.72201281,35.08036916,35.95519834
3348.99,1697.368522,3407.726509,1953.665445,2037.69604,4.26607523,48.86724702,3.621929603,116.256056,5.283610107,2.493669891,0.944843318,4.106113913,87.24996061,2.433844753,34.72084396,35.10618811,35.95549664
3349.1424,1692.512354,3397.975457,1948.063937,2031.863046,4.25594145,48.37935188,3.613596975,115.9785903,5.231937967,2.486002085,0.944504126,4.130608825,86.96683102,2.432970104,34.71934338,35.00673187,35.92916862
3349.2948,1695.53578,3404.043891,1951.531749,2035.489666,4.265551501,48.15372977,3.624139146,116.2274069,5.210841578,2.490074392,0.948548249,4.169457677,86.94879596,2.432693942,34.71781098,35.07026371,35.9368702
3349.4472,1692.744133,3398.437698,1948.306564,2032.135396,4.260480007,47.76552502,3.6229856,116.073579,5.173716206,2.485674571,0.949375729,4.191918277,86.80977709,2.432050066,34.71648255,35.01351977,35.91884097
3349.5996,1691.751833,3396.44396,1947.152372,2030.941339,4.259892997,47.43044735,3.626686098,116.0377603,5.144561861,2.484005638,0.951259728,4.216153346,86.87054471,2.431876238,34.71523305,34.99400282,35.90834083
3349.752,1686.639623,3386.178861,1941.256212,2024.801377,4.248929468,47.00107999,3.622727301,115.711947,5.106345415,2.476367249,0.950801527,4.227937088,86.77961727,2.431782505,34.71427209,34.8892755,35.87938459
3349.9044,1691.845022,3396.62786,1947.235196,2031.047741,4.263930105,46.92735028,3.643611367,116.0746577,5.108487963,2.484068858,0.95601843,4.260008887,86.95858051,2.431451351,34.71299237,34.99798305,35.89593286
3350.0568,1692.929637,3398.803767,1948.471426,2032.347189,4.268526913,46.76258349,3.656670916,116.1472376,5.10172336,2.485800001,0.958865599,4.279453641,86.93386238,2.431203401,34.71123943,35.02144267,35.89414459
3350.2092,1695.813444,3404.591815,1951.778493,2035.806643,4.277619925,46.65273697,3.674581553,116.3375457,5.103081441,2.490262762,0.962753057,4.300687019,87.30904156,2.431498207,34.71011352,35.0821222,35.9001457
3350.3616,1692.881318,3398.703544,1948.391779,2032.284193,4.272014829,46.38848539,3.680708353,116.1242221,5.089140591,2.486255012,0.963343979,4.304956841,87.0732882,2.432122125,34.70979622,35.02248893,35.88044016
3350.514,1697.830195,3408.637558,1954.07562,2038.22293,4.286232674,46.38760111,3.706120222,116.4361896,5.106280837,2.493992502,0.968295801,4.323537347,87.21979684,2.432850059,34.70836693,35.12590376,35.89581837
3350.6664,1696.71957,3406.406281,1952.785503,2036.887398,4.285107835,46.22643233,3.71896855,116.3284277,5.107203278,2.492894171,0.969791895,4.324345972,87.24510915,2.433427756,34.70847694,35.10395436,35.88447615
3350.8188,1696.974108,3406.915788,1953.066585,2037.190803,4.287392483,46.1090022,3.735570889,116.3093661,5.114589527,2.49387324,0.972062988,4.325956963,87.3193218,2.43458282,34.70814156,35.11025467,35.87920061
3350.9712,1692.532254,3397.996634,1947.942475,2031.856279,4.277807607,45.88922724,3.742635661,115.9620872,5.110928108,2.488003838,0.971556693,4.313430672,87.09552621,2.435719886,34.70806009,35.01939492,35.85330292
3351.1236,1697.792508,3408.555859,1953.984575,2038.169021,4.292720899,46.01319738,3.773155082,116.2619577,5.145331516,2.496530323,0.976315429,4.320397034,87.23777617,2.436641148,34.70628466,35.12928007,35.87135216
3351.276,1698.326391,3409.62626,1954.587177,2038.807876,4.295664971,46.0384414,3.793770159,116.2319105,5.168547996,2.498155645,0.978240774,4.313256285,87.25599692,2.437337271,34.70409353,35.14136713,35.86878156
3351.4284,1700.163227,3413.312547,1956.689354,2041.010931,4.301884986,46.11622556,3.817754654,116.2863694,5.19804562,2.501745097,0.980840491,4.307513202,87.29169729,2.438725988,34.7023785,35.18041555,35.87232424
3351.5808,1695.868507,3404.688909,1951.734782,2035.853179,4.292589101,46.04446129,3.828316754,115.9177302,5.210650773,2.496343678,0.97981907,4.284942522,87.29133708,2.440216633,34.70087964,35.0925925,35.84903383
3351.7332,1699.351475,3411.680092,1955.731374,2040.032379,4.302968783,46.25025599,3.85769059,116.0680506,5.253681237,2.502473967,0.982980979,4.278517597,87.37480878,2.44189278,34.69914263,35.1657139,35.86146759
3351.8856,1696.906077,3406.769295,1952.905222,2037.09474,4.298316015,46.31063154,3.873941446,115.8098047,5.280279165,2.499907525,0.982630764,4.255895583,87.38339928,2.443265218,34.69812539,35.11615572,35.84787602
3352.038,1696.113981,3405.177732,1951.981753,2036.14186,4.297840266,46.43548346,3.894376146,115.6604155,5.314131357,2.499803442,0.983137583,4.236387668,87.36550168,2.44503976,34.69884358,35.10081631,35.84197927
3352.1904,1691.073535,3395.057024,1946.168972,2030.088925,4.286605256,46.4736464,3.905536466,115.2166482,5.337232844,2.493449717,0.981035883,4.205565046,87.13969047,2.446293019,34.69868922,34.99756441,35.81744356
3352.3428,1696.209039,3405.365919,1952.067191,2036.25189,4.301182622,46.87896661,3.941225643,115.4539413,5.399209824,2.502119457,0.984396349,4.198201889,87.43612503,2.447359695,34.69804263,35.10490243,35.83998595
3352.4952,1697.095283,3407.143866,1953.07527,2037.31373,4.304980536,47.20114982,3.967367666,115.3974456,5.450233298,2.504525668,0.985115949,4.179824247,87.40255644,2.448042811,34.69807653,35.12428862,35.84400877
3352.6476,1699.634565,3412.240515,1955.985743,2040.359938,4.312993578,47.60066673,3.997530849,115.45005,5.50843177,2.509362064,0.986624575,4.16572163,87.40430302,2.44919561,34.69750213,35.1778811,35.85602699
3352.8,1696.244476,3405.433176,1952.072499,2036.28803,4.306001145,47.86094023,4.013826567,115.0976058,5.548721499,2.505426409,0.984539092,4.137580464,87.32352503,2.450365518,34.69801404,35.10874921,35.84220338
3352.9524,1700.633252,3414.24296,1957.111357,2041.554232,4.318831501,48.41600506,4.048720295,115.2663887,5.618399812,2.512932862,0.986535841,4.128840157,87.33453858,2.451469642,34.69783216,35.20060959,35.86486596
3353.1048,1698.888209,3410.738329,1955.091377,2039.456914,4.316117322,48.82241022,4.069021473,115.0175115,5.668954949,2.511355662,0.984823127,4.105604188,87.24123393,2.452605504,34.69815319,35.1655,35.86082756
3353.2572,1698.446381,3409.850085,1954.571119,2038.923953,4.316763329,49.29630404,4.092421274,114.8552857,5.724887641,2.511665954,0.983691508,4.086415876,87.22641827,2.453608616,34.69871038,35.15736102,35.86333433
3353.4096,1693.276596,3399.469864,1948.609875,2032.715161,4.30543407,49.65919489,4.104438815,114.372241,5.765776648,2.504938719,0.979664638,4.056593932,86.9909184,2.45423176,34.70017369,35.05135433,35.84530518
3353.562,1697.812399,3408.574882,1953.817808,2038.157388,4.318858912,50.37608515,4.139668267,114.5420957,5.8420717,2.51245483,0.980813905,4.051656042,87.22705518,2.454686546,34.7000168,35.14623844,35.87246113
3353.7144,1697.648584,3408.244837,1953.617581,2037.957836,4.320358014,50.98327659,4.163244347,114.3939777,5.903050783,2.512966312,0.979065747,4.036272182,87.35077261,2.454468159,34.69968603,35.14382224,35.87927458
3353.8668,1698.850029,3410.655737,1954.988492,2039.397087,4.325400323,51.6663098,4.189805053,114.3373921,5.969296874,2.515433764,0.977894668,4.025738433,87.32888083,2.45456685,34.70060389,35.16965655,35.89303742
3354.0192,1693.988284,3400.894019,1949.382011,2033.557599,4.315077481,52.19039416,4.20103243,113.8730046,6.014313554,2.50886488,0.97306969,4.002339805,87.08397275,2.454497976,34.70168846,35.06996541,35.88048531
3354.1716,1697.0118,3406.96296,1952.849651,2037.183787,4.324952889,53.00970062,4.230734094,113.9405942,6.08726148,2.513825615,0.972388204,4.000779252,87.23146765,2.454518919,34.70242002,35.13349941,35.90481122
3354.324,1694.214655,3401.346201,1949.619171,2033.822448,4.320041925,53.67139066,4.245387377,113.617959,6.139321419,2.510107463,0.968201996,3.986928433,86.99889817,2.453983911,34.7043095,35.07651533,35.90385672
3354.4764,1693.217758,3399.343651,1948.460348,2032.622116,4.319772428,54.4148597,4.26390482,113.4174614,6.197580122,2.508981727,0.964864285,3.979264497,86.92466253,2.453548078,34.70769976,35.0567936,35.91163714
3354.6288,1688.096871,3389.061662,1942.555869,2026.471118,4.308990208,55.03234603,4.271421627,112.9436257,6.239800736,2.501675023,0.959079916,3.963379895,86.88369733,2.452692721,34.71108294,34.95168561,35.90129783
3354.7812,1693.301381,3399.509161,1948.53335,2032.715143,4.324585101,55.99698447,4.303456535,113.168713,6.317438509,2.509491712,0.95894094,3.975237091,87.02152564,2.451454089,34.71419416,35.06034303,35.93801653
3354.9336,1694.381064,3401.675561,1949.764424,2034.007534,4.329639647,56.83223904,4.324246411,113.1212683,6.378665318,2.51112491,0.956360727,3.978848218,86.94430635,2.449742782,34.71709054,35.0835782,35.95654093
3355.086,1697.26091,3407.455998,1953.06707,2037.460825,4.339342649,57.7440545,4.348854127,113.1966946,6.445704792,2.515346256,0.954656478,3.988773332,87.18935847,2.448075803,34.72092893,35.14407192,35.98351115
3355.2384,1694.319514,3401.549575,1949.671098,2033.92596,4.334218753,58.46355686,4.357945624,112.8867572,6.489434845,2.510875142,0.949602552,3.986785247,87.11887567,2.44647461,34.72580274,35.08402298,35.9850341
3355.3908,1699.265063,3411.477132,1955.350772,2039.858742,4.349342518,59.44479806,4.385675581,113.112523,6.559127778,2.517920969,0.948875914,4.007276632,87.24229659,2.444669577,34.72973144,35.18727166,36.02195084
3355.5432,1698.145634,3409.228523,1954.05149,2038.510797,4.349000154,60.2208227,4.397177231,112.9373438,6.604247104,2.51591501,0.944682834,4.015192065,87.2467867,2.442697319,34.73402295,35.16491888,36.03245891
3355.6956,1698.392092,3409.722093,1954.323925,2038.802403,4.352211133,61.04781774,4.411632658,112.8566629,6.653120138,2.515858025,0.941190834,4.028269611,87.16478232,2.440931926,34.73871041,35.17084378,36.04926539
3355.848,1693.938025,3400.778795,1949.18748,2033.451348,4.343375183,61.68366431,4.413394399,112.469164,6.681183101,2.508774619,0.935155206,4.031494078,86.93536094,2.438989801,34.74348436,35.07943125,36.04524575
3356.0004,1699.19383,3411.329194,1955.224123,2039.756377,4.359379339,62.59978881,4.438775878,112.742569,6.740467929,2.515915291,0.934692336,4.060740279,87.12049825,2.436638154,34.74716892,35.18909457,36.08322158
3356.1528,1699.719207,3412.382718,1955.817661,2040.382895,4.363229755,63.31857365,4.45118867,112.7078354,6.778512382,2.515991513,0.931688398,4.079786169,87.25151464,2.434089797,34.75077292,35.20078604,36.10018859
3356.3052,1701.548476,3416.053958,1957.911544,2042.57458,4.370456457,64.07111067,4.466456679,112.7642676,6.819611279,2.517939408,0.929433782,4.103262685,87.32649347,2.431848097,34.75536678,35.23947741,36.12277101
3356.4576,1697.241253,3407.405476,1952.944294,2037.399843,4.361950466,64.57049966,4.465201685,112.4185591,6.833938266,2.510763918,0.923909428,4.112903999,87.25764789,2.42947899,34.7586218,35.15108599,36.11846541
3356.61,1700.718322,3414.384828,1956.934082,2041.569604,4.373400136,65.27241434,4.482876935,112.6046489,6.872065711,2.514994818,0.922973201,4.143474472,87.32590694,2.42742833,34.7623573,35.22392094,36.1469926
3356.7624,1698.262305,3409.452833,1954.096951,2038.617192,4.369594186,65.72348726,4.484274961,112.4028216,6.883900675,2.510412337,0.918893056,4.160443673,87.23415348,2.425278785,34.76564504,35.17387465,36.14952501
3356.9148,1697.461025,3407.842895,1953.163795,2037.651207,4.370012178,66.20293069,4.489356994,112.3165691,6.89959634,2.50824192,0.915843072,4.182056643,87.25708594,2.423355709,34.77096898,35.15810864,36.15880666
3357.0672,1692.408263,3397.697607,1947.338709,2031.581882,4.359375862,66.45752354,4.482521552,111.9569383,6.894337725,2.499768692,0.910744011,4.193239206,87.00011888,2.42126118,34.77515401,35.05429948,36.1486576
3357.2196,1697.540389,3407.999587,1953.232804,2037.739056,4.374707079,66.94781991,4.501007303,112.2925564,6.920516008,2.506286831,0.91181946,4.229773663,87.13782621,2.419386948,34.77788715,35.16146696,36.1803251
3357.372,1698.420279,3409.764728,1954.234298,2038.792029,4.37895519,67.20805771,4.507438212,112.3550914,6.925558623,2.506512341,0.910867264,4.255530608,87.26715662,2.41741019,34.77994801,35.18055905,36.19249445
3357.5244,1700.955046,3414.852205,1957.139931,2041.831657,4.387399114,67.47597995,4.517732659,112.5338829,6.934050617,2.5091761,0.911057774,4.285104099,87.30627056,2.415851573,34.78193971,35.23393827,36.21093947
3357.6768,1697.556442,3408.027782,1953.218481,2037.74894,4.380496069,67.4537967,4.512010516,112.3258408,6.915473,2.503090226,0.908327775,4.299385804,87.17974781,2.414435074,34.78462744,35.16442599,36.20291934
3357.8292,1701.944277,3416.835448,1958.256139,2043.013447,4.393491105,67.57469325,4.526164478,112.6510085,6.919732958,2.508490053,0.910537698,4.332501987,87.24700548,2.413145083,34.78623499,35.25623524,36.22591786
3357.9816,1700.194231,3413.320657,1956.231525,2040.910113,4.390610879,67.39913503,4.523780127,112.5753943,6.896237117,2.504846094,0.909714023,4.349711061,87.30486792,2.412239909,34.78728713,35.22090444,36.22167672
3358.134,1699.749246,3412.425903,1955.708426,2040.373505,4.391034701,67.2077393,4.524782171,112.5923819,6.874864171,2.503143419,0.909918192,4.369471144,87.33994331,2.411422032,34.78768558,35.21262627,36.2219864
3358.2864,1694.573433,3402.033496,1949.742058,2034.158256,4.379111648,66.7524626,4.513164762,112.3029232,6.830912489,2.494499755,0.907965278,4.376098791,87.00471789,2.411053222,34.78806631,35.10636314,36.20042332
3358.4388,1699.112499,3411.144707,1954.953558,2039.60536,4.391931289,66.47559986,4.527016132,112.6764553,6.816643225,2.500223649,0.91220534,4.405295763,87.11532443,2.410915811,34.78589742,35.20139676,36.21732191
3358.5912,1698.949139,3410.815309,1954.754668,2039.407942,4.392460268,65.93667798,4.528239445,112.7452246,6.779995371,2.499057479,0.914300058,4.421190439,87.19412641,2.410543414,34.78253386,35.19901552,36.21248827
3358.7436,1700.153074,3413.230894,1956.128936,2040.852007,4.396430557,65.37291079,4.533270099,112.9106938,6.745684049,2.499944599,0.917527387,4.439205998,87.22658206,2.410652536,34.77966595,35.22497622,36.21222639
3358.896,1695.289962,3403.46625,1950.522632,2035.013368,4.384648285,64.51142377,4.522430746,112.6777384,6.684871297,2.491949091,0.917821342,4.440200858,86.8402785,2.411256551,34.77647514,35.12525187,36.18439426
3359.0484,1698.320059,3409.548002,1953.997962,2038.650235,4.392987127,63.77122755,4.532878608,112.9833525,6.647934062,2.495661866,0.923306855,4.458707235,87.15050225,2.412290565,34.77291855,35.18910172,36.18745621
3359.2008,1695.52579,3403.936749,1950.772117,2035.29576,4.386170233,62.74847353,4.527844505,112.9062386,6.585662929,2.490858167,0.925954953,4.460618227,86.97804462,2.41314954,34.76976792,35.13228021,36.16390184
3359.3532,1694.534094,3401.944325,1949.620241,2034.105366,4.383868724,61.71648136,4.527702874,112.9543284,6.527639195,2.48876658,0.929978714,4.465333295,86.97836874,2.41460072,34.76648301,35.11282569,36.14659978
3359.5056,1689.41582,3391.667371,1943.720688,2027.961829,4.370683972,60.46556181,4.516512832,112.7320839,6.451295092,2.480681598,0.932088661,4.45727679,86.85319737,2.41633786,34.76296976,35.00788018,36.10936704
3359.658,1694.632532,3402.138898,1949.712163,2034.22517,4.38376403,59.41705974,4.533099986,113.210961,6.408481902,2.487930512,0.94077105,4.472249592,86.8942398,2.418316467,34.7575232,35.11712121,36.11392711
3359.8104,1695.721792,3404.324167,1950.955147,2035.534309,4.385961032,58.15823184,4.53853752,113.4187048,6.34770769,2.489186569,0.947495395,4.474460457,86.91798256,2.420275935,34.74987405,35.14083317,36.09876579
3359.9628,1698.613431,3410.127883,1954.271915,2039.007286,4.392676602,56.89592441,4.54905143,113.7506335,6.291683658,2.493157724,0.955577059,4.479496535,87.18877098,2.422856148,34.74212268,35.2019036,36.09010408
3360.1152,1695.6797,3404.236606,1950.886561,2035.48768,4.384244065,55.39285635,4.544428859,113.6943114,6.21296102,2.488632717,0.960644879,4.467816235,86.98578942,2.42578744,34.73558829,35.14225859,36.05438195
3360.2676,1700.640397,3414.194134,1956.583956,2041.445018,4.395944611,54.03741546,4.562004701,114.1717117,6.160508292,2.495839665,0.970824819,4.473546654,87.25416981,2.42888361,34.72638371,35.24624045,36.05080468
3360.42,1699.531844,3411.967074,1955.298717,2040.116961,4.39189879,52.44586094,4.563785668,114.2433217,6.084997566,2.49418934,0.97779274,4.462123128,87.22523109,2.432163049,34.71682293,35.22444095,36.01910687
3360.5724,1699.791023,3412.485859,1955.587033,2040.430899,4.391300472,50.85201461,4.569800383,114.408071,6.013521695,2.494608913,0.985810613,4.452817601,87.1961084,2.435911787,34.70702501,35.23100221,35.99214771
3360.7248,1695.346172,3403.560863,1950.463445,2035.098331,4.378422137,49.09203967,4.563601008,114.2559663,5.92535273,2.488187493,0.991263601,4.429901172,86.86589074,2.439870146,34.69722498,35.14007825,35.94271187
3360.8772,1700.619666,3414.146332,1956.520919,2041.432248,4.39030619,47.56646244,4.584563896,114.7569339,5.871716819,2.496187465,1.00273145,4.429270578,87.10391924,2.443575089,34.68552546,35.25060125,35.93484045
3361.0296,1701.159046,3415.227657,1957.132045,2042.083505,4.389853071,45.88908593,4.593150852,114.9379006,5.801851286,2.497296026,1.011540187,4.415196047,87.38993704,2.447354101,34.67273233,35.26299571,35.90465258
3361.182,1703.003658,3418.929355,1959.244829,2044.301662,4.392714201,44.23017603,4.605968216,115.2058859,5.736821018,2.500368602,1.021257988,4.403645992,87.10404316,2.451770174,34.65941883,35.30244988,35.8794705
3361.3344,1698.706436,3410.300783,1954.291629,2039.147125,4.379716087,42.41064482,4.60296088,115.0560545,5.652104268,2.494458024,1.027350725,4.375761444,86.55953836,2.456177677,34.64611064,35.214591,35.8254162
3361.4868,1702.199592,3417.312094,1958.301154,2043.344483,4.386646108,40.80769933,4.622520762,115.4258447,5.59697086,2.500101026,1.038167382,4.366290038,86.34400183,2.460787322,34.63166939,35.28822423,35.80592835
3361.6392,1699.754324,3412.401519,1955.478863,2040.413316,4.378241896,39.06665239,4.626531641,115.3903993,5.523435693,2.497058183,1.045386705,4.341044318,86.36302643,2.465031468,34.61734696,35.23874512,35.75845371
3361.7916,1698.964901,3410.815202,1954.561594,2039.469938,4.374043587,37.38170312,4.635507744,115.4635415,5.457067778,2.496488672,1.053576913,4.319442746,86.39609956,2.469561984,34.60472845,35.22359499,35.71799953
3361.944,1693.919603,3400.684859,1948.748305,2033.417887,4.358774526,35.64402363,4.632963352,115.2419535,5.379730129,2.489712282,1.058951622,4.286357574,86.16167423,2.473773288,34.5909014,35.12021023,35.65718829
3362.0964,1699.066488,3411.01621,1954.660932,2039.601055,4.369504856,34.23925463,4.658870036,115.6982029,5.342391818,2.498026601,1.070198681,4.277883423,86.37960681,2.477888754,34.57647858,35.22811875,35.64485154
3362.2488,1699.956547,3412.801655,1955.676624,2040.674348,4.369192919,32.79829456,4.673149255,115.85863,5.294617873,2.500121509,1.078544882,4.258288924,86.28074029,2.481581148,34.56109249,35.24775058,35.61274426
3362.4012,1702.501998,3417.910454,1958.596874,2043.734805,4.373120224,31.4422743,4.69243772,116.1256442,5.255103717,2.504667295,1.087720778,4.243116924,86.3164859,2.48558854,34.54582499,35.30169066,35.5887983
3362.5536,1699.10768,3411.094697,1954.683942,2039.664913,4.361811357,30.03022482,4.695952701,115.9813068,5.200356914,2.500480343,1.092880363,4.213669764,86.18000848,2.489521886,34.53142177,35.23245736,35.53684942
3362.706,1703.504383,3419.920078,1959.734236,2044.947516,4.370504205,28.91849926,4.722175162,116.3502187,5.178676565,2.507798223,1.102348994,4.204404211,86.29138332,2.4933765,34.51828398,35.32474188,35.52386358
3362.8584,1701.756646,3416.410026,1957.715958,2042.853995,4.363483324,27.75625831,4.732041632,116.2932292,5.141396924,2.50607205,1.107623331,4.180651643,86.28796199,2.49713267,34.50533571,35.28959642,35.48191891
3363.0108,1701.313982,3415.520021,1957.19909,2042.327005,4.359858488,26.68912998,4.746094232,116.3176829,5.111934546,2.506263723,1.113423418,4.161033042,86.35824814,2.500925602,34.49250964,35.28150151,35.44692308
3363.1632,1696.13508,3405.121652,1951.233676,2036.114399,4.344094411,25.63430323,4.747016895,116.0096912,5.072568725,2.499485557,1.115713471,4.130384268,86.25720399,2.504393571,34.4809382,35.17518077,35.38980684
3363.3156,1700.677078,3414.238776,1956.451541,2041.571085,4.353214161,24.96415824,4.775226228,116.3429812,5.074129608,2.507056753,1.123265228,4.124689512,85.90076494,2.507595259,34.46925494,35.2704146,35.38377341
3363.468,1700.511174,3413.904448,1956.253628,2041.376112,4.350299067,24.31677922,4.790276568,116.3453351,5.066106681,2.507689473,1.127270446,4.108317515,85.99982995,2.510028585,34.45763644,35.26798883,35.35624462
3363.6204,1701.712301,3416.314558,1957.628459,2042.822005,4.350957563,23.78298074,4.809616588,116.432417,5.066661264,2.510316386,1.131747647,4.096691582,85.9422563,2.51231492,34.44857971,35.2938897,35.33687681
3363.7728,1696.839535,3406.530881,1952.016005,2036.976313,4.336161911,23.24472715,4.81223623,116.0963284,5.0530303,2.503961312,1.131814161,4.071729082,85.95958022,2.514469089,34.44038609,35.19379998,35.28872199
3363.9252,1699.863963,3412.601447,1955.488658,2040.61052,4.341660638,23.05495716,4.837493407,116.2782021,5.074318398,2.509230816,1.135991997,4.068130597,85.95792006,2.516396335,34.43286094,35.25745261,35.28389895
3364.0776,1697.057285,3406.965661,1952.253485,2037.244574,4.332338986,22.87270944,4.846443615,116.0533069,5.082269229,2.50587143,1.135864958,4.051781918,86.01763019,2.517671,34.42656692,35.20013229,35.25168089
3364.23,1696.053019,3404.948371,1951.091949,2036.042188,4.327680296,22.82391671,4.860489347,115.9424228,5.100432211,2.505146698,1.136406946,4.041058651,86.01694629,2.519029345,34.42240161,35.18016791,35.23040538
3364.3824,1690.917134,3394.636568,1945.177676,2029.879926,4.312474773,22.83120475,4.861919831,115.5400246,5.110866023,2.4983095,1.133594348,4.021072608,85.77227011,2.520225319,34.41876265,35.07448527,35.19062844
3364.5348,1696.122534,3405.08567,1951.160095,2036.131804,4.323678392,23.2568587,4.891402064,115.8209941,5.164483262,2.506723424,1.136264869,4.027328556,86.06677815,2.520809049,34.41616033,35.18325897,35.20890858
3364.6872,1697.195553,3407.238756,1952.389045,2037.422846,4.324361018,23.73835705,4.908187274,115.8107542,5.210185445,2.509016058,1.135577563,4.024467308,86.14619377,2.520909647,34.41169769,35.20628082,35.20897876
3364.8396,1700.071017,3413.010399,1955.69167,2040.877503,4.329699245,24.34985152,4.929912464,115.9151378,5.265820733,2.513940534,1.135565374,4.027189157,86.15082555,2.520870806,34.41059742,35.26666018,35.22034776
3364.992,1697.115163,3407.075273,1952.286256,2037.331727,4.320243507,24.95502592,4.934585963,115.6156938,5.306678845,2.510213493,1.13126611,4.017162221,86.11973706,2.520495703,34.41000332,35.2060571,35.20417518
3365.1444,1702.05852,3416.998375,1957.967889,2043.268403,4.331024181,25.8904549,4.961142605,115.8372046,5.381128007,2.518109399,1.131113076,4.027995672,86.21108987,2.519711505,34.410499,35.30928552,35.23254586
3365.2968,1700.926661,3414.725078,1956.660939,2041.911788,4.326433563,26.80757545,4.970048597,115.639094,5.439578485,2.516984745,1.126556728,4.025671721,86.35139109,2.518385417,34.4118494,35.28646453,35.232114
3365.4492,1701.162695,3415.197922,1956.927554,2042.197116,4.325403935,27.82856079,4.982729953,115.5275822,5.505747523,2.517848729,1.122483828,4.027762012,86.32378653,2.517288956,34.41373923,35.29200815,35.24039538
3365.6016,1696.690566,3406.218803,1951.778082,2036.830371,4.312429552,28.84599058,4.980673926,115.091186,5.55932379,2.511724824,1.114887886,4.019084639,86.26631544,2.516066349,34.41683779,35.1998797,35.22707078
3365.754,1701.944124,3416.764639,1957.816463,2043.13892,4.324233452,30.21235534,5.004387714,115.3020193,5.651178175,2.519950348,1.112618683,4.034184153,86.27450621,2.514089123,34.42005937,35.30951681,35.26753219
3365.9064,1702.459721,3417.798709,1958.404579,2043.759591,4.324040055,31.56352356,5.013253273,115.1870987,5.729730892,2.521139386,1.106860367,4.038472811,86.22675455,2.511759993,34.42420368,35.32085101,35.28610312
3366.0588,1704.28144,3421.4549,1960.495114,2045.94812,4.327218485,32.99134698,5.025494318,115.1568942,5.814588583,2.524234806,1.101659411,4.046524545,86.17762388,2.509350367,34.42910769,35.35928214,35.31246778
3366.2112,1699.957032,3412.772328,1955.515401,2040.758321,4.314822264,34.32847708,5.019174479,114.709699,5.879388395,2.518206411,1.092312188,4.040353746,86.19325672,2.50656644,34.43520426,35.27020798,35.30918054
3366.3636,1703.429828,3419.743116,1959.504848,2044.928818,4.322262028,35.91093976,5.033461398,114.7845071,5.973352489,2.523680033,1.087388145,4.052971551,86.28699321,2.503657845,34.4420913,35.34292469,35.34764611
3366.516,1700.96013,3414.78397,1956.658422,2041.965422,4.314659488,37.39673866,5.02964923,114.4574132,6.047281726,2.520326441,1.078490899,4.051807932,86.31317183,2.500393781,34.45025645,35.29234658,35.35755393
3366.6684,1700.147854,3413.152193,1955.718481,2040.991719,4.311268955,38.94123051,5.029744575,114.2415049,6.127331034,2.519409908,1.070470922,4.054520406,86.27627924,2.497050272,34.4596581,35.27616601,35.37661317
3366.8208,1695.077486,3402.972018,1949.880265,2034.90636,4.297042865,40.40169182,5.015456281,113.7407999,6.191380396,2.512175814,1.059598901,4.046283283,86.14574028,2.493393192,34.4677815,35.17165086,35.37574929
3366.9732,1700.208902,3413.27252,1955.777125,2041.068232,4.308613717,42.12745547,5.026945883,113.9288325,6.290573785,2.520038168,1.05473354,4.06054183,86.29095796,2.490023755,34.4751921,35.27885185,35.42787038
3367.1256,1701.081636,3415.023458,1956.775146,2042.117713,4.309366189,43.75379001,5.024096073,113.8333909,6.373048446,2.521580516,1.047094231,4.063832439,86.39326394,2.486188346,34.48314644,35.29769229,35.45972407
3367.278,1703.612303,3420.102783,1959.680187,2045.157609,4.314282426,45.40484,5.024895831,113.8520049,6.460155481,2.525578226,1.040484701,4.070267188,86.45556186,2.482452594,34.49169144,35.35095387,35.49973346
3367.4304,1700.20092,3413.253062,1955.749843,2041.06429,4.304105525,46.86686493,5.00717193,113.4773396,6.522786962,2.520768872,1.030330591,4.061672741,86.67035632,2.478730161,34.5023416,35.28094173,35.51058937
3367.5828,1704.589749,3422.062662,1960.791667,2046.335273,4.313584819,48.46851921,5.009079987,113.6343534,6.60969058,2.527519312,1.025063045,4.069444721,86.77061553,2.475209295,34.51529677,35.37285594,35.55950512
3367.7352,1702.831862,3418.532349,1958.762726,2044.227284,4.307489346,49.86192491,4.992164985,113.3854182,6.670806497,2.525153824,1.016209811,4.061920136,87.21384238,2.471725866,34.52463285,35.33724023,35.57827668
3367.8876,1702.381897,3417.627731,1958.238018,2043.689578,4.304653307,51.2410358,4.977996482,113.2293539,6.73405786,2.5247352,1.008324027,4.056376296,87.21752739,2.46846237,34.53038505,35.32880293,35.60286029
3368.04,1697.194558,3407.212527,1952.263678,2037.464877,4.289778807,52.42321636,4.948380948,112.7650583,6.775013928,2.517299401,0.997803862,4.038084387,87.21768721,2.465056073,34.53735944,35.22209054,35.60434922
3368.1924,1701.739089,3416.334528,1957.483315,2042.923599,4.299365151,53.76166978,4.942781899,112.9662019,6.845105807,2.524310872,0.993454842,4.039295831,86.98525877,2.461608938,34.54499522,35.31742099,35.65215597
3368.3448,1701.574803,3416.003296,1957.286304,2042.729567,4.297010959,54.89210576,4.921983628,112.86199,6.89250004,2.524344399,0.98655733,4.027956238,87.12371369,2.457954924,34.5512621,35.31505245,35.6768142
3368.4972,1702.781017,3418.423379,1958.665501,2044.181019,4.298039688,55.98628352,4.903945632,112.8568651,6.941195185,2.526430837,0.980774338,4.018274207,87.03194131,2.454604519,34.5574656,35.34116684,35.70698478
3368.6496,1697.911803,3408.646676,1953.056029,2038.339145,4.283653475,56.80568384,4.867439685,112.4565564,6.961256511,2.519522163,0.971798944,3.992842993,86.93031378,2.451462328,34.56318631,35.2412256,35.70719181
3368.802,1700.95013,3414.7447,1956.541883,2041.990729,4.28904374,57.69260762,4.85026982,112.6018446,7.002495795,2.524378187,0.968115551,3.982269484,86.89342116,2.448650532,34.5685966,35.30548996,35.74307841
3368.9544,1698.155856,3409.133454,1953.318558,2038.640456,4.279658127,58.30285913,4.8154595,112.3691292,7.015555711,2.520592682,0.961436319,3.956723654,86.94214953,2.445396229,34.57177389,35.24871793,35.75019646
3369.1068,1697.167628,3407.147908,1952.172508,2037.458596,4.274725668,58.87418775,4.784401314,112.2664729,7.030651588,2.519511073,0.956193786,3.93356795,86.99336805,2.44276561,34.57502589,35.22946575,35.76469496
3369.2592,1692.04668,3396.865708,1946.272716,2031.315602,4.259302803,59.20859245,4.740034479,111.901385,7.023015043,2.512309486,0.948990066,3.899034022,86.59857499,2.440179974,34.57812784,35.12444867,35.75862865
3369.4116,1697.278078,3407.366314,1952.280493,2037.601156,4.269778872,59.67168593,4.720866548,112.2480039,7.044452526,2.520506747,0.948525896,3.884185866,86.94705366,2.437961318,34.57893978,35.23438215,35.79947459
3369.564,1698.375954,3409.56868,1953.533749,2038.924548,4.269797744,59.89555053,4.688701522,112.3321097,7.043164353,2.522576528,0.946129722,3.858269034,86.91631908,2.435644427,34.57839867,35.25851514,35.81963693
3369.7164,1701.279778,3415.396552,1956.864193,2042.416245,4.27426272,60.08079941,4.660334446,112.5461926,7.043946673,2.527353096,0.945174186,3.834691499,87.02795198,2.433754059,34.5791187,35.32016379,35.84693386
3369.8688,1698.349829,3409.512834,1953.484328,2038.904595,4.263986736,59.97828555,4.615176216,112.3825538,7.016358769,2.523484692,0.941332859,3.796543631,87.06904467,2.432089131,34.58000517,35.26072415,35.84559118
3370.0212,1703.328386,3419.505752,1959.200756,2044.887685,4.273416252,59.93854459,4.589390253,112.7649869,7.009752842,2.531403141,0.942819932,3.772707952,86.93444278,2.430760247,34.57976668,35.3655335,35.87854856
3370.1736,1702.228986,3417.296881,1957.926053,2043.574204,4.267531939,59.60321911,4.546670874,112.7528836,6.974096954,2.530307072,0.941309763,3.734201972,87.02710577,2.429680953,34.57907005,35.34417484,35.88175883
3370.326,1702.500237,3417.839622,1958.227718,2043.906419,4.265009847,59.22299676,4.506977665,112.8405925,6.939405623,2.531270747,0.940976772,3.697313079,87.03990196,2.429175334,34.58087729,35.35130602,35.89003599
3370.4784,1698.060129,3408.924102,1953.110255,2038.582608,4.250650649,58.59942767,4.454210985,112.6245655,6.881128382,2.525239843,0.938399828,3.649111844,86.86975288,2.428876742,34.58080972,35.26062514,35.87514614
3370.6308,1703.354314,3419.550572,1959.189158,2044.945373,4.260612965,58.11419732,4.425643281,113.0757764,6.851207844,2.533698809,0.942111142,3.619431322,86.84202499,2.428744948,34.57865601,35.37209521,35.90323933
3370.7832,1703.907073,3420.658447,1959.814476,2045.615926,4.258708317,57.39280187,4.384363194,113.2201309,6.798147068,2.535109609,0.94354718,3.578861073,86.85598057,2.428365396,34.57574642,35.38511,35.90808391
3370.9356,1705.767834,3424.392167,1961.944125,2047.856898,4.260034644,56.64951067,4.346214512,113.4577978,6.746992136,2.538480479,0.94602155,3.540158642,86.9599009,2.428561098,34.57383764,35.42530706,35.91798313
3371.088,1701.477329,3415.776978,1956.998583,2042.71306,4.24596416,55.65777402,4.292350438,113.290511,6.669336406,2.532709064,0.945303684,3.488051526,86.91424702,2.428792089,34.57071379,35.33777207,35.89830284
3371.2404,1704.990219,3422.827398,1961.028362,2046.937691,4.25135075,54.793155,4.258200643,113.6560895,6.615450007,2.538563364,0.94957103,3.450727758,86.87343581,2.429411897,34.56560232,35.41230575,35.91288437
3371.3928,1702.555319,3417.93742,1958.217152,2044.02171,4.241889143,53.69201118,4.209265046,113.6295012,6.536257544,2.535569644,0.950757801,3.40090347,86.74488171,2.430052021,34.56150941,35.36331034,35.89878404
3371.5452,1701.77888,3416.376871,1957.313485,2043.096834,4.236556615,52.60172588,4.164581337,113.7178362,6.461256416,2.5350496,0.953091186,3.354100074,86.69466171,2.431189703,34.55849497,35.34875963,35.89162756
3371.6976,1696.738493,3406.256342,1951.505813,2037.052736,4.220652644,51.34749307,4.109783015,113.52519,6.368065585,2.528169099,0.953225162,3.299020936,86.69947276,2.432274434,34.55450477,35.24561355,35.86370329
3371.85,1701.905104,3416.626793,1957.438322,2043.262598,4.230282481,50.32785999,4.08097593,114.0243563,6.308692312,2.536468119,0.959562611,3.264454387,86.72467747,2.433676836,34.54797866,35.3544156,35.88230071
3372.0024,1702.806869,3418.435489,1958.465942,2044.352066,4.229384624,49.15801229,4.042496359,114.2408513,6.231963944,2.538394915,0.96365817,3.222160255,86.76771792,2.434939337,34.54147263,35.37458219,35.88027647
3372.1548,1705.366413,3423.572259,1961.40042,2047.431723,4.232652249,48.03546915,4.00855752,114.5690295,6.161085152,2.542781556,0.968741607,3.183465312,86.84728773,2.436070341,34.53470131,35.4291626,35.88577817
3372.3072,1701.975919,3416.764176,1957.491672,2043.367788,4.22118558,46.75762313,3.961248697,114.496502,6.069231211,2.538288109,0.970431383,3.13411002,86.78076381,2.437432398,34.52799208,35.36011281,35.86309492
3372.4596,1706.387988,3425.620044,1962.557387,2048.671155,4.229226151,45.70988588,3.934305012,114.9476981,6.005875376,2.545398409,0.976649634,3.100792994,86.40541186,2.438871576,34.52099731,35.45309343,35.87647468
3372.612,1704.645146,3422.119782,1960.544296,2046.584903,4.222052607,44.51022844,3.893956876,114.9829078,5.921579163,2.543318203,0.97933605,3.056837311,86.50071957,2.440438386,34.51478954,35.41817833,35.86063231
3372.7644,1704.208997,3421.242769,1960.034214,2046.067295,4.218184045,43.37456027,3.857630922,115.1034118,5.843317417,2.543170661,0.982697499,3.016160362,86.51631253,2.442066191,34.5105484,35.41038614,35.85090765
3372.9168,1699.027054,3410.8385,1954.066198,2039.851676,4.202672987,42.14623235,3.811826819,114.9007967,5.750160436,2.535917498,0.983268497,2.968339772,86.4501706,2.443630782,34.50565948,35.30394209,35.81855462
3373.0692,1703.578657,3419.974725,1959.293733,2045.321499,4.211542751,41.23168506,3.791469668,115.3494843,5.693635906,2.543127309,0.989356953,2.941093807,86.15213136,2.445050431,34.49978519,35.39961346,35.83238904
3373.2216,1703.412984,3419.640965,1959.096262,2045.127468,4.208879527,40.23670023,3.762079386,115.4754684,5.623085805,2.543266378,0.992635712,2.907214994,86.46195837,2.446438552,34.49409497,35.39720689,35.82385839
3373.374,1704.615806,3422.054539,1960.472978,2046.576208,4.209705828,39.33496772,3.737046348,115.6884166,5.560082794,2.545421774,0.996502207,2.877157902,86.42076427,2.447782676,34.48863296,35.42319232,35.82227759
3373.5264,1699.73364,3412.252393,1954.851571,2040.719064,4.195582936,38.35099231,3.699762994,115.4827717,5.480155676,2.538471682,0.996599366,2.838029409,86.32965612,2.449070334,34.48344331,35.32269364,35.79209219
3373.6788,1702.758798,3418.324514,1958.325182,2044.354891,4.201260544,37.6813845,3.683342792,115.8006662,5.43286244,2.543269983,1.000904516,2.815984884,86.3742606,2.450289056,34.47857017,35.38638809,35.80053569
3373.8312,1699.942082,3412.668999,1955.080429,2040.976652,4.192621825,36.94295352,3.655566925,115.71523,5.370064612,2.539320698,1.00156425,2.785682373,86.18275381,2.451426372,34.47405768,35.32863021,35.78148027
3373.9836,1698.929254,3410.634897,1953.910755,2039.76387,4.188568174,36.32471514,3.633271207,115.7446562,5.317086588,2.53803446,1.002995177,2.760250863,86.26873897,2.452469815,34.46994999,35.30829385,35.77175965
3374.136,1693.775237,3400.287364,1947.97892,2033.578745,4.17446686,35.68608417,3.603932034,115.4850203,5.254760668,2.530527866,1.001762185,2.730243716,85.92449479,2.453406914,34.46629124,35.20181199,35.74257751
3374.2884,1698.974113,3410.723687,1953.95506,2039.822611,4.186284985,35.42903398,3.601382716,115.914011,5.233537535,2.538406715,1.006147786,2.722350465,86.25715286,2.454225199,34.46312558,35.31030157,35.7647057
3374.4408,1700.03136,3412.845707,1955.168607,2041.093565,4.188075661,35.15430488,3.592009718,116.053229,5.203305342,2.540060943,1.00786599,2.710131178,86.26732029,2.454912203,34.46049717,35.33262603,35.76743641
3374.5932,1702.892447,3418.589046,1958.457188,2044.529917,4.194452334,35.00291681,3.588039345,116.3070553,5.183024847,2.544377939,1.010333706,2.70281199,86.38457126,2.455455455,34.45845013,35.39236991,35.77976009
3374.7456,1699.911337,3412.604109,1955.027086,2040.951782,4.186528594,34.80096484,3.572865366,116.154957,5.148548089,2.539945672,1.00906471,2.687664924,86.34979938,2.455842486,34.45702863,35.33064701,35.7647502
3374.898,1704.838403,3422.495123,1960.69284,2046.867723,4.198364158,34.92919565,3.577970057,116.525363,5.147287828,2.547272207,1.01188745,2.689355588,86.50714067,2.456060827,34.4562768,35.43315524,35.78945216
3375.0504,1703.679493,3420.168461,1959.359498,2045.476495,4.195295943,35.00100916,3.571463251,116.4727711,5.131290648,2.545486612,1.010835623,2.682831184,86.36823379,2.456098008,34.45623879,35.40913522,35.78559318
3375.2028,1703.88934,3420.58965,1959.600604,2045.72838,4.195699919,35.17957202,3.569171601,116.5056405,5.123618733,2.545723093,1.010293128,2.680086847,86.29668206,2.455941561,34.45695876,35.41351891,35.78912282
3375.3552,1699.381333,3411.539708,1954.416129,2040.315646,4.184598889,35.32063769,3.558483936,116.2091593,5.105265087,2.538889076,1.006745269,2.671645087,86.33580907,2.455579015,34.45848084,35.31979865,35.77050722
3375.5076,1704.60901,3422.034483,1960.429297,2046.591114,4.197778614,35.81006226,3.572172135,116.561304,5.125023994,2.546544882,1.008474872,2.683157081,86.39854596,2.454997902,34.46084918,35.42828895,35.80021204
3375.66,1705.089502,3422.999249,1960.983155,2047.166744,4.199386971,36.25500615,3.577465385,116.5822882,5.133894375,2.547086525,1.007212732,2.688949688,86.59652824,2.454185752,34.46410793,35.43806505,35.80755167
3375.8124,1706.876986,3426.587854,1963.04031,2049.311398,4.204289796,36.78404506,3.586513288,116.6864855,5.149875373,2.549565667,1.006503633,2.698042122,86.56741394,2.453130097,34.46830123,35.47497731,35.82178807
3375.9648,1702.508099,3417.817434,1958.017204,2044.064499,4.194063089,37.21969148,3.583158928,116.3655227,5.149501018,2.542843453,1.001998822,2.698153581,86.60982457,2.451818465,34.47347324,35.38392817,35.80704928
3376.1172,1705.944565,3424.716483,1961.971281,2048.188492,4.203228785,37.93017266,3.598503061,116.5654044,5.179253476,2.547755349,1.001692778,2.713550147,86.56400108,2.45023839,34.47966809,35.45503351,35.83109363
3376.2696,1703.428979,3419.666692,1959.080128,2045.166227,4.197777792,38.54945322,3.601951411,116.3538866,5.193349118,2.54377062,0.997724277,2.720353952,86.56365521,2.4483774,34.48692993,35.40241816,35.82714502
3376.422,1702.571991,3417.946592,1958.096618,2044.135182,4.196469344,39.24397343,3.6096149,116.2510408,5.214860157,2.542255533,0.99457708,2.730722058,86.42711039,2.446223027,34.49530292,35.38425278,35.83168478
3376.5744,1697.448858,3407.662163,1952.206906,2037.981987,4.184719444,39.86513353,3.609142294,115.8529762,5.225300795,2.534362163,0.988857132,2.735366109,86.4542378,2.443762801,34.50483119,35.27739309,35.81607291
3376.7268,1702.537271,3417.877702,1958.061807,2044.088594,4.198309809,40.78038956,3.632599484,116.1424637,5.271967642,2.541700312,0.988915054,2.759255807,86.50864915,2.440984253,34.51555889,35.38268359,35.85043048
